id_noticia,trunc_num_tokens,trunc_avg_sentence_len,trunc_avg_word_len,target
1,174,12.416666666666666,4.442953020134228,1
2,348,15.36842105263158,4.428082191780822,1
3,245,15.615384615384617,4.773399014778325,1
4,157,23.666666666666668,4.535211267605634,1
5,165,11.0,4.96969696969697,1
6,232,12.0,4.651041666666667,1
7,231,16.75,4.796019900497512,1
8,223,12.2,4.360655737704918,1
9,113,24.5,4.724489795918367,1
10,294,16.733333333333334,4.824701195219124,1
11,212,15.083333333333334,4.950276243093922,1
12,269,19.25,4.653679653679654,1
13,287,23.181818181818183,4.858823529411764,1
14,129,15.714285714285714,4.8090909090909095,1
15,155,18.428571428571427,4.775193798449612,1
16,363,14.272727272727272,4.856687898089172,1
17,797,21.75,4.353448275862069,1
18,209,18.3,4.80327868852459,1
19,406,15.954545454545457,5.219373219373219,1
20,510,29.4,5.011337868480726,1
21,166,13.636363636363637,5.166666666666667,1
22,323,17.0,5.018382352941177,1
23,531,18.58333333333333,5.0874439461883405,1
24,548,14.333333333333334,4.6257928118393234,1
25,154,9.428571428571429,5.196969696969697,1
26,233,12.8125,4.453658536585366,1
27,473,16.84,4.831353919239905,1
28,301,20.75,4.759036144578313,1
29,769,16.512820512820515,4.790372670807454,1
30,348,20.666666666666668,4.861290322580645,1
31,276,17.428571428571427,4.487704918032787,1
32,231,17.545454545454547,5.243523316062176,1
33,206,19.444444444444443,4.857142857142857,1
34,325,17.375,4.661870503597123,1
35,232,10.736842105263158,4.661764705882353,1
36,535,13.205882352941176,4.4543429844098,1
37,375,12.625,4.831683168316832,1
38,564,17.814814814814813,5.016632016632016,1
39,342,16.0,5.170138888888889,1
40,830,11.238095238095235,4.55225988700565,1
41,257,18.666666666666668,4.53125,1
42,441,20.15,4.923076923076923,1
43,376,12.461538461538462,4.910493827160494,1
44,456,22.38888888888889,5.119106699751861,1
45,220,15.416666666666666,5.383783783783784,1
46,303,15.75,5.146825396825397,1
47,872,20.58333333333333,5.415654520917679,1
48,284,15.0,4.908333333333333,1
49,345,14.45,4.868512110726644,1
50,301,19.0,5.165413533834586,1
51,516,15.0,4.864444444444445,1
52,364,10.928571428571429,4.839869281045751,1
53,252,14.733333333333333,5.02262443438914,1
54,226,18.09090909090909,5.160804020100502,1
55,350,11.11111111111111,5.333333333333333,1
56,295,20.916666666666668,5.231075697211155,1
57,281,16.6,4.755020080321285,1
58,397,25.46153846153846,4.719033232628399,1
59,259,20.272727272727277,5.179372197309417,1
60,882,21.11111111111111,4.765789473684211,1
61,152,16.375,4.954198473282442,1
62,796,27.48,5.12372634643377,1
63,358,10.666666666666666,4.80078125,1
64,397,14.826086956521738,4.956011730205279,1
65,411,15.681818181818182,5.040579710144928,1
66,339,24.416666666666668,4.815699658703072,1
67,391,15.285714285714286,5.118380062305296,1
68,221,16.727272727272727,5.016304347826087,1
70,393,19.666666666666668,4.991525423728813,1
71,205,21.75,4.758620689655173,1
72,738,12.851063829787234,4.423841059602649,1
73,239,23.55555555555556,4.6745283018867925,1
74,315,22.5,4.922222222222223,1
75,384,29.363636363636363,5.356037151702786,1
76,303,29.33333333333333,5.049242424242424,1
77,338,21.357142857142858,5.063545150501672,1
78,139,9.076923076923077,5.466101694915254,1
79,351,16.38888888888889,5.074576271186441,1
80,227,19.1,5.162303664921466,1
81,262,21.0,5.194805194805195,1
82,391,21.4375,5.02332361516035,1
83,237,19.09090909090909,4.795238095238095,1
84,537,19.52173913043478,5.048997772828508,1
85,247,14.266666666666667,5.088785046728972,1
86,198,23.714285714285715,5.186746987951807,1
87,205,16.545454545454547,4.434065934065934,1
88,194,19.22222222222222,4.971098265895954,1
89,239,18.83333333333333,5.331858407079646,1
90,186,15.2,5.348684210526316,1
91,245,23.55555555555556,4.867924528301887,1
92,203,13.75,4.351515151515152,1
93,572,19.884615384615383,5.013539651837524,1
94,250,18.75,5.24,1
95,395,23.714285714285715,5.093373493975903,1
96,179,15.6,4.7756410256410255,1
97,230,11.625,4.661290322580645,1
98,539,17.68,4.626696832579186,1
99,98,13.833333333333334,4.843373493975903,1
100,313,14.36842105263158,4.930402930402931,1
101,181,21.285714285714285,5.469798657718121,1
102,175,19.375,4.509677419354839,1
103,177,20.0,4.7125,1
104,537,12.487179487179487,4.630390143737166,1
105,858,20.114285714285717,4.771306818181818,1
106,293,20.33333333333333,4.889344262295082,1
107,312,14.5,5.103448275862069,1
108,201,22.5,4.583333333333333,1
109,444,18.047619047619047,4.891820580474934,1
110,171,10.923076923076923,5.077464788732394,1
111,253,18.916666666666668,4.651982378854625,1
112,149,17.5,5.107142857142857,1
113,381,20.47058823529412,4.767241379310345,1
114,390,32.7,5.345565749235474,1
115,283,19.0,4.789473684210527,1
116,361,14.045454545454543,4.867313915857605,1
117,345,27.90909090909091,5.234527687296417,1
118,276,19.75,5.282700421940929,1
119,318,30.77777777777778,4.664259927797834,1
120,686,15.578947368421051,4.704391891891892,1
121,363,18.22222222222222,4.942073170731708,1
122,230,22.55555555555556,5.078817733990148,1
123,446,12.272727272727272,4.5358024691358025,1
124,346,23.166666666666668,4.982014388489208,1
125,232,17.083333333333332,4.88780487804878,1
126,554,17.884615384615383,5.116129032258065,1
127,498,23.210526315789476,5.26984126984127,1
128,475,17.391304347826086,4.655,1
129,347,25.08333333333333,5.3023255813953485,1
130,320,18.53333333333333,5.039568345323741,1
131,347,23.53846153846154,4.794117647058823,1
132,377,18.176470588235293,4.796116504854369,1
133,469,12.117647058823527,4.87378640776699,1
134,285,23.63636363636364,4.826923076923077,1
135,342,18.5625,5.141414141414141,1
136,373,20.25,4.833333333333333,1
137,554,21.476190476190474,5.181818181818182,1
138,681,12.86046511627907,4.768535262206148,1
139,282,21.416666666666668,4.879377431906615,1
140,185,14.181818181818182,5.089743589743589,1
141,335,20.642857142857142,4.692041522491349,1
142,219,22.11111111111111,4.633165829145729,1
143,377,17.444444444444443,4.7165605095541405,1
144,298,17.4,5.467432950191571,1
145,877,17.11904761904762,5.001390820584144,1
146,224,16.545454545454547,4.950549450549451,1
147,367,23.846153846153847,5.248387096774193,1
148,321,26.6,4.733082706766917,1
149,540,19.58333333333333,4.906382978723404,1
150,308,13.833333333333334,4.943775100401607,1
151,238,14.846153846153848,5.0310880829015545,1
152,171,13.818181818181818,4.9605263157894735,1
153,490,12.823529411764708,4.6307339449541285,1
154,156,24.0,4.979166666666667,1
155,208,19.55555555555556,5.471590909090909,1
156,425,16.80952380952381,4.985835694050992,1
157,315,25.09090909090909,5.057971014492754,1
158,259,15.333333333333334,5.104347826086957,1
159,712,10.379310344827584,5.076411960132891,1
160,392,18.764705882352946,5.090909090909091,1
161,289,24.0,4.75,1
162,297,13.72222222222222,4.538461538461538,1
163,297,20.75,5.389558232931727,1
164,567,15.419354838709678,5.048117154811716,1
165,302,21.916666666666668,4.916349809885932,1
166,391,25.846153846153847,4.994047619047619,1
167,143,18.857142857142858,4.5606060606060606,1
168,261,14.866666666666667,4.9641255605381165,1
169,189,14.5,4.632183908045977,1
170,234,16.166666666666668,4.603092783505154,1
171,349,16.157894736842106,4.364820846905538,1
172,192,19.666666666666668,4.903954802259887,1
173,224,16.5,4.535353535353536,1
174,155,14.555555555555555,4.816793893129771,1
175,305,19.857142857142858,4.723021582733813,1
176,607,20.24,4.907114624505929,1
177,427,16.227272727272727,4.750700280112045,1
178,413,17.35,5.083573487031701,1
179,163,15.333333333333334,5.195652173913044,1
180,627,19.428571428571427,4.481617647058823,1
181,230,18.181818181818183,4.72,1
182,402,12.172413793103448,4.739376770538244,1
183,410,21.529411764705884,4.549180327868853,1
184,247,17.75,4.685446009389671,1
185,359,15.842105263157896,4.787375415282392,1
186,197,17.3,4.815028901734104,1
187,117,16.666666666666668,4.79,1
188,274,16.857142857142858,4.707627118644068,1
189,302,29.444444444444443,4.49811320754717,1
190,270,11.85,4.734177215189874,1
191,217,16.0,5.255208333333333,1
192,239,18.545454545454547,5.073529411764706,1
193,267,25.11111111111111,5.367256637168142,1
194,234,18.272727272727277,4.756218905472637,1
195,396,14.454545454545457,5.00314465408805,1
196,408,14.416666666666666,5.03757225433526,1
197,316,17.8,5.123595505617978,1
198,170,16.333333333333332,4.9727891156462585,1
199,105,15.5,5.365591397849462,1
200,292,22.545454545454547,5.108870967741935,1
201,205,28.0,5.470238095238095,1
202,205,12.153846153846152,5.0,1
203,195,19.375,4.625806451612903,1
204,230,38.6,4.735751295336788,1
205,182,18.11111111111111,4.607361963190184,1
206,212,45.5,4.62087912087912,1
207,173,35.5,4.704225352112676,1
208,234,24.5,4.729591836734694,1
209,156,33.5,5.298507462686567,1
210,119,16.166666666666668,5.804123711340206,1
211,141,29.5,5.127118644067797,1
212,156,44.66666666666666,5.514925373134329,1
213,170,28.2,5.212765957446808,1
214,246,21.77777777777778,5.010204081632653,1
215,95,13.0,5.384615384615385,1
216,113,18.8,5.297872340425532,1
217,104,22.5,5.044444444444444,1
218,141,24.0,4.85,1
219,170,28.2,4.872340425531915,1
220,185,22.285714285714285,5.288461538461538,1
221,195,33.2,4.63855421686747,1
222,106,22.5,4.977777777777778,1
223,113,24.5,5.5,1
224,184,19.375,4.554838709677419,1
225,307,22.818181818181817,4.800796812749004,1
226,122,26.0,4.663461538461538,1
227,154,33.0,4.53030303030303,1
228,177,30.8,4.831168831168832,1
229,237,28.142857142857142,5.355329949238579,1
230,109,8.4,4.869047619047619,1
231,143,17.285714285714285,4.801652892561983,1
232,118,20.0,5.57,1
233,147,24.2,4.710743801652892,1
234,101,21.5,5.209302325581396,1
235,241,24.875,4.592964824120603,1
236,508,22.72222222222222,5.459657701711492,1
237,207,14.909090909090908,4.951219512195122,1
238,266,42.8,5.392523364485982,1
239,124,17.5,5.247619047619048,1
240,110,23.5,5.23404255319149,1
241,124,16.833333333333332,5.6138613861386135,1
242,93,20.0,5.1875,1
243,181,24.33333333333333,5.0,1
244,115,23.0,4.793478260869565,1
245,188,26.0,4.92948717948718,1
246,117,24.25,4.731958762886598,1
247,189,9.625,5.097402597402597,1
248,226,30.5,5.185792349726776,1
249,201,24.0,5.25,1
250,100,11.571428571428571,5.098765432098766,1
251,146,31.75,4.606299212598425,1
252,196,13.181818181818182,4.593103448275862,1
253,203,14.181818181818182,4.512820512820513,1
254,200,16.6,4.86144578313253,1
255,125,35.0,5.266666666666667,1
256,190,26.666666666666668,5.125,1
257,298,17.357142857142858,4.962962962962963,1
258,159,27.0,4.896296296296296,1
259,178,28.0,5.092857142857143,1
260,168,20.857142857142858,4.890410958904109,1
261,275,39.0,5.188034188034188,1
262,373,28.272727272727277,5.128617363344051,1
263,199,20.125,4.875776397515528,1
264,121,13.125,4.628571428571429,1
265,160,13.5,4.918518518518519,1
266,410,14.44,5.8171745152354575,1
267,298,19.384615384615383,4.944444444444445,1
268,139,11.5,4.947826086956522,1
269,141,7.866666666666666,4.898305084745763,1
270,376,17.22222222222222,5.04516129032258,1
271,137,10.8,5.296296296296297,1
272,161,15.333333333333334,4.833333333333333,1
273,157,9.846153846153848,4.6875,1
274,236,12.8,4.739583333333333,1
275,172,16.0,4.6875,1
276,353,15.789473684210526,4.91,1
277,196,13.166666666666666,4.80379746835443,1
278,158,13.2,4.946969696969697,1
279,199,11.0,5.151515151515151,1
280,351,13.727272727272728,4.701986754966887,1
281,158,11.333333333333334,4.823529411764706,1
282,200,16.3,4.656441717791411,1
283,204,12.846153846153848,4.976047904191617,1
284,222,15.583333333333334,4.86096256684492,1
285,157,16.125,4.488372093023256,1
286,192,13.0,4.935897435897436,1
287,241,15.307692307692308,4.603015075376884,1
288,98,10.714285714285714,4.546666666666667,1
289,227,9.166666666666666,4.824242424242424,1
290,1062,16.375,5.086150490730644,1
291,316,22.0,4.901515151515151,1
292,182,14.0,4.746753246753247,1
293,302,18.071428571428573,5.205533596837944,1
294,157,16.375,4.885496183206107,1
295,202,15.727272727272728,4.739884393063584,1
296,141,13.11111111111111,4.898305084745763,1
297,187,13.333333333333334,4.91875,1
298,139,13.75,5.0181818181818185,1
299,171,10.846153846153848,4.638297872340425,1
300,155,11.0,4.704545454545454,1
301,182,7.555555555555555,4.823529411764706,1
302,148,10.666666666666666,5.2890625,1
303,52,10.75,5.255813953488372,1
304,409,19.666666666666668,5.437853107344632,1
305,196,18.444444444444443,5.391566265060241,1
306,123,10.2,4.549019607843137,1
307,126,12.11111111111111,4.889908256880734,1
308,131,18.33333333333333,4.818181818181818,1
309,214,15.0,4.944444444444445,1
310,108,7.0,5.047619047619048,1
311,126,15.142857142857142,4.858490566037736,1
312,253,9.476190476190476,5.201005025125628,1
313,22,3.0,6.066666666666666,1
314,200,17.0,4.6,1
315,227,16.363636363636363,4.822222222222222,1
316,40,10.666666666666666,5.59375,1
317,202,11.066666666666666,4.86144578313253,1
318,372,22.142857142857142,5.312903225806451,1
319,155,26.0,4.769230769230769,1
320,146,11.6,5.198275862068965,1
321,162,20.285714285714285,4.704225352112676,1
322,102,9.11111111111111,5.024390243902439,1
323,110,14.0,4.744897959183674,1
324,126,15.0,4.942857142857143,1
325,140,12.2,5.090163934426229,1
326,416,19.88888888888889,4.952513966480447,1
327,162,13.7,4.875912408759124,1
328,311,15.9375,4.666666666666667,1
329,82,5.727272727272728,4.476190476190476,1
330,153,10.75,4.813953488372093,1
331,171,13.272727272727272,4.849315068493151,1
332,105,15.0,4.688888888888889,1
333,525,14.09375,4.733924611973393,1
334,146,9.583333333333334,4.608695652173913,1
335,137,13.0,4.658119658119658,1
336,211,17.2,4.924418604651163,1
337,173,11.23076923076923,4.787671232876712,1
338,222,12.857142857142858,4.544444444444444,1
339,141,6.75,5.12962962962963,1
340,196,14.909090909090908,5.243902439024391,1
341,158,14.444444444444445,5.1,1
342,426,14.576923076923077,4.408970976253298,1
343,131,11.88888888888889,4.551401869158879,1
344,109,9.666666666666666,4.804597701149425,1
345,191,7.333333333333333,4.37012987012987,1
346,336,15.666666666666666,4.585106382978723,1
347,147,17.428571428571427,5.131147540983607,1
348,143,16.285714285714285,4.008771929824562,1
349,272,18.153846153846157,5.550847457627119,1
350,209,15.0,4.555555555555555,1
351,427,18.05,5.265927977839335,1
352,209,13.916666666666666,4.832335329341317,1
353,77,9.0,4.777777777777778,1
354,194,19.875,5.188679245283019,1
355,272,13.4375,4.706976744186046,1
356,264,15.2,4.732456140350878,1
357,271,16.571428571428573,4.737068965517241,1
358,235,12.6,4.788359788359788,1
359,181,12.5,5.42,1
360,289,25.6,5.109375,1
361,131,11.444444444444445,4.466019417475728,1
362,99,11.428571428571429,4.5125,1
363,573,15.21875,4.66735112936345,1
364,126,8.909090909090908,4.938775510204081,1
365,100,13.666666666666666,4.7682926829268295,1
366,115,11.375,4.912087912087912,1
367,193,10.266666666666667,4.7727272727272725,1
368,86,16.25,4.969230769230769,1
369,136,14.625,4.914529914529915,1
370,171,15.333333333333334,4.753623188405797,1
371,145,15.0,4.7,1
372,233,11.764705882352942,5.29,1
373,98,10.285714285714286,4.513888888888889,1
374,134,15.714285714285714,5.109090909090909,1
375,301,11.681818181818182,4.424124513618677,1
376,177,13.909090909090908,5.15686274509804,1
377,206,11.266666666666667,4.863905325443787,1
378,153,13.0,5.276923076923077,1
379,540,13.90625,4.851685393258427,1
380,317,18.928571428571427,4.916981132075471,1
381,79,13.4,5.104477611940299,1
382,546,16.24137931034483,5.288747346072187,1
383,203,9.235294117647058,4.745222929936306,1
384,251,13.625,5.0504587155963305,1
385,143,12.3,5.252032520325203,1
386,164,9.428571428571429,4.401515151515151,1
387,192,12.153846153846152,4.734177215189874,1
388,264,17.142857142857142,4.770833333333333,1
389,362,15.05,4.458471760797342,1
390,145,13.555555555555555,4.942622950819672,1
391,149,13.22222222222222,4.756302521008403,1
392,693,16.314285714285713,4.63922942206655,1
393,145,9.307692307692308,5.223140495867769,1
394,339,14.5,4.603448275862069,1
395,132,17.0,4.478991596638656,1
396,182,13.083333333333334,5.171974522292993,1
397,272,14.125,4.783185840707965,1
398,232,11.823529411764708,5.303482587064677,1
399,295,15.625,5.044,1
400,333,16.647058823529413,4.886925795053004,1
401,336,26.454545454545453,4.869415807560137,1
402,188,13.083333333333334,4.445859872611465,1
403,21,8.0,4.5625,1
404,190,11.142857142857142,4.288461538461538,1
405,227,12.8,4.625,1
406,134,11.3,4.823008849557522,1
407,212,12.571428571428571,4.755681818181818,1
408,144,14.125,4.610619469026549,1
409,506,24.33333333333333,5.157534246575342,1
410,233,13.785714285714286,4.512953367875648,1
411,343,8.636363636363637,5.498245614035088,1
412,198,12.384615384615383,4.354037267080745,1
413,83,8.125,5.076923076923077,1
414,170,20.857142857142858,4.897260273972603,1
415,216,18.1,4.718232044198895,1
416,589,31.4375,5.051689860834991,1
417,165,8.25,4.628787878787879,1
418,187,16.88888888888889,4.769736842105263,1
419,176,15.4,4.928571428571429,1
420,200,7.95,4.949685534591195,1
421,220,15.666666666666666,5.180851063829787,1
422,154,12.4,4.314516129032258,1
423,367,21.666666666666668,5.064615384615385,1
424,326,12.227272727272728,4.721189591078067,1
425,46,19.0,4.394736842105263,1
426,269,13.6875,4.821917808219178,1
427,80,9.285714285714286,5.553846153846154,1
428,412,17.238095238095237,5.204419889502763,1
429,233,15.25,4.945355191256831,1
430,570,15.129032258064516,5.076759061833688,1
431,278,14.1875,4.431718061674009,1
432,609,18.03448275862069,4.919694072657744,1
433,255,15.76923076923077,5.160975609756098,1
434,101,12.285714285714286,4.558139534883721,1
435,155,13.4,4.828358208955224,1
436,195,24.0,4.803571428571429,1
437,225,14.538461538461538,4.677248677248677,1
438,255,9.476190476190476,4.678391959798995,1
439,329,16.647058823529413,5.109540636042403,1
440,163,10.727272727272728,5.033898305084746,1
441,301,9.72,4.604938271604938,1
442,190,18.22222222222222,4.7682926829268295,1
443,111,18.8,5.138297872340425,1
444,195,18.75,4.786666666666667,1
445,185,20.125,5.105590062111801,1
446,213,19.444444444444443,4.382857142857143,1
447,266,9.478260869565217,4.747706422018348,1
448,172,13.363636363636363,5.129251700680272,1
449,207,25.714285714285715,4.777777777777778,1
450,202,17.77777777777778,5.1375,1
451,270,16.785714285714285,4.804255319148936,1
452,124,9.6,4.322916666666667,1
453,284,15.8,4.767932489451477,1
454,243,17.083333333333332,5.053658536585366,1
455,421,16.5,4.768595041322314,1
456,416,17.736842105263158,4.724035608308605,1
457,196,13.333333333333334,4.7875,1
458,348,20.133333333333333,5.135761589403973,1
459,186,13.545454545454543,5.12751677852349,1
460,344,18.125,4.996551724137931,1
461,177,10.214285714285714,4.965034965034965,1
462,132,15.714285714285714,4.3,1
463,169,24.0,4.618055555555555,1
464,323,16.25,4.965384615384616,1
465,210,18.8,5.196808510638298,1
466,135,14.0,4.776785714285714,1
467,306,15.75,4.900793650793651,1
468,317,19.307692307692307,4.99601593625498,1
469,337,23.25,5.150537634408602,1
470,425,20.166666666666668,5.37465564738292,1
471,356,15.473684210526317,4.537414965986395,1
472,282,17.307692307692307,4.844444444444444,1
473,246,14.142857142857142,4.797979797979798,1
474,194,16.666666666666668,4.886666666666667,1
475,294,17.785714285714285,4.887550200803213,1
476,250,15.214285714285714,5.154929577464789,1
477,365,25.83333333333333,4.925806451612903,1
478,322,14.444444444444445,5.469230769230769,1
479,89,12.333333333333334,4.864864864864865,1
480,29,5.75,4.782608695652174,1
481,163,10.0,4.892307692307693,1
482,176,12.333333333333334,4.993243243243243,1
483,229,17.454545454545453,4.65625,1
484,140,16.285714285714285,4.754385964912281,1
485,310,19.285714285714285,4.848148148148148,1
486,259,12.27777777777778,4.97737556561086,1
487,278,15.466666666666669,4.922413793103448,1
488,278,18.0,4.854700854700854,1
489,204,10.933333333333334,4.524390243902439,1
490,50,13.666666666666666,4.829268292682927,1
491,213,14.75,5.186440677966102,1
492,661,13.76923076923077,4.957169459962756,1
493,189,15.181818181818182,4.646706586826348,1
494,164,15.0,4.562962962962963,1
495,151,15.375,4.357723577235772,1
496,305,15.176470588235292,5.255813953488372,1
497,134,14.625,4.863247863247863,1
498,310,12.227272727272728,4.862453531598513,1
499,127,8.307692307692308,5.111111111111111,1
500,263,13.6875,5.068493150684931,1
501,379,14.954545454545457,4.358662613981763,1
502,498,12.8125,4.658536585365853,1
503,153,21.83333333333333,4.656488549618321,1
504,147,11.454545454545457,4.523809523809524,1
505,124,10.77777777777778,4.463917525773196,1
506,279,12.72222222222222,5.131004366812227,1
507,146,13.88888888888889,5.248,1
508,681,14.25,4.982456140350878,1
509,177,10.642857142857142,4.771812080536913,1
510,369,19.0,4.919504643962848,1
511,457,14.5,4.708222811671088,1
512,309,18.066666666666663,5.047970479704797,1
513,495,18.272727272727277,4.7388059701492535,1
514,331,18.1875,4.975945017182131,1
515,244,14.923076923076923,4.835051546391752,1
516,227,17.363636363636363,4.832460732984293,1
517,315,14.61111111111111,4.901140684410646,1
518,432,15.869565217391305,5.128767123287672,1
519,422,11.666666666666666,4.928571428571429,1
520,475,15.615384615384617,4.825123152709359,1
521,484,13.666666666666666,5.2560975609756095,1
522,298,12.1,4.851239669421488,1
523,201,11.533333333333331,4.901734104046243,1
524,348,16.11764705882353,5.124087591240876,1
525,300,12.68421052631579,4.618257261410788,1
526,329,17.6875,5.229681978798586,1
527,180,9.666666666666666,4.889655172413793,1
528,103,12.142857142857142,4.8352941176470585,1
529,207,11.714285714285714,4.689024390243903,1
530,231,15.083333333333334,4.640883977900552,1
531,610,19.142857142857142,5.227611940298507,1
532,179,16.555555555555557,5.308724832214765,1
533,150,12.1,4.801652892561983,1
534,206,12.285714285714286,4.924418604651163,1
535,173,13.8,4.956521739130435,1
536,202,16.1,4.863354037267081,1
537,66,12.0,4.4375,1
538,381,10.964285714285714,4.612377850162867,1
539,449,12.892857142857142,4.761772853185596,1
540,183,20.125,5.248447204968944,1
541,114,12.0,4.59375,1
542,524,24.0,5.081140350877193,1
543,189,20.125,4.950310559006211,1
544,268,17.923076923076923,4.8111587982832615,1
545,130,10.2,4.519607843137255,1
546,227,8.333333333333334,4.725714285714286,1
547,354,14.227272727272728,4.993610223642173,1
548,160,10.416666666666666,4.872,1
549,349,17.6875,4.689045936395759,1
550,483,19.181818181818183,4.812796208530806,1
551,165,15.75,5.119047619047619,1
552,187,21.142857142857142,5.087837837837838,1
553,113,10.333333333333334,4.881720430107527,1
554,392,14.695652173913045,4.866863905325443,1
555,232,20.3,4.729064039408867,1
556,324,10.5,4.575091575091575,1
557,114,10.333333333333334,4.483870967741935,1
558,492,14.928571428571429,4.861244019138756,1
559,108,22.5,4.633333333333334,1
560,210,9.444444444444445,4.629411764705883,1
561,311,11.818181818181818,5.080769230769231,1
562,45,11.0,4.636363636363637,1
563,165,10.692307692307692,4.9640287769784175,1
564,479,17.956521739130434,5.147699757869249,1
565,177,14.9,4.644295302013423,1
566,328,13.9,5.043165467625899,1
567,270,16.266666666666666,5.14344262295082,1
568,297,14.764705882352942,5.163346613545817,1
569,253,19.454545454545453,5.079439252336448,1
570,203,16.7,5.083832335329341,1
571,785,19.857142857142858,4.975539568345324,1
572,317,18.785714285714285,4.726235741444867,1
573,260,13.0,4.668269230769231,1
574,296,16.933333333333334,4.834645669291339,1
575,313,15.4375,4.465587044534413,1
576,295,17.5,4.987755102040817,1
577,260,17.923076923076923,4.72961373390558,1
578,226,13.785714285714286,4.922279792746114,1
579,69,9.166666666666666,5.327272727272727,1
580,379,14.0,5.059006211180124,1
581,367,15.7,4.767515923566879,1
582,84,11.666666666666666,4.485714285714286,1
583,249,15.357142857142858,4.837209302325581,1
584,622,16.46875,4.838709677419355,1
585,296,25.5,5.031372549019608,1
586,17,3.0,4.0,1
587,282,30.0,5.066666666666666,1
588,186,13.818181818181818,4.7105263157894735,1
589,73,12.2,4.557377049180328,1
590,314,17.066666666666666,5.3515625,1
591,614,18.857142857142858,4.867424242424242,1
592,198,16.8,4.666666666666667,1
593,222,17.09090909090909,5.276595744680851,1
594,835,12.839285714285714,4.7454798331015295,1
595,253,9.476190476190476,4.552763819095477,1
596,437,10.424242424242424,4.709302325581396,1
597,539,8.590909090909092,5.62962962962963,1
598,165,14.3,4.895104895104895,1
599,47,7.4,5.135135135135135,1
600,157,12.181818181818182,4.649253731343284,1
601,32,14.0,4.571428571428571,1
602,246,21.7,4.788018433179723,1
603,304,17.333333333333332,4.846153846153846,1
604,652,18.193548387096776,5.331560283687943,1
605,93,13.8,4.811594202898551,1
606,312,15.176470588235292,4.988372093023256,1
607,213,26.142857142857142,5.502732240437158,1
608,110,15.166666666666666,4.681318681318682,1
609,459,12.7,4.981627296587926,1
610,697,14.846153846153848,4.910189982728843,1
611,352,18.375,4.557823129251701,1
612,119,11.875,4.926315789473684,1
613,291,24.9,5.092369477911647,1
614,230,16.416666666666668,4.9238578680203045,1
615,318,17.8,4.842696629213483,1
616,304,20.07692307692308,5.049808429118774,1
617,329,16.529411764705884,5.501779359430605,1
618,123,14.714285714285714,4.466019417475728,1
619,293,23.454545454545453,4.662790697674419,1
620,227,15.0,4.779487179487179,1
621,204,13.153846153846152,4.380116959064328,1
622,244,13.666666666666666,4.951219512195122,1
623,286,9.44,5.148305084745763,1
624,107,8.8,4.511363636363637,1
625,366,19.53333333333333,4.617747440273037,1
626,507,16.615384615384617,4.824074074074074,1
627,382,13.478260869565217,4.635483870967742,1
628,290,11.6,4.849137931034483,1
629,202,20.375,4.717791411042945,1
630,161,11.333333333333334,4.220588235294118,1
631,622,15.363636363636363,5.108481262327416,1
632,204,14.0,4.619047619047619,1
633,548,21.272727272727277,4.993589743589744,1
634,241,11.27777777777778,4.586206896551724,1
635,500,16.846153846153847,5.0479452054794525,1
636,68,9.666666666666666,4.793103448275862,1
637,353,17.38888888888889,5.201277955271565,1
638,619,21.625,4.7514450867052025,1
639,351,19.866666666666667,5.208053691275167,1
640,253,14.266666666666667,4.574766355140187,1
641,153,20.83333333333333,5.2,1
642,336,17.5625,5.341637010676156,1
643,317,14.473684210526317,5.610909090909091,1
644,84,8.375,4.731343283582089,1
645,540,17.5,5.134065934065935,1
646,266,10.6,4.40566037735849,1
647,386,13.12,4.878048780487805,1
648,278,17.846153846153847,4.75,1
649,225,14.461538461538462,4.957446808510638,1
650,15,6.5,5.538461538461538,1
651,301,13.210526315789474,4.792828685258964,1
652,378,14.136363636363637,5.012861736334405,1
653,120,12.75,4.215686274509804,1
654,174,17.5,4.807142857142857,1
655,180,16.666666666666668,4.6466666666666665,1
656,167,12.545454545454543,4.485507246376812,1
657,484,29.857142857142858,5.337320574162679,1
658,188,13.0,5.147435897435898,1
659,370,16.25,4.9569230769230765,1
660,95,15.8,4.658227848101266,1
661,223,15.833333333333334,4.252631578947368,1
662,348,13.571428571428571,4.705263157894737,1
663,261,9.909090909090908,4.830275229357798,1
664,151,8.5,4.73109243697479,1
665,474,11.78125,4.641909814323608,1
666,225,10.705882352941176,5.087912087912088,1
667,309,20.153846153846157,4.854961832061068,1
668,325,18.53333333333333,4.780575539568345,1
669,934,16.97826086956522,4.73111395646607,1
670,160,11.25,4.42962962962963,1
671,366,14.714285714285714,5.407766990291262,1
672,287,16.0,4.858333333333333,1
673,255,11.11111111111111,4.645,1
674,530,25.944444444444443,4.985010706638116,1
675,277,9.565217391304348,4.431818181818182,1
676,258,21.7,4.972350230414746,1
677,208,9.5,4.783625730994152,1
678,142,11.7,4.717948717948718,1
679,177,13.818181818181818,5.032894736842105,1
680,263,14.333333333333334,4.753488372093023,1
681,168,13.363636363636363,5.17687074829932,1
682,169,10.307692307692308,4.902985074626866,1
683,178,11.153846153846152,4.6,1
684,184,16.88888888888889,4.625,1
685,339,13.904761904761903,5.023972602739726,1
686,128,15.571428571428571,4.504587155963303,1
687,415,16.0,5.065340909090909,1
688,164,11.909090909090908,4.580152671755725,1
689,159,10.5,5.301587301587301,1
690,111,11.0,4.988636363636363,1
691,300,14.22222222222222,4.90234375,1
692,313,18.642857142857142,4.5440613026819925,1
693,237,16.0,4.692708333333333,1
694,282,15.466666666666669,4.758620689655173,1
695,188,17.666666666666668,5.320754716981132,1
696,251,19.0,4.91866028708134,1
698,201,15.454545454545457,4.7176470588235295,1
699,252,16.153846153846153,4.719047619047619,1
700,225,27.142857142857142,5.478947368421053,1
701,161,13.2,4.651515151515151,1
702,216,8.894736842105264,4.905325443786983,1
703,215,18.6,4.618279569892473,1
704,321,19.357142857142858,4.822878228782288,1
705,110,14.333333333333334,4.616279069767442,1
706,853,17.666666666666668,5.2331536388140165,1
707,375,23.642857142857142,5.030211480362538,1
708,179,8.764705882352942,4.718120805369128,1
709,324,14.789473684210526,4.879003558718861,1
710,414,14.916666666666666,4.868715083798882,1
711,204,10.823529411764708,3.625,1
712,173,14.8,4.777027027027027,1
713,191,10.466666666666669,4.656050955414012,1
714,309,20.846153846153847,5.18450184501845,1
715,220,19.0,5.21578947368421,1
716,188,11.357142857142858,4.981132075471698,1
717,433,16.0,5.116847826086956,1
718,133,22.6,5.185840707964601,1
719,249,14.066666666666666,5.0663507109004735,1
720,363,19.375,4.961290322580645,1
721,418,25.357142857142858,5.256338028169014,1
722,147,24.0,4.108333333333333,1
723,352,19.8,4.94949494949495,1
724,200,21.125,4.822485207100592,1
725,267,15.333333333333334,5.060869565217391,1
726,227,20.666666666666668,4.811827956989247,1
727,163,10.23076923076923,4.954887218045113,1
728,333,11.5,4.442028985507246,1
729,778,18.764705882352946,5.032915360501567,1
730,204,25.428571428571427,4.668539325842697,1
731,772,31.61904761904762,5.057228915662651,1
732,410,13.28,4.774096385542169,1
733,209,11.8,4.892655367231638,1
734,370,12.625,4.897689768976898,1
735,396,14.956521739130435,4.744186046511628,1
736,272,17.0,4.800904977375565,1
737,409,21.647058823529413,4.994565217391305,1
738,273,10.272727272727272,4.486725663716814,1
739,207,14.666666666666666,5.227272727272728,1
740,241,10.0,4.835,1
741,427,16.954545454545453,5.008042895442359,1
742,163,22.5,4.822222222222222,1
743,128,17.833333333333332,4.850467289719626,1
744,189,13.833333333333334,4.77710843373494,1
745,243,21.7,5.184331797235023,1
746,251,15.307692307692308,4.552763819095477,1
747,126,15.142857142857142,4.820754716981132,1
748,400,19.05555555555556,5.198250728862973,1
749,231,18.09090909090909,5.040201005025126,1
750,368,15.95,5.181818181818182,1
751,270,14.058823529411764,5.058577405857741,1
752,132,7.285714285714286,4.686274509803922,1
753,298,13.263157894736842,4.976190476190476,1
754,606,19.11111111111111,4.937984496124031,1
755,95,10.0,4.775,1
756,362,18.58823529411765,5.022151898734177,1
757,332,17.9375,4.898954703832753,1
758,418,11.785714285714286,4.875757575757576,1
759,438,16.26086956521739,5.01336898395722,1
760,96,7.0,5.0,1
761,201,10.125,5.154320987654321,1
762,137,15.0,4.783333333333333,1
763,124,15.714285714285714,4.754545454545455,1
764,316,15.764705882352942,4.9664179104477615,1
765,222,17.8,4.98314606741573,1
766,161,17.125,5.109489051094891,1
767,222,11.375,5.0054945054945055,1
768,204,11.533333333333331,4.763005780346821,1
769,68,10.6,4.962264150943396,1
770,225,14.076923076923077,4.836065573770492,1
771,77,7.625,4.737704918032787,1
772,101,21.25,4.482352941176471,1
773,371,15.38095238095238,4.854489164086687,1
774,235,17.363636363636363,4.963350785340314,1
775,150,12.3,4.715447154471545,1
776,127,14.375,5.3130434782608695,1
777,116,8.166666666666666,4.73469387755102,1
778,185,10.857142857142858,4.6381578947368425,1
779,207,6.904761904761905,5.0137931034482754,1
780,296,10.772727272727272,5.1308016877637135,1
781,462,18.13636363636364,5.1152882205513786,1
782,200,13.75,4.775757575757575,1
783,166,11.416666666666666,4.948905109489052,1
784,218,13.923076923076923,4.430939226519337,1
785,297,23.454545454545453,5.124031007751938,1
786,177,19.25,5.136363636363637,1
787,129,13.5,5.324074074074074,1
788,29,5.0,5.35,1
789,112,14.0,5.071428571428571,1
790,156,13.2,5.098484848484849,1
791,233,12.3125,4.741116751269035,1
792,128,10.9,4.963302752293578,1
793,419,16.09090909090909,4.497175141242938,1
794,183,14.545454545454543,4.99375,1
795,269,15.714285714285714,5.0227272727272725,1
796,243,11.705882352941176,4.773869346733668,1
797,215,15.5,5.139784946236559,1
798,270,15.133333333333333,4.392070484581498,1
799,124,13.125,5.6,1
800,144,6.294117647058823,4.439252336448599,1
801,196,18.55555555555556,5.179640718562874,1
802,111,19.2,4.8125,1
803,195,17.77777777777778,4.3625,1
804,260,14.6,5.0228310502283104,1
805,107,9.22222222222222,4.650602409638554,1
806,210,20.666666666666668,4.768817204301075,1
807,200,16.0,4.914772727272728,1
808,370,14.227272727272728,4.9904153354632586,1
809,123,14.428571428571429,4.336633663366337,1
810,120,16.833333333333332,4.584158415841584,1
811,357,14.318181818181818,4.996825396825397,1
812,268,12.72222222222222,4.88646288209607,1
813,109,9.4,4.5212765957446805,1
814,264,15.266666666666667,5.187772925764192,1
815,138,19.33333333333333,4.353448275862069,1
816,125,12.25,5.091836734693878,1
817,315,10.458333333333334,4.705179282868526,1
818,482,14.925925925925926,4.727047146401985,1
819,120,16.833333333333332,4.851485148514851,1
820,372,14.0,5.142857142857143,1
821,117,17.166666666666668,5.048543689320389,1
822,133,11.5,4.973913043478261,1
823,231,19.33333333333333,5.045977011494253,1
824,109,15.5,5.408602150537634,1
825,309,13.894736842105264,5.075757575757576,1
826,141,15.125,4.818181818181818,1
827,317,17.933333333333334,5.055762081784387,1
828,323,21.76923076923077,4.819787985865724,1
829,377,18.166666666666668,4.862385321100917,1
830,87,14.0,4.642857142857143,1
831,275,21.90909090909091,4.933609958506224,1
832,267,11.5,4.478260869565218,1
833,198,16.2,4.685185185185185,1
834,108,16.166666666666668,5.030927835051546,1
835,572,14.529411764705882,5.080971659919029,1
836,472,18.13636363636364,4.869674185463659,1
837,240,11.941176470588236,4.729064039408867,1
838,308,18.857142857142858,5.215909090909091,1
839,290,16.2,4.695473251028806,1
840,246,14.0,4.785714285714286,1
841,112,11.75,4.861702127659575,1
842,60,11.25,5.866666666666666,1
843,127,10.5,4.647619047619048,1
844,112,15.333333333333334,4.728260869565218,1
845,254,14.357142857142858,5.567164179104478,1
846,551,13.428571428571429,4.751063829787234,1
847,222,17.0,4.957219251336898,1
848,269,17.615384615384617,4.956331877729258,1
849,218,27.428571428571427,5.328125,1
850,196,13.23076923076923,5.098837209302325,1
851,175,14.4,4.708333333333333,1
852,143,14.22222222222222,4.703125,1
853,356,24.692307692307693,4.816199376947041,1
854,237,19.272727272727277,4.882075471698113,1
855,162,12.454545454545457,4.532846715328467,1
856,172,12.333333333333334,4.736486486486487,1
857,66,19.0,4.543859649122807,1
858,363,18.058823529411764,4.736156351791531,1
859,145,12.5,5.0,1
860,188,13.083333333333334,5.127388535031847,1
861,241,13.4,4.731343283582089,1
862,193,13.416666666666666,5.037267080745342,1
863,174,13.272727272727272,5.417808219178082,1
864,202,15.909090909090908,4.817142857142857,1
865,167,18.0,4.930555555555555,1
866,491,15.77777777777778,4.969483568075117,1
867,167,11.083333333333334,5.43609022556391,1
868,197,10.8,4.567901234567901,1
869,221,19.5,4.671794871794872,1
870,161,20.857142857142858,5.082191780821918,1
871,307,22.0,5.03030303030303,1
872,147,12.0,4.966666666666667,1
873,88,12.5,5.026666666666666,1
874,333,18.33333333333333,4.665454545454545,1
875,232,13.642857142857142,4.680628272251309,1
876,379,13.391304347826088,5.422077922077922,1
877,161,11.5,5.152173913043479,1
878,154,12.5,4.56,1
879,221,19.0,4.568421052631579,1
880,145,20.5,4.682926829268292,1
881,227,16.166666666666668,4.84020618556701,1
882,86,8.5,5.014705882352941,1
883,164,9.571428571428571,4.888059701492537,1
884,33,8.333333333333334,4.8,1
885,593,17.655172413793103,4.830078125,1
886,107,12.714285714285714,5.134831460674158,1
887,128,13.625,5.311926605504588,1
888,302,13.210526315789474,4.597609561752988,1
889,446,13.464285714285714,4.816976127320955,1
890,160,14.22222222222222,5.421875,1
891,248,9.761904761904765,5.204878048780488,1
892,174,10.076923076923077,5.290076335877862,1
893,156,14.88888888888889,5.029850746268656,1
894,236,15.461538461538462,4.552238805970149,1
895,234,10.157894736842104,4.414507772020725,1
896,112,9.666666666666666,5.482758620689655,1
897,452,15.916666666666666,5.073298429319372,1
898,252,9.761904761904765,4.639024390243902,1
899,262,12.176470588235292,4.603864734299517,1
900,339,18.375,5.197278911564626,1
901,38,14.0,4.25,1
902,353,19.933333333333334,5.11371237458194,1
903,522,20.40909090909091,4.839643652561247,1
904,207,13.833333333333334,4.686746987951807,1
905,236,13.642857142857142,4.439790575916231,1
906,117,14.0,4.887755102040816,1
907,945,13.883333333333333,4.815126050420168,1
908,301,13.473684210526317,4.78125,1
909,119,16.166666666666668,4.618556701030927,1
910,205,14.0,4.654761904761905,1
911,55,10.75,4.697674418604652,1
912,210,13.071428571428571,5.032786885245901,1
913,222,18.1,4.972375690607735,1
914,331,7.757575757575758,4.37109375,1
915,200,16.6,5.120481927710843,1
916,378,12.038461538461538,4.888178913738019,1
917,131,8.416666666666666,4.702970297029703,1
918,166,9.4,4.74468085106383,1
919,68,13.5,5.037037037037037,1
920,285,13.352941176470589,4.39647577092511,1
921,153,14.666666666666666,5.053030303030303,1
922,143,10.272727272727272,4.247787610619469,1
923,226,13.285714285714286,4.629032258064516,1
924,219,18.8,4.946808510638298,1
925,99,17.2,5.232558139534884,1
926,91,12.333333333333334,4.945945945945946,1
927,507,19.318181818181817,5.171764705882353,1
928,131,17.0,4.949579831932773,1
929,426,11.310344827586206,5.304878048780488,1
930,51,21.5,4.5813953488372094,1
931,282,17.692307692307693,4.539130434782609,1
932,478,18.13636363636364,4.458646616541353,1
933,443,17.904761904761905,4.797872340425532,1
934,145,15.875,4.2204724409448815,1
935,271,16.153846153846153,4.647619047619048,1
936,160,15.22222222222222,5.0,1
937,183,15.9,4.528301886792453,1
938,117,10.0,4.7,1
939,37,10.0,4.133333333333334,1
940,197,19.0,5.192982456140351,1
941,154,13.4,5.022388059701493,1
942,128,10.6,5.575471698113208,1
943,350,14.047619047619047,4.430508474576271,1
944,21,6.0,4.722222222222222,1
945,241,11.352941176470589,5.409326424870466,1
946,151,14.22222222222222,5.515625,1
947,144,10.636363636363637,4.7094017094017095,1
948,144,13.666666666666666,4.796747967479675,1
949,290,27.33333333333333,4.829268292682927,1
950,111,12.0,5.09375,1
951,239,11.933333333333334,4.41340782122905,1
952,233,16.416666666666668,5.269035532994923,1
953,142,13.0,4.811965811965812,1
954,197,16.7,4.634730538922156,1
955,441,19.55,4.976982097186701,1
956,195,16.5,5.1454545454545455,1
957,185,11.846153846153848,5.058441558441558,1
958,29,11.0,5.227272727272728,1
959,633,19.41379310344828,5.175843694493783,1
960,153,13.88888888888889,4.816,1
961,44,11.333333333333334,4.941176470588236,1
962,225,14.692307692307692,4.696335078534031,1
963,370,14.454545454545457,4.776729559748428,1
964,252,17.25,4.536231884057971,1
965,167,13.8,5.115942028985507,1
966,205,12.285714285714286,4.8313953488372094,1
967,103,14.666666666666666,4.613636363636363,1
968,125,9.5,5.042105263157895,1
969,400,15.181818181818182,4.9880239520958085,1
970,167,11.75,5.26241134751773,1
971,344,19.933333333333334,4.511705685618729,1
972,167,12.2,4.950819672131147,1
973,192,10.133333333333333,4.526315789473684,1
974,164,17.875,4.594405594405594,1
975,377,12.8,4.953125,1
976,184,13.818181818181818,5.289473684210527,1
977,166,17.375,4.64748201438849,1
978,20,7.5,5.0,1
979,276,16.714285714285715,4.987179487179487,1
980,288,11.857142857142858,4.815261044176707,1
981,129,14.25,5.008771929824562,1
982,151,11.636363636363637,4.4296875,1
983,217,12.6,4.73015873015873,1
984,289,16.533333333333335,5.213709677419355,1
985,147,10.636363636363637,5.0256410256410255,1
986,238,13.357142857142858,4.566844919786096,1
987,238,18.454545454545453,4.990147783251231,1
988,209,18.7,4.588235294117647,1
989,181,18.0,4.875,1
990,123,14.714285714285714,4.650485436893204,1
991,291,19.46153846153846,4.984189723320158,1
992,189,13.909090909090908,5.111111111111111,1
993,121,9.22222222222222,4.72289156626506,1
994,80,13.0,4.753846153846154,1
995,187,20.25,4.777777777777778,1
996,147,18.285714285714285,4.7578125,1
997,317,16.875,4.614814814814815,1
998,132,11.444444444444445,4.766990291262136,1
999,504,13.8,4.871980676328502,1
1000,638,25.90909090909091,5.482456140350878,1
1001,132,7.857142857142857,4.6909090909090905,1
1002,104,15.0,5.7,1
1003,112,13.571428571428571,5.326315789473684,1
1004,244,25.75,5.228155339805825,1
1005,108,8.444444444444445,4.302631578947368,1
1006,208,23.0,4.657608695652174,1
1007,305,27.444444444444443,4.77327935222672,1
1008,180,14.9,5.194630872483222,1
1009,217,17.8,4.224719101123595,1
1010,118,13.571428571428571,5.189473684210526,1
1011,857,9.726027397260276,4.798591549295774,1
1012,220,11.666666666666666,4.817142857142857,1
1013,135,10.3,4.679611650485437,1
1014,576,25.0,5.018947368421053,1
1015,230,18.1,4.696132596685083,1
1016,271,15.642857142857142,4.744292237442922,1
1017,108,7.0,4.726190476190476,1
1018,154,15.75,4.420634920634921,1
1019,202,21.125,4.887573964497041,1
1020,227,9.15,4.841530054644808,1
1021,426,18.2,4.914835164835165,1
1022,167,15.77777777777778,5.274647887323944,1
1023,231,19.8,4.6767676767676765,1
1024,118,19.2,5.4375,1
1025,87,7.666666666666667,4.579710144927536,1
1026,278,11.85,5.156118143459915,1
1027,119,12.25,4.959183673469388,1
1028,150,12.2,4.401639344262295,1
1029,107,10.875,4.942528735632184,1
1030,110,14.5,4.724137931034483,1
1031,105,10.5,4.904761904761905,1
1032,156,9.846153846153848,4.7578125,1
1033,149,9.833333333333334,4.796610169491525,1
1034,232,12.733333333333333,5.073298429319372,1
1035,217,12.692307692307692,5.127272727272727,1
1036,118,12.0,5.25,1
1037,311,15.705882352941176,5.074906367041199,1
1038,115,10.22222222222222,4.923913043478261,1
1039,147,11.7,5.256410256410256,1
1040,109,9.3,5.032258064516129,1
1041,122,9.181818181818182,4.346534653465347,1
1042,99,8.333333333333334,4.56,1
1043,255,17.833333333333332,5.0046728971962615,1
1044,81,7.875,4.634920634920635,1
1045,200,12.538461538461538,4.785276073619632,1
1046,324,20.142857142857142,5.060283687943262,1
1047,233,13.285714285714286,4.811827956989247,1
1048,119,10.0,4.966666666666667,1
1049,110,11.25,4.866666666666666,1
1050,150,16.25,4.6923076923076925,1
1051,193,10.5625,4.57396449704142,1
1052,212,14.916666666666666,4.754189944134078,1
1053,610,21.52,5.243494423791821,1
1054,176,15.2,4.789473684210527,1
1055,92,12.166666666666666,4.849315068493151,1
1056,191,18.55555555555556,5.203592814371257,1
1057,282,11.736842105263158,4.887892376681615,1
1058,103,16.4,4.902439024390244,1
1059,352,21.142857142857142,5.125,1
1060,160,16.75,4.417910447761194,1
1061,341,13.090909090909092,4.604166666666667,1
1062,134,15.571428571428571,4.752293577981652,1
1063,215,12.142857142857142,4.823529411764706,1
1064,179,10.642857142857142,4.463087248322148,1
1065,193,14.727272727272728,4.648148148148148,1
1066,274,16.285714285714285,4.706140350877193,1
1067,215,14.75,4.887005649717514,1
1068,283,21.09090909090909,4.75,1
1069,148,22.166666666666668,5.142857142857143,1
1070,25,9.0,5.055555555555555,1
1071,234,14.071428571428571,5.324873096446701,1
1072,277,10.5,4.597402597402597,1
1073,159,16.5,4.901515151515151,1
1074,173,14.2,4.809859154929577,1
1075,302,11.476190476190476,4.593360995850622,1
1076,107,11.625,4.612903225806452,1
1077,300,19.428571428571427,5.448529411764706,1
1078,151,11.909090909090908,4.916030534351145,1
1079,218,18.0,4.833333333333333,1
1080,231,13.266666666666667,5.150753768844221,1
1081,115,10.555555555555555,4.2631578947368425,1
1082,143,7.333333333333333,4.963636363636364,1
1083,179,12.833333333333334,4.805194805194805,1
1084,108,9.3,5.075268817204301,1
1085,158,13.6,4.801470588235294,1
1086,287,17.692307692307693,5.056521739130435,1
1087,372,14.85,5.205387205387205,1
1088,143,16.714285714285715,4.846153846153846,1
1089,175,17.625,5.00709219858156,1
1090,250,10.263157894736842,5.271794871794872,1
1091,202,14.916666666666666,5.033519553072626,1
1092,224,9.05,4.87292817679558,1
1093,127,13.25,4.764150943396227,1
1094,131,16.666666666666668,4.93,1
1095,16,7.0,4.0,1
1096,80,9.285714285714286,4.846153846153846,1
1097,261,12.0,4.485294117647059,1
1098,232,16.083333333333332,5.212435233160622,1
1099,167,14.444444444444445,4.830769230769231,1
1100,136,11.4,4.964912280701754,1
1101,161,14.11111111111111,5.007874015748032,1
1102,319,15.555555555555555,4.75,1
1103,186,11.428571428571429,4.7625,1
1104,181,10.923076923076923,4.73943661971831,1
1105,143,17.0,5.050420168067227,1
1106,262,13.0625,4.9330143540669855,1
1107,339,15.157894736842104,4.854166666666667,1
1108,223,12.466666666666669,4.93048128342246,1
1109,171,9.2,4.934782608695652,1
1110,241,20.4,4.651960784313726,1
1111,130,17.166666666666668,4.980582524271845,1
1112,694,15.17948717948718,4.805743243243243,1
1113,252,13.866666666666667,5.394230769230769,1
1114,120,11.875,5.105263157894737,1
1115,488,10.702702702702704,4.707070707070707,1
1116,318,13.63157894736842,4.984555984555985,1
1117,86,9.857142857142858,5.579710144927536,1
1118,418,15.0,5.111111111111111,1
1119,121,13.714285714285714,5.354166666666667,1
1120,225,15.416666666666666,4.675675675675675,1
1121,161,16.875,4.5777777777777775,1
1122,107,12.833333333333334,4.818181818181818,1
1123,191,12.307692307692308,4.99375,1
1124,410,26.571428571428573,5.099462365591398,1
1125,161,10.461538461538462,4.794117647058823,1
1126,221,13.0,4.758241758241758,1
1127,118,10.555555555555555,4.852631578947369,1
1128,224,13.928571428571429,4.902564102564103,1
1129,289,16.866666666666667,4.664031620553359,1
1130,618,18.285714285714285,4.91015625,1
1131,227,16.583333333333332,4.984924623115578,1
1132,80,10.833333333333334,4.7846153846153845,1
1133,277,13.11111111111111,4.6991525423728815,1
1134,173,12.0,4.861111111111111,1
1135,153,9.384615384615383,5.090163934426229,1
1136,224,12.928571428571429,5.0497237569060776,1
1137,120,16.333333333333332,5.255102040816326,1
1138,124,15.285714285714286,4.962616822429907,1
1139,132,12.555555555555555,4.601769911504425,1
1140,162,17.125,4.7226277372262775,1
1141,159,14.11111111111111,4.582677165354331,1
1142,21,8.5,4.588235294117647,1
1143,205,14.909090909090908,4.762195121951219,1
1144,192,11.76923076923077,4.57516339869281,1
1145,33,13.5,5.185185185185185,1
1146,162,18.0,4.76984126984127,1
1147,395,16.333333333333332,5.034985422740525,1
1148,183,12.666666666666666,4.651315789473684,1
1149,225,16.181818181818183,5.056179775280899,1
1150,245,17.25,4.78743961352657,1
1151,215,16.636363636363637,4.978142076502732,1
1152,39,14.5,5.448275862068965,1
1153,125,11.77777777777778,4.349056603773585,1
1154,174,11.692307692307692,5.065789473684211,1
1155,172,19.375,4.361290322580645,1
1156,161,19.857142857142858,4.517985611510792,1
1157,586,17.923076923076923,4.566523605150215,1
1158,266,19.0,4.7368421052631575,1
1159,243,16.833333333333332,4.643564356435643,1
1160,109,12.375,5.08080808080808,1
1161,157,11.166666666666666,5.059701492537314,1
1162,181,14.454545454545457,4.60377358490566,1
1163,195,18.88888888888889,4.588235294117647,1
1164,167,13.9,5.093525179856115,1
1165,464,14.407407407407408,5.102827763496144,1
1166,184,19.5,4.884615384615385,1
1167,140,15.0,5.0,1
1168,78,16.0,4.796875,1
1169,278,15.0625,5.153526970954357,1
1170,177,14.7,4.857142857142857,1
1171,164,17.125,4.452554744525547,1
1172,150,18.142857142857142,5.322834645669292,1
1173,246,15.76923076923077,4.8585365853658535,1
1174,149,10.545454545454543,5.0344827586206895,1
1175,300,6.54054054054054,4.475206611570248,1
1176,170,10.307692307692308,4.186567164179104,1
1177,172,18.625,4.852348993288591,1
1178,225,23.375,5.245989304812834,1
1179,184,16.444444444444443,5.202702702702703,1
1180,112,9.88888888888889,5.280898876404494,1
1181,203,14.5,4.724137931034483,1
1182,256,16.692307692307693,4.953917050691245,1
1183,49,10.0,5.325,1
1184,189,12.153846153846152,4.854430379746836,1
1185,190,11.846153846153848,4.714285714285714,1
1186,259,17.76923076923077,5.03030303030303,1
1187,141,12.88888888888889,5.353448275862069,1
1188,159,16.625,4.481203007518797,1
1189,294,20.83333333333333,4.964,1
1190,221,17.5,4.645714285714286,1
1191,165,11.666666666666666,5.071428571428571,1
1192,167,8.625,5.021739130434782,1
1193,108,11.75,4.97872340425532,1
1194,109,7.916666666666667,5.442105263157894,1
1195,77,9.285714285714286,5.338461538461538,1
1196,223,16.416666666666668,5.035532994923858,1
1197,131,13.857142857142858,4.649484536082475,1
1198,107,11.0,4.488636363636363,1
1199,194,18.0,4.91358024691358,1
1200,99,11.0,5.337662337662338,1
1201,140,9.916666666666666,5.361344537815126,1
1202,218,17.09090909090909,4.696808510638298,1
1203,159,14.88888888888889,4.619402985074627,1
1204,298,15.6875,5.103585657370518,1
1205,254,11.166666666666666,4.557213930348259,1
1206,43,13.0,4.974358974358975,1
1207,120,10.77777777777778,5.618556701030927,1
1208,227,22.375,4.620111731843576,1
1209,209,15.909090909090908,4.845714285714286,1
1210,337,19.642857142857142,4.92,1
1211,248,9.285714285714286,4.933333333333334,1
1212,124,12.875,4.844660194174757,1
1213,181,16.333333333333332,4.9727891156462585,1
1214,127,9.363636363636363,5.087378640776699,1
1215,146,11.6,4.706896551724138,1
1216,183,10.0,5.1066666666666665,1
1217,220,10.411764705882351,4.491525423728813,1
1218,299,15.4375,5.109311740890688,1
1219,173,8.533333333333333,4.7421875,1
1220,166,7.166666666666667,5.635658914728682,1
1221,113,10.75,4.709302325581396,1
1222,260,13.4375,5.330232558139535,1
1223,284,10.904761904761903,4.602620087336245,1
1224,168,9.333333333333334,4.485714285714286,1
1225,184,15.4,4.525974025974026,1
1226,339,11.956521739130435,4.694545454545454,1
1227,176,11.75,4.24113475177305,1
1228,79,28.5,4.649122807017544,1
1229,130,15.142857142857142,4.79245283018868,1
1230,207,14.416666666666666,5.040462427745664,1
1231,142,11.8,5.322033898305085,1
1232,101,14.666666666666666,4.806818181818182,1
1233,30,8.0,5.458333333333333,1
1234,108,12.428571428571429,5.2298850574712645,1
1235,138,13.0,5.076923076923077,1
1236,155,17.714285714285715,4.951612903225806,1
1237,207,13.153846153846152,4.789473684210527,1
1238,140,10.454545454545457,5.260869565217392,1
1239,169,14.0,5.035714285714286,1
1240,205,11.466666666666669,4.976744186046512,1
1241,24,6.333333333333333,4.2105263157894735,1
1242,99,13.833333333333334,4.421686746987952,1
1243,12,5.0,4.6,1
1244,179,12.25,5.149659863945578,1
1245,234,17.083333333333332,4.926829268292683,1
1246,144,10.363636363636363,4.9035087719298245,1
1247,309,12.761904761904765,4.940298507462686,1
1248,273,19.0,5.171052631578948,1
1249,355,11.423076923076923,5.016835016835016,1
1250,111,9.88888888888889,4.797752808988764,1
1251,171,20.571428571428573,5.083333333333333,1
1252,417,14.25,5.093567251461988,1
1253,403,11.607142857142858,5.224615384615385,1
1254,208,12.538461538461538,5.153374233128834,1
1255,116,12.25,5.346938775510204,1
1256,123,13.0,4.913461538461538,1
1257,368,19.6875,4.869841269841269,1
1258,335,15.052631578947368,4.965034965034965,1
1259,232,12.1875,5.112820512820512,1
1260,169,10.214285714285714,4.895104895104895,1
1261,218,13.142857142857142,4.603260869565218,1
1262,357,19.0,4.894736842105263,1
1263,129,14.285714285714286,4.84,1
1264,302,19.142857142857142,4.951492537313433,1
1265,269,17.846153846153847,4.543103448275862,1
1266,317,15.705882352941176,5.378277153558052,1
1267,146,8.538461538461538,5.324324324324325,1
1268,129,12.875,5.087378640776699,1
1269,216,12.357142857142858,4.757225433526012,1
1270,109,7.818181818181818,4.906976744186046,1
1271,167,9.133333333333333,4.897810218978102,1
1272,177,21.857142857142858,5.183006535947713,1
1273,117,12.875,5.203883495145631,1
1274,483,17.26086956521739,4.740554156171284,1
1275,119,10.77777777777778,5.175257731958763,1
1276,330,16.0,4.961805555555555,1
1277,391,17.789473684210527,5.020710059171598,1
1278,314,19.357142857142858,4.693726937269373,1
1279,185,17.444444444444443,4.821656050955414,1
1280,200,14.333333333333334,4.616279069767442,1
1281,176,22.285714285714285,5.128205128205129,1
1282,219,20.77777777777778,4.93048128342246,1
1283,152,17.857142857142858,5.424,1
1284,324,15.22222222222222,4.718978102189781,1
1285,234,22.666666666666668,4.813725490196078,1
1286,181,16.22222222222222,4.801369863013699,1
1287,316,13.55,5.0,1
1288,213,12.692307692307692,4.86060606060606,1
1289,120,12.75,3.9901960784313726,1
1290,150,15.5,4.806451612903226,1
1291,325,12.80952380952381,4.888475836431227,1
1292,347,16.833333333333332,4.775577557755776,1
1293,98,14.0,4.833333333333333,1
1294,20,9.0,4.388888888888889,1
1295,180,13.090909090909092,5.451388888888889,1
1296,256,15.066666666666666,5.084070796460177,1
1297,510,15.77777777777778,4.917840375586854,1
1298,344,12.782608695652174,5.23469387755102,1
1299,169,9.533333333333331,5.433566433566433,1
1300,137,17.142857142857142,4.691666666666666,1
1301,245,25.75,5.097087378640777,1
1302,265,14.333333333333334,5.427906976744186,1
1303,365,19.3125,4.9546925566343045,1
1304,164,15.666666666666666,4.851063829787234,1
1305,154,9.461538461538462,4.967479674796748,1
1306,188,22.857142857142858,5.3625,1
1307,193,17.22222222222222,4.825806451612904,1
1308,137,17.142857142857142,5.4,1
1309,195,12.75,4.666666666666667,1
1310,218,17.363636363636363,4.958115183246074,1
1311,160,11.416666666666666,4.905109489051095,1
1312,152,12.8,4.5234375,1
1313,268,13.625,4.944954128440367,1
1314,316,15.333333333333334,4.786231884057971,1
1315,85,12.0,5.236111111111111,1
1316,507,18.75,5.004444444444444,1
1317,116,16.833333333333332,5.0495049504950495,1
1318,196,21.625,4.971098265895954,1
1319,224,13.285714285714286,5.112903225806452,1
1320,219,17.181818181818183,4.920634920634921,1
1321,245,12.235294117647058,5.052884615384615,1
1322,174,20.571428571428573,4.861111111111111,1
1323,101,8.777777777777779,4.835443037974684,1
1324,266,13.5625,4.580645161290323,1
1325,313,17.125,5.025547445255475,1
1326,214,15.333333333333334,4.728260869565218,1
1327,173,11.0,4.769230769230769,1
1328,330,14.45,4.847750865051904,1
1329,179,21.142857142857142,4.871621621621622,1
1330,198,10.846153846153848,4.787234042553192,1
1331,134,16.428571428571427,5.0,1
1332,227,20.0,5.275,1
1333,323,14.052631578947368,4.932584269662922,1
1334,201,16.09090909090909,5.203389830508475,1
1335,132,10.8,5.333333333333333,1
1336,206,14.916666666666666,4.770949720670391,1
1337,70,10.166666666666666,5.770491803278689,1
1338,272,11.3,5.128318584070796,1
1339,173,15.1,5.0198675496688745,1
1340,45,14.5,5.620689655172414,1
1341,264,14.5,5.163793103448276,1
1342,398,16.61904761904762,4.9054441260744985,1
1343,131,14.5,5.086206896551724,1
1344,191,16.0,4.71875,1
1345,164,9.714285714285714,5.154411764705882,1
1346,212,9.555555555555555,4.796511627906977,1
1347,218,15.25,5.327868852459017,1
1348,172,10.928571428571429,5.294117647058823,1
1349,122,12.5,5.59,1
1350,223,15.166666666666666,5.049450549450549,1
1351,191,18.0,5.320987654320987,1
1352,320,16.75,5.227611940298507,1
1353,243,13.8,4.985507246376812,1
1354,211,18.2,4.917582417582418,1
1355,142,20.5,5.227642276422764,1
1356,138,20.166666666666668,4.9421487603305785,1
1357,275,11.55,5.008658008658009,1
1358,84,10.0,5.185714285714286,1
1359,282,13.647058823529411,4.814655172413793,1
1360,191,17.0,4.970588235294118,1
1361,179,13.090909090909092,4.805555555555555,1
1362,276,11.6,5.073275862068965,1
1363,297,13.944444444444445,5.00796812749004,1
1364,445,16.695652173913043,4.815104166666667,1
1365,249,13.2,5.0606060606060606,1
1366,150,14.77777777777778,5.293233082706767,1
1367,178,16.444444444444443,4.72972972972973,1
1368,213,11.533333333333331,4.942196531791907,1
1369,149,21.0,5.015873015873016,1
1370,148,8.357142857142858,4.700854700854701,1
1371,182,11.76923076923077,5.006535947712418,1
1372,267,19.166666666666668,4.952173913043478,1
1373,215,14.333333333333334,4.691860465116279,1
1374,245,11.27777777777778,4.403940886699507,1
1375,152,13.77777777777778,4.895161290322581,1
1376,473,20.7,4.951690821256038,1
1377,207,15.454545454545457,4.882352941176471,1
1378,188,13.583333333333334,4.7607361963190185,1
1379,106,9.444444444444445,5.247058823529412,1
1380,157,9.692307692307692,4.4523809523809526,1
1381,27,11.5,3.9565217391304346,1
1382,189,12.916666666666666,5.038709677419355,1
1383,206,13.307692307692308,4.988439306358382,1
1384,390,19.05555555555556,4.501457725947522,1
1385,240,13.933333333333334,4.971291866028708,1
1386,232,16.916666666666668,5.044334975369458,1
1387,181,12.384615384615383,5.043478260869565,1
1388,157,14.77777777777778,5.593984962406015,1
1389,209,17.7,4.728813559322034,1
1390,149,16.0,4.6796875,1
1391,274,11.526315789473683,4.812785388127854,1
1392,302,13.0,4.842307692307692,1
1393,31,7.666666666666667,4.565217391304348,1
1394,149,17.142857142857142,5.033333333333333,1
1395,189,10.428571428571429,4.671232876712328,1
1396,98,8.555555555555555,4.545454545454546,1
1397,20,7.5,5.333333333333333,1
1398,139,15.714285714285714,4.654545454545454,1
1399,159,16.0,5.284722222222222,1
1400,253,12.529411764705882,4.615023474178404,1
1401,174,16.22222222222222,4.575342465753424,1
1402,156,9.142857142857142,4.7890625,1
1403,342,15.27777777777778,4.658181818181818,1
1404,193,12.416666666666666,4.798657718120805,1
1405,115,12.857142857142858,4.5777777777777775,1
1406,142,12.555555555555555,4.460176991150442,1
1407,92,18.75,4.8,1
1408,201,13.0,5.21301775147929,1
1409,102,11.0,5.0227272727272725,1
1410,160,18.142857142857142,4.590551181102362,1
1411,216,17.9,4.435754189944134,1
1412,170,25.0,4.886666666666667,1
1413,313,10.115384615384617,4.395437262357414,1
1414,222,14.076923076923077,4.885245901639344,1
1415,156,19.285714285714285,4.622222222222222,1
1416,187,14.909090909090908,4.920731707317073,1
1417,279,13.764705882352942,4.452991452991453,1
1418,229,17.545454545454547,4.953367875647668,1
1419,317,18.33333333333333,5.138181818181818,1
1420,333,12.08695652173913,4.68705035971223,1
1421,156,14.666666666666666,4.75,1
1422,94,10.0,5.0375,1
1423,165,16.22222222222222,5.294520547945205,1
1424,200,14.545454545454543,5.10625,1
1425,67,5.111111111111111,5.934782608695652,1
1426,339,15.166666666666666,4.6007326007326,1
1427,188,12.916666666666666,5.038709677419355,1
1428,135,19.0,5.087719298245614,1
1429,114,12.625,4.801980198019802,1
1430,143,10.454545454545457,4.626086956521739,1
1431,169,20.0,5.164285714285715,1
1432,83,11.666666666666666,4.671428571428572,1
1433,173,14.1,4.475177304964539,1
1434,370,24.615384615384617,5.165625,1
1435,220,14.384615384615383,4.855614973262032,1
1436,294,16.066666666666666,4.79253112033195,1
1437,139,17.857142857142858,4.632,1
1438,189,15.9,5.037735849056604,1
1439,204,16.9,4.4733727810650885,1
1440,152,6.0,5.105263157894737,1
1441,218,11.066666666666666,5.132530120481928,1
1442,355,19.375,4.835483870967742,1
1443,152,14.11111111111111,5.228346456692913,1
1444,222,12.928571428571429,4.580110497237569,1
1445,165,11.818181818181818,5.2384615384615385,1
1446,161,12.1,4.330578512396694,1
1447,122,10.1,5.1683168316831685,1
1448,231,11.176470588235292,4.721052631578948,1
1449,147,11.3,5.477876106194691,1
1450,176,21.142857142857142,5.067567567567568,1
1451,290,16.785714285714285,4.991489361702127,1
1452,344,18.73333333333333,4.92170818505338,1
1453,258,15.266666666666667,5.235807860262009,1
1454,235,12.4,4.553763440860215,1
1455,210,15.166666666666666,5.285714285714286,1
1456,168,14.6,5.068493150684931,1
1457,565,18.26923076923077,5.181052631578948,1
1458,115,14.0,4.877551020408164,1
1459,246,23.77777777777778,4.705607476635514,1
1460,130,14.428571428571429,4.801980198019802,1
1461,198,18.22222222222222,4.713414634146342,1
1462,179,15.1,5.443708609271523,1
1463,107,8.363636363636363,5.206521739130435,1
1464,206,18.1,5.640883977900552,1
1465,267,21.818181818181817,4.9,1
1466,189,17.11111111111111,5.402597402597403,1
1467,136,13.11111111111111,4.923728813559322,1
1469,251,13.125,5.014285714285714,1
1470,256,12.647058823529411,5.148837209302326,1
1471,292,14.470588235294118,4.739837398373984,1
1472,171,12.083333333333334,4.66896551724138,1
1473,328,18.0,4.384615384615385,1
1474,176,9.923076923076923,5.069767441860465,1
1475,208,13.615384615384617,4.570621468926554,1
1476,98,11.857142857142858,5.0602409638554215,1
1477,168,16.0,4.965277777777778,1
1478,168,9.76923076923077,4.551181102362205,1
1479,344,15.72222222222222,4.703180212014134,1
1480,110,9.88888888888889,4.898876404494382,1
1481,103,12.142857142857142,4.6117647058823525,1
1482,181,16.333333333333332,4.8979591836734695,1
1483,223,8.380952380952381,4.8352272727272725,1
1484,138,17.0,4.831932773109243,1
1485,152,16.375,5.099236641221374,1
1486,172,8.3125,5.090225563909774,1
1487,309,16.875,4.5814814814814815,1
1488,226,12.466666666666669,4.935828877005347,1
1489,190,15.8,5.132911392405063,1
1490,55,8.8,5.0,1
1491,151,7.5,4.6,1
1492,127,21.8,5.110091743119266,1
1493,180,18.714285714285715,4.312977099236641,1
1494,315,15.647058823529411,4.981203007518797,1
1495,141,12.1,4.801652892561983,1
1496,296,13.833333333333334,4.694779116465863,1
1497,285,18.692307692307693,4.930041152263375,1
1498,269,11.22222222222222,4.678217821782178,1
1499,163,9.846153846153848,4.609375,1
1500,217,17.7,4.954802259887006,1
1501,144,15.0,4.633333333333334,1
1502,344,14.095238095238097,4.408783783783784,1
1503,226,13.857142857142858,4.737113402061856,1
1504,83,10.666666666666666,4.828125,1
1505,315,18.066666666666663,4.944649446494465,1
1506,179,12.5,5.073333333333333,1
1507,164,13.272727272727272,5.1506849315068495,1
1508,172,16.88888888888889,5.4605263157894735,1
1509,143,19.166666666666668,4.626086956521739,1
1510,177,18.625,4.651006711409396,1
1511,160,10.23076923076923,4.609022556390977,1
1512,262,16.857142857142858,4.809322033898305,1
1513,141,15.25,4.557377049180328,1
1514,367,13.217391304347826,4.697368421052632,1
1515,325,21.214285714285715,5.299663299663299,1
1516,161,10.076923076923077,4.580152671755725,1
1517,23,10.5,4.095238095238095,1
1518,153,14.0,4.666666666666667,1
1519,274,14.666666666666666,4.818181818181818,1
1520,146,9.833333333333334,5.593220338983051,1
1521,194,8.833333333333334,4.880503144654088,1
1522,288,22.363636363636363,4.711382113821138,1
1523,141,13.555555555555555,4.409836065573771,1
1524,290,20.08333333333333,4.659751037344399,1
1525,360,10.642857142857142,4.8389261744966445,1
1526,164,12.636363636363637,4.640287769784172,1
1527,79,16.75,4.970149253731344,1
1528,279,13.5,4.699588477366255,1
1529,232,15.23076923076923,4.98989898989899,1
1530,226,11.0,5.392045454545454,1
1531,180,13.090909090909092,4.965277777777778,1
1532,206,15.25,5.0109289617486334,1
1533,156,10.333333333333334,4.943548387096774,1
1534,171,13.636363636363637,4.926666666666667,1
1535,189,13.083333333333334,4.8152866242038215,1
1536,173,14.2,4.767605633802817,1
1537,110,7.0,4.809523809523809,1
1538,218,16.333333333333332,5.005102040816326,1
1539,366,13.5,4.457912457912458,1
1540,247,16.46153846153846,4.939252336448599,1
1541,200,14.583333333333334,4.782857142857143,1
1542,108,10.625,4.8352941176470585,1
1543,235,15.916666666666666,4.68586387434555,1
1544,99,13.333333333333334,5.3125,1
1545,226,11.166666666666666,4.646766169154229,1
1546,206,7.666666666666667,4.695652173913044,1
1547,69,12.4,5.354838709677419,1
1548,267,15.928571428571429,4.959641255605381,1
1549,296,13.61111111111111,4.726530612244898,1
1550,263,12.666666666666666,4.956140350877193,1
1551,187,8.555555555555555,4.564935064935065,1
1552,140,23.4,4.846153846153846,1
1553,200,16.3,5.196319018404908,1
1554,187,11.846153846153848,4.740259740259741,1
1555,178,18.375,4.863945578231292,1
1556,162,12.181818181818182,5.059701492537314,1
1557,137,9.727272727272728,4.214953271028038,1
1558,165,13.2,4.962121212121212,1
1559,134,10.9,5.385321100917431,1
1560,127,16.0,4.427083333333333,1
1561,221,16.0,4.942708333333333,1
1562,113,12.0,4.1875,1
1563,346,10.807692307692308,4.775800711743773,1
1564,220,15.0,4.944444444444445,1
1565,246,17.5,5.3,1
1566,276,12.105263157894736,5.008695652173913,1
1567,163,9.928571428571429,5.179856115107913,1
1568,186,13.0,4.814102564102564,1
1569,352,16.88888888888889,4.769736842105263,1
1570,102,9.333333333333334,4.9523809523809526,1
1571,138,17.857142857142858,5.0,1
1572,164,9.538461538461538,5.088709677419355,1
1573,191,18.33333333333333,4.781818181818182,1
1574,96,12.5,4.986666666666666,1
1575,168,14.9,5.154362416107382,1
1576,251,14.0,4.985714285714286,1
1577,146,13.22222222222222,4.941176470588236,1
1578,233,14.357142857142858,4.736318407960199,1
1579,207,18.0,4.761111111111111,1
1580,165,11.333333333333334,4.647058823529412,1
1581,218,8.619047619047619,4.779005524861878,1
1582,154,15.22222222222222,4.686131386861314,1
1583,137,14.375,4.886956521739131,1
1584,311,16.0,4.90625,1
1585,239,12.4375,5.201005025125628,1
1586,151,9.75,5.222222222222222,1
1587,341,15.176470588235292,4.709302325581396,1
1588,100,14.666666666666666,5.238636363636363,1
1589,191,18.77777777777778,4.627218934911243,1
1590,283,17.714285714285715,4.717741935483871,1
1591,231,16.5,5.02020202020202,1
1592,135,11.3,4.814159292035399,1
1593,88,12.333333333333334,4.8108108108108105,1
1594,165,12.272727272727272,5.051851851851852,1
1595,76,8.714285714285714,5.147540983606557,1
1596,253,11.736842105263158,4.650224215246637,1
1597,228,14.384615384615383,4.877005347593583,1
1598,157,11.25,5.333333333333333,1
1599,111,11.625,5.053763440860215,1
1600,118,12.375,5.0606060606060606,1
1601,53,11.0,4.409090909090909,1
1602,153,10.75,4.930232558139535,1
1603,152,11.181818181818182,4.682926829268292,1
1604,467,15.24,4.6430446194225725,1
1605,494,12.06060606060606,4.7537688442211055,1
1606,287,14.470588235294118,4.857723577235772,1
1607,11,4.5,3.7777777777777777,1
1608,261,12.705882352941176,4.555555555555555,1
1609,129,19.33333333333333,4.965517241379311,1
1610,204,15.090909090909092,5.048192771084337,1
1611,115,16.6,5.493975903614458,1
1612,201,11.642857142857142,5.03680981595092,1
1613,202,11.142857142857142,4.846153846153846,1
1614,170,13.272727272727272,4.356164383561644,1
1615,149,17.714285714285715,4.935483870967742,1
1616,110,14.142857142857142,5.373737373737374,1
1617,143,13.77777777777778,4.806451612903226,1
1618,187,16.5,4.884848484848485,1
1619,602,17.1,5.04093567251462,1
1620,94,13.333333333333334,4.95,1
1621,151,15.5,5.314516129032258,1
1622,288,16.4,5.199186991869919,1
1623,15,4.5,4.222222222222222,1
1624,108,10.875,5.114942528735632,1
1625,146,17.714285714285715,4.92741935483871,1
1626,94,16.4,4.817073170731708,1
1627,267,12.38888888888889,5.121076233183857,1
1628,141,12.333333333333334,4.648648648648648,1
1629,126,10.0,4.57,1
1630,161,17.0,4.676470588235294,1
1631,120,11.11111111111111,5.06,1
1632,142,13.88888888888889,4.88,1
1633,178,17.333333333333332,4.807692307692308,1
1634,212,11.0,4.5852272727272725,1
1635,209,11.3125,4.6187845303867405,1
1636,131,13.125,4.685714285714286,1
1637,310,23.545454545454547,4.984555984555985,1
1638,103,7.454545454545454,4.329268292682927,1
1639,146,10.181818181818182,4.732142857142857,1
1640,221,12.266666666666667,5.086956521739131,1
1641,250,15.142857142857142,4.882075471698113,1
1642,168,10.214285714285714,4.489510489510489,1
1643,208,15.909090909090908,4.685714285714286,1
1644,158,10.25,4.455284552845528,1
1645,171,12.363636363636363,4.625,1
1646,230,20.0,4.63,1
1647,102,10.25,4.975609756097561,1
1648,97,10.125,4.395061728395062,1
1649,77,8.125,5.076923076923077,1
1650,324,14.736842105263158,4.742857142857143,1
1651,142,13.555555555555555,4.819672131147541,1
1652,126,10.7,4.97196261682243,1
1653,166,10.692307692307692,4.856115107913669,1
1654,231,17.90909090909091,4.538071065989848,1
1655,142,12.88888888888889,4.931034482758621,1
1656,271,6.0588235294117645,5.262135922330097,1
1657,184,15.4,5.3896103896103895,1
1658,128,15.428571428571429,5.083333333333333,1
1659,36,15.0,5.166666666666667,1
1660,102,12.714285714285714,4.685393258426966,1
1661,244,7.153846153846154,4.462365591397849,1
1662,249,11.38888888888889,4.912195121951219,1
1663,112,12.0,4.75,1
1664,152,11.818181818181818,4.830769230769231,1
1665,127,10.7,4.476635514018692,1
1666,136,10.6,4.688679245283019,1
1667,152,14.77777777777778,4.360902255639098,1
1668,199,13.75,4.787878787878788,1
1669,144,17.571428571428573,4.9105691056910565,1
1670,415,22.1875,4.814084507042254,1
1671,150,17.428571428571427,4.688524590163935,1
1672,74,15.75,4.7936507936507935,1
1673,160,12.7,4.551181102362205,1
1674,267,15.2,4.723684210526316,1
1675,125,10.1,5.118811881188119,1
1676,132,10.090909090909092,4.774774774774775,1
1677,212,16.90909090909091,4.559139784946237,1
1678,122,9.272727272727272,5.019607843137255,1
1679,99,9.555555555555555,4.767441860465116,1
1680,226,11.733333333333333,4.579545454545454,1
1681,87,14.8,5.283783783783784,1
1682,172,8.75,4.242857142857143,1
1683,151,9.538461538461538,4.709677419354839,1
1684,142,9.0,5.0085470085470085,1
1685,97,17.0,4.423529411764706,1
1686,241,11.333333333333334,4.828431372549019,1
1687,88,10.285714285714286,4.736111111111111,1
1688,156,13.22222222222222,4.773109243697479,1
1689,112,8.181818181818182,4.755555555555556,1
1690,153,11.090909090909092,4.565573770491803,1
1691,199,19.11111111111111,4.604651162790698,1
1692,124,17.666666666666668,4.584905660377358,1
1693,177,13.083333333333334,4.929936305732484,1
1694,152,9.23076923076923,4.241666666666666,1
1695,161,12.181818181818182,4.350746268656716,1
1696,156,11.181818181818182,4.536585365853658,1
1697,101,14.166666666666666,4.776470588235294,1
1698,42,17.5,4.514285714285714,1
1699,159,10.153846153846152,4.553030303030303,1
1700,220,13.923076923076923,5.232044198895028,1
1701,120,9.8,4.877551020408164,1
1702,111,14.0,4.969387755102041,1
1703,241,6.62962962962963,4.687150837988827,1
1704,150,15.375,5.162601626016261,1
1705,92,7.6,4.75,1
1706,202,10.1875,4.779141104294479,1
1707,148,16.0,4.8984375,1
1708,372,12.916666666666666,5.238709677419354,1
1709,27,5.0,4.35,1
1710,220,16.166666666666668,5.154639175257732,1
1711,187,18.0,4.864197530864198,1
1712,140,12.333333333333334,5.36936936936937,1
1713,268,15.857142857142858,4.36936936936937,1
1714,236,7.346153846153846,4.5811518324607325,1
1715,222,21.33333333333333,4.791666666666667,1
1716,242,15.846153846153848,4.922330097087379,1
1717,178,7.15,4.755244755244755,1
1718,200,14.583333333333334,4.44,1
1719,87,11.833333333333334,5.042253521126761,1
1720,301,14.0,4.804511278195489,1
1721,121,10.0,4.9,1
1722,176,10.214285714285714,4.685314685314685,1
1723,260,12.055555555555555,4.658986175115207,1
1724,166,8.933333333333334,4.932835820895522,1
1725,112,8.272727272727273,4.483516483516484,1
1726,222,19.0,4.773684210526316,1
1727,178,12.75,4.849673202614379,1
1728,148,15.625,5.032,1
1729,133,11.88888888888889,4.271028037383178,1
1730,237,10.31578947368421,4.459183673469388,1
1731,222,12.5,4.771428571428571,1
1732,396,16.333333333333332,4.892128279883382,1
1733,189,9.933333333333334,4.577181208053691,1
1734,109,15.333333333333334,4.880434782608695,1
1735,220,11.866666666666667,4.674157303370786,1
1736,132,14.0,4.901785714285714,1
1737,154,10.0,4.758333333333334,1
1738,148,16.75,4.7388059701492535,1
1739,115,9.5,5.0,1
1740,519,21.047619047619047,4.98868778280543,1
1741,114,12.833333333333334,5.012987012987013,1
1742,129,15.857142857142858,4.297297297297297,1
1743,181,16.555555555555557,4.771812080536913,1
1744,159,11.909090909090908,5.00763358778626,1
1745,167,15.666666666666666,4.971631205673759,1
1746,500,15.923076923076923,4.997584541062802,1
1747,217,9.764705882352942,5.006024096385542,1
1748,252,21.6,4.875,1
1749,239,9.285714285714286,4.8,1
1750,54,11.0,4.613636363636363,1
1751,119,11.22222222222222,4.732673267326732,1
1752,176,15.444444444444445,4.683453237410072,1
1753,136,11.0,5.2,1
1754,164,13.9,4.726618705035971,1
1755,130,11.88888888888889,5.299065420560748,1
1756,242,17.166666666666668,5.650485436893204,1
1757,118,10.555555555555555,5.473684210526316,1
1758,378,20.6875,5.072507552870091,1
1759,124,13.375,4.859813084112149,1
1760,115,10.444444444444445,5.0638297872340425,1
1761,193,15.181818181818182,5.077844311377246,1
1762,300,12.35,4.882591093117409,1
1763,125,11.88888888888889,5.700934579439252,1
1764,278,11.95,4.673640167364017,1
1765,261,12.555555555555555,5.0,1
1766,101,6.666666666666667,4.7625,1
1767,262,9.043478260869565,5.274038461538462,1
1768,189,15.8,4.379746835443038,1
1769,196,16.7,4.431137724550898,1
1770,113,16.666666666666668,4.71,1
1771,151,12.8,4.8203125,1
1772,211,9.944444444444445,4.932960893854749,1
1773,278,16.571428571428573,4.491379310344827,1
1774,171,10.214285714285714,5.328671328671328,1
1775,140,10.545454545454543,5.094827586206897,1
1776,242,13.857142857142858,4.092783505154639,1
1777,182,17.555555555555557,5.2405063291139244,1
1778,183,15.555555555555555,5.457142857142857,1
1779,144,12.2,4.901639344262295,1
1780,182,18.5,5.277027027027027,1
1781,357,12.782608695652174,4.465986394557823,1
1782,91,10.285714285714286,4.819444444444445,1
1783,249,18.0,4.912037037037037,1
1784,196,13.615384615384617,4.740112994350283,1
1785,112,12.0,5.177083333333333,1
1786,64,8.833333333333334,4.754716981132075,1
1787,158,14.88888888888889,5.231343283582089,1
1788,145,9.833333333333334,4.898305084745763,1
1789,221,18.6,5.021505376344086,1
1790,88,16.0,4.8,1
1791,505,15.851851851851851,5.257009345794392,1
1792,51,13.666666666666666,4.219512195121951,1
1793,111,8.363636363636363,5.206521739130435,1
1794,294,16.8,4.575396825396825,1
1795,416,23.8,4.7478991596638656,1
1796,77,10.333333333333334,5.112903225806452,1
1797,428,17.6,4.664772727272728,1
1798,228,15.916666666666666,5.240837696335079,1
1799,74,12.2,5.065573770491803,1
1800,125,15.428571428571429,5.12037037037037,1
1801,773,18.88571428571429,4.757942511346445,1
1802,183,19.75,4.835443037974684,1
1803,170,16.22222222222222,4.595890410958904,1
1804,117,12.625,5.02970297029703,1
1805,158,18.285714285714285,4.875,1
1806,135,11.0,4.881818181818182,1
1807,273,18.0,4.82051282051282,1
1808,182,14.636363636363637,4.888198757763975,1
1809,126,12.22222222222222,4.9818181818181815,1
1810,91,11.142857142857142,4.884615384615385,1
1811,137,8.615384615384615,4.821428571428571,1
1812,238,19.272727272727277,4.94811320754717,1
1813,183,13.636363636363637,5.08,1
1814,91,11.0,4.662337662337662,1
1815,112,9.0,4.466666666666667,1
1816,99,10.0,5.0,1
1817,183,15.5,4.664516129032258,1
1818,395,13.478260869565217,5.04516129032258,1
1819,83,11.166666666666666,4.791044776119403,1
1820,30,6.0,4.125,1
1821,183,10.857142857142858,5.276315789473684,1
1822,125,13.375,5.018691588785047,1
1823,158,16.5,5.053030303030303,1
1824,251,14.333333333333334,5.366279069767442,1
1825,89,9.5,5.052631578947368,1
1826,31,3.8333333333333335,4.478260869565218,1
1827,65,12.0,4.895833333333333,1
1828,176,14.8,4.702702702702703,1
1829,43,7.2,3.9444444444444446,1
1830,148,13.0,4.888888888888889,1
1831,315,12.0,4.313492063492063,1
1832,94,12.833333333333334,5.116883116883117,1
1833,195,16.2,4.932098765432099,1
1834,436,8.342105263157896,4.801261829652997,1
1835,59,10.2,4.411764705882353,1
1836,316,17.133333333333333,4.836575875486381,1
1837,298,11.85,4.438818565400844,1
1838,210,13.333333333333334,4.96875,1
1839,164,12.6,4.841269841269841,1
1840,309,16.3125,4.739463601532567,1
1841,22,5.666666666666667,4.941176470588236,1
1842,98,7.5,4.533333333333333,1
1843,178,10.285714285714286,4.756944444444445,1
1844,229,13.153846153846152,5.368421052631579,1
1845,116,16.333333333333332,5.571428571428571,1
1846,114,10.333333333333334,5.354838709677419,1
1847,222,10.529411764705882,4.41340782122905,1
1848,145,11.5,4.556521739130435,1
1849,146,10.727272727272728,4.983050847457627,1
1850,128,18.5,5.027027027027027,1
1851,171,18.375,5.170068027210885,1
1852,202,14.166666666666666,4.576470588235294,1
1853,134,16.0,4.598214285714286,1
1854,304,10.608695652173912,4.815573770491803,1
1855,128,8.818181818181818,4.958762886597938,1
1856,150,20.33333333333333,4.942622950819672,1
1857,285,11.75,4.9361702127659575,1
1858,26,6.666666666666667,5.15,1
1859,92,12.666666666666666,5.197368421052632,1
1860,249,11.705882352941176,4.71356783919598,1
1861,90,11.833333333333334,4.253521126760563,1
1862,117,13.714285714285714,5.0,1
1863,709,16.484848484848484,4.470588235294118,1
1864,71,9.166666666666666,5.363636363636363,1
1865,222,12.333333333333334,4.821621621621621,1
1866,151,11.9,4.705882352941177,1
1867,195,16.444444444444443,4.918918918918919,1
1868,135,16.0,5.0,1
1869,171,22.83333333333333,5.0583941605839415,1
1870,146,19.166666666666668,3.9130434782608696,1
1871,264,9.818181818181818,5.046296296296297,1
1872,47,10.0,4.7,1
1873,384,14.409090909090908,4.529968454258675,1
1874,175,13.090909090909092,4.819444444444445,1
1875,180,11.076923076923077,5.111111111111111,1
1876,106,17.8,5.101123595505618,1
1877,97,9.75,5.397435897435898,1
1878,238,10.61111111111111,4.780104712041885,1
1879,67,9.0,4.962962962962963,1
1880,82,11.333333333333334,4.838235294117647,1
1881,389,21.53333333333333,4.969040247678018,1
1882,221,17.5,5.0285714285714285,1
1883,150,19.33333333333333,4.637931034482759,1
1884,138,9.636363636363637,5.179245283018868,1
1885,360,12.12,4.739273927392739,1
1886,301,15.4375,4.676113360323886,1
1887,53,14.333333333333334,5.372093023255814,1
1888,58,6.714285714285714,5.23404255319149,1
1889,108,12.285714285714286,5.22093023255814,1
1890,89,12.5,4.986666666666666,1
1891,53,8.6,4.441860465116279,1
1892,211,11.133333333333333,4.550898203592815,1
1893,85,9.857142857142858,5.072463768115942,1
1894,160,16.5,5.03030303030303,1
1895,283,14.3125,4.606986899563319,1
1896,100,10.125,4.679012345679013,1
1897,70,9.666666666666666,5.965517241379311,1
1898,188,16.5,5.4,1
1899,170,9.666666666666666,4.972413793103448,1
1900,182,12.083333333333334,4.606896551724138,1
1901,214,13.0,5.319526627218935,1
1902,141,9.25,4.873873873873874,1
1903,160,12.0,5.159090909090909,1
1904,112,10.11111111111111,4.813186813186813,1
1905,121,11.666666666666666,4.619047619047619,1
1906,213,7.125,4.847953216374269,1
1907,122,12.5,4.6,1
1908,95,4.6,4.782608695652174,1
1909,157,11.090909090909092,4.983606557377049,1
1910,106,9.444444444444445,5.152941176470589,1
1911,141,11.6,5.043103448275862,1
1912,186,11.846153846153848,4.428571428571429,1
1913,65,5.333333333333333,4.6875,1
1914,195,15.3,4.65359477124183,1
1915,162,18.142857142857142,5.070866141732283,1
1916,83,8.857142857142858,4.338709677419355,1
1917,244,18.0,5.131313131313132,1
1918,152,13.22222222222222,4.689075630252101,1
1919,241,15.307692307692308,5.0703517587939695,1
1920,164,16.25,4.8,1
1921,85,12.0,5.0,1
1922,186,10.066666666666666,4.953642384105961,1
1923,170,12.545454545454543,4.768115942028985,1
1924,159,15.375,4.837398373983739,1
1925,293,22.727272727272727,5.54,1
1926,157,12.3,4.439024390243903,1
1927,101,9.77777777777778,5.386363636363637,1
1928,174,23.5,4.695035460992908,1
1929,204,16.2,4.734567901234568,1
1930,113,10.22222222222222,4.630434782608695,1
1931,388,16.57894736842105,4.898412698412699,1
1932,154,14.666666666666666,4.977272727272728,1
1933,382,16.157894736842106,4.736156351791531,1
1934,680,11.617021276595745,4.844322344322344,1
1935,250,11.941176470588236,4.5073891625615765,1
1936,174,12.333333333333334,4.621621621621622,1
1937,140,15.0,4.15,1
1938,196,20.5,5.426829268292683,1
1939,180,12.272727272727272,4.385185185185185,1
1940,169,11.77777777777778,4.830188679245283,1
1941,147,11.8,4.5,1
1942,383,11.035714285714286,4.7540453074433655,1
1943,233,12.8,4.390625,1
1944,138,9.545454545454543,4.971428571428572,1
1945,264,10.61904761904762,4.695067264573991,1
1946,85,17.5,5.0,1
1947,171,16.5,5.257575757575758,1
1948,151,12.6,4.674603174603175,1
1949,347,11.0,4.869090909090909,1
1950,274,23.1,5.32034632034632,1
1951,128,12.75,5.2745098039215685,1
1952,246,16.416666666666668,4.756345177664975,1
1953,202,12.0,4.852564102564102,1
1954,168,12.636363636363637,4.906474820143885,1
1955,334,22.08333333333333,5.067924528301887,1
1956,357,18.866666666666667,5.166077738515901,1
1957,61,9.4,4.957446808510638,1
1958,328,16.5625,4.988679245283019,1
1959,215,9.444444444444445,4.3352941176470585,1
1960,102,10.25,5.451219512195122,1
1961,114,8.25,5.292929292929293,1
1962,67,10.8,5.0,1
1963,172,18.375,5.122448979591836,1
1964,157,18.428571428571427,4.961240310077519,1
1965,186,10.571428571428571,4.891891891891892,1
1966,150,14.5,4.7844827586206895,1
1967,440,16.17391304347826,4.5,1
1968,79,8.714285714285714,4.967213114754099,1
1969,139,10.545454545454543,4.775862068965517,1
1970,165,10.153846153846152,4.424242424242424,1
1971,550,18.916666666666668,4.881057268722467,1
1972,404,11.033333333333331,4.95166163141994,1
1973,345,16.22222222222222,4.986301369863014,1
1974,397,21.0625,4.943620178041543,1
1975,156,11.25,4.62962962962963,1
1976,149,15.0,5.241666666666666,1
1977,259,14.466666666666669,5.15668202764977,1
1978,264,16.923076923076923,4.986363636363636,1
1979,104,15.4,5.012987012987013,1
1980,209,11.142857142857142,4.455128205128205,1
1981,216,14.5,4.666666666666667,1
1982,103,13.5,4.925925925925926,1
1983,95,15.4,4.922077922077922,1
1984,327,22.916666666666668,5.367272727272727,1
1985,91,11.142857142857142,4.910256410256411,1
1986,146,15.125,5.264462809917355,1
1987,663,14.02777777777778,5.0,1
1988,169,10.384615384615383,4.837037037037037,1
1989,128,15.5,4.537634408602151,1
1990,157,13.444444444444445,4.859504132231405,1
1991,181,10.214285714285714,4.93006993006993,1
1992,184,15.0,5.213333333333333,1
1993,126,10.5,4.666666666666667,1
1994,111,16.6,5.265060240963855,1
1995,137,13.375,4.785046728971962,1
1996,117,16.333333333333332,4.816326530612245,1
1997,228,15.727272727272728,5.144508670520231,1
1998,407,14.333333333333334,5.0145348837209305,1
1999,85,9.428571428571429,4.7727272727272725,1
2000,198,10.4,4.448717948717949,1
2001,118,11.714285714285714,4.2560975609756095,1
2002,280,23.7,5.232067510548523,1
2003,160,14.0,4.158730158730159,1
2004,79,8.625,5.434782608695652,1
2005,274,18.307692307692307,4.899159663865547,1
2006,137,11.1,4.666666666666667,1
2007,69,9.5,4.298245614035087,1
2008,229,12.785714285714286,4.731843575418995,1
2009,75,12.6,5.079365079365079,1
2010,205,14.666666666666666,4.823863636363637,1
2011,222,11.058823529411764,4.792553191489362,1
2012,169,14.77777777777778,4.56390977443609,1
2013,219,14.538461538461538,4.661375661375661,1
2014,164,22.5,4.444444444444445,1
2015,214,7.130434782608695,5.591463414634147,1
2016,137,16.142857142857142,5.150442477876106,1
2017,210,12.76923076923077,4.349397590361446,1
2018,128,13.375,4.214953271028038,1
2019,199,18.11111111111111,4.779141104294479,1
2020,95,9.625,4.662337662337662,1
2021,207,9.9375,5.163522012578617,1
2022,116,12.0,4.988095238095238,1
2023,354,7.542857142857143,4.662878787878788,1
2024,168,12.272727272727272,4.762962962962963,1
2025,249,21.3,5.018779342723005,1
2026,150,16.857142857142858,5.279661016949152,1
2027,141,10.272727272727272,4.823008849557522,1
2028,163,11.636363636363637,4.8359375,1
2029,249,12.8125,5.175609756097561,1
2030,150,17.0,4.831932773109243,1
2031,189,17.0,4.790849673202614,1
2032,267,9.434782608695652,4.345622119815668,1
2033,91,12.166666666666666,4.671232876712328,1
2034,12,4.5,5.666666666666667,1
2035,308,13.0,5.05668016194332,1
2036,200,15.272727272727272,4.648809523809524,1
2037,146,12.7,4.543307086614173,1
2038,253,10.1,4.48019801980198,1
2039,180,16.77777777777778,4.7218543046357615,1
2040,215,10.0,4.982352941176471,1
2041,133,12.0,6.0,1
2042,108,13.571428571428571,5.326315789473684,1
2043,188,11.071428571428571,4.774193548387097,1
2044,185,21.285714285714285,5.248322147651007,1
2045,186,11.142857142857142,4.333333333333333,1
2046,113,12.125,5.711340206185567,1
2047,237,8.714285714285714,4.60655737704918,1
2048,371,21.285714285714285,5.077181208053691,1
2049,1851,8.825503355704697,4.470722433460076,1
2050,98,10.0,4.8,1
2051,101,12.142857142857142,4.976470588235294,1
2052,188,10.857142857142858,4.9868421052631575,1
2053,104,13.0,4.747252747252747,1
2054,123,10.6,4.735849056603773,1
2055,117,17.8,4.573033707865169,1
2056,94,10.125,4.592592592592593,1
2057,88,12.0,4.972222222222222,1
2058,288,13.176470588235292,5.017857142857143,1
2059,167,13.7,4.927007299270073,1
2060,75,8.428571428571429,4.677966101694915,1
2061,105,10.5,4.821428571428571,1
2062,166,9.142857142857142,4.3828125,1
2063,120,12.625,4.871287128712871,1
2064,171,11.5,4.826086956521739,1
2065,112,11.375,4.967032967032967,1
2066,198,11.714285714285714,4.2926829268292686,1
2067,227,13.833333333333334,4.765060240963855,1
2068,155,16.0,4.609375,1
2069,180,11.0,5.162337662337662,1
2070,150,20.5,4.943089430894309,1
2071,141,19.83333333333333,4.983193277310924,1
2072,102,11.857142857142858,5.084337349397591,1
2073,239,16.416666666666668,5.01015228426396,1
2074,108,13.428571428571429,4.73404255319149,1
2075,524,16.615384615384617,4.916666666666667,1
2076,194,12.076923076923077,4.923566878980892,1
2077,205,14.818181818181818,5.0184049079754605,1
2078,139,9.5,4.649122807017544,1
2079,238,19.6,4.770408163265306,1
2080,198,12.307692307692308,5.1625,1
2081,108,11.75,4.914893617021277,1
2082,224,13.5,5.349206349206349,1
2083,82,12.8,4.609375,1
2084,195,22.428571428571427,4.929936305732484,1
2085,141,9.909090909090908,4.541284403669724,1
2086,97,12.833333333333334,5.311688311688312,1
2087,141,24.0,5.125,1
2088,77,10.166666666666666,4.590163934426229,1
2089,208,9.705882352941176,4.587878787878788,1
2090,165,17.5,4.392857142857143,1
2091,204,16.2,4.882716049382716,1
2092,206,11.333333333333334,5.052941176470588,1
2093,177,17.0,4.882352941176471,1
2094,196,9.125,4.931506849315069,1
2095,292,12.578947368421051,4.7405857740585775,1
2096,136,12.77777777777778,4.956521739130435,1
2097,83,11.833333333333334,4.112676056338028,1
2098,447,19.42105263157895,5.338753387533876,1
2099,56,7.666666666666667,4.978260869565218,1
2100,300,18.53846153846154,4.946058091286307,1
2101,169,15.333333333333334,5.043478260869565,1
2102,118,14.714285714285714,5.475728155339806,1
2103,165,17.75,4.873239436619718,1
2104,117,10.444444444444445,5.042553191489362,1
2105,192,14.9,5.1879194630872485,1
2106,268,21.3,5.568075117370892,1
2107,139,13.11111111111111,5.0423728813559325,1
2108,115,14.0,4.142857142857143,1
2109,113,10.77777777777778,5.195876288659794,1
2110,89,13.8,4.72463768115942,1
2111,113,8.2,4.865853658536586,1
2112,125,9.88888888888889,4.370786516853933,1
2113,202,16.818181818181817,4.951351351351351,1
2114,91,11.333333333333334,5.0,1
2115,136,11.5,4.6869565217391305,1
2116,159,16.625,5.105263157894737,1
2117,330,9.0,4.807407407407408,1
2118,117,16.333333333333332,4.3979591836734695,1
2119,437,12.592592592592592,4.841176470588235,1
2120,80,9.142857142857142,4.828125,1
2121,200,12.538461538461538,4.754601226993865,1
2122,82,9.142857142857142,4.90625,1
2123,94,10.125,4.987654320987654,1
2124,112,9.625,4.831168831168832,1
2125,87,13.8,4.855072463768116,1
2126,284,20.90909090909091,4.952173913043478,1
2127,324,19.0,4.80827067669173,1
2128,128,10.88888888888889,4.795918367346939,1
2129,113,14.5,4.540229885057471,1
2130,115,14.833333333333334,4.98876404494382,1
2131,119,14.571428571428571,4.676470588235294,1
2132,280,12.555555555555555,4.539823008849558,1
2133,189,11.461538461538462,4.624161073825503,1
2134,86,7.0,4.914285714285715,1
2135,129,11.444444444444445,4.815533980582524,1
2136,272,20.63636363636364,4.837004405286344,1
2137,158,14.444444444444445,4.976923076923077,1
2138,163,12.8,4.7265625,1
2139,201,13.083333333333334,4.490445859872612,1
2140,158,10.0,4.633333333333334,1
2141,287,15.066666666666666,4.34070796460177,1
2142,84,10.285714285714286,4.888888888888889,1
2143,92,10.857142857142858,5.144736842105263,1
2144,132,12.11111111111111,4.137614678899083,1
2145,294,15.733333333333333,4.648305084745763,1
2146,157,22.83333333333333,4.671532846715328,1
2147,152,11.3,5.1946902654867255,1
2148,146,13.555555555555555,5.180327868852459,1
2149,99,14.166666666666666,4.482352941176471,1
2150,129,13.75,4.4,1
2151,174,15.88888888888889,5.048951048951049,1
2152,823,16.333333333333332,4.860282574568289,1
2153,159,9.461538461538462,4.666666666666667,1
2154,352,30.11111111111111,4.678966789667896,1
2155,139,15.0,4.866666666666666,1
2156,176,13.272727272727272,4.623287671232877,1
2157,115,7.5,5.0777777777777775,1
2158,218,11.6,4.632183908045977,1
2159,93,12.666666666666666,4.9868421052631575,1
2160,132,8.25,4.494949494949495,1
2161,127,10.0,4.94,1
2162,144,13.0,4.752136752136752,1
2163,144,20.33333333333333,4.836065573770492,1
2164,439,19.666666666666668,5.2740112994350286,1
2165,101,8.875,4.915492957746479,1
2166,154,10.833333333333334,5.053846153846154,1
2167,121,8.7,4.32183908045977,1
2168,212,13.384615384615383,4.867816091954023,1
2169,88,11.666666666666666,4.757142857142857,1
2170,108,15.333333333333334,4.913043478260869,1
2171,150,13.77777777777778,5.080645161290323,1
2172,216,13.23076923076923,5.058139534883721,1
2173,143,20.33333333333333,4.836065573770492,1
2174,148,9.916666666666666,4.453781512605042,1
2175,308,16.533333333333335,5.032258064516129,1
2176,165,13.1,4.801526717557252,1
2177,230,8.173913043478262,4.707446808510638,1
2178,121,9.4,5.053191489361702,1
2179,105,8.75,5.814285714285714,1
2180,142,9.833333333333334,4.576271186440678,1
2181,99,10.857142857142858,5.552631578947368,1
2182,159,12.3,4.634146341463414,1
2183,126,16.0,4.979166666666667,1
2184,182,11.333333333333334,4.25,1
2185,246,12.75,5.063725490196078,1
2186,146,14.625,4.264957264957265,1
2187,137,17.0,5.5210084033613445,1
2188,195,16.5,4.569696969696969,1
2189,174,16.444444444444443,4.567567567567568,1
2190,122,17.333333333333332,5.0,1
2191,271,27.0,4.843621399176954,1
2192,148,16.5,5.0606060606060606,1
2193,381,24.46153846153846,4.830188679245283,1
2194,247,23.55555555555556,5.25,1
2195,201,14.545454545454543,4.71875,1
2196,79,8.571428571428571,4.95,1
2197,264,20.1,5.258706467661692,1
2198,145,17.571428571428573,5.211382113821138,1
2199,263,18.0,5.078703703703703,1
2200,275,16.0,5.03125,1
2201,90,10.285714285714286,4.833333333333333,1
2202,199,24.142857142857142,5.449704142011834,1
2203,101,12.142857142857142,5.2,1
2204,189,18.444444444444443,4.879518072289157,1
2205,124,17.333333333333332,5.326923076923077,1
2206,153,11.090909090909092,4.483606557377049,1
2207,84,5.818181818181818,4.78125,1
2208,141,14.5,5.0,1
2209,195,13.636363636363637,5.046666666666667,1
2210,160,7.6,4.789473684210527,1
2211,155,15.125,4.950413223140496,1
2212,207,13.818181818181818,4.381578947368421,1
2213,134,16.714285714285715,4.854700854700854,1
2214,89,15.2,5.0,1
2215,142,12.333333333333334,4.63063063063063,1
2216,146,11.909090909090908,4.923664122137405,1
2217,238,13.785714285714286,5.0,1
2218,157,13.2,5.136363636363637,1
2219,202,13.153846153846152,5.128654970760234,1
2220,167,12.666666666666666,4.302631578947368,1
2221,515,15.814814814814817,5.100702576112412,1
2222,160,17.0,4.661764705882353,1
2223,138,12.555555555555555,4.911504424778761,1
2224,207,13.0,4.792899408284024,1
2225,158,27.4,4.671532846715328,1
2226,138,13.25,4.90566037735849,1
2227,164,15.333333333333334,4.884057971014493,1
2228,306,23.181818181818183,5.027450980392157,1
2229,240,8.75,4.885714285714286,1
2230,79,8.428571428571429,4.5423728813559325,1
2231,129,10.666666666666666,4.958333333333333,1
2232,108,10.125,4.703703703703703,1
2233,181,17.25,3.724637681159421,1
2234,106,9.88888888888889,4.853932584269663,1
2235,85,11.333333333333334,4.941176470588236,1
2236,85,7.444444444444445,5.432835820895522,1
2237,130,11.22222222222222,4.811881188118812,1
2238,71,9.166666666666666,5.2727272727272725,1
2239,259,20.181818181818183,5.333333333333333,1
2240,86,9.857142857142858,4.608695652173913,1
2241,113,9.7,4.917525773195877,1
2242,90,11.666666666666666,5.314285714285714,1
2243,115,6.769230769230769,4.306818181818182,1
2244,383,18.058823529411764,5.068403908794788,1
2245,308,17.428571428571427,4.897540983606557,1
2246,111,8.0,4.443181818181818,1
2247,72,11.6,5.586206896551724,1
2248,101,13.666666666666666,5.097560975609756,1
2249,121,11.625,4.989247311827957,1
2250,112,10.11111111111111,4.78021978021978,1
2251,106,8.5,4.529411764705882,1
2252,92,11.428571428571429,5.275,1
2253,112,8.4,4.916666666666667,1
2254,114,7.416666666666667,5.01123595505618,1
2255,75,9.142857142857142,5.03125,1
2256,96,8.2,4.634146341463414,1
2257,130,10.5,4.380952380952381,1
2258,109,11.875,5.178947368421053,1
2259,98,11.714285714285714,4.5,1
2260,116,12.714285714285714,4.426966292134831,1
2261,79,7.25,4.482758620689655,1
2262,193,12.23076923076923,5.050314465408805,1
2263,122,11.875,4.684210526315789,1
2264,225,18.1,5.038674033149171,1
2265,136,11.0,4.509090909090909,1
2266,114,10.444444444444445,5.5,1
2267,118,11.75,5.26595744680851,1
2268,69,4.545454545454546,5.06,1
2269,140,13.11111111111111,4.9491525423728815,1
2270,111,15.833333333333334,5.010526315789473,1
2271,262,16.076923076923077,4.827751196172249,1
2272,201,14.727272727272728,4.919753086419753,1
2273,218,14.333333333333334,5.0813953488372094,1
2274,168,17.5,4.728571428571429,1
2275,189,13.666666666666666,5.25,1
2276,167,10.76923076923077,4.642857142857143,1
2277,278,18.916666666666668,4.224669603524229,1
2278,145,9.583333333333334,5.373913043478261,1
2279,127,12.625,5.2772277227722775,1
2280,162,13.0,4.576923076923077,1
2281,350,13.714285714285714,4.503472222222222,1
2282,229,12.866666666666667,4.761658031088083,1
2283,204,8.944444444444445,4.863354037267081,1
2284,176,9.466666666666669,4.852112676056338,1
2285,111,10.625,4.929411764705883,1
2286,115,11.25,5.255555555555556,1
2287,147,7.642857142857143,4.990654205607477,1
2288,137,17.833333333333332,4.654205607476635,1
2289,283,31.625,4.901185770750988,1
2290,97,11.571428571428571,5.345679012345679,1
2291,280,14.733333333333333,4.583710407239819,1
2292,206,9.9375,4.40251572327044,1
2293,257,8.0,4.730769230769231,1
2294,191,12.307692307692308,4.93125,1
2295,258,14.785714285714286,5.06280193236715,1
2296,151,10.166666666666666,4.524590163934426,1
2297,118,10.666666666666666,4.854166666666667,1
2298,303,13.3,4.462406015037594,1
2299,292,14.5625,4.84549356223176,1
2300,241,17.09090909090909,5.111702127659575,1
2301,164,10.923076923076923,4.725352112676056,1
2302,268,12.166666666666666,4.69406392694064,1
2303,174,14.4,5.263888888888889,1
2304,182,9.8,4.8979591836734695,1
2305,309,14.11111111111111,4.799212598425197,1
2306,400,11.571428571428571,4.833333333333333,1
2307,258,21.9,5.178082191780822,1
2308,201,13.5,4.808641975308642,1
2309,94,14.8,4.4324324324324325,1
2310,156,8.714285714285714,5.229508196721311,1
2311,254,12.875,4.504854368932039,1
2312,211,16.454545454545453,4.69060773480663,1
2313,202,11.142857142857142,4.333333333333333,1
2314,54,10.5,4.642857142857143,1
2315,258,17.153846153846153,4.721973094170403,1
2316,213,11.928571428571429,4.796407185628743,1
2317,118,13.0,5.329670329670329,1
2318,138,10.8,4.62962962962963,1
2319,230,15.461538461538462,4.601990049751244,1
2320,177,14.9,5.402684563758389,1
2321,155,14.875,4.739495798319328,1
2322,88,13.8,5.173913043478261,1
2323,19,3.5,5.928571428571429,1
2324,190,17.0,4.61437908496732,1
2325,231,9.0,4.634920634920635,1
2326,122,17.5,4.876190476190477,1
2327,300,15.25,4.69672131147541,1
2328,207,21.75,4.85632183908046,1
2329,229,16.818181818181817,5.248648648648649,1
2330,244,12.785714285714286,5.033519553072626,1
2331,120,7.5,4.133333333333334,1
2332,118,13.285714285714286,4.881720430107527,1
2333,140,9.272727272727272,4.65686274509804,1
2334,314,13.5,4.748971193415638,1
2335,197,15.090909090909092,5.228915662650603,1
2336,337,19.785714285714285,4.620938628158845,1
2337,409,16.2,4.734567901234568,1
2338,665,8.833333333333334,4.479245283018868,1
2339,134,11.2,5.267857142857143,1
2340,314,28.88888888888889,5.380769230769231,1
2341,220,17.454545454545453,4.244791666666667,1
2342,280,15.533333333333331,4.8412017167381975,1
2343,288,14.0625,4.982222222222222,1
2344,103,14.333333333333334,4.837209302325581,1
2345,120,12.0,5.15625,1
2346,270,28.625,4.502183406113537,1
2347,180,11.0,4.734265734265734,1
2348,418,16.85,4.985163204747774,1
2349,178,11.307692307692308,4.870748299319728,1
2350,19,15.0,4.466666666666667,1
2351,129,20.6,4.747572815533981,1
2352,152,12.2,4.729508196721311,1
2353,138,13.25,4.433962264150943,1
2354,124,16.666666666666668,4.67,1
2355,276,16.285714285714285,4.741228070175438,1
2356,343,14.4,5.0625,1
2357,105,9.11111111111111,4.7560975609756095,1
2358,184,13.083333333333334,4.917197452229299,1
2359,180,13.083333333333334,5.1528662420382165,1
2360,142,13.77777777777778,4.741935483870968,1
2361,226,13.571428571428571,4.821052631578947,1
2362,265,13.25,5.10377358490566,1
2363,256,15.357142857142858,4.865116279069768,1
2364,322,16.058823529411764,4.882783882783883,1
2365,119,9.1,4.362637362637362,1
2366,153,9.461538461538462,4.560975609756097,1
2367,196,12.916666666666666,4.335483870967742,1
2368,182,15.2,4.3355263157894735,1
2369,561,21.40909090909091,4.908704883227176,1
2370,176,14.555555555555555,4.969465648854962,1
2371,211,8.142857142857142,4.894736842105263,1
2372,176,17.11111111111111,5.1103896103896105,1
2373,108,12.714285714285714,5.067415730337078,1
2374,199,16.6,4.626506024096385,1
2375,180,16.77777777777778,5.503311258278146,1
2376,143,12.88888888888889,5.172413793103448,1
2377,133,12.444444444444445,4.767857142857143,1
2378,121,16.166666666666668,5.195876288659794,1
2379,129,16.833333333333332,5.376237623762377,1
2380,180,17.555555555555557,5.082278481012659,1
2381,474,12.03125,4.779220779220779,1
2382,231,15.416666666666666,5.005405405405406,1
2383,140,15.0,5.2,1
2384,244,27.857142857142858,5.328205128205128,1
2385,161,16.75,5.373134328358209,1
2386,178,11.615384615384617,4.900662251655629,1
2387,202,14.636363636363637,5.118012422360248,1
2388,303,15.8125,4.924901185770751,1
2389,289,8.92,4.762331838565022,1
2390,280,24.2,4.847107438016529,1
2391,259,15.428571428571429,4.888888888888889,1
2392,191,13.727272727272728,5.026490066225166,1
2393,115,12.75,5.186274509803922,1
2394,203,13.076923076923077,4.641176470588236,1
2395,1174,14.384615384615383,4.974331550802139,1
2396,391,20.75,5.030120481927711,1
2397,271,22.2,4.684684684684685,1
2398,236,15.538461538461538,4.935643564356436,1
2399,361,19.125,5.330065359477124,1
2400,240,13.266666666666667,4.758793969849246,1
2401,425,15.636363636363637,4.776162790697675,1
2402,216,9.666666666666666,4.741379310344827,1
2403,248,13.533333333333331,4.852216748768473,1
2404,206,13.25,5.30188679245283,1
2405,161,9.461538461538462,4.983739837398374,1
2406,205,16.6,4.409638554216867,1
2407,214,18.0,4.911111111111111,1
2408,118,11.875,4.936842105263158,1
2409,165,13.4,5.350746268656716,1
2410,343,11.208333333333334,4.996282527881041,1
2411,225,20.33333333333333,4.721311475409836,1
2412,212,18.444444444444443,5.078313253012048,1
2413,198,12.307692307692308,4.95625,1
2414,121,8.9,4.820224719101123,1
2415,196,11.571428571428571,4.697530864197531,1
2416,253,19.181818181818183,4.805687203791469,1
2417,203,19.625,5.159235668789809,1
2418,216,15.454545454545457,5.129411764705883,1
2419,151,14.625,5.427350427350428,1
2420,191,13.083333333333334,5.127388535031847,1
2421,330,15.058823529411764,5.2421875,1
2422,216,15.0,5.027777777777778,1
2423,124,8.333333333333334,4.82,1
2424,181,6.777777777777778,4.713114754098361,1
2425,343,13.047619047619047,4.543795620437956,1
2426,344,22.76923076923077,5.013513513513513,1
2427,14,6.0,5.5,1
2428,96,11.0,4.51948051948052,1
2429,117,10.333333333333334,5.548387096774194,1
2430,123,13.375,4.429906542056075,1
2431,171,15.666666666666666,5.00709219858156,1
2432,154,14.125,5.247787610619469,1
2433,120,13.571428571428571,5.157894736842105,1
2434,194,13.083333333333334,5.203821656050955,1
2435,200,18.25,5.390410958904109,1
2436,236,12.666666666666666,5.184210526315789,1
2437,174,12.0,4.659090909090909,1
2438,149,15.428571428571429,5.12962962962963,1
2439,103,12.285714285714286,5.651162790697675,1
2440,134,15.142857142857142,4.613207547169812,1
2441,140,10.090909090909092,4.45945945945946,1
2442,174,12.727272727272728,4.871428571428571,1
2443,226,18.7,4.791443850267379,1
2444,191,11.0,4.863636363636363,1
2445,113,13.714285714285714,4.8125,1
2446,160,18.428571428571427,4.875968992248062,1
2447,23,8.5,5.411764705882353,1
2448,190,17.444444444444443,4.847133757961784,1
2449,162,9.23076923076923,4.6,1
2450,168,16.5,4.878787878787879,1
2451,140,11.5,5.060869565217391,1
2452,82,9.428571428571429,4.636363636363637,1
2453,212,17.2,5.273255813953488,1
2454,49,14.333333333333334,4.790697674418604,1
2455,242,24.375,4.871794871794871,1
2456,206,14.416666666666666,4.832369942196531,1
2457,171,11.583333333333334,4.733812949640288,1
2458,103,10.125,5.827160493827161,1
2459,229,12.866666666666667,5.300518134715026,1
2460,126,12.75,4.833333333333333,1
2461,86,10.714285714285714,4.746666666666667,1
2462,133,16.0,4.517857142857143,1
2463,299,14.588235294117649,4.548387096774194,1
2464,155,11.545454545454543,5.125984251968504,1
2465,117,15.333333333333334,4.369565217391305,1
2466,387,12.8,5.0625,1
2467,189,10.928571428571429,5.03921568627451,1
2468,263,19.818181818181817,5.279816513761468,1
2469,253,13.6,4.897058823529412,1
2470,146,13.555555555555555,5.39344262295082,1
2471,227,23.0,5.108695652173913,1
2472,144,12.77777777777778,4.982608695652174,1
2473,172,13.454545454545457,4.9391891891891895,1
2474,421,12.923076923076923,4.532738095238095,1
2475,296,8.25925925925926,4.614349775784754,1
2476,137,16.142857142857142,4.584070796460177,1
2477,144,14.375,4.434782608695652,1
2478,395,12.96,4.922839506172839,1
2479,142,13.333333333333334,4.65,1
2480,143,11.333333333333334,4.8431372549019605,1
2481,249,18.727272727272727,4.932038834951456,1
2482,360,27.63636363636364,4.855263157894737,1
2483,96,6.727272727272728,4.77027027027027,1
2484,280,16.571428571428573,4.956896551724138,1
2485,183,7.764705882352941,4.606060606060606,1
2486,158,16.0,4.40625,1
2487,355,23.83333333333333,5.174825174825175,1
2488,325,14.72222222222222,4.890566037735849,1
2489,137,17.0,4.512605042016807,1
2490,233,10.125,4.679012345679013,1
2491,251,13.466666666666669,5.262376237623762,1
2492,380,12.875,4.889967637540453,1
2493,202,8.833333333333334,5.29559748427673,1
2494,265,12.470588235294118,4.971698113207547,1
2495,220,9.941176470588236,4.313609467455621,1
2496,165,12.181818181818182,4.417910447761194,1
2497,161,11.75,4.567375886524823,1
2498,225,13.5,5.015873015873016,1
2499,18,5.0,5.866666666666666,1
2500,272,15.466666666666669,5.021551724137931,1
2501,188,13.909090909090908,4.830065359477124,1
2502,583,20.041666666666668,4.798336798336798,1
2503,198,15.181818181818182,4.880239520958084,1
2504,134,15.857142857142858,5.144144144144144,1
2505,266,16.23076923076923,4.66350710900474,1
2506,159,13.88888888888889,5.528,1
2507,106,11.714285714285714,4.536585365853658,1
2508,242,14.615384615384617,5.2105263157894735,1
2509,213,9.22222222222222,4.981927710843373,1
2510,133,10.6,4.037735849056604,1
2511,135,8.583333333333334,5.572815533980583,1
2512,137,11.1,4.972972972972973,1
2513,481,11.87878787878788,4.795918367346939,1
2514,191,10.1875,4.7975460122699385,1
2515,178,19.25,5.058441558441558,1
2516,157,19.285714285714285,4.666666666666667,1
2517,342,8.424242424242424,4.615107913669065,1
2518,187,8.444444444444445,5.0,1
2519,305,22.63636363636364,5.289156626506024,1
2520,85,12.666666666666666,5.2105263157894735,1
2521,165,13.6,4.764705882352941,1
2522,149,17.142857142857142,5.133333333333334,1
2523,133,13.25,4.858490566037736,1
2524,203,22.625,5.005524861878453,1
2525,167,19.0,5.2556390977443606,1
2526,149,8.714285714285714,4.729508196721311,1
2527,145,16.857142857142858,5.279661016949152,1
2528,154,9.538461538461538,4.975806451612903,1
2529,152,12.77777777777778,4.652173913043479,1
2530,254,12.647058823529411,4.730232558139535,1
2531,108,31.0,5.537634408602151,1
2532,250,19.0,4.495614035087719,1
2533,125,10.7,4.607476635514018,1
2534,200,14.909090909090908,4.853658536585366,1
2535,122,7.384615384615385,4.302083333333333,1
2536,288,19.75,4.966244725738397,1
2537,202,21.0,5.613095238095238,1
2538,178,21.428571428571427,5.226666666666667,1
2539,175,16.444444444444443,4.614864864864865,1
2540,109,12.857142857142858,4.4,1
2541,296,29.875,5.2133891213389125,1
2542,218,14.75,5.327683615819209,1
2543,194,14.272727272727272,4.936305732484076,1
2544,213,8.777777777777779,4.284810126582278,1
2545,182,11.5,5.086956521739131,1
2546,448,13.071428571428571,4.978142076502732,1
2547,161,9.76923076923077,4.771653543307087,1
2548,111,8.7,5.114942528735632,1
2549,232,17.363636363636363,4.492146596858639,1
2550,165,16.375,5.030534351145038,1
2551,126,12.5,4.81,1
2552,254,18.727272727272727,4.733009708737864,1
2553,145,20.0,4.9,1
2554,143,12.555555555555555,4.991150442477876,1
2555,321,18.466666666666665,4.740072202166065,1
2556,201,15.818181818181818,4.287356321839081,1
2557,90,7.444444444444445,5.149253731343284,1
2558,193,19.33333333333333,4.752873563218391,1
2559,198,13.833333333333334,5.090361445783133,1
2560,112,11.285714285714286,5.025316455696203,1
2561,215,15.0,5.0606060606060606,1
2562,130,11.1,4.072072072072072,1
2563,208,15.166666666666666,4.846153846153846,1
2564,184,16.11111111111111,4.86896551724138,1
2565,104,9.625,5.0,1
2566,169,13.9,4.899280575539568,1
2567,382,10.20689655172414,4.591216216216216,1
2568,193,17.88888888888889,5.142857142857143,1
2569,160,15.88888888888889,4.986013986013986,1
2570,188,8.352941176470589,4.464788732394366,1
2571,145,11.9,4.815126050420168,1
2572,177,22.0,5.532467532467533,1
2573,204,11.923076923076923,4.961290322580645,1
2574,361,16.72222222222222,5.4784053156146175,1
2575,141,11.7,5.136752136752137,1
2576,388,18.705882352941178,4.7421383647798745,1
2577,358,19.866666666666667,4.855704697986577,1
2578,131,10.3,4.669902912621359,1
2579,130,10.4,5.028846153846154,1
2580,248,22.11111111111111,5.251256281407035,1
2581,263,19.545454545454547,4.846511627906977,1
2582,191,13.166666666666666,4.6455696202531644,1
2583,117,13.0,5.362637362637362,1
2584,138,13.0,4.735042735042735,1
2585,155,10.916666666666666,5.183206106870229,1
2586,207,17.7,4.52542372881356,1
2587,161,10.666666666666666,4.8828125,1
2588,474,17.59090909090909,4.906976744186046,1
2589,86,12.0,5.125,1
2590,163,16.625,5.180451127819549,1
2591,261,15.642857142857142,4.904109589041096,1
2592,157,11.181818181818182,4.715447154471545,1
2593,119,13.142857142857142,4.826086956521739,1
2594,117,16.833333333333332,4.851485148514851,1
2595,166,21.0,5.753968253968254,1
2596,106,10.625,5.741176470588235,1
2597,175,15.11111111111111,4.617647058823529,1
2598,170,17.875,4.923076923076923,1
2599,562,28.75,4.997826086956522,1
2600,97,11.571428571428571,4.530864197530864,1
2601,177,13.090909090909092,4.770833333333333,1
2602,205,10.5625,4.479289940828402,1
2603,125,12.875,4.621359223300971,1
2604,140,15.75,5.103174603174603,1
2605,126,12.625,5.148514851485149,1
2606,111,11.75,4.819148936170213,1
2607,293,11.6,4.801724137931035,1
2608,193,16.0,4.7875,1
2609,138,11.9,4.941176470588236,1
2610,158,15.22222222222222,4.766423357664234,1
2611,261,14.5,4.886699507389163,1
2612,196,11.615384615384617,4.900662251655629,1
2613,202,19.0,4.719298245614035,1
2614,161,13.3,5.030075187969925,1
2615,198,16.6,4.578313253012048,1
2616,133,8.666666666666666,5.5673076923076925,1
2617,218,12.0,4.644444444444445,1
2618,157,14.444444444444445,5.176923076923077,1
2619,128,18.0,4.962962962962963,1
2620,156,18.857142857142858,5.053030303030303,1
2621,212,15.090909090909092,5.283132530120482,1
2622,173,18.625,4.87248322147651,1
2623,221,11.4375,5.081967213114754,1
2624,253,20.7,4.893719806763285,1
2625,204,10.25,4.536585365853658,1
2626,196,14.272727272727272,4.917197452229299,1
2627,373,17.555555555555557,4.768987341772152,1
2628,187,17.0,5.026143790849673,1
2629,177,18.375,4.931972789115647,1
2630,240,15.0,4.8820512820512825,1
2631,155,13.6,4.830882352941177,1
2632,243,14.714285714285714,5.072815533980583,1
2633,450,15.782608695652174,5.016528925619835,1
2634,294,16.266666666666666,4.762295081967213,1
2635,235,13.5,4.91005291005291,1
2636,160,15.0,4.555555555555555,1
2637,190,20.5,5.085365853658536,1
2638,189,13.25,5.050314465408805,1
2639,153,16.25,4.815384615384615,1
2640,161,9.857142857142858,4.942028985507246,1
2641,222,13.857142857142858,4.927835051546392,1
2642,185,14.272727272727272,4.808917197452229,1
2643,164,13.3,5.571428571428571,1
2644,386,18.0,5.055555555555555,1
2645,193,6.714285714285714,4.9361702127659575,1
2646,132,11.666666666666666,5.533333333333333,1
2647,206,15.090909090909092,5.108433734939759,1
2648,163,15.11111111111111,4.735294117647059,1
2649,176,10.692307692307692,4.856115107913669,1
2650,263,12.9375,4.816425120772947,1
2651,172,14.0,5.242857142857143,1
2652,213,17.2,4.965116279069767,1
2653,160,22.33333333333333,4.813432835820896,1
2654,130,15.857142857142858,4.90990990990991,1
2655,243,14.785714285714286,4.666666666666667,1
2656,211,10.375,5.409638554216867,1
2657,142,13.11111111111111,4.915254237288136,1
2658,211,14.23076923076923,5.4,1
2659,177,15.333333333333334,5.376811594202898,1
2660,337,6.190476190476191,4.842307692307692,1
2661,99,7.363636363636363,4.283950617283951,1
2662,172,12.545454545454543,4.63768115942029,1
2663,140,14.5,5.137931034482759,1
2664,259,20.9,5.100478468899522,1
2665,197,11.5,4.77639751552795,1
2666,96,10.714285714285714,4.533333333333333,1
2667,216,16.09090909090909,4.819209039548023,1
2668,185,22.142857142857142,4.95483870967742,1
2669,303,11.476190476190476,4.817427385892116,1
2670,295,9.2,4.891304347826087,1
2671,183,20.714285714285715,4.7172413793103445,1
2672,209,18.0,4.811111111111111,1
2673,299,17.142857142857142,4.616666666666666,1
2674,176,18.625,4.74496644295302,1
2675,103,16.6,5.337349397590361,1
2676,162,11.727272727272728,4.51937984496124,1
2677,145,11.090909090909092,5.131147540983607,1
2678,528,17.24,4.94431554524362,1
2679,302,14.75,4.495762711864407,1
2680,177,13.5,4.955555555555556,1
2681,206,9.72222222222222,5.062857142857143,1
2682,176,12.25,5.01360544217687,1
2683,187,7.555555555555555,4.544117647058823,1
2684,182,15.7,5.13375796178344,1
2685,276,15.266666666666667,5.301310043668122,1
2686,214,15.727272727272728,4.867052023121388,1
2687,265,23.55555555555556,4.702830188679245,1
2688,269,14.933333333333334,4.325892857142857,1
2689,120,20.0,5.13,1
2690,188,14.363636363636363,5.360759493670886,1
2691,153,12.5,4.928,1
2692,260,16.692307692307693,4.852534562211981,1
2693,657,17.483870967741936,4.928044280442805,1
2694,136,16.142857142857142,4.849557522123894,1
2695,182,8.866666666666667,4.669172932330827,1
2696,196,11.214285714285714,4.726114649681529,1
2697,175,12.333333333333334,5.101351351351352,1
2698,220,16.636363636363637,5.0,1
2699,151,17.857142857142858,4.576,1
2700,140,7.785714285714286,4.495412844036697,1
2701,134,11.88888888888889,4.5046728971962615,1
2702,175,8.375,5.044776119402985,1
2703,381,21.266666666666666,4.54858934169279,1
2704,187,14.363636363636363,5.291139240506329,1
2705,189,17.22222222222222,4.735483870967742,1
2706,192,11.461538461538462,4.718120805369128,1
2707,678,16.21875,4.456647398843931,1
2708,130,16.142857142857142,5.070796460176991,1
2709,110,11.0,4.431818181818182,1
2710,147,18.0,5.373015873015873,1
2711,123,20.2,5.118811881188119,1
2712,240,22.75,4.362637362637362,1
2713,162,7.705882352941177,4.610687022900764,1
2714,310,14.705882352941176,4.904,1
2715,124,7.285714285714286,4.745098039215686,1
2716,240,16.46153846153846,5.0233644859813085,1
2717,199,18.77777777777778,5.325443786982248,1
2718,132,16.285714285714285,4.684210526315789,1
2719,145,13.0,5.038461538461538,1
2720,210,19.55555555555556,5.159090909090909,1
2721,113,16.166666666666668,4.484536082474227,1
2722,139,14.5,5.353448275862069,1
2723,170,18.0,5.076388888888889,1
2724,173,16.625,4.924812030075188,1
2725,207,9.176470588235292,5.371794871794871,1
2726,146,13.875,4.891891891891892,1
2727,147,10.0,4.876923076923077,1
2728,144,13.22222222222222,5.319327731092437,1
2729,220,18.2,4.835164835164835,1
2730,310,13.88888888888889,4.868,1
2731,243,22.88888888888889,5.121359223300971,1
2732,143,10.0,4.7,1
2733,291,11.55,4.974025974025974,1
2734,150,13.333333333333334,4.441666666666666,1
2735,213,29.83333333333333,4.787709497206704,1
2736,235,18.545454545454547,5.367647058823529,1
2737,134,12.22222222222222,5.063636363636364,1
2738,129,12.5,4.75,1
2739,158,15.75,4.936507936507937,1
2740,226,9.944444444444445,4.748603351955308,1
2741,260,16.76923076923077,5.197247706422019,1
2742,143,19.666666666666668,5.47457627118644,1
2743,183,15.6,4.782051282051282,1
2744,247,10.944444444444445,5.482233502538071,1
2745,245,20.2,4.816831683168317,1
2746,148,14.77777777777778,4.932330827067669,1
2747,121,13.428571428571429,4.627659574468085,1
2748,302,13.882352941176473,4.733050847457627,1
2749,79,16.0,4.90625,1
2750,195,14.3,5.174825174825175,1
2751,229,7.913043478260869,4.489010989010989,1
2752,164,13.3,5.150375939849624,1
2753,179,10.571428571428571,5.121621621621622,1
2754,365,16.263157894736842,5.064724919093851,1
2755,245,22.0,4.641414141414141,1
2756,150,15.125,4.694214876033058,1
2757,139,13.875,4.8108108108108105,1
2758,263,16.76923076923077,4.912844036697248,1
2759,244,11.875,4.789473684210527,1
2760,21,8.5,4.235294117647059,1
2761,338,11.130434782608695,4.98046875,1
2762,241,12.6,4.534391534391534,1
2763,114,12.142857142857142,4.623529411764705,1
2764,102,10.375,4.602409638554217,1
2765,138,19.0,5.175438596491228,1
2766,433,11.642857142857142,4.469325153374233,1
2767,207,12.076923076923077,4.738853503184713,1
2768,262,16.214285714285715,4.39647577092511,1
2769,192,15.9,4.660377358490566,1
2770,170,11.727272727272728,5.27906976744186,1
2771,356,17.9375,5.257839721254356,1
2772,402,9.06060606060606,4.729096989966555,1
2773,193,16.77777777777778,4.609271523178808,1
2774,187,20.125,4.565217391304348,1
2775,327,9.296296296296296,4.808764940239044,1
2776,188,10.571428571428571,4.722972972972973,1
2777,137,19.83333333333333,5.0588235294117645,1
2778,126,16.666666666666668,4.58,1
2779,260,23.11111111111111,4.701923076923077,1
2780,154,11.8,4.745762711864407,1
2781,213,13.692307692307692,4.949438202247191,1
2782,210,14.0,5.203296703296704,1
2783,204,21.0,5.2023809523809526,1
2784,148,20.33333333333333,4.950819672131147,1
2785,220,16.90909090909091,4.811827956989247,1
2786,248,18.363636363636363,4.816831683168317,1
2787,207,21.625,4.780346820809249,1
2788,197,14.454545454545457,5.572327044025157,1
2789,171,11.8,3.9491525423728815,1
2790,232,21.55555555555556,4.850515463917525,1
2791,342,15.823529411764708,4.557620817843866,1
2792,463,13.11111111111111,4.6440677966101696,1
2793,177,14.6,5.054794520547945,1
2794,404,14.041666666666666,4.747774480712166,1
2795,216,18.2,4.862637362637362,1
2796,148,17.0,4.764705882352941,1
2797,216,17.8,4.915730337078652,1
2798,194,22.571428571428573,4.772151898734177,1
2799,93,12.166666666666666,4.684931506849315,1
2800,120,14.571428571428571,5.254901960784314,1
2801,134,18.166666666666668,4.981651376146789,1
2802,287,10.714285714285714,4.857777777777778,1
2803,107,11.5,5.141304347826087,1
2804,182,20.714285714285715,5.213793103448276,1
2805,134,12.75,5.196078431372549,1
2806,279,22.3,5.278026905829597,1
2807,144,20.33333333333333,4.959016393442623,1
2808,126,17.0,5.215686274509804,1
2809,181,20.0,4.392857142857143,1
2810,246,20.7,5.173913043478261,1
2811,127,21.0,4.961904761904762,1
2812,197,13.583333333333334,4.993865030674846,1
2813,171,12.166666666666666,4.698630136986301,1
2814,73,6.875,5.109090909090909,1
2815,254,20.8,5.3125,1
2816,127,17.166666666666668,4.912621359223301,1
2817,105,12.0,4.773809523809524,1
2818,127,9.8,4.683673469387755,1
2819,151,11.363636363636363,4.792,1
2820,210,22.428571428571427,5.312101910828026,1
2821,101,14.166666666666666,4.694117647058824,1
2822,178,12.083333333333334,4.937931034482759,1
2823,85,7.444444444444445,4.940298507462686,1
2824,142,16.714285714285715,4.786324786324786,1
2825,109,11.428571428571429,5.0875,1
2826,418,12.11111111111111,5.122324159021407,1
2827,141,14.875,5.588235294117647,1
2828,93,11.428571428571429,4.825,1
2829,206,19.55555555555556,5.164772727272728,1
2830,141,22.8,5.219298245614035,1
2831,133,13.75,4.718181818181818,1
2832,43,6.4,4.28125,1
2833,134,14.857142857142858,5.086538461538462,1
2834,165,11.416666666666666,5.372262773722627,1
2835,164,11.75,4.780141843971631,1
2836,168,13.9,5.050359712230216,1
2837,124,9.9,5.646464646464646,1
2838,145,12.77777777777778,5.295652173913044,1
2839,280,14.666666666666666,5.072727272727272,1
2840,127,13.625,5.330275229357798,1
2841,139,14.75,4.915254237288136,1
2842,147,12.7,5.070866141732283,1
2843,147,16.571428571428573,5.017241379310345,1
2844,142,18.666666666666668,5.098214285714286,1
2845,98,8.88888888888889,4.8125,1
2846,121,14.714285714285714,4.825242718446602,1
2847,192,18.11111111111111,4.92638036809816,1
2848,373,13.25,4.949685534591195,1
2849,203,18.0,5.074074074074074,1
2850,186,12.818181818181818,4.865248226950355,1
2851,127,11.444444444444445,5.233009708737864,1
2852,99,15.4,4.155844155844156,1
2853,81,8.25,4.909090909090909,1
2854,125,17.166666666666668,4.679611650485437,1
2855,259,16.071428571428573,4.92,1
2856,257,18.0,4.851851851851852,1
2857,143,13.75,5.063636363636364,1
2858,159,13.8,4.811594202898551,1
2859,176,18.857142857142858,5.143939393939394,1
2860,211,14.166666666666666,4.7,1
2861,152,21.0,4.849206349206349,1
2862,214,9.61111111111111,5.109826589595376,1
2863,143,19.83333333333333,5.008403361344538,1
2864,171,24.166666666666668,5.0,1
2865,204,14.166666666666666,4.941176470588236,1
2866,115,15.666666666666666,5.468085106382978,1
2867,251,19.63636363636364,4.662037037037037,1
2868,147,11.7,4.504273504273504,1
2869,140,16.428571428571427,5.017391304347826,1
2870,289,19.666666666666668,5.241525423728813,1
2871,159,19.571428571428573,4.934306569343065,1
2872,144,14.875,4.7899159663865545,1
2873,146,14.625,4.871794871794871,1
2874,149,13.666666666666666,5.113821138211383,1
2875,324,18.666666666666668,4.742857142857143,1
2876,199,18.0,4.666666666666667,1
2877,150,8.785714285714286,5.178861788617886,1
2878,126,18.166666666666668,4.495412844036697,1
2879,115,25.75,4.689320388349515,1
2880,162,13.8,5.065217391304348,1
2881,187,14.6,5.657534246575342,1
2882,139,17.5,4.514285714285714,1
2883,164,8.125,4.7846153846153845,1
2884,160,13.3,4.879699248120301,1
2885,200,15.181818181818182,4.844311377245509,1
2886,134,11.22222222222222,4.217821782178218,1
2887,233,17.636363636363637,4.814432989690721,1
2888,135,10.1,4.910891089108911,1
2889,228,14.846153846153848,5.036269430051814,1
2890,312,14.36842105263158,5.131868131868132,1
2891,137,17.142857142857142,4.525,1
2892,101,6.230769230769231,4.246913580246914,1
2893,229,19.5,5.312820512820513,1
2894,209,14.25,4.777777777777778,1
2895,132,7.846153846153846,4.852941176470588,1
2896,161,16.285714285714285,5.254385964912281,1
2897,142,16.714285714285715,4.957264957264957,1
2898,177,13.909090909090908,4.764705882352941,1
2899,442,15.565217391304348,4.879888268156424,1
2900,151,14.875,4.697478991596639,1
2901,87,14.0,4.757142857142857,1
2902,217,15.545454545454543,4.988304093567251,1
2903,180,18.125,4.6,1
2904,156,14.444444444444445,4.430769230769231,1
2905,199,8.222222222222221,3.939189189189189,1
2906,151,16.0,5.214285714285714,1
2907,233,18.2,4.93956043956044,1
2908,445,14.4,4.877777777777778,1
2909,17,4.666666666666667,5.0,1
2910,211,8.0,5.138888888888889,1
2911,232,9.5,4.578947368421052,1
2912,211,16.363636363636363,4.794444444444444,1
2913,94,9.375,4.786666666666667,1
2914,148,10.636363636363637,4.786324786324786,1
2915,136,14.0,5.375,1
2916,243,11.823529411764708,4.587064676616915,1
2917,176,11.75,4.6453900709219855,1
2918,178,16.555555555555557,5.167785234899329,1
2919,79,9.142857142857142,4.609375,1
2920,136,15.285714285714286,5.345794392523365,1
2921,186,12.818181818181818,5.2695035460992905,1
2922,93,7.8,4.935897435897436,1
2923,122,12.375,4.888888888888889,1
2924,55,11.25,3.8222222222222224,1
2925,122,8.636363636363637,4.694736842105264,1
2926,156,16.0,5.046875,1
2927,107,11.625,4.408602150537634,1
2928,110,13.571428571428571,5.105263157894737,1
2929,84,6.7,4.462686567164179,1
2930,87,8.875,4.971830985915493,1
2931,65,9.0,4.925925925925926,1
2932,112,11.625,4.333333333333333,1
2933,111,18.2,5.175824175824176,1
2934,143,9.5,4.754385964912281,1
2935,142,8.75,4.8,1
2936,63,13.5,5.333333333333333,1
2937,137,9.9,4.898989898989899,1
2938,146,13.375,4.728971962616822,1
2939,243,12.9375,4.545893719806763,1
2940,75,11.166666666666666,4.776119402985074,1
2941,94,9.75,5.089743589743589,1
2942,193,16.6,5.120481927710843,1
2943,174,16.333333333333332,4.904761904761905,1
2944,177,25.5,4.764705882352941,1
2945,153,15.875,5.6141732283464565,1
2946,137,18.0,5.5,1
2947,194,14.454545454545457,4.867924528301887,1
2948,169,14.11111111111111,4.905511811023622,1
2949,187,16.11111111111111,4.813793103448276,1
2950,156,11.333333333333334,4.727941176470588,1
2951,85,17.75,4.394366197183099,1
2952,97,13.5,5.049382716049383,1
2953,152,23.4,5.153846153846154,1
2954,124,12.375,4.494949494949495,1
2955,89,9.857142857142858,4.753623188405797,1
2956,168,20.285714285714285,5.373239436619718,1
2957,127,11.1,5.126126126126126,1
2958,101,11.142857142857142,4.871794871794871,1
2959,142,9.25,5.387387387387387,1
2960,151,9.307692307692308,5.082644628099174,1
2961,155,10.666666666666666,4.7265625,1
2962,181,12.666666666666666,4.75,1
2963,232,18.2,4.802197802197802,1
2964,147,18.0,5.182539682539683,1
2965,415,23.5,5.1580547112462005,1
2966,240,14.428571428571429,4.594059405940594,1
2967,111,18.8,4.553191489361702,1
2968,171,17.75,4.852112676056338,1
2969,137,12.444444444444445,4.642857142857143,1
2970,233,13.428571428571429,4.542553191489362,1
2971,309,17.666666666666668,5.007547169811321,1
2972,150,14.875,4.932773109243698,1
2973,224,15.727272727272728,4.92485549132948,1
2974,254,14.0,5.023809523809524,1
2975,373,19.3125,4.977346278317152,1
2976,158,12.9,5.255813953488372,1
2977,151,8.357142857142858,4.495726495726496,1
2978,264,16.23076923076923,5.436018957345971,1
2979,98,11.428571428571429,4.6625,1
2980,238,18.0,4.621212121212121,1
2981,126,15.142857142857142,5.132075471698113,1
2982,81,10.5,4.412698412698413,1
2983,252,20.5,5.439024390243903,1
2984,198,13.727272727272728,5.317880794701987,1
2985,145,10.545454545454543,4.887931034482759,1
2986,133,16.5,4.727272727272728,1
2987,274,9.652173913043478,4.842342342342342,1
2988,417,19.58823529411765,4.7207207207207205,1
2989,221,26.142857142857142,4.786885245901639,1
2990,165,9.214285714285714,4.728682170542636,1
2991,340,15.444444444444445,5.043165467625899,1
2992,273,23.6,5.279661016949152,1
2993,196,13.0,4.704142011834319,1
2994,153,17.714285714285715,5.024193548387097,1
2995,224,17.181818181818183,4.767195767195767,1
2996,260,15.785714285714286,5.16289592760181,1
2997,140,14.5,5.293103448275862,1
2998,112,11.625,5.408602150537634,1
2999,225,12.571428571428571,4.903409090909091,1
3000,99,11.428571428571429,5.5,1
3001,163,11.583333333333334,5.122302158273381,1
3002,142,17.0,4.983193277310924,1
3003,187,14.5,5.0137931034482754,1
3004,114,11.75,4.904255319148936,1
3005,128,8.307692307692308,4.907407407407407,1
3006,510,16.84,4.895486935866983,1
3007,266,14.0,4.428571428571429,1
3008,428,15.952380952380953,5.038805970149253,1
3009,144,14.75,5.211864406779661,1
3010,98,13.166666666666666,5.139240506329114,1
3011,135,13.375,4.803738317757009,1
3012,134,13.875,4.792792792792793,1
3013,120,20.0,5.25,1
3014,119,7.461538461538462,4.731958762886598,1
3015,337,18.53333333333333,4.935251798561152,1
3016,154,17.857142857142858,5.128,1
3017,332,7.54054054054054,4.842293906810036,1
3018,357,19.0,5.029605263157895,1
3019,129,11.333333333333334,4.549019607843137,1
3020,134,15.285714285714286,5.177570093457944,1
3021,88,12.666666666666666,5.276315789473684,1
3022,237,17.181818181818183,4.9523809523809526,1
3023,255,17.833333333333332,4.97196261682243,1
3024,172,19.142857142857142,4.932835820895522,1
3025,221,14.8,5.756756756756757,1
3026,149,10.545454545454543,4.620689655172414,1
3027,116,19.8,5.636363636363637,1
3028,397,14.772727272727272,5.147692307692307,1
3029,193,13.25,4.7421383647798745,1
3030,309,18.5,4.907335907335908,1
3031,143,18.142857142857142,5.440944881889764,1
3032,193,17.666666666666668,4.566037735849057,1
3033,189,20.375,4.705521472392638,1
3034,200,10.0,5.225,1
3035,177,14.7,4.707482993197279,1
3036,226,21.666666666666668,5.148717948717949,1
3037,697,18.714285714285715,4.759541984732825,1
3038,151,13.77777777777778,5.233870967741935,1
3039,198,14.272727272727272,5.248407643312102,1
3040,183,19.625,4.738853503184713,1
3041,189,18.0,4.827160493827161,1
3042,171,13.4,5.029850746268656,1
3043,148,15.625,4.752,1
3044,122,17.333333333333332,5.211538461538462,1
3045,278,13.3125,4.793427230046948,1
3046,278,17.615384615384617,5.4847161572052405,1
3047,122,14.142857142857142,4.9393939393939394,1
3048,91,11.428571428571429,5.1875,1
3049,114,10.11111111111111,4.494505494505495,1
3050,182,10.357142857142858,5.020689655172414,1
3051,199,16.5,4.545454545454546,1
3052,124,9.5,4.831578947368421,1
3053,201,14.0,4.597402597402597,1
3054,139,16.285714285714285,4.342105263157895,1
3055,186,14.9,4.422818791946309,1
3056,178,11.692307692307692,4.914473684210527,1
3057,106,15.333333333333334,5.0978260869565215,1
3058,277,15.133333333333333,4.770925110132159,1
3059,178,12.583333333333334,5.026490066225166,1
3060,328,10.909090909090908,4.35,1
3061,133,12.11111111111111,4.825688073394495,1
3062,151,15.5,4.669354838709677,1
3063,125,22.0,4.709090909090909,1
3064,114,24.0,4.5,1
3065,201,8.333333333333334,4.673333333333333,1
3066,185,17.444444444444443,5.305732484076433,1
3067,73,10.166666666666666,4.819672131147541,1
3068,98,19.5,5.141025641025641,1
3069,462,23.235294117647054,5.50379746835443,1
3070,244,17.818181818181817,4.724489795918367,1
3071,201,11.461538461538462,4.704697986577181,1
3072,115,25.5,4.980392156862745,1
3073,87,11.166666666666666,4.626865671641791,1
3074,131,15.857142857142858,4.387387387387387,1
3075,152,14.666666666666666,4.696969696969697,1
3076,89,12.0,5.0,1
3077,121,13.571428571428571,4.568421052631579,1
3078,136,16.666666666666668,4.87,1
3079,112,10.555555555555555,4.71578947368421,1
3080,179,16.555555555555557,4.973154362416107,1
3081,101,12.571428571428571,5.306818181818182,1
3082,239,10.61111111111111,4.774869109947644,1
3083,178,8.294117647058824,5.1063829787234045,1
3084,170,16.625,4.81203007518797,1
3085,176,14.6,4.863013698630137,1
3086,111,18.4,5.206521739130435,1
3087,69,5.2,5.0,1
3088,234,13.538461538461538,4.5852272727272725,1
3089,205,17.875,5.041958041958042,1
3090,288,15.666666666666666,5.042553191489362,1
3091,163,13.6,5.147058823529412,1
3092,201,12.071428571428571,4.538461538461538,1
3093,136,11.4,4.982456140350878,1
3094,170,16.875,4.444444444444445,1
3095,113,15.166666666666666,4.857142857142857,1
3096,313,23.454545454545453,5.0813953488372094,1
3097,143,15.857142857142858,4.666666666666667,1
3098,190,17.125,4.642335766423358,1
3099,132,18.666666666666668,5.0625,1
3100,181,19.5,4.67948717948718,1
3101,126,18.0,5.277777777777778,1
3102,130,13.375,5.4485981308411215,1
3103,281,14.9375,5.00418410041841,1
3104,134,17.833333333333332,5.009345794392523,1
3105,126,15.571428571428571,5.5504587155963305,1
3106,225,12.857142857142858,4.555555555555555,1
3107,213,15.666666666666666,5.48404255319149,1
3108,841,31.09090909090909,5.195906432748538,1
3109,192,13.272727272727272,5.493150684931507,1
3110,142,15.125,5.1652892561983474,1
3111,98,12.428571428571429,5.057471264367816,1
3112,163,20.857142857142858,4.849315068493151,1
3113,182,9.714285714285714,5.205882352941177,1
3114,231,16.166666666666668,4.891752577319588,1
3115,346,21.428571428571427,5.223333333333334,1
3116,346,18.666666666666668,5.217857142857143,1
3117,216,19.444444444444443,4.914285714285715,1
3118,301,22.727272727272727,4.724,1
3119,175,11.666666666666666,5.0,1
3120,161,17.75,4.795774647887324,1
3121,141,16.571428571428573,5.517241379310345,1
3122,217,14.153846153846152,4.989130434782608,1
3123,420,18.944444444444443,4.695014662756599,1
3124,182,16.77777777777778,5.423841059602649,1
3125,206,17.5,4.857142857142857,1
3126,189,14.9,4.563758389261745,1
3127,425,14.869565217391305,5.087719298245614,1
3128,104,13.666666666666666,4.487804878048781,1
3129,236,16.333333333333332,5.153061224489796,1
3130,323,17.0,5.513725490196078,1
3131,205,13.23076923076923,4.523255813953488,1
3132,108,12.428571428571429,4.494252873563219,1
3133,161,18.428571428571427,4.937984496124031,1
3134,57,15.666666666666666,4.893617021276596,1
3135,1878,35.06818181818182,5.247569669475048,1
3136,317,10.875,4.762452107279693,1
3137,155,9.833333333333334,4.813559322033898,1
3138,116,12.375,5.161616161616162,1
3139,249,19.0,5.026315789473684,1
3140,83,18.25,5.356164383561644,1
3141,112,4.35,4.770114942528736,1
3142,152,10.545454545454543,4.293103448275862,1
3143,161,15.11111111111111,5.139705882352941,1
3144,188,23.285714285714285,4.564417177914111,1
3145,158,12.3,4.764227642276423,1
3146,288,19.33333333333333,4.814655172413793,1
3147,110,18.6,4.913978494623656,1
3148,206,17.7,5.0790960451977405,1
3149,397,29.09090909090909,5.11875,1
3150,186,18.33333333333333,5.157575757575757,1
3151,148,15.0,5.216666666666667,1
3152,181,16.0,4.9375,1
3153,139,16.857142857142858,4.762711864406779,1
3154,193,18.5,5.283783783783784,1
3155,178,18.375,5.27891156462585,1
3156,302,12.095238095238097,4.799212598425197,1
3157,248,16.153846153846153,5.161904761904762,1
3158,149,16.714285714285715,4.512820512820513,1
3159,204,16.7,5.227544910179641,1
3160,301,17.428571428571427,4.635245901639344,1
3161,105,20.5,5.365853658536586,1
3162,57,10.75,4.697674418604652,1
3163,212,23.875,5.005235602094241,1
3164,170,15.22222222222222,4.897810218978102,1
3165,162,17.571428571428573,4.91869918699187,1
3166,177,9.714285714285714,4.632352941176471,1
3167,210,17.3,4.3468208092485545,1
3168,147,15.375,4.479674796747967,1
3169,170,13.0,4.468531468531468,1
3170,405,12.51851851851852,4.902366863905326,1
3171,336,21.692307692307693,5.081560283687943,1
3172,235,19.8,4.9646464646464645,1
3173,229,25.714285714285715,5.588888888888889,1
3174,162,14.77777777777778,4.954887218045113,1
3175,202,23.857142857142858,5.341317365269461,1
3176,266,17.416666666666668,4.976076555023924,1
3177,147,18.285714285714285,5.078125,1
3178,195,16.1,5.416149068322981,1
3179,117,12.0,4.885416666666667,1
3180,238,15.666666666666666,4.97872340425532,1
3181,166,16.125,4.968992248062016,1
3182,233,21.77777777777778,4.806122448979592,1
3183,49,5.666666666666667,4.088235294117647,1
3184,287,25.666666666666668,4.787878787878788,1
3185,263,18.454545454545453,4.349753694581281,1
3186,108,9.666666666666666,5.436781609195402,1
3187,224,29.0,5.442528735632184,1
3188,144,12.77777777777778,4.834782608695652,1
3189,137,10.0,4.754545454545455,1
3190,197,14.818181818181818,4.828220858895706,1
3191,273,11.25,4.755555555555556,1
3192,282,15.466666666666669,5.469827586206897,1
3193,127,7.285714285714286,5.205882352941177,1
3194,417,21.066666666666663,4.863924050632911,1
3195,200,18.22222222222222,5.335365853658536,1
3196,379,7.071428571428571,4.343434343434343,1
3197,225,17.09090909090909,4.776595744680851,1
3198,158,16.125,4.658914728682171,1
3199,322,13.63157894736842,4.922779922779923,1
3200,143,12.375,5.101010101010101,1
3201,198,8.38888888888889,4.218543046357616,1
3202,141,15.5,5.217741935483871,1
3203,249,19.181818181818183,5.037914691943128,1
3204,319,9.56,4.326359832635983,1
3205,219,14.666666666666666,4.840909090909091,1
3206,205,7.636363636363637,4.785714285714286,1
3207,84,5.727272727272728,4.444444444444445,1
3208,278,18.83333333333333,5.252212389380531,1
3209,240,10.444444444444445,4.6063829787234045,1
3210,133,14.571428571428571,5.313725490196078,1
3211,204,15.363636363636363,4.6390532544378695,1
3212,173,18.25,4.883561643835616,1
3213,121,11.444444444444445,5.0,1
3214,215,14.833333333333334,5.129213483146067,1
3215,106,11.75,5.351063829787234,1
3216,328,17.933333333333334,5.066914498141264,1
3217,130,12.875,4.776699029126213,1
3218,215,14.636363636363637,4.645962732919255,1
3219,89,14.6,4.452054794520548,1
3220,174,11.0,4.787878787878788,1
3221,445,22.875,5.117486338797814,1
3222,159,13.22222222222222,4.680672268907563,1
3223,172,12.727272727272728,4.992857142857143,1
3224,174,18.375,5.183673469387755,1
3225,380,17.166666666666668,4.967637540453074,1
3226,243,11.1875,4.865921787709497,1
3227,306,22.727272727272727,4.824,1
3228,14,6.0,4.833333333333333,1
3229,260,12.235294117647058,4.846153846153846,1
3230,279,12.705882352941176,4.708333333333333,1
3231,297,20.416666666666668,5.191836734693878,1
3232,158,31.25,4.832,1
3233,193,13.818181818181818,4.907894736842105,1
3234,355,8.75,4.5285714285714285,1
3235,228,15.083333333333334,4.961325966850829,1
3236,225,15.909090909090908,4.508571428571429,1
3237,26,4.25,4.176470588235294,1
3238,127,13.75,4.663636363636364,1
3239,134,15.428571428571429,4.75925925925926,1
3240,304,14.3125,4.703056768558952,1
3241,87,8.0,4.888888888888889,1
3242,216,18.666666666666668,5.291666666666667,1
3243,97,15.6,4.67948717948718,1
3244,305,30.375,5.032921810699588,1
3245,140,11.2,4.75,1
3246,133,7.923076923076923,4.87378640776699,1
3247,214,21.125,5.029585798816568,1
3248,86,7.666666666666667,4.695652173913044,1
3249,182,18.25,4.726027397260274,1
3250,177,9.0,4.923611111111111,1
3251,355,15.052631578947368,4.937062937062937,1
3252,266,22.666666666666668,4.705882352941177,1
3253,371,13.363636363636363,5.13265306122449,1
3254,197,20.5,5.451219512195122,1
3255,164,19.571428571428573,5.182481751824818,1
3256,455,11.65625,5.128686327077748,1
3257,293,14.9375,5.087866108786611,1
3258,193,21.0,5.154761904761905,1
3259,219,12.857142857142858,4.9944444444444445,1
3260,297,14.470588235294118,4.512195121951219,1
3261,174,16.875,5.044444444444444,1
3262,112,11.5,5.434782608695652,1
3263,85,12.2,4.901639344262295,1
3264,344,26.9,5.111524163568773,1
3265,202,15.090909090909092,5.084337349397591,1
3266,383,19.5625,4.904153354632588,1
3267,312,18.357142857142858,4.852140077821011,1
3268,294,26.444444444444443,5.214285714285714,1
3269,169,16.75,5.119402985074627,1
3270,106,21.0,4.892857142857143,1
3271,253,13.133333333333333,4.807106598984771,1
3272,258,21.8,4.862385321100917,1
3273,223,19.55555555555556,4.982954545454546,1
3274,157,14.444444444444445,4.753846153846154,1
3275,211,10.625,4.8352941176470585,1
3276,220,16.545454545454547,4.681318681318682,1
3277,204,19.33333333333333,4.844827586206897,1
3278,221,13.153846153846152,4.356725146198831,1
3279,60,12.75,4.96078431372549,1
3280,284,20.181818181818183,4.851351351351352,1
3281,212,17.3,4.433526011560693,1
3282,308,22.90909090909091,4.670634920634921,1
3283,171,13.8,5.5144927536231885,1
3284,322,23.363636363636363,5.003891050583658,1
3285,106,13.833333333333334,5.301204819277109,1
3286,314,12.61904761904762,4.60377358490566,1
3287,210,18.55555555555556,4.568862275449102,1
3288,315,17.714285714285715,5.084677419354839,1
3289,276,21.09090909090909,4.918103448275862,1
3290,1419,12.674157303370787,4.729609929078015,1
3291,122,10.333333333333334,4.505376344086022,1
3292,193,11.071428571428571,4.980645161290322,1
3293,379,25.07692307692308,5.226993865030675,1
3294,302,21.08333333333333,4.778656126482214,1
3295,565,10.023255813953488,4.545243619489559,1
3296,397,14.714285714285714,4.517799352750809,1
3297,102,16.2,5.333333333333333,1
3298,238,13.142857142857142,4.706521739130435,1
3299,159,16.375,4.717557251908397,1
3300,19,5.333333333333333,5.125,1
3301,288,20.33333333333333,4.508196721311475,1
3302,541,15.961538461538462,4.814457831325301,1
3303,62,5.444444444444445,5.346938775510204,1
3304,91,7.444444444444445,4.2388059701492535,1
3305,223,19.666666666666668,5.271186440677966,1
3306,292,10.9,4.577981651376147,1
3307,216,22.25,4.47191011235955,1
3308,247,21.9,5.063926940639269,1
3309,228,23.25,5.279569892473118,1
3310,24,6.0,4.722222222222222,1
3311,455,20.105263157894736,5.109947643979058,1
3312,310,15.75,4.76984126984127,1
3313,265,15.285714285714286,4.831775700934579,1
3314,130,17.333333333333332,4.759615384615385,1
3315,181,18.5,5.033783783783784,1
3316,137,16.142857142857142,4.893805309734513,1
3317,278,30.0,5.291666666666667,1
3318,146,17.142857142857142,4.225,1
3319,156,13.88888888888889,5.232,1
3320,458,7.913043478260869,4.538461538461538,1
3321,418,31.272727272727277,4.982558139534884,1
3322,80,12.8,4.859375,1
3323,268,15.2,5.456140350877193,1
3324,344,13.047619047619047,4.562043795620438,1
3325,177,9.714285714285714,4.470588235294118,1
3326,138,26.5,5.264150943396227,1
3327,289,16.857142857142858,4.432203389830509,1
3328,113,9.77777777777778,4.693181818181818,1
3329,236,15.461538461538462,4.736318407960199,1
3330,277,18.5,5.207207207207207,1
3331,275,19.08333333333333,5.0,1
3332,271,18.83333333333333,5.168141592920354,1
3333,216,14.0,5.116883116883117,1
3334,228,14.076923076923077,4.978142076502732,1
3335,316,24.3,5.139917695473251,1
3336,79,11.2,5.232142857142857,1
3337,371,21.2,5.113207547169812,1
3338,467,20.789473684210527,5.258227848101265,1
3339,135,26.5,4.943396226415095,1
3340,229,23.0,4.614130434782608,1
3341,169,17.875,4.608391608391608,1
3342,283,9.904761904761903,4.807692307692308,1
3343,246,13.857142857142858,5.025773195876289,1
3344,234,19.1,5.052356020942408,1
3345,346,22.153846153846157,4.958333333333333,1
3346,432,19.33333333333333,5.022988505747127,1
3347,337,16.11111111111111,4.955172413793103,1
3348,406,15.5,4.609677419354838,1
3349,64,10.4,4.884615384615385,1
3350,241,21.22222222222222,4.890052356020942,1
3351,346,16.11111111111111,4.7,1
3352,372,22.071428571428573,4.899676375404531,1
3353,244,20.6,4.805825242718447,1
3354,78,30.5,4.819672131147541,1
3355,284,20.818181818181817,4.646288209606987,1
3356,507,22.36842105263158,4.95764705882353,1
3357,101,10.125,4.777777777777778,1
3358,1070,12.478260869565217,4.815331010452962,1
3359,224,15.583333333333334,5.347593582887701,1
3360,147,11.88888888888889,4.551401869158879,1
3361,210,14.583333333333334,4.645714285714286,1
3362,250,11.352941176470589,4.409326424870466,1
3363,149,15.75,4.722222222222222,1
3364,76,9.285714285714286,5.015384615384615,1
3365,108,18.0,4.6,1
3366,148,16.666666666666668,5.1,1
3367,418,16.047619047619047,4.691394658753709,1
3368,192,15.9,5.0,1
3369,348,19.2,5.21875,1
3370,260,17.25,5.3478260869565215,1
3371,331,25.0,4.723636363636364,1
3372,53,13.0,4.461538461538462,1
3373,81,10.5,5.047619047619048,1
3374,277,10.894736842105264,4.526570048309178,1
3375,155,11.636363636363637,4.953125,1
3376,416,24.0,4.613888888888889,1
3377,262,26.5,4.971698113207547,1
3378,192,12.833333333333334,5.2727272727272725,1
3379,66,29.0,5.103448275862069,1
3380,273,19.22222222222222,4.2601156069364166,1
3381,321,21.307692307692307,4.736462093862816,1
3382,43,8.75,5.085714285714285,1
3383,103,8.88888888888889,4.1125,1
3384,105,11.571428571428571,5.271604938271605,1
3385,332,25.454545454545453,4.839285714285714,1
3386,14,3.0,5.333333333333333,1
3387,204,15.454545454545457,4.629411764705883,1
3388,292,15.6,4.799145299145299,1
3389,235,13.428571428571429,4.8563829787234045,1
3390,127,14.714285714285714,5.019417475728155,1
3391,1323,16.37142857142857,4.947643979057592,1
3392,132,11.2,4.982142857142857,1
3393,270,10.5,4.8,1
3394,91,25.33333333333333,5.2368421052631575,1
3395,238,14.461538461538462,5.164893617021277,1
3396,268,21.9,4.922374429223744,1
3397,343,20.785714285714285,4.666666666666667,1
3398,253,23.88888888888889,5.316279069767442,1
3399,253,10.409090909090908,5.139737991266376,1
3400,177,15.555555555555555,5.321428571428571,1
3401,261,18.90909090909091,4.990384615384615,1
3402,210,14.727272727272728,4.790123456790123,1
3403,99,20.25,4.716049382716049,1
3404,351,21.07692307692308,4.686131386861314,1
3405,183,12.25,5.333333333333333,1
3406,140,11.6,5.051724137931035,1
3407,288,21.0,5.1688311688311686,1
3408,82,9.285714285714286,4.538461538461538,1
3409,109,9.666666666666666,4.839080459770115,1
3410,299,19.692307692307693,4.734375,1
3411,269,14.25,5.096491228070176,1
3412,36,6.25,5.28,1
3413,158,9.0,4.626984126984127,1
3414,2486,13.986577181208052,4.574376199616123,1
3415,175,22.142857142857142,4.767741935483871,1
3416,328,13.15,4.88212927756654,1
3417,361,20.214285714285715,4.689045936395759,1
3418,251,25.5,4.970588235294118,1
3419,279,9.95,4.879396984924624,1
3420,177,12.5,4.68,1
3421,92,11.666666666666666,4.814285714285714,1
3422,341,6.526315789473684,4.483870967741935,1
3423,126,13.125,4.561904761904762,1
3424,330,23.09090909090909,4.838582677165355,1
3425,276,21.0,5.316017316017316,1
3426,122,14.142857142857142,5.070707070707071,1
3427,439,19.72222222222222,4.946478873239436,1
3428,302,16.2,4.691358024691358,1
3429,399,12.74074074074074,4.982558139534884,1
3430,180,18.125,4.689655172413793,1
3431,1071,17.14,5.075845974329055,1
3432,72,18.33333333333333,4.509090909090909,1
3433,38,5.8,4.689655172413793,1
3434,375,16.444444444444443,4.608108108108108,1
3435,42,8.75,4.942857142857143,1
3436,219,17.272727272727273,4.778947368421052,1
3437,148,12.8,5.5390625,1
3438,553,15.275862068965518,4.889390519187359,1
3439,41,8.0,5.125,1
3440,262,23.77777777777778,5.149532710280374,1
3441,275,20.09090909090909,5.217194570135747,1
3442,375,16.944444444444443,4.9049180327868855,1
3443,19,7.0,5.071428571428571,1
3444,238,10.647058823529411,4.850828729281768,1
3445,368,9.344827586206897,4.660516605166052,1
3446,225,9.473684210526317,4.822222222222222,1
3447,231,12.066666666666666,5.110497237569061,1
3448,114,16.0,4.78125,1
3449,185,10.066666666666666,4.728476821192053,1
3450,201,13.25,5.6918238993710695,1
3451,119,7.25,4.32183908045977,1
3452,269,15.733333333333333,5.046610169491525,1
3453,114,6.666666666666667,5.5875,1
3454,50,10.75,4.651162790697675,1
3455,180,17.375,5.035971223021583,1
3456,177,14.3,4.86013986013986,1
3457,314,22.363636363636363,4.865853658536586,1
3458,184,14.0,4.857142857142857,1
3459,54,9.25,4.972972972972973,1
3460,176,12.25,4.258503401360544,1
3461,131,15.285714285714286,4.700934579439252,1
3462,69,14.75,4.6440677966101696,1
3463,137,13.5,4.62037037037037,1
3464,323,15.055555555555555,4.878228782287823,1
3465,155,9.916666666666666,4.6722689075630255,1
3466,451,21.94117647058824,4.855227882037534,1
3467,264,22.2,4.635135135135135,1
3468,422,18.88888888888889,5.173529411764706,1
3469,218,20.444444444444443,4.864130434782608,1
3470,394,31.3,4.833865814696486,1
3471,296,20.83333333333333,4.988,1
3472,128,13.571428571428571,5.589473684210526,1
3473,395,17.647058823529413,4.55,1
3474,157,16.25,4.792307692307692,1
3475,374,14.75,4.928813559322034,1
3476,75,7.0,4.303571428571429,1
3477,185,14.8,4.858108108108108,1
3478,303,15.5,4.907258064516129,1
3479,450,21.647058823529413,4.828804347826087,1
3480,97,12.166666666666666,4.452054794520548,1
3481,152,21.166666666666668,5.417322834645669,1
3482,706,16.41176470588235,4.781362007168458,1
3483,282,25.1,4.900398406374502,1
3484,147,15.5,5.048387096774194,1
3485,278,21.727272727272727,4.845188284518828,1
3486,378,18.33333333333333,4.8969696969696965,1
3487,180,11.666666666666666,4.864285714285714,1
3488,138,22.6,5.0,1
3489,181,19.5,5.0256410256410255,1
3490,354,14.95,4.913043478260869,1
3491,89,16.0,4.7125,1
3492,767,14.225,5.539543057996485,1
3493,190,16.9,4.372781065088757,1
3494,298,24.4,4.94672131147541,1
3495,18,8.0,4.6875,1
3496,336,27.0,4.681481481481481,1
3497,217,22.25,5.078651685393258,1
3498,265,15.538461538461538,4.678217821782178,1
3499,93,12.166666666666666,4.890410958904109,1
3500,1072,18.127659574468087,5.292253521126761,1
3501,178,23.33333333333333,5.064285714285714,1
3502,245,18.454545454545453,4.763546798029557,1
3503,221,20.33333333333333,4.890710382513661,1
3504,177,17.555555555555557,4.734177215189874,1
3505,176,10.75,4.612403100775194,1
3506,276,22.1,4.986425339366516,1
3507,152,13.444444444444445,4.388429752066116,1
3508,329,21.916666666666668,5.2889733840304185,1
3509,92,8.11111111111111,4.739726027397261,1
3510,239,9.15,4.726775956284153,1
3511,129,16.285714285714285,4.991228070175438,1
3512,200,16.2,5.061728395061729,1
3513,161,12.090909090909092,4.894736842105263,1
3514,326,16.4,5.130081300813008,1
3515,553,14.633333333333333,4.810933940774487,1
3516,18,5.0,5.266666666666667,1
3517,75,11.2,4.875,1
3518,21,7.5,4.266666666666667,1
3519,190,17.0,5.091503267973856,1
3520,341,19.6,4.836734693877551,1
3521,20,9.0,4.277777777777778,1
3522,64,8.333333333333334,5.84,1
3523,654,17.933333333333334,5.0817843866171,1
3524,287,15.0,4.983333333333333,1
3525,340,14.45,4.913494809688581,1
3526,211,16.0,5.232954545454546,1
3527,181,14.8,4.777027027027027,1
3528,681,22.08,4.918478260869565,1
3529,387,15.5,4.82258064516129,1
3530,283,21.454545454545453,5.02542372881356,1
3531,394,22.357142857142858,4.964856230031949,1
3532,257,21.2,5.19811320754717,1
3533,186,17.11111111111111,5.123376623376624,1
3534,102,13.833333333333334,4.578313253012048,1
3535,262,31.0,4.847926267281106,1
3536,203,12.916666666666666,5.180645161290323,1
3537,102,9.11111111111111,4.841463414634147,1
3538,95,25.33333333333333,4.473684210526316,1
3539,20,7.5,5.2,1
3540,364,21.642857142857142,4.6105610561056105,1
3541,608,15.272727272727272,4.833333333333333,1
3542,220,19.5,4.856410256410256,1
3543,364,18.9375,4.950495049504951,1
3544,440,19.105263157894736,5.110192837465565,1
3545,349,13.136363636363637,4.903114186851211,1
3546,82,9.571428571428571,4.865671641791045,1
3547,430,22.8,5.108187134502924,1
3548,175,18.0,5.013888888888889,1
3549,149,17.857142857142858,5.016,1
3550,16,6.5,5.538461538461538,1
3551,293,16.428571428571427,4.739130434782608,1
3552,475,16.47826086956522,4.997361477572559,1
3553,255,19.0,5.0,1
3554,125,15.142857142857142,5.066037735849057,1
3555,337,17.6875,4.819787985865724,1
3556,127,22.4,5.383928571428571,1
3557,390,13.954545454545457,4.973941368078176,1
3558,126,11.875,5.71578947368421,1
3559,216,16.727272727272727,5.255434782608695,1
3560,104,8.2,4.658536585365853,1
3561,125,9.0,4.696969696969697,1
3562,325,21.63636363636364,4.680672268907563,1
3563,366,15.526315789473683,5.115254237288136,1
3564,207,29.666666666666668,4.758426966292135,1
3565,38,10.0,4.733333333333333,1
3566,119,15.833333333333334,4.589473684210526,1
3567,401,15.5,4.492668621700879,1
3568,187,6.333333333333333,4.902255639097745,1
3569,197,15.4,4.863636363636363,1
3570,271,14.133333333333333,5.1745283018867925,1
3571,281,16.76923076923077,5.0,1
3572,198,14.727272727272728,5.253086419753086,1
3573,150,10.833333333333334,4.569230769230769,1
3574,219,21.5,5.180232558139535,1
3575,132,8.666666666666666,4.961538461538462,1
3576,250,23.625,4.962962962962963,1
3577,147,18.0,4.722222222222222,1
3578,147,8.23076923076923,5.0,1
3579,68,9.8,4.836734693877551,1
3580,258,19.8,4.808080808080808,1
3581,34,15.0,5.666666666666667,1
3582,309,31.25,5.728,1
3583,394,16.263157894736842,4.724919093851133,1
3584,108,12.0,5.083333333333333,1
3585,243,17.454545454545453,5.338541666666667,1
3586,185,18.875,5.450331125827814,1
3587,261,19.5,4.4974358974358974,1
3588,343,18.73333333333333,4.491103202846976,1
3589,220,32.0,4.921875,1
3590,203,27.83333333333333,5.023952095808383,1
3591,141,23.2,4.974137931034483,1
3592,245,22.625,5.099447513812155,1
3593,174,10.846153846153848,5.120567375886525,1
3594,246,22.22222222222222,4.81,1
3595,1029,14.491228070175438,4.753026634382566,1
3596,256,12.470588235294118,5.05188679245283,1
3597,580,20.130434782608692,4.913606911447085,1
3598,224,14.5,4.902298850574713,1
3599,273,19.916666666666668,5.01255230125523,1
3600,114,16.333333333333332,4.76530612244898,1
3601,212,11.533333333333331,4.826589595375722,1
3602,344,21.83333333333333,4.793893129770993,1
1,171,24.666666666666668,5.141891891891892,0
2,353,15.36842105263158,5.065068493150685,0
3,252,12.5625,5.09452736318408,0
4,167,17.625,4.815602836879433,0
5,148,22.166666666666668,4.69172932330827,0
6,220,17.454545454545453,5.057291666666667,0
7,219,25.25,4.712871287128713,0
8,199,30.83333333333333,4.875675675675676,0
9,113,19.8,5.101010101010101,0
10,306,16.933333333333334,4.996062992125984,0
11,204,18.2,4.84065934065934,0
12,277,12.157894736842104,5.090909090909091,0
13,299,18.285714285714285,5.29296875,0
14,124,22.0,5.3090909090909095,0
15,160,11.909090909090908,5.190839694656488,0
16,364,17.333333333333332,5.060897435897436,0
17,790,22.70967741935484,5.110795454545454,0
18,213,20.444444444444443,4.902173913043479,0
19,407,15.304347826086955,4.917613636363637,0
20,518,17.0,5.040723981900452,0
21,183,10.066666666666666,5.006622516556291,0
22,303,17.933333333333334,4.535315985130112,0
23,510,17.92,4.892857142857143,0
24,556,18.8,5.0,0
25,159,14.555555555555555,4.66412213740458,0
26,238,20.7,4.608695652173913,0
27,477,28.2,4.789598108747045,0
28,297,17.857142857142858,4.792,0
29,763,12.0,4.62962962962963,0
30,351,25.5,4.944444444444445,0
31,292,16.2,4.674897119341564,0
32,232,19.4,5.27319587628866,0
33,213,21.75,4.839080459770115,0
34,322,21.384615384615383,5.035971223021583,0
35,251,17.083333333333332,4.917073170731707,0
36,527,19.608695652173918,5.221729490022173,0
37,352,23.384615384615383,4.848684210526316,0
38,577,13.666666666666666,5.016260162601626,0
39,346,12.041666666666666,4.539792387543253,0
40,808,11.783333333333331,4.578500707213578,0
41,260,20.363636363636363,5.361607142857143,0
42,451,26.53333333333333,4.972361809045226,0
43,372,22.0,5.284848484848485,0
44,473,22.61111111111111,4.727272727272728,0
45,208,18.6,4.827956989247312,0
46,303,18.357142857142858,5.428015564202335,0
47,867,18.75,4.772,0
48,279,17.214285714285715,4.825726141078838,0
49,337,24.83333333333333,5.211409395973154,0
50,320,22.0,5.390151515151516,0
51,534,10.044444444444444,5.084070796460177,0
52,344,21.928571428571427,5.263843648208469,0
53,264,18.58333333333333,4.887892376681615,0
54,236,18.181818181818183,5.08,0
55,355,24.75,5.744107744107744,0
56,291,23.0,5.075098814229249,0
57,288,23.09090909090909,4.665354330708661,0
58,389,21.866666666666667,5.118902439024391,0
59,253,17.384615384615383,5.172566371681416,0
60,890,17.204545454545453,5.011889035667107,0
61,163,21.666666666666668,4.776923076923077,0
62,803,20.176470588235293,4.864431486880466,0
63,374,21.166666666666668,4.421259842519685,0
64,376,26.384615384615383,5.12536443148688,0
65,413,17.35,4.876080691642652,0
66,329,21.0,5.2312925170068025,0
67,358,27.08333333333333,4.966153846153846,0
68,219,26.571428571428573,4.978494623655914,0
70,419,12.607142857142858,4.781869688385269,0
71,203,17.6,5.028409090909091,0
72,725,16.486486486486488,4.79344262295082,0
73,241,26.375,4.729857819905213,0
74,310,20.846153846153847,5.099630996309963,0
75,373,17.105263157894736,5.012307692307692,0
76,302,18.928571428571427,5.071698113207547,0
77,354,25.166666666666668,5.089403973509934,0
78,141,24.4,5.057377049180328,0
79,371,15.789473684210526,5.256666666666667,0
80,220,21.33333333333333,5.057291666666667,0
81,257,16.428571428571427,5.1695652173913045,0
82,414,20.647058823529413,4.814814814814815,0
83,247,23.55555555555556,5.202830188679245,0
84,526,17.576923076923077,5.240700218818381,0
85,249,15.357142857142858,4.986046511627907,0
86,194,20.875,5.263473053892215,0
87,211,20.22222222222222,4.846153846153846,0
88,199,15.818181818181818,5.448275862068965,0
89,276,14.0625,4.751111111111111,0
90,184,17.0,5.529411764705882,0
91,250,19.363636363636363,4.779342723004695,0
92,189,24.0,4.898809523809524,0
93,561,19.074074074074076,4.990291262135922,0
94,261,20.545454545454547,5.1946902654867255,0
95,382,16.55,5.205438066465256,0
96,173,22.428571428571427,5.171974522292993,0
97,232,10.941176470588236,4.913978494623656,0
98,521,18.375,4.64172335600907,0
99,97,12.0,4.880952380952381,0
100,314,19.428571428571427,5.213235294117647,0
101,176,25.0,5.5,0
102,175,19.25,4.623376623376624,0
103,190,20.125,5.341614906832298,0
104,557,21.90909090909091,4.869294605809128,0
105,832,26.33333333333333,5.472573839662447,0
106,294,16.0,5.25,0
107,323,20.76923076923077,5.125925925925926,0
108,209,20.0,5.038888888888889,0
109,433,25.33333333333333,5.463157894736842,0
110,167,28.8,4.444444444444445,0
111,251,20.63636363636364,4.92511013215859,0
112,163,17.375,5.23021582733813,0
113,405,20.47058823529412,4.652298850574713,0
114,361,23.5,5.045592705167174,0
115,290,16.466666666666665,5.02834008097166,0
116,378,16.57894736842105,4.603174603174603,0
117,362,27.90909090909091,5.247557003257329,0
118,271,34.0,5.697478991596639,0
119,316,17.1875,5.0181818181818185,0
120,670,23.8,4.984873949579832,0
121,382,20.5,4.743902439024391,0
122,246,18.545454545454547,5.063725490196078,0
123,494,23.823529411764707,5.424691358024691,0
124,339,18.73333333333333,4.782918149466192,0
125,238,22.88888888888889,5.165048543689321,0
126,557,21.181818181818183,4.907725321888412,0
127,498,23.105263157894736,5.095671981776765,0
128,472,21.210526315789476,4.935483870967742,0
129,336,21.571428571428573,5.21523178807947,0
130,341,21.307692307692307,5.07942238267148,0
131,368,13.347826086956522,4.703583061889251,0
132,374,15.6,5.112179487179487,0
133,502,27.266666666666666,4.91442542787286,0
134,303,18.642857142857142,4.475095785440613,0
135,355,13.636363636363637,4.833333333333333,0
136,371,21.8,4.990825688073395,0
137,519,18.08,4.800884955752212,0
138,668,17.375,5.176258992805756,0
139,301,18.428571428571427,5.093023255813954,0
140,191,14.363636363636363,4.80379746835443,0
141,333,17.0,4.972318339100346,0
142,238,28.714285714285715,5.014925373134329,0
143,365,24.53846153846154,4.949843260188088,0
144,300,19.071428571428573,4.872659176029963,0
145,892,20.11111111111111,5.015193370165746,0
146,218,36.2,5.016574585635359,0
147,367,18.47058823529412,4.646496815286624,0
148,317,20.384615384615383,5.233962264150944,0
149,545,26.55555555555556,5.058577405857741,0
150,310,19.23076923076923,5.124,0
151,234,21.666666666666668,4.851282051282051,0
152,170,30.2,5.225165562913907,0
153,482,23.5,4.881796690307328,0
154,162,24.166666666666668,4.66896551724138,0
155,203,17.0,4.802139037433155,0
156,419,23.866666666666667,4.991620111731844,0
157,320,16.294117647058822,5.216606498194946,0
158,259,19.08333333333333,5.096069868995633,0
159,712,21.5,4.865448504983389,0
160,381,14.590909090909092,4.838006230529595,0
161,284,16.066666666666666,4.991701244813278,0
162,287,24.4,4.700819672131147,0
163,285,28.33333333333333,4.811764705882353,0
164,545,17.035714285714285,4.746331236897275,0
165,292,19.142857142857142,5.276119402985074,0
166,385,22.133333333333333,5.171686746987952,0
167,148,16.625,4.699248120300752,0
168,264,20.545454545454547,5.039823008849558,0
169,205,24.714285714285715,4.682080924855492,0
170,255,11.411764705882351,4.216494845360825,0
171,355,22.0,5.51948051948052,0
172,217,17.6,4.869318181818182,0
173,233,22.0,4.712121212121212,0
174,161,18.571428571428573,4.6,0
175,316,16.235294117647058,4.601449275362318,0
176,588,17.133333333333333,4.879377431906615,0
177,420,18.05,5.313019390581718,0
178,399,20.47058823529412,5.002873563218391,0
179,159,17.5,5.328571428571428,0
180,645,15.0,4.67037037037037,0
181,225,16.666666666666668,4.58,0
182,410,20.88235294117647,4.76056338028169,0
183,429,18.35,4.833787465940055,0
184,245,21.4,4.785046728971962,0
185,354,14.95,5.053511705685619,0
186,217,14.416666666666666,4.763005780346821,0
187,121,13.857142857142858,4.88659793814433,0
188,263,21.272727272727277,4.688034188034188,0
189,295,19.0,5.19172932330827,0
190,274,18.307692307692307,4.781512605042017,0
191,213,23.25,5.231182795698925,0
192,226,12.058823529411764,4.829268292682927,0
193,255,20.727272727272727,5.368421052631579,0
194,232,21.88888888888889,4.67005076142132,0
195,391,11.928571428571429,5.140718562874252,0
196,388,24.571428571428573,4.816860465116279,0
197,314,29.88888888888889,4.661710037174721,0
198,173,21.142857142857142,5.22972972972973,0
199,109,47.0,5.074468085106383,0
200,289,17.714285714285715,5.012096774193548,0
201,198,14.166666666666666,5.523529411764706,0
202,187,26.33333333333333,4.80379746835443,0
203,174,26.0,4.852564102564102,0
204,221,24.375,4.876923076923077,0
205,199,16.2,4.91358024691358,0
206,218,20.33333333333333,4.808743169398907,0
207,166,20.428571428571427,5.174825174825175,0
208,222,17.90909090909091,5.395939086294416,0
209,162,22.33333333333333,5.029850746268656,0
210,105,16.333333333333332,5.020408163265306,0
211,135,13.444444444444445,4.818181818181818,0
212,166,16.875,4.933333333333334,0
213,157,11.666666666666666,5.55,0
214,228,18.181818181818183,4.65,0
215,95,16.0,4.7625,0
216,110,23.75,4.852631578947369,0
217,105,18.2,4.989010989010989,0
218,139,20.166666666666668,4.991735537190083,0
219,170,11.833333333333334,5.049295774647887,0
220,181,17.444444444444443,4.528662420382165,0
221,187,18.444444444444443,5.397590361445783,0
222,102,15.166666666666666,4.978021978021978,0
223,109,16.5,5.323232323232324,0
224,171,22.428571428571427,4.859872611464968,0
225,296,31.5,4.841269841269841,0
226,128,20.8,5.048076923076923,0
227,148,18.857142857142858,4.909090909090909,0
228,177,15.5,5.374193548387097,0
229,228,17.90909090909091,5.786802030456853,0
230,99,14.166666666666666,5.070588235294117,0
231,145,17.428571428571427,5.114754098360656,0
232,122,10.0,5.26,0
233,141,15.375,5.170731707317073,0
234,96,17.2,4.941860465116279,0
235,236,16.75,5.144278606965174,0
236,458,18.08695652173913,5.185096153846154,0
237,180,32.6,4.846625766871166,0
238,236,24.0,5.199074074074074,0
239,113,21.2,4.377358490566038,0
240,106,15.833333333333334,4.705263157894737,0
241,116,25.5,5.0588235294117645,0
242,86,20.25,4.938271604938271,0
243,171,18.375,5.01360544217687,0
244,109,13.428571428571429,4.957446808510638,0
245,173,22.428571428571427,5.222929936305732,0
246,108,19.6,4.887755102040816,0
247,169,25.83333333333333,5.141935483870967,0
248,199,23.0,5.4728260869565215,0
249,207,19.11111111111111,4.77906976744186,0
250,101,15.8,4.860759493670886,0
251,136,21.166666666666668,4.897637795275591,0
252,167,20.714285714285715,5.006896551724138,0
253,174,15.8,5.246835443037975,0
254,206,10.375,4.740963855421687,0
255,113,26.5,5.40566037735849,0
256,180,23.0,5.3478260869565215,0
257,291,30.625,5.506122448979592,0
258,152,17.0,5.044117647058823,0
259,164,17.75,4.612676056338028,0
260,160,24.666666666666668,5.506756756756757,0
261,266,15.666666666666666,4.868085106382979,0
262,500,5.818181818181818,4.396875,0
263,187,18.0,5.382716049382716,0
264,123,26.25,5.390476190476191,0
265,153,27.6,5.072463768115942,0
266,434,14.36,5.3008356545961,0
267,291,15.875,4.771653543307087,0
268,136,14.5,5.181034482758621,0
269,152,11.0,5.008264462809917,0
270,360,19.875,5.2075471698113205,0
271,133,16.285714285714285,4.824561403508772,0
272,153,12.636363636363637,4.618705035971223,0
273,157,18.714285714285715,4.801526717557252,0
274,233,19.8,4.661616161616162,0
275,170,24.5,4.612244897959184,0
276,356,25.5,4.944444444444445,0
277,193,10.933333333333334,4.597560975609756,0
278,149,22.83333333333333,5.262773722627737,0
279,188,13.75,4.333333333333333,0
280,358,20.33333333333333,5.406557377049181,0
281,168,22.83333333333333,5.321167883211679,0
282,191,24.428571428571427,5.157894736842105,0
283,194,19.11111111111111,4.825581395348837,0
284,216,19.1,4.9267015706806285,0
285,152,22.0,4.727272727272728,0
286,184,17.88888888888889,5.024844720496894,0
287,223,22.22222222222222,4.955,0
288,96,19.5,5.012820512820513,0
289,215,18.0,5.227777777777778,0
290,1063,23.05,5.288503253796096,0
291,323,23.08333333333333,5.310469314079422,0
292,182,15.3,4.496732026143791,0
293,308,14.27777777777778,4.824902723735408,0
294,157,16.75,4.567164179104478,0
295,189,57.333333333333336,5.133720930232558,0
296,136,20.0,5.058333333333334,0
297,176,18.0,4.8580246913580245,0
298,134,18.666666666666668,4.75,0
299,167,16.0,5.138888888888889,0
300,155,19.0,5.0,0
301,161,17.0,5.169117647058823,0
302,141,18.428571428571427,4.744186046511628,0
303,48,8.8,4.477272727272728,0
304,404,18.73684210526316,5.044943820224719,0
305,190,33.0,5.109090909090909,0
306,116,14.428571428571429,5.326732673267327,0
307,133,15.714285714285714,5.709090909090909,0
308,135,14.125,5.442477876106195,0
309,211,20.0,5.277777777777778,0
310,95,10.625,5.141176470588236,0
311,126,13.375,5.186915887850467,0
312,237,18.818181818181817,5.0144927536231885,0
313,17,5.333333333333333,5.9375,0
314,193,17.1,4.760233918128655,0
315,219,16.90909090909091,4.639784946236559,0
316,37,11.0,5.636363636363637,0
317,193,18.55555555555556,5.179640718562874,0
318,355,24.153846153846157,5.121019108280255,0
319,157,14.88888888888889,4.776119402985074,0
320,135,19.83333333333333,5.798319327731092,0
321,170,16.11111111111111,4.841379310344828,0
322,102,16.8,4.75,0
323,111,24.75,4.777777777777778,0
324,122,15.142857142857142,4.537735849056604,0
325,145,10.25,4.455284552845528,0
326,414,20.166666666666668,5.121212121212121,0
327,168,14.0,5.292857142857143,0
328,300,29.22222222222222,4.802281368821292,0
329,69,21.0,5.206349206349207,0
330,146,16.375,5.129770992366412,0
331,170,18.5,4.797297297297297,0
332,103,30.33333333333333,4.769230769230769,0
333,546,14.774193548387096,5.0873362445414845,0
334,139,14.75,4.466101694915254,0
335,140,17.142857142857142,4.958333333333333,0
336,201,22.25,4.97191011235955,0
337,170,16.666666666666668,4.6466666666666665,0
338,213,17.09090909090909,4.824468085106383,0
339,125,18.666666666666668,5.410714285714286,0
340,184,33.6,5.125,0
341,156,22.33333333333333,4.7164179104477615,0
342,438,16.652173913043477,5.070496083550914,0
343,131,16.285714285714285,5.2105263157894735,0
344,105,19.0,4.326315789473684,0
345,187,20.0,4.70625,0
346,353,8.382352941176471,4.726315789473684,0
347,137,25.0,5.456,0
348,130,29.75,4.899159663865547,0
349,271,13.941176470588236,4.717299578059071,0
350,209,15.083333333333334,5.060773480662983,0
351,421,20.55555555555556,5.148648648648648,0
352,203,19.77777777777778,4.713483146067416,0
353,75,16.25,5.184615384615385,0
354,180,13.5,5.148148148148148,0
355,264,22.2,5.355855855855856,0
356,272,19.25,5.038961038961039,0
357,279,21.727272727272727,5.179916317991632,0
358,212,24.0,4.817708333333333,0
359,185,11.846153846153848,4.720779220779221,0
360,280,18.285714285714285,4.68359375,0
361,130,10.6,4.971698113207547,0
362,94,13.833333333333334,4.614457831325301,0
363,589,16.466666666666665,4.975708502024292,0
364,113,25.25,4.98019801980198,0
365,101,17.2,5.441860465116279,0
366,106,19.2,4.645833333333333,0
367,192,22.428571428571427,4.67515923566879,0
368,76,13.6,5.367647058823529,0
369,144,13.11111111111111,5.305084745762712,0
370,159,17.875,4.727272727272728,0
371,147,13.666666666666666,4.471544715447155,0
372,227,24.5,4.770408163265306,0
373,90,19.75,4.367088607594937,0
374,131,16.0,5.285714285714286,0
375,297,20.153846153846157,4.477099236641221,0
376,174,26.0,4.666666666666667,0
377,210,12.5,4.48,0
378,152,16.375,5.022900763358779,0
379,518,19.91304347826087,4.62882096069869,0
380,325,19.357142857142858,4.708487084870849,0
381,81,11.833333333333334,5.169014084507042,0
382,572,17.142857142857142,4.9875,0
383,186,16.5,4.684848484848485,0
384,252,20.181818181818183,5.513513513513513,0
385,148,21.33333333333333,5.4140625,0
386,162,15.0,5.037037037037037,0
387,183,12.538461538461538,4.932515337423313,0
388,274,34.42857142857143,4.892116182572615,0
389,351,18.41176470588235,4.977635782747604,0
390,148,17.571428571428573,5.2926829268292686,0
391,162,13.555555555555555,4.352459016393443,0
392,677,16.22222222222222,4.912671232876712,0
393,139,15.25,5.139344262295082,0
394,334,18.125,4.879310344827586,0
395,136,12.0,4.35,0
396,180,22.714285714285715,5.081761006289308,0
397,268,28.75,4.995652173913044,0
398,232,15.615384615384617,4.862068965517241,0
399,290,15.8125,4.988142292490118,0
400,337,15.421052631578949,4.747440273037543,0
401,347,19.266666666666666,4.899653979238754,0
402,186,15.8,5.056962025316456,0
403,18,8.5,5.823529411764706,0
404,181,17.444444444444443,4.78343949044586,0
405,230,17.545454545454547,5.119170984455959,0
406,135,16.285714285714285,5.307017543859649,0
407,205,29.83333333333333,4.793296089385475,0
408,127,28.5,4.93859649122807,0
409,498,24.944444444444443,5.006681514476615,0
410,225,19.8,4.94949494949495,0
411,394,24.666666666666668,5.037162162162162,0
412,191,12.615384615384617,4.835365853658536,0
413,84,14.4,4.888888888888889,0
414,168,14.7,5.27891156462585,0
415,207,15.166666666666666,5.038461538461538,0
416,592,21.375,4.992202729044834,0
417,156,17.125,4.708029197080292,0
418,173,15.4,4.8896103896103895,0
419,176,51.66666666666666,4.612903225806452,0
420,186,20.25,5.191358024691358,0
421,208,17.09090909090909,5.202127659574468,0
422,149,14.666666666666666,4.325757575757576,0
423,368,16.2,5.101851851851852,0
424,334,13.142857142857142,4.608695652173913,0
425,41,13.0,4.641025641025641,0
426,255,18.916666666666668,4.546255506607929,0
427,76,16.5,5.303030303030303,0
428,414,20.27777777777778,5.041095890410959,0
429,220,21.11111111111111,4.636842105263158,0
430,548,15.966666666666669,5.181628392484343,0
431,274,26.55555555555556,4.677824267782427,0
432,605,18.892857142857142,4.846880907372401,0
433,235,13.666666666666666,5.2,0
434,98,10.875,4.425287356321839,0
435,157,16.875,5.222222222222222,0
436,191,17.2,4.726744186046512,0
437,213,21.33333333333333,5.260416666666667,0
438,237,14.5,5.133004926108375,0
439,323,23.75,5.056140350877193,0
440,155,11.818181818181818,5.007692307692308,0
441,273,22.272727272727277,4.83265306122449,0
442,183,18.33333333333333,4.993939393939394,0
443,108,18.8,4.968085106382978,0
444,191,14.636363636363637,4.782608695652174,0
445,181,20.125,4.944099378881988,0
446,204,17.9,5.083798882681564,0
447,259,14.866666666666667,4.99103139013453,0
448,167,12.333333333333334,5.155405405405405,0
449,211,18.5,4.805405405405406,0
450,192,14.636363636363637,5.086956521739131,0
451,275,19.666666666666668,4.737288135593221,0
452,129,14.0,5.255102040816326,0
453,274,20.0,5.091666666666667,0
454,237,18.818181818181817,4.48792270531401,0
455,419,20.27777777777778,4.909589041095891,0
456,403,11.666666666666666,4.625714285714285,0
457,190,16.3,5.196319018404908,0
458,352,25.5,5.091503267973856,0
459,170,19.125,5.222222222222222,0
460,349,26.818181818181817,5.081355932203389,0
461,158,29.2,4.7465753424657535,0
462,136,18.166666666666668,5.412844036697248,0
463,160,21.142857142857142,5.101351351351352,0
464,310,24.545454545454547,4.770370370370371,0
465,216,23.5,4.632978723404255,0
466,133,18.83333333333333,4.716814159292035,0
467,296,18.0,4.686507936507937,0
468,305,18.857142857142858,5.515151515151516,0
469,348,19.266666666666666,5.131487889273356,0
470,413,18.4,5.127717391304348,0
471,365,14.476190476190476,4.476973684210527,0
472,278,16.857142857142858,5.266949152542373,0
473,239,14.785714285714286,4.603864734299517,0
474,185,14.818181818181818,4.871165644171779,0
475,286,14.882352941176473,5.07905138339921,0
476,233,23.33333333333333,4.838095238095238,0
477,402,10.79310344827586,5.277955271565495,0
478,306,19.0,4.981203007518797,0
479,90,15.0,5.16,0
480,27,12.0,4.833333333333333,0
481,151,19.285714285714285,4.45925925925926,0
482,184,15.2,4.789473684210527,0
483,223,21.88888888888889,4.67005076142132,0
484,146,15.0,4.975,0
485,316,16.11764705882353,5.273722627737226,0
486,263,22.3,4.654708520179372,0
487,279,18.53846153846154,4.821576763485477,0
488,277,18.07692307692308,5.076595744680851,0
489,192,23.714285714285715,5.0120481927710845,0
490,45,10.5,5.238095238095238,0
491,209,20.11111111111111,4.49171270718232,0
492,639,21.07692307692308,5.198905109489052,0
493,196,19.0,4.140350877192983,0
494,156,19.714285714285715,4.507246376811594,0
495,135,20.666666666666668,5.169354838709677,0
496,297,26.5,5.184905660377359,0
497,133,19.666666666666668,4.966101694915254,0
498,312,20.923076923076923,4.566176470588236,0
499,130,13.75,4.736363636363636,0
500,268,14.25,4.890350877192983,0
501,386,20.875,5.0,0
502,464,19.0,5.007177033492823,0
503,161,13.4,4.888059701492537,0
504,141,18.285714285714285,4.7734375,0
505,115,20.4,4.901960784313726,0
506,267,13.941176470588236,4.936708860759493,0
507,150,21.0,5.071428571428571,0
508,682,21.85185185185185,5.196610169491525,0
509,167,11.692307692307692,5.032894736842105,0
510,361,16.94736842105263,5.27639751552795,0
511,454,19.4,4.510309278350515,0
512,308,18.2,4.805860805860806,0
513,488,14.75,4.929782082324455,0
514,338,22.76923076923077,5.206081081081081,0
515,227,20.1,5.159203980099503,0
516,218,19.2,5.145833333333333,0
517,290,26.4,5.446969696969697,0
518,425,19.36842105263158,5.192934782608695,0
519,423,13.555555555555555,4.89344262295082,0
520,461,21.789473684210527,4.42512077294686,0
521,494,18.08695652173913,4.966346153846154,0
522,279,20.5,5.313008130081301,0
523,196,19.33333333333333,5.275862068965517,0
524,315,18.73333333333333,5.00355871886121,0
525,289,18.846153846153847,4.963265306122449,0
526,319,20.214285714285715,5.014134275618375,0
527,170,16.555555555555557,4.604026845637584,0
528,99,14.666666666666666,4.965909090909091,0
529,185,28.33333333333333,5.047058823529412,0
530,222,19.7,4.898477157360406,0
531,618,16.424242424242426,4.964944649446495,0
532,175,18.875,5.19205298013245,0
533,149,18.428571428571427,5.217054263565892,0
534,188,17.3,5.069364161849711,0
535,168,28.4,5.056338028169014,0
536,190,16.5,4.884848484848485,0
537,57,13.0,4.980769230769231,0
538,376,20.866666666666667,5.067092651757188,0
539,425,21.764705882352946,4.716216216216216,0
540,192,18.22222222222222,5.402439024390244,0
541,109,19.4,4.711340206185567,0
542,532,22.19047619047619,5.07725321888412,0
543,187,23.428571428571427,5.579268292682927,0
544,270,16.0,4.766666666666667,0
545,126,14.714285714285714,4.854368932038835,0
546,215,14.666666666666666,4.7727272727272725,0
547,362,22.571428571428573,5.025316455696203,0
548,142,18.142857142857142,5.283464566929134,0
549,354,14.9,5.077181208053691,0
550,504,15.357142857142858,5.097674418604651,0
551,167,15.444444444444445,4.992805755395684,0
552,170,25.83333333333333,4.980645161290322,0
553,106,15.5,5.150537634408602,0
554,404,15.227272727272728,5.008955223880597,0
555,230,18.63636363636364,5.204878048780488,0
556,324,16.058823529411764,5.216117216117216,0
557,106,15.666666666666666,4.925531914893617,0
558,480,28.6,5.048951048951049,0
559,115,15.5,5.333333333333333,0
560,188,25.142857142857142,4.801136363636363,0
561,305,23.90909090909091,4.969581749049429,0
562,36,17.0,4.0588235294117645,0
563,161,11.583333333333334,4.956834532374101,0
564,480,15.51851851851852,5.042959427207637,0
565,179,13.818181818181818,4.822368421052632,0
566,339,18.933333333333334,4.894366197183099,0
567,278,22.181818181818183,4.959016393442623,0
568,298,18.214285714285715,5.2745098039215685,0
569,240,20.09090909090909,4.773755656108597,0
570,200,15.545454545454543,4.368421052631579,0
571,785,16.571428571428573,4.873563218390805,0
572,311,20.692307692307693,4.843866171003717,0
573,241,19.09090909090909,5.152380952380953,0
574,298,18.285714285714285,4.88671875,0
575,299,14.22222222222222,4.76953125,0
576,298,16.666666666666668,5.216,0
577,271,18.692307692307693,4.584362139917696,0
578,237,15.076923076923077,4.933673469387755,0
579,73,14.5,5.327586206896552,0
580,369,17.944444444444443,4.928792569659443,0
581,361,29.09090909090909,4.784375,0
582,78,17.5,5.314285714285714,0
583,261,19.90909090909091,5.068493150684931,0
584,599,22.956521739130437,4.708333333333333,0
585,291,21.666666666666668,5.130769230769231,0
586,430,16.90909090909091,4.57258064516129,0
587,280,18.53846153846154,4.651452282157677,0
588,179,19.5,5.461538461538462,0
589,74,15.5,4.870967741935484,0
590,299,18.785714285714285,4.965779467680608,0
591,607,22.33333333333333,5.0914179104477615,0
592,191,21.5,4.947674418604652,0
593,212,21.444444444444443,4.922279792746114,0
594,821,21.08823529411765,5.00278940027894,0
595,235,14.5,4.758620689655173,0
596,413,17.45,4.893982808022923,0
597,437,20.944444444444443,4.848806366047746,0
598,167,14.5,4.758620689655173,0
599,43,9.75,5.17948717948718,0
600,167,12.545454545454543,4.420289855072464,0
601,34,9.666666666666666,5.103448275862069,0
602,244,15.785714285714286,4.95475113122172,0
603,311,15.882352941176473,4.848148148148148,0
604,640,16.294117647058822,5.126353790613718,0
605,76,14.2,4.619718309859155,0
606,295,18.428571428571427,5.058139534883721,0
607,201,26.428571428571427,5.059459459459459,0
608,111,24.0,5.208333333333333,0
609,436,17.952380952380953,5.047745358090186,0
610,661,21.666666666666668,5.126495726495727,0
611,357,18.875,4.513245033112582,0
612,113,8.909090909090908,4.612244897959184,0
613,276,25.1,5.051792828685259,0
614,217,28.285714285714285,5.025252525252525,0
615,310,18.133333333333333,4.819852941176471,0
616,289,26.2,5.213740458015267,0
617,331,19.066666666666663,4.846153846153846,0
618,121,15.0,4.971428571428572,0
619,294,23.63636363636364,4.953846153846154,0
620,225,19.5,5.133333333333334,0
621,200,19.22222222222222,5.3468208092485545,0
622,255,23.55555555555556,5.099056603773585,0
623,267,21.545454545454547,4.970464135021097,0
624,99,18.0,4.644444444444445,0
625,343,16.88888888888889,5.296052631578948,0
626,527,21.95,4.956719817767654,0
627,360,21.2,5.0,0
628,276,16.785714285714285,4.8,0
629,195,13.666666666666666,4.975609756097561,0
630,163,19.714285714285715,4.557971014492754,0
631,606,28.72222222222222,5.160541586073501,0
632,198,21.0,5.309523809523809,0
633,540,21.454545454545453,4.9491525423728815,0
634,230,15.846153846153848,4.941747572815534,0
635,515,15.03448275862069,4.889908256880734,0
636,74,11.8,4.627118644067797,0
637,366,24.46153846153846,5.226415094339623,0
638,644,22.956521739130437,4.71780303030303,0
639,341,15.15,4.887788778877888,0
640,253,12.61111111111111,4.748898678414097,0
641,136,20.83333333333333,5.184,0
642,320,21.76923076923077,5.070671378091872,0
643,312,14.68421052631579,4.989247311827957,0
644,79,22.666666666666668,4.352941176470588,0
645,532,17.615384615384617,4.764192139737991,0
646,244,16.615384615384617,4.62962962962963,0
647,397,13.875,4.882882882882883,0
648,289,13.5,5.374485596707819,0
649,216,27.0,4.984126984126984,0
650,15,7.0,6.5,0
651,299,14.38888888888889,5.015444015444015,0
652,370,20.866666666666667,4.782747603833866,0
653,115,26.25,5.428571428571429,0
654,161,15.77777777777778,5.274647887323944,0
655,177,21.714285714285715,4.894736842105263,0
656,160,19.857142857142858,5.244604316546763,0
657,485,18.90909090909091,5.007211538461538,0
658,189,20.0,4.38125,0
659,365,23.5,4.653495440729484,0
660,91,15.6,5.064102564102564,0
661,216,21.22222222222222,5.0785340314136125,0
662,334,20.785714285714285,4.72852233676976,0
663,250,18.33333333333333,4.4409090909090905,0
664,143,15.0,4.933333333333334,0
665,443,42.66666666666666,5.434895833333333,0
666,219,17.181818181818183,4.9523809523809526,0
667,305,16.5,5.083333333333333,0
668,323,15.666666666666666,4.960992907801418,0
669,918,19.166666666666668,5.0111801242236025,0
670,151,27.2,5.102941176470588,0
671,364,18.58823529411765,4.920886075949367,0
672,280,20.25,5.02880658436214,0
673,244,18.90909090909091,5.264423076923077,0
674,534,21.227272727272727,4.991434689507495,0
675,262,19.08333333333333,4.327510917030568,0
676,239,15.571428571428571,4.977064220183486,0
677,196,21.75,4.781609195402299,0
678,136,29.5,5.093220338983051,0
679,179,14.0,4.564935064935065,0
680,258,16.071428571428573,4.808888888888889,0
681,169,16.666666666666668,4.666666666666667,0
682,160,13.7,4.948905109489052,0
683,172,13.454545454545457,5.25,0
684,185,14.272727272727272,4.929936305732484,0
685,360,15.68421052631579,4.9865771812080535,0
686,128,13.75,4.354545454545455,0
687,416,17.0,5.165266106442577,0
688,160,22.166666666666668,5.24812030075188,0
689,143,14.22222222222222,4.890625,0
690,114,9.88888888888889,4.876404494382022,0
691,292,32.375,4.586872586872587,0
692,319,18.33333333333333,4.614545454545454,0
693,219,17.636363636363637,4.938144329896907,0
694,286,19.916666666666668,5.192468619246862,0
695,192,22.857142857142858,5.18125,0
696,242,21.6,4.944444444444445,0
698,204,17.3,5.023121387283237,0
699,246,19.272727272727277,5.080188679245283,0
700,227,19.2,4.692708333333333,0
701,153,16.625,4.834586466165414,0
702,208,21.625,5.005780346820809,0
703,220,18.7,4.770053475935829,0
704,309,21.153846153846157,5.1454545454545455,0
705,105,18.0,5.277777777777778,0
706,886,21.457142857142856,4.881491344873502,0
707,379,17.263157894736842,4.978658536585366,0
708,170,18.875,5.3841059602649,0
709,317,20.285714285714285,4.795774647887324,0
710,418,19.88888888888889,5.167597765363128,0
711,214,26.428571428571427,4.827027027027027,0
712,172,25.0,4.8,0
713,188,13.166666666666666,4.670886075949367,0
714,311,16.058823529411764,5.087912087912088,0
715,220,17.545454545454547,4.83419689119171,0
716,190,20.25,5.314814814814815,0
717,441,23.125,5.086486486486487,0
718,130,29.0,5.275862068965517,0
719,244,16.846153846153847,4.744292237442922,0
720,355,25.5,4.980392156862745,0
721,417,14.16,5.194915254237288,0
722,133,20.5,5.138211382113822,0
723,329,21.357142857142858,4.976588628762542,0
724,201,19.11111111111111,5.093023255813954,0
725,270,23.5,4.863829787234042,0
726,218,21.22222222222222,5.193717277486911,0
727,148,16.875,5.007407407407407,0
728,333,16.352941176470587,4.848920863309353,0
729,750,19.08823529411765,5.143297380585516,0
730,207,14.916666666666666,4.988826815642458,0
731,802,23.06896551724138,5.025411061285501,0
732,391,19.22222222222222,4.765895953757226,0
733,200,22.0,4.6477272727272725,0
734,355,16.210526315789473,5.12987012987013,0
735,391,18.210526315789476,4.791907514450867,0
736,260,20.818181818181817,4.882096069868996,0
737,415,22.9375,4.855585831062671,0
738,269,20.454545454545453,4.746666666666667,0
739,197,13.461538461538462,4.817142857142857,0
740,238,13.733333333333333,5.228155339805825,0
741,444,15.2,4.973684210526316,0
742,161,17.5,4.935714285714286,0
743,128,23.2,5.612068965517241,0
744,183,20.875,4.862275449101796,0
745,257,18.08333333333333,5.391705069124424,0
746,230,20.4,4.838235294117647,0
747,125,21.8,4.412844036697248,0
748,398,20.41176470588235,5.524495677233429,0
749,229,33.5,5.348258706467662,0
750,359,16.05,4.672897196261682,0
751,285,20.08333333333333,5.116182572614108,0
752,123,15.142857142857142,5.056603773584905,0
753,318,24.272727272727277,4.741573033707865,0
754,603,18.785714285714285,5.17680608365019,0
755,90,13.5,5.283950617283951,0
756,376,18.88235294117647,4.909657320872274,0
757,341,19.53333333333333,4.996587030716723,0
758,385,16.047619047619047,4.439169139465875,0
759,431,17.272727272727273,4.568421052631579,0
760,91,27.33333333333333,5.121951219512195,0
761,192,20.75,4.813253012048193,0
762,135,17.0,4.798319327731092,0
763,127,18.5,5.072072072072072,0
764,310,19.714285714285715,4.898550724637682,0
765,212,17.0,4.839572192513369,0
766,165,17.375,5.388489208633094,0
767,219,23.375,5.042780748663102,0
768,226,9.833333333333334,4.734463276836158,0
769,66,10.8,4.907407407407407,0
770,220,23.5,4.904255319148936,0
771,68,15.5,5.354838709677419,0
772,98,17.2,4.965116279069767,0
773,373,23.071428571428573,5.052631578947368,0
774,223,27.857142857142858,4.605128205128205,0
775,144,24.8,4.983870967741935,0
776,135,16.571428571428573,5.224137931034483,0
777,124,16.666666666666668,5.39,0
778,180,9.6875,4.967741935483871,0
779,178,16.555555555555557,5.510067114093959,0
780,270,26.88888888888889,5.107438016528926,0
781,456,19.047619047619047,5.0025,0
782,200,16.9,5.124260355029586,0
783,157,13.8,4.413043478260869,0
784,215,20.33333333333333,4.704918032786885,0
785,299,21.75,4.950191570881226,0
786,177,14.0,4.831168831168832,0
787,124,22.0,5.454545454545454,0
788,24,6.666666666666667,4.5,0
789,107,20.0,4.34,0
790,153,22.166666666666668,4.458646616541353,0
791,229,25.375,4.74384236453202,0
792,123,18.33333333333333,5.127272727272727,0
793,424,22.75,4.728021978021978,0
794,187,40.25,4.720496894409938,0
795,271,14.125,4.774336283185841,0
796,236,12.625,5.0495049504950495,0
797,221,17.09090909090909,5.2712765957446805,0
798,273,16.5,4.614718614718615,0
799,124,21.4,4.990654205607477,0
800,128,12.11111111111111,4.568807339449541,0
801,215,11.333333333333334,5.541176470588235,0
802,109,10.77777777777778,5.298969072164948,0
803,174,27.0,5.061728395061729,0
804,264,28.125,5.226666666666667,0
805,96,14.0,5.25,0
806,224,21.0,4.677248677248677,0
807,199,22.375,5.022346368715084,0
808,365,19.0,4.786377708978328,0
809,118,17.833333333333332,4.392523364485982,0
810,121,17.333333333333332,4.576923076923077,0
811,360,15.8,5.05379746835443,0
812,260,19.166666666666668,4.930434782608696,0
813,110,11.75,5.031914893617022,0
814,257,21.272727272727277,5.128205128205129,0
815,139,14.5,4.758620689655173,0
816,115,11.11111111111111,4.85,0
817,312,11.590909090909092,5.180392156862745,0
818,470,20.6,4.650485436893204,0
819,114,25.5,4.872549019607843,0
820,356,20.6,5.3042071197411005,0
821,118,17.166666666666668,4.669902912621359,0
822,132,19.166666666666668,5.3130434782608695,0
823,210,25.428571428571427,5.477528089887641,0
824,111,23.75,5.368421052631579,0
825,303,24.09090909090909,4.811320754716981,0
826,143,13.666666666666666,4.67479674796748,0
827,308,20.846153846153847,5.280442804428044,0
828,322,21.923076923076923,5.143859649122807,0
829,365,25.384615384615383,4.948484848484848,0
830,83,8.11111111111111,5.027397260273973,0
831,279,14.411764705882351,4.90204081632653,0
832,246,14.2,4.586854460093897,0
833,189,16.6,4.536144578313253,0
834,109,33.333333333333336,4.76,0
835,566,19.192307692307693,4.875751503006012,0
836,463,18.5,4.697788697788698,0
837,235,14.785714285714286,5.338164251207729,0
838,309,24.818181818181817,4.6923076923076925,0
839,267,22.181818181818183,4.823770491803279,0
840,243,19.818181818181817,4.967889908256881,0
841,110,16.0,4.625,0
842,52,9.2,4.543478260869565,0
843,126,11.77777777777778,4.632075471698113,0
844,101,31.33333333333333,4.712765957446808,0
845,251,17.333333333333332,5.274038461538462,0
846,542,19.75,4.867088607594937,0
847,207,23.375,4.737967914438503,0
848,274,19.33333333333333,5.004310344827586,0
849,223,17.545454545454547,5.331606217616581,0
850,195,17.4,4.609195402298851,0
851,157,20.714285714285715,4.972413793103448,0
852,145,21.0,5.095238095238095,0
853,372,19.058823529411764,4.839506172839506,0
854,242,19.272727272727277,5.117924528301887,0
855,163,17.375,4.9640287769784175,0
856,171,18.75,5.12,0
857,70,14.75,5.338983050847458,0
858,370,17.333333333333332,4.759615384615385,0
859,142,14.11111111111111,4.724409448818897,0
860,181,19.5,5.173076923076923,0
861,239,14.928571428571429,4.8708133971291865,0
862,181,23.142857142857142,4.753086419753086,0
863,188,11.461538461538462,4.8389261744966445,0
864,198,21.875,5.1085714285714285,0
865,176,16.22222222222222,4.6506849315068495,0
866,500,23.77777777777778,5.123831775700935,0
867,160,19.428571428571427,4.926470588235294,0
868,198,16.7,5.455089820359281,0
869,232,24.75,4.656565656565657,0
870,162,49.0,4.659863945578231,0
871,306,29.55555555555556,5.048872180451128,0
872,153,12.2,4.475409836065574,0
873,90,10.857142857142858,5.0131578947368425,0
874,329,21.53846153846154,4.564285714285714,0
875,226,19.4,5.463917525773196,0
876,362,18.352941176470587,5.198717948717949,0
877,161,14.2,5.028169014084507,0
878,150,10.583333333333334,5.409448818897638,0
879,214,19.1,4.9057591623036645,0
880,138,24.4,5.327868852459017,0
881,227,21.666666666666668,4.7846153846153845,0
882,82,17.5,5.342857142857143,0
883,148,19.428571428571427,5.161764705882353,0
884,29,13.0,5.153846153846154,0
885,609,18.785714285714285,4.686311787072244,0
886,107,15.0,5.344444444444444,0
887,120,22.0,4.927272727272728,0
888,281,25.2,4.408730158730159,0
889,464,12.6,4.873015873015873,0
890,145,14.555555555555555,4.809160305343512,0
891,237,17.083333333333332,4.868292682926829,0
892,159,22.666666666666668,5.095588235294118,0
893,155,19.428571428571427,4.941176470588236,0
894,227,14.714285714285714,4.495145631067961,0
895,230,10.77777777777778,4.541237113402062,0
896,99,29.0,5.390804597701149,0
897,441,17.545454545454547,4.831606217616581,0
898,241,21.0,4.814285714285714,0
899,255,21.4,4.775700934579439,0
900,354,18.6875,5.404682274247492,0
901,34,9.666666666666666,4.827586206896552,0
902,360,33.666666666666664,5.627062706270627,0
903,532,16.59259259259259,4.502232142857143,0
904,198,24.428571428571427,5.4035087719298245,0
905,218,21.666666666666668,4.758974358974359,0
906,107,33.666666666666664,4.900990099009901,0
907,956,15.830188679245284,5.078665077473183,0
908,293,18.214285714285715,4.807843137254902,0
909,112,16.333333333333332,4.73469387755102,0
910,192,24.285714285714285,4.805882352941176,0
911,50,14.666666666666666,4.909090909090909,0
912,207,11.625,5.064516129032258,0
913,201,18.2,4.824175824175824,0
914,296,18.571428571428573,4.373076923076923,0
915,207,13.666666666666666,3.9939024390243913,0
916,396,16.3,4.54601226993865,0
917,118,10.2,4.813725490196078,0
918,160,13.0,4.405594405594406,0
919,66,13.5,4.981481481481482,0
920,295,11.333333333333334,4.546218487394958,0
921,164,10.916666666666666,4.793893129770993,0
922,124,19.5,4.760683760683761,0
923,218,37.8,5.470899470899471,0
924,210,14.461538461538462,4.904255319148936,0
925,103,14.5,4.896551724137931,0
926,85,9.375,4.84,0
927,509,15.464285714285714,4.886836027713626,0
928,135,16.857142857142858,5.0,0
929,374,20.6875,4.966767371601208,0
930,49,11.0,5.5,0
931,264,26.444444444444443,4.88655462184874,0
932,483,18.727272727272727,4.703883495145631,0
933,433,17.727272727272727,4.792307692307692,0
934,150,12.8,5.3515625,0
935,274,16.714285714285715,4.923076923076923,0
936,158,17.375,5.129496402877698,0
937,194,11.428571428571429,4.7375,0
938,114,14.571428571428571,4.470588235294118,0
939,35,10.333333333333334,4.548387096774194,0
940,194,24.428571428571427,5.128654970760234,0
941,161,13.5,5.214814814814815,0
942,117,15.428571428571429,4.888888888888889,0
943,351,17.88235294117647,5.121710526315789,0
944,21,9.5,6.157894736842105,0
945,239,17.0,5.0588235294117645,0
946,147,14.333333333333334,5.294573643410852,0
947,133,10.909090909090908,4.65,0
948,152,18.142857142857142,5.05511811023622,0
949,284,24.8,4.995967741935484,0
950,107,19.4,5.041237113402062,0
951,213,11.5,5.135869565217392,0
952,222,18.09090909090909,4.834170854271357,0
953,130,24.0,4.733333333333333,0
954,198,21.625,4.965317919075145,0
955,441,27.928571428571427,5.069053708439898,0
956,184,20.75,5.253012048192771,0
957,179,15.5,4.335483870967742,0
958,25,5.75,4.695652173913044,0
959,641,21.11111111111111,5.159649122807018,0
960,152,18.285714285714285,5.1171875,0
961,39,11.666666666666666,4.8,0
962,222,16.416666666666668,4.771573604060913,0
963,376,22.714285714285715,5.20440251572327,0
964,250,14.785714285714286,4.560386473429952,0
965,170,10.846153846153848,5.163120567375887,0
966,197,19.88888888888889,5.039106145251397,0
967,102,12.714285714285714,5.258426966292135,0
968,118,16.666666666666668,4.93,0
969,376,17.842105263157894,5.150442477876106,0
970,163,12.083333333333334,5.020689655172414,0
971,334,17.764705882352942,4.791390728476821,0
972,155,13.88888888888889,5.408,0
973,183,16.0,5.45,0
974,169,15.88888888888889,5.160839160839161,0
975,379,13.625,4.776758409785932,0
976,176,22.428571428571427,5.127388535031847,0
977,178,12.416666666666666,4.97986577181208,0
978,20,8.5,4.0588235294117645,0
979,266,23.7,4.966244725738397,0
980,298,13.157894736842104,4.856,0
981,129,23.0,4.930434782608696,0
982,152,18.285714285714285,4.9140625,0
983,210,18.8,5.127659574468085,0
984,291,17.0,4.901960784313726,0
985,139,20.0,4.541666666666667,0
986,236,22.444444444444443,4.712871287128713,0
987,238,19.0,4.961722488038277,0
988,217,11.75,4.611702127659575,0
989,169,37.0,4.851351351351352,0
990,122,21.2,4.90566037735849,0
991,282,23.0,4.877470355731226,0
992,174,22.285714285714285,4.910256410256411,0
993,92,21.5,5.127906976744186,0
994,80,16.5,4.545454545454546,0
995,185,23.285714285714285,5.085889570552148,0
996,152,19.0,4.87218045112782,0
997,309,23.0,5.134057971014493,0
998,124,10.8,4.407407407407407,0
999,489,23.33333333333333,4.714285714285714,0
1000,653,28.6,5.241258741258742,0
1001,133,23.0,4.965217391304348,0
1002,107,13.285714285714286,5.021505376344086,0
1003,110,8.909090909090908,4.785714285714286,0
1004,237,26.125,5.090909090909091,0
1005,100,12.571428571428571,4.727272727272728,0
1006,208,26.428571428571427,4.864864864864865,0
1007,308,10.791666666666666,4.7335907335907335,0
1008,182,14.181818181818182,5.057692307692308,0
1009,214,16.636363636363637,4.923497267759563,0
1010,119,13.857142857142858,5.144329896907217,0
1011,841,12.758620689655173,4.335135135135135,0
1012,211,23.25,5.360215053763441,0
1013,119,15.428571428571429,4.462962962962963,0
1014,546,20.0,4.733333333333333,0
1015,221,17.181818181818183,4.904761904761905,0
1016,268,12.61111111111111,4.356828193832599,0
1017,100,17.6,4.784090909090909,0
1018,144,16.125,5.015503875968992,0
1019,195,29.166666666666668,4.988571428571428,0
1020,215,18.7,5.128342245989304,0
1021,425,21.823529411764707,5.051212938005391,0
1022,164,20.714285714285715,4.979310344827586,0
1023,228,15.461538461538462,4.91542288557214,0
1024,112,19.4,4.701030927835052,0
1025,83,18.25,5.328767123287672,0
1026,260,19.83333333333333,4.831932773109243,0
1027,112,16.5,5.141414141414141,0
1028,141,20.83333333333333,5.128,0
1029,106,30.0,5.166666666666667,0
1030,112,13.142857142857142,5.108695652173913,0
1031,99,17.2,4.72093023255814,0
1032,151,18.714285714285715,5.282442748091603,0
1033,145,17.571428571428573,4.658536585365853,0
1034,223,14.214285714285714,4.542713567839196,0
1035,200,44.0,5.107954545454546,0
1036,123,16.833333333333332,5.227722772277228,0
1037,307,18.133333333333333,4.838235294117647,0
1038,105,19.0,4.621052631578947,0
1039,150,11.363636363636363,5.064,0
1040,109,24.0,5.010416666666667,0
1041,123,17.0,4.803921568627451,0
1042,85,15.2,4.052631578947368,0
1043,257,20.181818181818183,4.603603603603603,0
1044,74,13.0,4.061538461538461,0
1045,191,18.33333333333333,5.0,0
1046,337,13.952380952380953,4.648464163822526,0
1047,222,27.714285714285715,4.953608247422681,0
1048,114,13.857142857142858,5.443298969072165,0
1049,111,13.0,4.725274725274725,0
1050,155,18.857142857142858,5.303030303030303,0
1051,197,18.77777777777778,4.224852071005917,0
1052,207,22.625,4.718232044198895,0
1053,625,16.484848484848484,4.689338235294118,0
1054,171,25.83333333333333,5.406451612903226,0
1055,84,25.33333333333333,5.223684210526316,0
1056,191,15.090909090909092,4.843373493975903,0
1057,271,15.133333333333333,5.044052863436123,0
1058,96,17.6,4.8977272727272725,0
1059,349,21.857142857142858,5.0359477124183005,0
1060,154,22.83333333333333,5.124087591240876,0
1061,339,15.526315789473683,4.8915254237288135,0
1062,142,11.0,4.754545454545455,0
1063,201,22.0,4.8977272727272725,0
1064,173,25.0,5.026666666666666,0
1065,194,21.375,4.678362573099415,0
1066,263,23.4,5.1923076923076925,0
1067,212,19.88888888888889,5.329608938547486,0
1068,294,14.9375,4.899581589958159,0
1069,160,16.75,4.798507462686567,0
1070,21,9.5,5.526315789473684,0
1071,218,16.666666666666668,5.11,0
1072,270,23.5,4.706382978723404,0
1073,160,13.4,5.2611940298507465,0
1074,190,21.142857142857142,5.033783783783784,0
1075,272,20.08333333333333,5.1037344398340245,0
1076,106,23.5,5.191489361702128,0
1077,312,19.357142857142858,4.77859778597786,0
1078,155,16.875,5.0962962962962965,0
1079,225,19.2,4.734375,0
1080,232,14.285714285714286,4.975,0
1081,109,19.2,4.583333333333333,0
1082,128,22.8,5.254385964912281,0
1083,182,10.857142857142858,4.631578947368421,0
1084,103,23.5,5.351063829787234,0
1085,164,17.125,4.678832116788321,0
1086,271,18.07692307692308,4.536170212765957,0
1087,383,15.85,4.728706624605678,0
1088,137,16.857142857142858,5.194915254237288,0
1089,174,18.125,4.86896551724138,0
1090,227,16.5,5.141414141414141,0
1091,204,16.363636363636363,5.061111111111111,0
1092,225,18.8,4.5,0
1093,123,21.8,4.862385321100917,0
1094,122,26.75,5.5607476635514015,0
1095,16,5.0,4.133333333333334,0
1096,79,9.714285714285714,4.617647058823529,0
1097,245,24.11111111111111,4.470046082949309,0
1098,225,16.666666666666668,5.085,0
1099,156,16.75,4.985074626865671,0
1100,139,23.0,5.28695652173913,0
1101,149,16.375,4.816793893129771,0
1102,337,14.05,4.654804270462633,0
1103,174,26.166666666666668,4.796178343949045,0
1104,167,16.333333333333332,4.850340136054422,0
1105,133,15.125,5.504132231404959,0
1106,263,18.08333333333333,5.092165898617512,0
1107,333,17.41176470588235,4.841216216216216,0
1108,222,21.0,5.037037037037037,0
1109,157,17.625,5.276595744680851,0
1110,245,23.11111111111111,4.855769230769231,0
1111,121,20.8,5.240384615384615,0
1112,711,24.875,5.23785594639866,0
1113,247,16.53846153846154,5.353488372093024,0
1114,121,16.166666666666668,4.958762886597938,0
1115,482,19.33333333333333,5.08128078817734,0
1116,315,9.535714285714286,4.5767790262172285,0
1117,82,11.666666666666666,5.128571428571429,0
1118,433,16.043478260869566,5.062330623306233,0
1119,112,12.125,4.422680412371134,0
1120,222,19.0,5.026315789473684,0
1121,155,27.6,4.782608695652174,0
1122,94,16.8,5.583333333333333,0
1123,187,20.25,4.882716049382716,0
1124,421,20.944444444444443,4.758620689655173,0
1125,154,19.857142857142858,4.848920863309353,0
1126,222,20.666666666666668,5.129032258064516,0
1127,112,19.4,4.969072164948454,0
1128,225,16.333333333333332,4.668367346938775,0
1129,290,23.181818181818183,4.870588235294117,0
1130,600,20.23076923076923,4.965779467680608,0
1131,228,22.22222222222222,5.15,0
1132,71,33.0,4.742424242424242,0
1133,271,26.444444444444443,4.69327731092437,0
1134,168,21.142857142857142,4.837837837837838,0
1135,144,17.714285714285715,5.403225806451613,0
1136,207,22.875,4.584699453551913,0
1137,124,16.5,4.575757575757576,0
1138,123,22.0,4.754545454545455,0
1139,131,12.555555555555555,5.15929203539823,0
1140,161,20.0,4.978571428571429,0
1141,151,22.5,5.118518518518519,0
1142,19,9.0,5.5,0
1143,195,24.0,4.708333333333333,0
1144,181,17.444444444444443,4.484076433121019,0
1145,30,14.0,5.25,0
1146,161,13.3,4.894736842105263,0
1147,389,24.642857142857142,5.179710144927537,0
1148,173,38.75,4.929032258064516,0
1149,216,21.444444444444443,5.22279792746114,0
1150,254,19.363636363636363,4.765258215962441,0
1151,210,23.625,4.883597883597884,0
1152,35,10.0,4.433333333333334,0
1153,122,13.375,4.644859813084112,0
1154,175,21.857142857142858,4.869281045751634,0
1155,185,15.6,4.455128205128205,0
1156,174,20.0,4.878571428571429,0
1157,575,26.05263157894737,4.995959595959596,0
1158,266,25.666666666666668,5.194805194805195,0
1159,240,20.4,4.495098039215686,0
1160,109,14.142857142857142,4.8686868686868685,0
1161,160,10.538461538461538,5.197080291970803,0
1162,199,20.25,5.0,0
1163,207,19.22222222222222,5.433526011560693,0
1164,160,18.0,4.909722222222222,0
1165,479,24.1875,4.8423772609819125,0
1166,179,19.875,4.949685534591195,0
1167,138,24.8,5.282258064516129,0
1168,70,21.666666666666668,5.0,0
1169,287,18.615384615384617,5.177685950413223,0
1170,171,18.75,4.873333333333333,0
1171,159,27.6,5.442028985507246,0
1172,148,25.6,5.046875,0
1173,246,17.333333333333332,4.918269230769231,0
1174,136,20.166666666666668,5.049586776859504,0
1175,311,15.058823529411764,5.2890625,0
1176,156,19.714285714285715,4.8478260869565215,0
1177,168,18.625,5.006711409395973,0
1178,217,23.75,5.015789473684211,0
1179,166,29.8,5.449664429530201,0
1180,110,15.5,4.89247311827957,0
1181,198,25.142857142857142,5.232954545454546,0
1182,253,12.823529411764708,4.912844036697248,0
1183,50,14.333333333333334,4.697674418604652,0
1184,186,13.583333333333334,5.251533742331288,0
1185,181,17.666666666666668,4.836477987421383,0
1186,261,17.615384615384617,4.912663755458516,0
1187,133,14.75,5.288135593220339,0
1188,162,27.2,4.992647058823529,0
1189,295,31.5,4.777777777777778,0
1190,216,15.0,5.044444444444444,0
1191,154,28.0,5.235714285714286,0
1192,162,14.2,5.316901408450704,0
1193,110,24.25,5.11340206185567,0
1194,106,19.2,4.875,0
1195,90,22.0,5.5606060606060606,0
1196,241,14.142857142857142,4.601010101010101,0
1197,120,20.0,5.3,0
1198,103,12.714285714285714,4.49438202247191,0
1199,187,21.125,4.769230769230769,0
1200,96,13.5,5.135802469135802,0
1201,137,30.0,5.225,0
1202,221,12.8,5.385416666666667,0
1203,160,17.0,4.6838235294117645,0
1204,274,28.33333333333333,5.011764705882353,0
1205,247,21.0,5.442857142857143,0
1206,46,10.0,5.325,0
1207,119,19.8,4.858585858585859,0
1208,215,14.461538461538462,4.76595744680851,0
1209,203,16.181818181818183,5.044943820224719,0
1210,313,21.23076923076923,5.094202898550725,0
1211,234,22.22222222222222,4.715,0
1212,124,17.333333333333332,5.096153846153846,0
1213,170,13.636363636363637,4.74,0
1214,127,20.8,4.923076923076923,0
1215,150,14.625,5.094017094017094,0
1216,182,14.181818181818182,5.416666666666667,0
1217,203,18.2,5.1098901098901095,0
1218,294,18.5,4.888030888030888,0
1219,141,26.2,4.984732824427481,0
1220,150,21.666666666666668,4.923076923076923,0
1221,102,17.6,4.988636363636363,0
1222,254,16.846153846153847,4.922374429223744,0
1223,271,18.153846153846157,5.165254237288136,0
1224,167,13.090909090909092,5.173611111111111,0
1225,182,25.83333333333333,4.870967741935484,0
1226,327,14.63157894736842,4.906474820143885,0
1227,169,15.88888888888889,4.895104895104895,0
1228,77,30.0,5.05,0
1229,121,21.2,5.09433962264151,0
1230,198,25.285714285714285,5.186440677966102,0
1231,136,19.83333333333333,5.19327731092437,0
1232,99,22.25,5.202247191011236,0
1233,28,8.333333333333334,6.24,0
1234,103,18.0,4.7444444444444445,0
1235,133,14.875,5.487394957983193,0
1236,154,21.5,5.209302325581396,0
1237,207,13.538461538461538,5.045454545454546,0
1238,134,11.0,5.074380165289257,0
1239,156,20.0,5.114285714285714,0
1240,209,19.666666666666668,5.27683615819209,0
1241,22,10.0,4.85,0
1242,100,12.285714285714286,4.488372093023256,0
1243,11,5.5,5.545454545454546,0
1244,166,21.428571428571427,4.72,0
1245,237,15.0,4.971428571428572,0
1246,130,14.875,4.470588235294118,0
1247,308,21.23076923076923,4.942028985507246,0
1248,273,19.666666666666668,4.97457627118644,0
1249,338,13.636363636363637,4.8,0
1250,104,15.333333333333334,4.945652173913044,0
1251,161,17.875,5.622377622377623,0
1252,405,19.166666666666668,4.927536231884058,0
1253,393,16.75,4.7791044776119405,0
1254,187,16.3,4.98159509202454,0
1255,114,20.2,5.138613861386139,0
1256,120,17.833333333333332,5.009345794392523,0
1257,370,14.363636363636363,4.7215189873417724,0
1258,320,22.23076923076923,4.6678200692041525,0
1259,223,12.25,4.790816326530612,0
1260,162,18.0,5.138888888888889,0
1261,215,15.666666666666666,5.117021276595745,0
1262,375,19.176470588235293,5.1503067484662575,0
1263,120,15.571428571428571,5.18348623853211,0
1264,316,13.7,4.773722627737226,0
1265,260,16.642857142857142,4.71244635193133,0
1266,317,18.4,4.931159420289855,0
1267,133,16.428571428571427,5.434782608695652,0
1268,120,18.0,5.018518518518518,0
1269,204,22.25,4.696629213483146,0
1270,103,17.2,5.5813953488372094,0
1271,162,20.0,5.085714285714285,0
1272,167,19.125,4.980392156862745,0
1273,118,20.8,4.769230769230769,0
1274,469,19.142857142857142,5.0049751243781095,0
1275,116,19.6,5.204081632653061,0
1276,340,17.058823529411764,4.627586206896551,0
1277,395,19.27777777777778,5.057636887608069,0
1278,326,17.25,4.815217391304348,0
1279,193,16.3,5.042944785276074,0
1280,203,17.6,4.977272727272728,0
1281,177,17.666666666666668,5.264150943396227,0
1282,225,20.88888888888889,5.175531914893617,0
1283,146,21.166666666666668,5.551181102362205,0
1284,313,21.384615384615383,4.953237410071942,0
1285,224,22.666666666666668,4.764705882352941,0
1286,175,14.181818181818182,5.346153846153846,0
1287,314,18.4,4.608695652173913,0
1288,185,20.75,5.174698795180723,0
1289,123,13.375,4.635514018691588,0
1290,141,21.166666666666668,5.181102362204724,0
1291,330,13.476190476190476,4.798586572438163,0
1292,342,22.142857142857142,5.077419354838709,0
1293,96,21.0,5.642857142857143,0
1294,21,6.333333333333333,4.473684210526316,0
1295,178,16.555555555555557,5.23489932885906,0
1296,266,28.5,4.956140350877193,0
1297,498,18.869565217391305,5.059907834101383,0
1298,344,16.61111111111111,4.909698996655519,0
1299,161,18.0,4.715277777777778,0
1300,135,20.166666666666668,4.347107438016529,0
1301,237,23.0,5.700483091787439,0
1302,257,21.8,4.967889908256881,0
1303,363,14.454545454545457,4.80188679245283,0
1304,167,20.571428571428573,5.166666666666667,0
1305,142,13.88888888888889,4.536,0
1306,175,23.0,5.161490683229814,0
1307,181,17.333333333333332,4.935897435897436,0
1308,139,15.125,4.793388429752066,0
1309,177,15.5,4.574193548387097,0
1310,222,12.666666666666666,5.142105263157895,0
1311,164,17.25,5.485507246376812,0
1312,158,21.666666666666668,5.153846153846154,0
1313,271,18.666666666666668,4.946428571428571,0
1314,321,17.3125,4.671480144404332,0
1315,86,18.25,5.123287671232877,0
1316,523,21.61904761904762,5.081497797356828,0
1317,118,12.75,4.578431372549019,0
1318,194,17.4,4.948275862068965,0
1319,216,17.0,4.566844919786096,0
1320,204,31.0,5.102150537634409,0
1321,238,14.266666666666667,4.668224299065421,0
1322,178,21.714285714285715,5.072368421052632,0
1323,91,20.0,5.1375,0
1324,248,24.444444444444443,4.713636363636364,0
1325,309,23.0,5.170289855072464,0
1326,208,18.7,4.770053475935829,0
1327,170,18.25,5.157534246575342,0
1328,327,26.181818181818183,4.784722222222222,0
1329,168,25.166666666666668,4.887417218543046,0
1330,163,18.375,4.673469387755102,0
1331,131,14.375,5.234782608695652,0
1332,232,20.1,5.253731343283582,0
1333,296,20.46153846153846,4.924812030075188,0
1334,204,22.125,4.943502824858757,0
1335,124,13.625,5.045871559633028,0
1336,202,20.22222222222222,4.631868131868132,0
1337,70,10.333333333333334,5.129032258064516,0
1338,289,16.5,5.489177489177489,0
1339,167,30.2,5.152317880794702,0
1340,32,15.0,4.7,0
1341,258,25.88888888888889,5.0042918454935625,0
1342,410,20.58823529411765,4.928571428571429,0
1343,132,16.714285714285715,4.863247863247863,0
1344,184,20.125,4.577639751552795,0
1345,156,28.0,5.021428571428571,0
1346,202,29.5,4.68361581920904,0
1347,215,26.428571428571427,5.172972972972973,0
1348,168,25.33333333333333,5.052631578947368,0
1349,116,16.833333333333332,4.663366336633663,0
1350,195,30.33333333333333,5.203296703296704,0
1351,184,20.375,4.932515337423313,0
1352,327,17.933333333333334,5.111524163568773,0
1353,248,17.583333333333332,4.971563981042654,0
1354,203,26.285714285714285,5.184782608695652,0
1355,139,15.5,4.854838709677419,0
1356,145,20.166666666666668,4.975206611570248,0
1357,267,19.75,5.29957805907173,0
1358,75,14.2,3.8732394366197194,0
1359,272,21.63636363636364,5.163865546218488,0
1360,201,17.1,5.146198830409356,0
1361,173,18.25,5.431506849315069,0
1362,268,25.666666666666668,4.748917748917749,0
1363,283,16.866666666666667,5.122529644268774,0
1364,457,20.42105263157895,4.974226804123711,0
1365,237,20.6,4.980582524271845,0
1366,158,16.875,5.022222222222222,0
1367,169,18.875,5.33112582781457,0
1368,211,18.0,4.788888888888889,0
1369,146,15.5,4.524193548387097,0
1370,140,15.375,4.487804878048781,0
1371,177,17.11111111111111,5.2727272727272725,0
1372,264,12.72222222222222,4.873362445414847,0
1373,195,19.33333333333333,5.022988505747127,0
1374,233,20.4,4.642156862745098,0
1375,144,31.25,5.048,0
1376,460,25.75,4.839805825242719,0
1377,194,14.25,4.906432748538012,0
1378,187,23.714285714285715,5.192771084337349,0
1379,101,17.4,4.574712643678161,0
1380,144,13.0,4.684615384615385,0
1381,26,12.0,4.666666666666667,0
1382,178,22.142857142857142,5.316129032258065,0
1383,197,24.857142857142858,4.908045977011494,0
1384,395,19.11111111111111,4.883720930232558,0
1385,253,16.153846153846153,5.338095238095238,0
1386,243,17.0,5.264705882352941,0
1387,192,13.5,4.969135802469136,0
1388,152,22.666666666666668,5.213235294117647,0
1389,201,19.77777777777778,4.915730337078652,0
1390,151,18.428571428571427,5.093023255813954,0
1391,273,19.5,4.884615384615385,0
1392,308,26.1,4.85823754789272,0
1393,26,12.0,5.166666666666667,0
1394,139,15.25,4.959016393442623,0
1395,171,21.857142857142858,5.254901960784314,0
1396,102,20.25,5.333333333333333,0
1397,17,5.333333333333333,5.375,0
1398,140,23.6,4.97457627118644,0
1399,161,24.166666666666668,5.475862068965517,0
1400,253,14.533333333333331,5.0,0
1401,164,18.625,4.9865771812080535,0
1402,148,22.0,5.212121212121212,0
1403,338,18.1875,4.646048109965636,0
1404,178,15.9,4.710691823899371,0
1405,107,16.0,4.677083333333333,0
1406,148,23.6,4.745762711864407,0
1407,87,13.0,5.0256410256410255,0
1408,193,28.666666666666668,4.790697674418604,0
1409,96,12.571428571428571,5.2727272727272725,0
1410,168,9.857142857142858,4.666666666666667,0
1411,201,23.0,4.804347826086956,0
1412,173,13.818181818181818,4.467105263157895,0
1413,310,29.444444444444443,4.943396226415095,0
1414,206,26.714285714285715,5.144385026737968,0
1415,156,45.333333333333336,5.029411764705882,0
1416,195,20.375,4.98159509202454,0
1417,270,19.83333333333333,4.642857142857143,0
1418,237,18.09090909090909,4.708542713567839,0
1419,309,17.3125,4.844765342960288,0
1420,318,20.642857142857142,4.460207612456747,0
1421,159,17.0,5.110294117647059,0
1422,92,11.571428571428571,4.716049382716049,0
1423,163,16.333333333333332,5.530612244897959,0
1424,192,18.22222222222222,4.676829268292683,0
1425,54,11.75,5.468085106382978,0
1426,331,11.75,4.567375886524823,0
1427,185,20.125,5.37888198757764,0
1428,132,19.33333333333333,4.715517241379311,0
1429,116,20.2,5.287128712871287,0
1430,138,19.83333333333333,4.949579831932773,0
1431,166,24.5,5.244897959183674,0
1432,79,13.8,4.898550724637682,0
1433,162,18.375,4.870748299319728,0
1434,380,15.285714285714286,5.233644859813084,0
1435,214,17.09090909090909,4.98404255319149,0
1436,286,16.133333333333333,5.119834710743802,0
1437,142,14.333333333333334,4.8604651162790695,0
1438,193,17.77777777777778,5.54375,0
1439,208,13.461538461538462,4.817142857142857,0
1440,137,14.5,4.913793103448276,0
1441,188,21.5,5.168604651162791,0
1442,357,26.416666666666668,4.949526813880127,0
1443,150,16.25,4.723076923076923,0
1444,222,15.5,4.682795698924731,0
1445,149,15.875,5.007874015748032,0
1446,140,14.0,5.047619047619048,0
1447,117,17.0,5.03921568627451,0
1448,223,16.0,4.890625,0
1449,137,17.0,4.798319327731092,0
1450,169,18.5,5.621621621621622,0
1451,277,17.357142857142858,4.711934156378601,0
1452,352,21.0,4.727891156462585,0
1453,263,17.46153846153846,5.0176211453744495,0
1454,220,16.166666666666668,4.819587628865979,0
1455,221,20.33333333333333,5.103825136612022,0
1456,171,21.0,5.034013605442177,0
1457,667,5.163043478260869,5.193684210526316,0
1458,114,16.333333333333332,4.948979591836735,0
1459,251,14.466666666666669,5.175115207373272,0
1460,112,17.333333333333332,5.413461538461538,0
1461,187,23.857142857142858,4.850299401197605,0
1462,170,21.714285714285715,5.3881578947368425,0
1463,112,19.0,4.8,0
1464,209,18.2,5.543956043956044,0
1465,270,17.071428571428573,5.2887029288702925,0
1466,177,30.8,5.285714285714286,0
1467,143,20.666666666666668,5.040322580645161,0
1469,235,21.0,4.914285714285715,0
1470,251,16.615384615384617,4.912037037037037,0
1471,279,15.75,4.876984126984127,0
1472,167,18.25,5.308219178082192,0
1473,289,24.8,5.149193548387097,0
1474,140,21.0,5.015873015873016,0
1475,202,19.88888888888889,4.921787709497207,0
1476,96,16.8,5.380952380952381,0
1477,164,14.5,4.8068965517241375,0
1478,181,19.285714285714285,4.948148148148148,0
1479,331,22.153846153846157,4.989583333333333,0
1480,105,13.0,5.428571428571429,0
1481,99,17.4,4.965517241379311,0
1482,174,18.5,5.175675675675675,0
1483,207,14.833333333333334,4.96067415730337,0
1484,138,23.8,4.907563025210084,0
1485,154,16.5,5.340909090909091,0
1486,154,15.11111111111111,4.926470588235294,0
1487,302,16.9375,4.948339483394834,0
1488,218,17.0,5.122994652406417,0
1489,200,14.909090909090908,4.810975609756097,0
1490,51,7.5,4.866666666666666,0
1491,145,20.83333333333333,5.112,0
1492,123,22.0,5.390909090909091,0
1493,151,21.5,5.1937984496124034,0
1494,316,14.944444444444445,4.903345724907063,0
1495,149,12.1,4.75206611570248,0
1496,277,31.25,5.368,0
1497,281,21.90909090909091,5.3070539419087135,0
1498,266,18.666666666666668,5.254464285714286,0
1499,157,11.083333333333334,4.62406015037594,0
1500,203,20.11111111111111,5.116022099447513,0
1501,138,13.444444444444445,4.371900826446281,0
1502,333,15.947368421052632,4.580858085808581,0
1503,223,21.666666666666668,4.8,0
1504,81,17.25,4.869565217391305,0
1505,313,21.0,5.010989010989011,0
1506,171,19.25,4.987012987012987,0
1507,165,24.83333333333333,4.818791946308725,0
1508,173,21.857142857142858,5.5816993464052285,0
1509,140,23.2,4.396551724137931,0
1510,182,16.666666666666668,4.64,0
1511,154,13.5,4.992592592592593,0
1512,268,23.7,5.206751054852321,0
1513,139,13.666666666666666,5.227642276422764,0
1514,355,16.42105263157895,4.778846153846154,0
1515,346,22.76923076923077,4.787162162162162,0
1516,152,16.75,4.5,0
1517,26,7.333333333333333,5.409090909090909,0
1518,139,25.4,5.196850393700787,0
1519,268,18.916666666666668,4.929515418502203,0
1520,136,13.333333333333334,4.725,0
1521,192,18.11111111111111,4.828220858895706,0
1522,294,17.785714285714285,4.457831325301205,0
1523,145,13.666666666666666,4.487804878048781,0
1524,289,22.0,5.1115702479338845,0
1525,350,18.75,4.586666666666667,0
1526,168,9.928571428571429,4.697841726618705,0
1527,75,17.0,5.279411764705882,0
1528,279,22.363636363636363,4.837398373983739,0
1529,233,20.2,5.227722772277228,0
1530,219,20.444444444444443,5.184782608695652,0
1531,169,18.75,4.946666666666666,0
1532,204,30.666666666666668,5.413043478260869,0
1533,144,18.0,4.801587301587301,0
1534,170,18.875,4.880794701986755,0
1535,186,19.625,4.968152866242038,0
1536,176,21.142857142857142,4.763513513513513,0
1537,94,17.2,4.848837209302325,0
1538,219,17.727272727272727,5.266666666666667,0
1539,338,20.066666666666663,4.641196013289036,0
1540,254,18.08333333333333,5.188940092165899,0
1541,199,34.6,4.635838150289017,0
1542,96,21.5,4.674418604651163,0
1543,225,13.714285714285714,4.515625,0
1544,93,27.0,4.641975308641976,0
1545,230,15.538461538461538,4.851485148514851,0
1546,199,9.764705882352942,4.885542168674699,0
1547,67,21.0,4.587301587301587,0
1548,249,28.375,4.788546255506608,0
1549,281,16.6,4.566265060240964,0
1550,278,28.75,5.569565217391304,0
1551,176,26.166666666666668,4.764331210191083,0
1552,142,58.0,5.086206896551724,0
1553,193,20.875,4.958083832335329,0
1554,180,15.4,4.707792207792208,0
1555,188,16.555555555555557,5.362416107382551,0
1556,156,15.333333333333334,4.746376811594203,0
1557,133,14.375,4.48695652173913,0
1558,158,16.75,4.619402985074627,0
1559,130,11.7,5.0,0
1560,137,12.22222222222222,5.4363636363636365,0
1561,213,17.454545454545453,4.921875,0
1562,112,16.166666666666668,4.505154639175258,0
1563,326,13.61904761904762,4.769230769230769,0
1564,212,18.9,5.216931216931217,0
1565,259,16.692307692307693,5.04147465437788,0
1566,273,16.714285714285715,4.713675213675214,0
1567,159,23.83333333333333,5.419580419580419,0
1568,196,20.125,4.509316770186335,0
1569,372,16.05263157894737,5.032786885245901,0
1570,94,21.25,4.376470588235295,0
1571,146,15.5,5.32258064516129,0
1572,151,16.125,4.914728682170543,0
1573,188,20.75,5.331325301204819,0
1574,85,15.2,4.842105263157895,0
1575,173,18.75,5.04,0
1576,238,23.444444444444443,5.360189573459715,0
1577,138,20.0,5.183333333333334,0
1578,231,12.625,4.405940594059406,0
1579,215,16.636363636363637,5.021857923497268,0
1580,161,20.142857142857142,4.666666666666667,0
1581,206,15.25,4.945355191256831,0
1582,160,19.714285714285715,4.586956521739131,0
1583,131,38.333333333333336,4.739130434782608,0
1584,304,37.0,5.308880308880309,0
1585,235,18.454545454545453,4.748768472906404,0
1586,140,17.428571428571427,5.327868852459017,0
1587,303,29.77777777777778,5.104477611940299,0
1588,104,12.714285714285714,4.887640449438202,0
1589,193,24.285714285714285,4.358823529411764,0
1590,285,16.666666666666668,4.736,0
1591,237,19.9,5.266331658291457,0
1592,136,19.0,4.526315789473684,0
1593,82,15.0,4.64,0
1594,148,27.6,5.086956521739131,0
1595,68,15.5,4.564516129032258,0
1596,277,12.444444444444445,4.611607142857143,0
1597,220,23.75,5.094736842105263,0
1598,162,17.0,5.0,0
1599,104,9.6,4.770833333333333,0
1600,118,16.666666666666668,5.18,0
1601,48,11.25,4.777777777777778,0
1602,159,9.923076923076923,5.317829457364341,0
1603,147,17.714285714285715,5.137096774193548,0
1604,436,25.6,5.143229166666667,0
1605,462,34.25,4.931873479318734,0
1606,284,13.666666666666666,4.82520325203252,0
1607,430,24.25,5.154639175257732,0
1608,257,17.0,5.171945701357466,0
1609,135,14.625,5.3418803418803416,0
1610,193,28.33333333333333,4.882352941176471,0
1611,99,21.0,4.738095238095238,0
1612,193,20.75,5.234939759036145,0
1613,186,19.75,4.753164556962025,0
1614,169,18.875,5.19205298013245,0
1615,146,31.5,5.015873015873016,0
1616,117,16.5,5.242424242424242,0
1617,157,15.875,5.338582677165355,0
1618,198,15.454545454545457,4.994117647058824,0
1619,591,22.47826086956522,4.97872340425532,0
1620,93,20.25,5.172839506172839,0
1621,150,15.875,5.2204724409448815,0
1622,292,12.5,5.296,0
1623,11,10.0,4.9,0
1624,98,30.0,5.355555555555555,0
1625,145,14.11111111111111,5.21259842519685,0
1626,106,13.833333333333334,4.867469879518072,0
1627,257,18.83333333333333,4.995575221238938,0
1628,129,23.2,5.362068965517241,0
1629,117,20.2,5.2772277227722775,0
1630,160,13.7,5.204379562043796,0
1631,122,16.833333333333332,4.900990099009901,0
1632,156,12.6,5.103174603174603,0
1633,181,19.5,4.769230769230769,0
1634,207,18.0,5.127777777777778,0
1635,205,15.166666666666666,4.615384615384615,0
1636,122,53.0,5.179245283018868,0
1637,305,16.375,5.442748091603053,0
1638,98,21.0,5.166666666666667,0
1639,127,19.33333333333333,4.7844827586206895,0
1640,221,20.666666666666668,4.827956989247312,0
1641,256,15.714285714285714,5.1454545454545455,0
1642,159,14.4,4.576388888888889,0
1643,198,29.0,4.994252873563219,0
1644,141,16.0,5.015625,0
1645,174,15.77777777777778,5.211267605633803,0
1646,238,16.5,4.626262626262626,0
1647,96,17.0,4.576470588235294,0
1648,89,16.2,4.851851851851852,0
1649,73,13.2,5.03030303030303,0
1650,328,13.38095238095238,4.846975088967971,0
1651,137,15.375,5.154471544715447,0
1652,120,21.6,5.305555555555555,0
1653,177,20.428571428571427,5.153846153846154,0
1654,228,19.7,5.324873096446701,0
1655,136,13.0,5.17948717948718,0
1656,228,22.88888888888889,5.106796116504855,0
1657,183,17.333333333333332,5.294871794871795,0
1658,124,15.571428571428571,5.211009174311927,0
1659,36,15.5,4.935483870967742,0
1660,98,22.5,5.222222222222222,0
1661,241,14.642857142857142,4.585365853658536,0
1662,247,21.0,5.433333333333334,0
1663,110,12.125,5.453608247422681,0
1664,159,14.666666666666666,5.151515151515151,0
1665,124,18.0,5.175925925925926,0
1666,132,22.2,5.342342342342342,0
1667,157,16.75,4.828358208955224,0
1668,190,20.75,4.879518072289157,0
1669,156,18.0,4.761904761904762,0
1670,407,19.83333333333333,5.03641456582633,0
1671,144,17.857142857142858,4.928,0
1672,71,21.0,4.873015873015873,0
1673,152,16.375,4.908396946564886,0
1674,271,14.5625,5.171673819742489,0
1675,127,20.6,5.184466019417476,0
1676,134,19.0,4.842105263157895,0
1677,208,20.666666666666668,4.736559139784946,0
1678,120,12.875,4.747572815533981,0
1679,101,17.8,5.52808988764045,0
1680,207,20.11111111111111,4.906077348066298,0
1681,83,25.33333333333333,5.342105263157895,0
1682,161,20.285714285714285,4.97887323943662,0
1683,140,18.142857142857142,4.803149606299213,0
1684,132,15.0,4.858333333333333,0
1685,104,21.5,4.546511627906977,0
1686,242,20.8,4.980769230769231,0
1687,95,12.166666666666666,4.876712328767123,0
1688,153,15.75,5.325396825396825,0
1689,100,22.75,4.406593406593407,0
1690,141,12.3,5.040650406504065,0
1691,200,14.25,4.988304093567251,0
1692,125,15.285714285714286,4.532710280373832,0
1693,201,14.363636363636363,4.753164556962025,0
1694,141,15.125,4.892561983471074,0
1695,157,19.285714285714285,4.562962962962963,0
1696,146,13.666666666666666,4.991869918699187,0
1697,97,17.2,4.441860465116279,0
1698,43,18.0,5.194444444444445,0
1699,153,14.77777777777778,5.037593984962406,0
1700,208,13.923076923076923,4.895027624309392,0
1701,111,20.0,5.22,0
1702,111,14.142857142857142,4.808080808080808,0
1703,204,16.363636363636363,5.122222222222222,0
1704,147,20.666666666666668,5.080645161290323,0
1705,94,9.625,5.155844155844156,0
1706,185,15.090909090909092,5.463855421686747,0
1707,151,18.714285714285715,5.1679389312977095,0
1708,364,22.357142857142858,4.964856230031949,0
1709,24,7.0,4.857142857142857,0
1710,218,19.4,4.922680412371134,0
1711,199,20.5,5.0426829268292686,0
1712,129,19.0,5.096491228070176,0
1713,256,17.46153846153846,4.4449339207048455,0
1714,228,19.5,4.7846153846153845,0
1715,229,16.083333333333332,4.896373056994818,0
1716,233,16.153846153846153,4.738095238095238,0
1717,163,16.0,5.111111111111111,0
1718,205,17.9,4.804469273743017,0
1719,82,14.4,5.041666666666667,0
1720,311,20.923076923076923,5.202205882352941,0
1721,120,25.75,5.427184466019417,0
1722,170,13.181818181818182,5.020689655172414,0
1723,253,22.1,4.619909502262443,0
1724,152,12.454545454545457,4.678832116788321,0
1725,106,46.5,4.913978494623656,0
1726,216,18.9,5.222222222222222,0
1727,177,25.5,4.967320261437909,0
1728,135,17.857142857142858,5.2,0
1729,121,18.166666666666668,5.027522935779817,0
1730,239,15.384615384615383,4.86,0
1731,215,29.33333333333333,5.005681818181818,0
1732,395,17.2,5.1773255813953485,0
1733,165,21.571428571428573,5.09271523178808,0
1734,106,18.6,5.645161290322581,0
1735,212,15.083333333333334,4.972375690607735,0
1736,130,22.4,5.258928571428571,0
1737,149,15.75,4.817460317460317,0
1738,156,11.25,4.948148148148148,0
1739,108,19.2,4.541666666666667,0
1740,499,27.875,5.100896860986548,0
1741,86,19.0,4.789473684210527,0
1742,122,28.0,5.357142857142857,0
1743,174,22.0,4.876623376623376,0
1744,156,18.857142857142858,4.742424242424242,0
1745,164,15.88888888888889,5.314685314685315,0
1746,496,15.592592592592592,5.076009501187649,0
1747,200,17.0,4.752941176470588,0
1748,255,20.0,5.109090909090909,0
1749,227,18.0,4.146464646464646,0
1750,50,15.333333333333334,4.913043478260869,0
1751,117,20.8,5.625,0
1752,164,14.2,4.964788732394366,0
1753,135,22.6,5.026548672566372,0
1754,154,17.75,4.5,0
1755,117,18.166666666666668,5.339449541284404,0
1756,269,14.0,4.5095238095238095,0
1757,112,13.714285714285714,4.65625,0
1758,387,28.25,4.8613569321533925,0
1759,121,27.5,4.927272727272728,0
1760,111,19.0,4.631578947368421,0
1761,200,19.0,5.356725146198831,0
1762,287,19.53846153846154,4.968503937007874,0
1763,123,18.33333333333333,5.072727272727272,0
1764,274,11.428571428571429,4.85,0
1765,278,25.55555555555556,4.6869565217391305,0
1766,97,13.5,5.592592592592593,0
1767,256,16.46153846153846,4.985981308411215,0
1768,183,17.555555555555557,4.582278481012659,0
1769,191,24.142857142857142,4.976331360946745,0
1770,113,25.25,5.0495049504950495,0
1771,146,13.0,4.838461538461538,0
1772,202,45.75,5.409836065573771,0
1773,266,23.3,4.957081545064377,0
1774,174,9.0,4.625,0
1775,146,13.333333333333334,5.341666666666667,0
1776,225,18.272727272727277,5.099502487562189,0
1777,190,13.25,5.119496855345912,0
1778,158,20.0,5.0285714285714285,0
1779,141,13.666666666666666,4.650406504065041,0
1780,168,29.8,4.845637583892618,0
1781,345,14.7,4.914965986394558,0
1782,85,25.33333333333333,5.065789473684211,0
1783,250,15.642857142857142,4.794520547945205,0
1784,199,14.833333333333334,5.0,0
1785,112,19.4,5.11340206185567,0
1786,58,13.25,5.113207547169812,0
1787,149,22.5,5.0962962962962965,0
1788,135,23.8,5.117647058823529,0
1789,213,19.5,4.958974358974359,0
1790,95,19.75,5.2025316455696204,0
1791,503,17.36,5.04147465437788,0
1792,49,21.0,5.214285714285714,0
1793,107,13.428571428571429,5.127659574468085,0
1794,281,28.444444444444443,4.8515625,0
1795,429,12.821428571428571,4.22841225626741,0
1796,68,21.0,4.507936507936508,0
1797,413,19.88888888888889,4.787709497206704,0
1798,216,17.454545454545453,5.635416666666667,0
1799,66,12.4,4.82258064516129,0
1800,127,18.166666666666668,5.009174311926605,0
1801,762,20.181818181818183,4.798798798798799,0
1802,174,19.875,5.251572327044025,0
1803,168,16.333333333333332,4.925170068027211,0
1804,109,16.833333333333332,4.495049504950496,0
1805,148,12.7,5.78740157480315,0
1806,131,16.0,4.901785714285714,0
1807,268,26.11111111111111,5.1191489361702125,0
1808,195,20.25,5.419753086419753,0
1809,125,18.666666666666668,4.803571428571429,0
1810,89,39.5,5.253164556962025,0
1811,128,18.83333333333333,4.743362831858407,0
1812,240,23.444444444444443,5.042654028436019,0
1813,173,15.1,4.913907284768212,0
1814,88,11.142857142857142,5.32051282051282,0
1815,110,9.3,4.860215053763441,0
1816,94,27.666666666666668,4.819277108433735,0
1817,182,19.625,4.745222929936306,0
1818,353,22.857142857142858,5.15625,0
1819,77,17.0,4.882352941176471,0
1820,28,12.5,5.12,0
1821,183,17.11111111111111,5.240259740259741,0
1822,120,27.0,4.898148148148148,0
1823,154,16.375,5.038167938931298,0
1824,207,20.0,5.033333333333333,0
1825,89,15.4,5.051948051948052,0
1826,25,12.0,5.541666666666667,0
1827,55,12.25,4.612244897959184,0
1828,163,21.285714285714285,4.771812080536913,0
1829,40,12.333333333333334,4.702702702702703,0
1830,128,58.0,5.112068965517241,0
1831,315,16.1875,4.386100386100386,0
1832,94,13.333333333333334,4.8625,0
1833,190,16.5,5.242424242424242,0
1834,375,26.416666666666668,5.365930599369086,0
1835,57,17.333333333333332,4.211538461538462,0
1836,299,16.25,5.230769230769231,0
1837,286,20.0,5.1,0
1838,192,16.5,4.818181818181818,0
1839,153,20.83333333333333,5.072,0
1840,305,22.0,4.992424242424242,0
1841,20,9.0,5.0,0
1842,89,15.2,5.105263157894737,0
1843,171,16.333333333333332,5.129251700680272,0
1844,207,60.66666666666666,5.324175824175824,0
1845,111,14.571428571428571,5.421568627450981,0
1846,109,23.75,5.189473684210526,0
1847,216,18.3,5.442622950819672,0
1848,141,19.83333333333333,4.974789915966387,0
1849,145,19.83333333333333,4.974789915966387,0
1850,131,12.666666666666666,5.43859649122807,0
1851,171,18.625,4.879194630872483,0
1852,194,17.4,4.637931034482759,0
1853,133,18.83333333333333,5.079646017699115,0
1854,287,13.5,4.7818930041152266,0
1855,120,19.6,5.122448979591836,0
1856,151,24.2,5.082644628099174,0
1857,280,21.63636363636364,4.8655462184873945,0
1858,24,10.5,6.0,0
1859,91,12.833333333333334,5.428571428571429,0
1860,229,20.1,4.601990049751244,0
1861,83,14.6,4.534246575342466,0
1862,106,19.0,4.631578947368421,0
1863,656,15.416666666666666,4.536936936936937,0
1864,71,19.0,5.666666666666667,0
1865,215,16.90909090909091,5.182795698924731,0
1866,145,13.555555555555555,4.30327868852459,0
1867,174,11.615384615384617,5.132450331125828,0
1868,112,49.0,5.357142857142857,0
1869,166,23.5,4.801418439716312,0
1870,135,24.0,5.05,0
1871,249,15.5,4.755760368663594,0
1872,45,13.666666666666666,5.170731707317073,0
1873,386,18.11111111111111,4.610429447852761,0
1874,168,18.5,5.047297297297297,0
1875,191,19.25,4.525974025974026,0
1876,100,18.0,5.266666666666667,0
1877,91,13.166666666666666,5.151898734177215,0
1878,222,19.6,5.663265306122449,0
1879,65,9.333333333333334,4.892857142857143,0
1880,81,17.25,5.652173913043479,0
1881,361,17.0,4.702786377708978,0
1882,208,19.444444444444443,4.948571428571428,0
1883,136,13.0,4.658119658119658,0
1884,136,28.0,4.883928571428571,0
1885,373,13.391304347826088,4.957792207792208,0
1886,278,23.0,5.359683794466403,0
1887,50,22.0,4.5227272727272725,0
1888,50,16.0,5.75,0
1889,102,14.5,5.057471264367816,0
1890,89,18.5,5.486486486486487,0
1891,52,14.666666666666666,5.045454545454546,0
1892,200,21.375,4.6725146198830405,0
1893,84,17.75,5.169014084507042,0
1894,151,14.77777777777778,5.293233082706767,0
1895,258,23.1,4.9523809523809526,0
1896,102,20.75,5.409638554216867,0
1897,65,20.0,4.25,0
1898,196,15.272727272727272,4.910714285714286,0
1899,171,24.33333333333333,4.897260273972603,0
1900,163,18.375,5.183673469387755,0
1901,207,12.357142857142858,5.184971098265896,0
1902,122,12.444444444444445,4.517857142857143,0
1903,150,16.375,4.656488549618321,0
1904,109,13.285714285714286,5.462365591397849,0
1905,124,17.666666666666668,5.235849056603773,0
1906,200,17.2,4.895348837209302,0
1907,117,17.0,4.833333333333333,0
1908,83,18.0,4.791666666666667,0
1909,139,20.5,4.91869918699187,0
1910,101,17.8,4.887640449438202,0
1911,141,19.5,5.0085470085470085,0
1912,174,26.0,5.538461538461538,0
1913,59,9.6,4.9375,0
1914,187,12.916666666666666,4.896774193548387,0
1915,147,21.33333333333333,4.828125,0
1916,70,15.75,6.0,0
1917,236,16.5,5.040404040404041,0
1918,144,24.2,5.033057851239669,0
1919,234,18.363636363636363,5.084158415841584,0
1920,160,45.0,5.340740740740741,0
1921,81,18.5,5.391891891891892,0
1922,177,11.76923076923077,5.0130718954248366,0
1923,159,23.33333333333333,5.2,0
1924,150,18.0,5.142857142857143,0
1925,272,31.0,5.024193548387097,0
1926,147,11.545454545454543,4.818897637795276,0
1927,99,17.8,4.966292134831461,0
1928,158,20.428571428571427,4.713286713286713,0
1929,189,33.2,5.253012048192771,0
1930,108,23.75,5.336842105263158,0
1931,357,24.0,4.721153846153846,0
1932,153,19.142857142857142,5.343283582089552,0
1933,364,13.565217391304348,4.769230769230769,0
1934,643,14.83783783783784,4.919854280510018,0
1935,231,20.6,4.834951456310679,0
1936,167,14.9,4.805369127516778,0
1937,148,12.2,4.221311475409836,0
1938,193,23.571428571428573,4.854545454545455,0
1939,163,16.0,4.902777777777778,0
1940,118,15.285714285714286,5.5233644859813085,0
1941,138,17.285714285714285,4.801652892561983,0
1942,369,18.235294117647054,4.951612903225806,0
1943,216,15.916666666666666,4.701570680628272,0
1944,123,15.142857142857142,5.188679245283019,0
1945,268,22.8,5.0,0
1946,78,18.0,5.347222222222222,0
1947,146,22.33333333333333,4.940298507462686,0
1948,148,11.545454545454543,4.78740157480315,0
1949,311,25.0,4.992727272727273,0
1950,265,16.714285714285715,4.905982905982906,0
1951,116,25.75,4.893203883495145,0
1952,222,16.666666666666668,5.01,0
1953,184,20.25,5.438271604938271,0
1954,161,23.5,5.0212765957446805,0
1955,307,20.615384615384617,5.063432835820896,0
1956,326,19.33333333333333,5.1,0
1957,58,11.5,4.5,0
1958,319,13.894736842105264,4.704545454545454,0
1959,198,17.5,4.462857142857143,0
1960,98,13.666666666666666,5.2560975609756095,0
1961,114,16.833333333333332,5.158415841584159,0
1962,59,11.0,5.163636363636364,0
1963,176,18.75,4.613333333333333,0
1964,153,26.8,5.7164179104477615,0
1965,169,14.9,4.778523489932886,0
1966,129,23.4,4.897435897435898,0
1967,413,21.823529411764707,4.671159029649596,0
1968,67,15.5,5.548387096774194,0
1969,129,22.8,4.947368421052632,0
1970,165,27.4,5.109489051094891,0
1971,528,24.05263157894737,4.833698030634573,0
1972,380,16.047619047619047,4.86053412462908,0
1973,341,15.63157894736842,5.094276094276094,0
1974,380,18.72222222222222,4.943620178041543,0
1975,163,23.0,4.601449275362318,0
1976,144,15.375,4.983739837398374,0
1977,253,22.3,4.869955156950673,0
1978,270,17.384615384615383,5.747787610619469,0
1979,93,13.5,5.530864197530864,0
1980,191,17.555555555555557,5.0886075949367084,0
1981,205,22.25,4.707865168539326,0
1982,98,10.5,4.547619047619048,0
1983,95,16.0,4.75,0
1984,332,14.0,4.9,0
1985,92,9.875,4.506329113924051,0
1986,142,17.571428571428573,5.365853658536586,0
1987,597,22.73913043478261,4.950286806883366,0
1988,148,19.428571428571427,5.029411764705882,0
1989,107,13.714285714285714,5.145833333333333,0
1990,140,20.666666666666668,4.774193548387097,0
1991,177,15.0,4.613333333333333,0
1992,173,18.875,4.986754966887418,0
1993,122,21.2,4.79245283018868,0
1994,99,17.6,5.0227272727272725,0
1995,126,18.33333333333333,5.136363636363637,0
1996,113,14.142857142857142,5.02020202020202,0
1997,208,19.666666666666668,5.598870056497175,0
1998,394,15.217391304347826,4.748571428571428,0
1999,73,9.571428571428571,5.402985074626866,0
2000,184,15.8,5.0,0
2001,101,10.625,4.988235294117647,0
2002,274,18.384615384615383,4.899581589958159,0
2003,143,21.166666666666668,4.692913385826771,0
2004,85,14.2,5.014084507042254,0
2005,273,14.0,4.739495798319328,0
2006,129,23.0,5.026086956521739,0
2007,70,14.5,5.103448275862069,0
2008,197,20.22222222222222,5.126373626373627,0
2009,75,13.2,5.7727272727272725,0
2010,200,15.909090909090908,5.137142857142857,0
2011,217,20.88888888888889,5.276595744680851,0
2012,154,22.33333333333333,4.641791044776119,0
2013,218,27.285714285714285,5.104712041884817,0
2014,153,17.0,4.845588235294118,0
2015,194,18.33333333333333,5.254545454545455,0
2016,134,14.375,5.460869565217391,0
2017,202,14.166666666666666,5.388235294117648,0
2018,122,12.0,4.87037037037037,0
2019,188,27.666666666666668,4.343373493975903,0
2020,93,19.25,4.415584415584416,0
2021,182,20.125,5.018633540372671,0
2022,109,17.4,4.942528735632184,0
2023,325,13.4,5.037313432835821,0
2024,155,13.6,4.794117647058823,0
2025,246,21.4,4.901869158878505,0
2026,137,17.285714285714285,4.975206611570248,0
2027,122,28.25,4.814159292035399,0
2028,152,25.8,5.162790697674419,0
2029,255,20.6,5.111650485436893,0
2030,140,19.83333333333333,4.92436974789916,0
2031,177,22.428571428571427,4.503184713375796,0
2032,255,18.5,4.581081081081081,0
2033,86,15.0,5.666666666666667,0
2034,11,5.0,6.1,0
2035,294,25.1,4.932270916334661,0
2036,197,15.181818181818182,5.2155688622754495,0
2037,143,25.6,5.0703125,0
2038,230,22.88888888888889,4.771844660194175,0
2039,172,13.727272727272728,5.211920529801325,0
2040,206,19.33333333333333,5.339080459770115,0
2041,125,15.142857142857142,4.90566037735849,0
2042,107,16.0,5.302083333333333,0
2043,173,17.333333333333332,4.762820512820513,0
2044,186,14.0,5.5,0
2045,175,31.6,4.544303797468355,0
2046,113,19.6,4.938775510204081,0
2047,218,14.461538461538462,4.585106382978723,0
2048,357,17.529411764705884,4.956375838926174,0
2049,1646,11.355371900826446,4.641921397379913,0
2050,95,11.857142857142858,5.373493975903615,0
2051,99,14.333333333333334,5.267441860465116,0
2052,184,15.3,5.137254901960785,0
2053,98,15.333333333333334,5.380434782608695,0
2054,117,17.833333333333332,4.579439252336448,0
2055,106,45.0,4.888888888888889,0
2056,99,16.2,4.54320987654321,0
2057,87,18.25,4.945205479452055,0
2058,252,20.63636363636364,5.20704845814978,0
2059,159,17.5,4.642857142857143,0
2060,71,15.25,4.918032786885246,0
2061,99,17.0,5.188235294117647,0
2062,142,25.6,4.9609375,0
2063,116,14.428571428571429,5.376237623762377,0
2064,168,23.166666666666668,4.625899280575539,0
2065,106,18.6,5.258064516129032,0
2066,191,13.666666666666666,4.798780487804878,0
2067,201,13.153846153846152,4.719298245614035,0
2068,146,14.22222222222222,4.7265625,0
2069,173,19.625,5.235668789808917,0
2070,138,31.0,5.653225806451613,0
2071,136,17.142857142857142,5.1,0
2072,99,16.8,5.4523809523809526,0
2073,219,24.25,4.963917525773196,0
2074,108,23.75,4.821052631578947,0
2075,497,20.571428571428573,4.703703703703703,0
2076,180,19.75,4.715189873417722,0
2077,197,12.5,4.84,0
2078,130,59.0,5.02542372881356,0
2079,230,13.928571428571429,5.343589743589743,0
2080,182,26.0,5.083333333333333,0
2081,110,24.25,4.360824742268041,0
2082,230,14.846153846153848,5.150259067357513,0
2083,73,33.0,4.9393939393939394,0
2084,176,22.571428571428573,5.265822784810126,0
2085,127,12.444444444444445,5.053571428571429,0
2086,94,11.142857142857142,5.064102564102564,0
2087,138,20.666666666666668,5.201612903225806,0
2088,73,15.5,4.935483870967742,0
2089,201,21.125,5.195266272189349,0
2090,175,11.666666666666666,4.842857142857143,0
2091,186,20.75,4.77710843373494,0
2092,196,19.22222222222222,5.213872832369942,0
2093,182,15.5,4.529032258064516,0
2094,176,18.5,4.871621621621622,0
2095,279,18.76923076923077,5.131147540983607,0
2096,132,23.6,4.822033898305085,0
2097,84,10.428571428571429,5.452054794520548,0
2098,417,33.36363636363637,4.88283378746594,0
2099,57,11.75,4.659574468085107,0
2100,289,20.166666666666668,5.099173553719008,0
2101,158,15.444444444444445,5.338129496402877,0
2102,119,34.0,4.411764705882353,0
2103,165,14.4,5.256944444444445,0
2104,110,24.0,4.90625,0
2105,173,19.125,4.941176470588236,0
2106,245,19.454545454545453,4.696261682242991,0
2107,135,17.0,5.394957983193278,0
2108,109,20.0,4.27,0
2109,110,13.857142857142858,4.948453608247423,0
2110,78,14.0,4.757142857142857,0
2111,98,16.6,4.927710843373494,0
2112,99,30.0,5.144444444444445,0
2113,219,20.666666666666668,5.370967741935484,0
2114,77,17.75,5.028169014084507,0
2115,129,12.77777777777778,5.043478260869565,0
2116,152,14.88888888888889,5.208955223880597,0
2117,338,14.4,4.864583333333333,0
2118,116,16.666666666666668,4.86,0
2119,388,29.0,4.793103448275862,0
2120,72,21.666666666666668,4.892307692307693,0
2121,189,18.55555555555556,5.305389221556887,0
2122,75,16.25,4.969230769230769,0
2123,90,20.5,5.048780487804878,0
2124,91,15.6,4.897435897435898,0
2125,84,24.33333333333333,5.232876712328767,0
2126,262,16.5,4.510822510822511,0
2127,327,16.875,4.485185185185185,0
2128,117,17.166666666666668,4.796116504854369,0
2129,103,12.714285714285714,5.022471910112359,0
2130,99,29.33333333333333,4.852272727272728,0
2131,115,20.4,4.970588235294118,0
2132,278,19.25,5.021645021645021,0
2133,169,24.83333333333333,4.899328859060403,0
2134,78,23.666666666666668,4.633802816901408,0
2135,118,26.0,4.634615384615385,0
2136,263,22.8,4.947368421052632,0
2137,166,14.555555555555555,5.358778625954199,0
2138,141,18.428571428571427,4.689922480620155,0
2139,179,22.714285714285715,4.855345911949685,0
2140,139,30.25,5.239669421487603,0
2141,295,18.384615384615383,5.03347280334728,0
2142,85,12.166666666666666,5.315068493150685,0
2143,86,15.4,4.961038961038961,0
2144,135,15.714285714285714,5.445454545454545,0
2145,273,21.545454545454547,4.848101265822785,0
2146,163,17.375,5.0071942446043165,0
2147,130,14.5,4.551724137931035,0
2148,142,30.5,5.221311475409836,0
2149,98,17.2,4.988372093023256,0
2150,136,11.0,4.627272727272727,0
2151,165,24.166666666666668,5.186206896551724,0
2152,760,18.37142857142857,4.715396578538103,0
2153,145,20.666666666666668,4.693548387096774,0
2154,408,7.842105263157895,4.416107382550336,0
2155,141,29.0,5.224137931034483,0
2156,170,13.363636363636363,4.98639455782313,0
2157,109,13.0,5.461538461538462,0
2158,212,12.714285714285714,5.196629213483146,0
2159,83,15.4,4.467532467532467,0
2160,112,25.75,5.427184466019417,0
2161,117,25.25,5.465346534653466,0
2162,140,13.88888888888889,4.872,0
2163,140,17.571428571428573,4.764227642276423,0
2164,405,27.384615384615383,5.106741573033708,0
2165,91,25.666666666666668,5.077922077922078,0
2166,152,21.83333333333333,4.748091603053435,0
2167,101,18.0,5.266666666666667,0
2168,211,19.55555555555556,4.829545454545454,0
2169,85,14.2,4.563380281690141,0
2170,109,11.5,4.173913043478261,0
2171,145,14.0,4.53968253968254,0
2172,217,11.6,4.649425287356322,0
2173,136,8.4,4.404761904761905,0
2174,137,15.0,4.658333333333333,0
2175,287,19.0,4.97165991902834,0
2176,148,26.4,4.386363636363637,0
2177,218,17.272727272727273,5.157894736842105,0
2178,111,15.833333333333334,5.231578947368421,0
2179,81,14.0,5.285714285714286,0
2180,131,10.818181818181818,4.495798319327731,0
2181,94,13.333333333333334,5.0125,0
2182,150,16.25,4.884615384615385,0
2183,116,12.125,4.88659793814433,0
2184,157,23.166666666666668,4.856115107913669,0
2185,237,13.733333333333333,4.805825242718447,0
2186,135,14.75,4.728813559322034,0
2187,143,20.33333333333333,5.401639344262295,0
2188,202,14.25,4.859649122807017,0
2189,171,21.285714285714285,4.859060402684563,0
2190,122,10.3,4.932038834951456,0
2191,283,35.0,4.824489795918368,0
2192,156,22.166666666666668,5.353383458646617,0
2193,360,22.642857142857142,4.700315457413249,0
2194,243,30.285714285714285,5.04245283018868,0
2195,188,27.0,4.814814814814815,0
2196,66,20.33333333333333,5.098360655737705,0
2197,240,19.0,5.023923444976076,0
2198,141,20.666666666666668,4.943548387096774,0
2199,248,15.714285714285714,4.781818181818182,0
2200,265,19.08333333333333,4.9475982532751095,0
2201,82,25.0,4.226666666666667,0
2202,198,24.142857142857142,4.964497041420119,0
2203,102,14.333333333333334,5.162790697674419,0
2204,195,16.7,5.3293413173652695,0
2205,121,18.0,5.574074074074074,0
2206,151,15.5,5.411290322580645,0
2207,76,16.5,4.96969696969697,0
2208,140,16.571428571428573,4.724137931034483,0
2209,184,21.714285714285715,5.105263157894737,0
2210,143,13.333333333333334,4.625,0
2211,134,13.555555555555555,5.467213114754099,0
2212,170,31.4,4.598726114649682,0
2213,131,19.666666666666668,5.177966101694915,0
2214,87,15.4,5.597402597402597,0
2215,135,37.333333333333336,5.107142857142857,0
2216,166,9.428571428571429,5.0227272727272725,0
2217,235,16.166666666666668,5.036082474226804,0
2218,148,14.666666666666666,4.909090909090909,0
2219,193,18.666666666666668,5.255952380952381,0
2220,180,21.714285714285715,4.171052631578948,0
2221,488,20.428571428571427,5.013986013986014,0
2222,160,16.875,5.051851851851852,0
2223,136,9.5,4.912280701754386,0
2224,203,15.454545454545457,4.958823529411765,0
2225,155,22.83333333333333,4.970802919708029,0
2226,127,16.0,4.946428571428571,0
2227,156,14.0,4.878571428571429,0
2228,291,19.692307692307693,4.94140625,0
2229,193,19.444444444444443,4.662857142857143,0
2230,63,29.0,5.0,0
2231,114,13.857142857142858,4.649484536082475,0
2232,91,20.75,5.771084337349397,0
2233,204,8.444444444444445,4.381578947368421,0
2234,109,13.0,5.175824175824176,0
2235,82,11.833333333333334,5.014084507042254,0
2236,79,17.0,5.088235294117647,0
2237,116,16.666666666666668,4.22,0
2238,64,19.33333333333333,5.017241379310345,0
2239,250,31.857142857142858,4.7847533632287,0
2240,80,17.25,4.463768115942029,0
2241,113,14.0,5.428571428571429,0
2242,81,17.75,5.746478873239437,0
2243,107,23.0,5.380434782608695,0
2244,349,19.3125,4.666666666666667,0
2245,281,19.0,4.898785425101215,0
2246,102,15.166666666666666,4.989010989010989,0
2247,71,8.428571428571429,5.254237288135593,0
2248,95,13.833333333333334,5.036144578313253,0
2249,109,11.75,4.75531914893617,0
2250,104,23.75,4.873684210526315,0
2251,103,22.25,4.853932584269663,0
2252,91,27.0,4.679012345679013,0
2253,96,17.6,5.625,0
2254,109,18.4,5.032608695652174,0
2255,78,21.666666666666668,5.215384615384616,0
2256,95,14.0,4.761904761904762,0
2257,131,18.33333333333333,4.963636363636364,0
2258,106,24.25,5.061855670103093,0
2259,100,16.8,4.988095238095238,0
2260,105,9.1,4.6923076923076925,0
2261,69,16.0,4.859375,0
2262,186,23.571428571428573,4.921212121212121,0
2263,109,19.4,4.65979381443299,0
2264,229,16.727272727272727,5.119565217391305,0
2265,131,22.8,4.684210526315789,0
2266,109,13.714285714285714,4.854166666666667,0
2267,108,15.833333333333334,5.421052631578948,0
2268,61,10.2,5.313725490196078,0
2269,135,20.166666666666668,5.371900826446281,0
2270,109,10.77777777777778,4.793814432989691,0
2271,235,23.22222222222222,5.148325358851674,0
2272,195,18.33333333333333,5.16969696969697,0
2273,194,25.0,4.8,0
2274,166,21.0,4.63265306122449,0
2275,199,15.090909090909092,4.927710843373494,0
2276,175,11.916666666666666,4.587412587412588,0
2277,279,22.9,4.864628820960698,0
2278,147,12.88888888888889,4.551724137931035,0
2279,117,14.571428571428571,4.950980392156863,0
2280,148,14.444444444444445,4.630769230769231,0
2281,338,19.466666666666665,5.085616438356165,0
2282,214,14.923076923076923,4.819587628865979,0
2283,186,15.090909090909092,5.271084337349397,0
2284,175,14.6,5.178082191780822,0
2285,101,18.0,4.511111111111111,0
2286,107,23.25,4.763440860215054,0
2287,131,21.8,4.724770642201835,0
2288,126,22.0,5.472727272727273,0
2289,293,19.307692307692307,4.764940239043825,0
2290,94,13.666666666666666,4.804878048780488,0
2291,255,31.571428571428573,4.606334841628959,0
2292,179,22.714285714285715,4.113207547169812,0
2293,240,19.272727272727277,4.4245283018867925,0
2294,188,16.6,5.018072289156627,0
2295,236,16.307692307692307,4.910377358490566,0
2296,141,17.857142857142858,4.576,0
2297,108,24.25,4.670103092783505,0
2298,305,16.75,4.899253731343284,0
2299,256,15.4,5.116883116883117,0
2300,209,16.90909090909091,5.059139784946237,0
2301,167,20.285714285714285,4.880281690140845,0
2302,271,16.214285714285715,4.524229074889868,0
2303,158,18.25,4.835616438356165,0
2304,176,21.571428571428573,4.403973509933775,0
2305,300,15.8125,4.442687747035573,0
2306,387,13.583333333333334,4.720858895705521,0
2307,243,27.125,4.907834101382488,0
2308,191,40.25,4.9937888198757765,0
2309,86,26.33333333333333,5.30379746835443,0
2310,145,15.75,5.515873015873016,0
2311,246,17.25,4.676328502415459,0
2312,222,11.4375,4.7923497267759565,0
2313,176,13.083333333333334,4.898089171974522,0
2314,46,43.0,4.813953488372093,0
2315,262,16.0,4.78125,0
2316,199,12.923076923076923,4.422619047619048,0
2317,106,18.6,5.279569892473118,0
2318,128,16.0,4.455357142857143,0
2319,225,18.272727272727277,4.776119402985074,0
2320,164,15.0,4.946666666666666,0
2321,145,25.0,4.824,0
2322,75,14.0,4.814285714285714,0
2323,16,5.0,5.266666666666667,0
2324,181,17.666666666666668,5.0,0
2325,236,17.636363636363637,5.15979381443299,0
2326,117,18.0,4.462962962962963,0
2327,276,18.76923076923077,4.39344262295082,0
2328,209,22.0,5.363636363636363,0
2329,209,16.818181818181817,5.383783783783784,0
2330,213,22.5,5.444444444444445,0
2331,117,19.0,4.968421052631579,0
2332,108,18.6,5.075268817204301,0
2333,118,17.333333333333332,5.1923076923076925,0
2334,279,27.11111111111111,5.090163934426229,0
2335,188,23.857142857142858,5.419161676646707,0
2336,308,16.352941176470587,4.81294964028777,0
2337,370,18.05555555555556,4.686153846153847,0
2338,622,18.2,4.82051282051282,0
2339,133,16.142857142857142,5.185840707964601,0
2340,293,29.0,4.954022988505747,0
2341,214,24.125,5.025906735751295,0
2342,254,25.88888888888889,5.07725321888412,0
2343,259,14.25,4.837719298245614,0
2344,101,12.285714285714286,4.604651162790698,0
2345,113,12.25,4.6938775510204085,0
2346,268,25.444444444444443,4.545851528384279,0
2347,169,16.11111111111111,4.813793103448276,0
2348,390,21.5625,5.0376811594202895,0
2349,169,16.77777777777778,4.629139072847682,0
2350,18,8.0,4.25,0
2351,119,14.857142857142858,5.25,0
2352,136,20.5,5.008130081300813,0
2353,118,13.375,4.383177570093458,0
2354,123,14.428571428571429,4.603960396039604,0
2355,273,11.789473684210526,5.227678571428571,0
2356,337,16.166666666666668,4.72852233676976,0
2357,97,13.833333333333334,5.301204819277109,0
2358,185,20.0,4.575,0
2359,191,19.875,4.534591194968553,0
2360,144,15.625,4.528,0
2361,219,23.875,5.146596858638744,0
2362,245,26.75,5.140186915887851,0
2363,249,12.647058823529411,4.8930232558139535,0
2364,328,14.578947368421051,4.5451263537906135,0
2365,108,13.142857142857142,5.260869565217392,0
2366,143,17.857142857142858,4.912,0
2367,176,19.5,4.935897435897436,0
2368,169,15.3,4.862745098039215,0
2369,542,25.05263157894737,4.630252100840337,0
2370,156,14.666666666666666,5.015151515151516,0
2371,198,17.2,4.895348837209302,0
2372,179,19.625,5.038216560509555,0
2373,105,11.25,4.8,0
2374,200,21.25,5.429411764705883,0
2375,161,21.714285714285715,5.072368421052632,0
2376,132,19.5,4.982905982905983,0
2377,130,16.0,5.526785714285714,0
2378,120,16.333333333333332,5.255102040816326,0
2379,121,14.714285714285714,5.213592233009709,0
2380,180,39.5,5.158227848101266,0
2381,445,16.375,4.653944020356234,0
2382,209,20.77777777777778,4.839572192513369,0
2383,123,13.25,4.4245283018867925,0
2384,227,14.923076923076923,4.747422680412371,0
2385,155,15.0,4.718518518518518,0
2386,168,19.0,4.769736842105263,0
2387,184,18.22222222222222,4.951219512195122,0
2388,302,14.941176470588236,5.141732283464567,0
2389,257,22.5,4.764444444444444,0
2390,277,16.133333333333333,4.702479338842975,0
2391,245,21.7,5.175115207373272,0
2392,169,21.285714285714285,4.89261744966443,0
2393,117,12.75,5.666666666666667,0
2394,195,15.636363636363637,4.906976744186046,0
2395,1072,19.875,4.8930817610062896,0
2396,382,20.8125,4.768768768768769,0
2397,258,27.75,5.274774774774775,0
2398,235,25.125,5.169154228855722,0
2399,334,20.53333333333333,4.814935064935065,0
2400,226,19.8,4.828282828282828,0
2401,404,16.333333333333332,4.513119533527697,0
2402,198,15.818181818181818,5.120689655172414,0
2403,229,20.8,4.658653846153846,0
2404,180,26.83333333333333,5.167701863354037,0
2405,140,24.8,5.032258064516129,0
2406,185,18.33333333333333,4.872727272727273,0
2407,205,16.454545454545453,4.751381215469613,0
2408,116,13.857142857142858,4.422680412371134,0
2409,157,19.428571428571427,5.125,0
2410,309,18.0,5.0,0
2411,218,16.636363636363637,4.907103825136612,0
2412,197,15.0,4.557575757575758,0
2413,186,16.1,4.925465838509317,0
2414,109,18.6,4.913978494623656,0
2415,185,16.6,4.843373493975903,0
2416,240,26.5,5.1745283018867925,0
2417,181,22.857142857142858,4.975,0
2418,188,21.625,5.144508670520231,0
2419,135,14.75,5.635593220338983,0
2420,190,26.5,4.6918238993710695,0
2421,286,23.181818181818183,4.792156862745098,0
2422,211,25.857142857142858,4.955801104972376,0
2423,116,20.4,4.794117647058823,0
2424,139,15.75,4.9523809523809526,0
2425,324,11.5,4.590579710144928,0
2426,338,25.0,5.323333333333333,0
2427,14,6.5,5.153846153846154,0
2428,87,11.0,4.974025974025974,0
2429,114,18.8,5.319148936170213,0
2430,120,18.0,4.981481481481482,0
2431,168,17.375,4.913669064748201,0
2432,138,14.5,5.413793103448276,0
2433,104,19.6,4.673469387755102,0
2434,183,15.8,4.19620253164557,0
2435,171,12.25,5.1020408163265305,0
2436,225,15.916666666666666,5.204188481675392,0
2437,157,22.666666666666668,4.823529411764706,0
2438,120,18.166666666666668,5.155963302752293,0
2439,95,14.5,5.114942528735632,0
2440,128,18.166666666666668,4.376146788990826,0
2441,129,12.444444444444445,4.982142857142857,0
2442,158,23.5,4.609929078014185,0
2443,217,17.363636363636363,5.052356020942408,0
2444,183,17.444444444444443,4.904458598726115,0
2445,116,13.857142857142858,5.474226804123711,0
2446,153,18.714285714285715,5.129770992366412,0
2447,19,18.0,5.277777777777778,0
2448,183,17.555555555555557,5.063291139240507,0
2449,136,17.285714285714285,4.991735537190083,0
2450,145,21.83333333333333,5.190839694656488,0
2451,127,16.571428571428573,5.043103448275862,0
2452,80,11.166666666666666,4.7611940298507465,0
2453,204,14.25,5.339181286549708,0
2454,51,11.0,4.840909090909091,0
2455,220,12.3125,4.761421319796955,0
2456,198,43.25,4.797687861271676,0
2457,156,23.33333333333333,5.1571428571428575,0
2458,95,11.857142857142858,4.807228915662651,0
2459,217,21.77777777777778,4.979591836734694,0
2460,122,14.714285714285714,5.271844660194175,0
2461,81,25.0,4.586666666666667,0
2462,126,16.142857142857142,4.743362831858407,0
2463,289,15.8125,4.774703557312253,0
2464,145,21.166666666666668,4.637795275590551,0
2465,108,10.333333333333334,5.021505376344086,0
2466,371,13.541666666666666,4.843076923076923,0
2467,170,15.5,4.767741935483871,0
2468,243,27.125,5.276497695852535,0
2469,242,20.5,5.004878048780488,0
2470,146,17.428571428571427,5.008196721311475,0
2471,206,18.4,4.923913043478261,0
2472,138,14.625,4.538461538461538,0
2473,170,16.333333333333332,5.210884353741497,0
2474,369,18.77777777777778,5.263313609467455,0
2475,266,25.0,4.986666666666666,0
2476,132,22.8,5.0,0
2477,140,22.8,4.684210526315789,0
2478,381,17.263157894736842,4.859756097560975,0
2479,133,20.166666666666668,5.669421487603306,0
2480,132,21.2,4.19811320754717,0
2481,240,20.8,4.293269230769231,0
2482,340,14.476190476190476,4.944078947368421,0
2483,92,15.0,5.573333333333333,0
2484,263,14.5625,4.793991416309013,0
2485,149,17.125,4.357664233576642,0
2486,159,18.857142857142858,4.96969696969697,0
2487,326,23.666666666666668,5.28169014084507,0
2488,316,13.4,5.037313432835821,0
2489,136,40.0,4.991666666666666,0
2490,196,16.3,4.361963190184049,0
2491,226,16.833333333333332,4.99009900990099,0
2492,364,16.31578947368421,4.983870967741935,0
2493,187,20.25,4.790123456790123,0
2494,245,19.454545454545453,4.9485981308411215,0
2495,202,13.23076923076923,4.598837209302325,0
2496,143,22.166666666666668,4.684210526315789,0
2497,163,13.363636363636363,5.074829931972789,0
2498,220,12.666666666666666,5.010526315789473,0
2499,17,8.0,5.5,0
2500,266,21.363636363636363,4.629787234042553,0
2501,182,14.181818181818182,4.730769230769231,0
2502,572,22.952380952380956,4.730290456431535,0
2503,204,16.8,4.886904761904762,0
2504,126,18.666666666666668,5.080357142857143,0
2505,236,17.833333333333332,4.672897196261682,0
2506,142,20.83333333333333,5.264,0
2507,93,27.0,4.567901234567901,0
2508,232,19.1,4.801047120418848,0
2509,196,15.363636363636363,5.011834319526627,0
2510,121,18.166666666666668,4.4495412844036695,0
2511,123,10.6,5.084905660377358,0
2512,124,18.33333333333333,4.954545454545454,0
2513,447,17.043478260869566,4.788265306122449,0
2514,200,13.666666666666666,4.9817073170731705,0
2515,167,26.0,5.224358974358975,0
2516,157,19.428571428571427,5.117647058823529,0
2517,321,25.63636363636364,4.847517730496454,0
2518,176,22.142857142857142,4.754838709677419,0
2519,304,13.944444444444445,4.868525896414343,0
2520,84,15.4,4.818181818181818,0
2521,157,19.571428571428573,5.313868613138686,0
2522,143,15.0,4.608333333333333,0
2523,117,17.833333333333332,4.869158878504673,0
2524,204,15.166666666666666,5.236263736263736,0
2525,159,14.88888888888889,5.41044776119403,0
2526,148,20.5,4.813008130081301,0
2527,130,19.83333333333333,4.7899159663865545,0
2528,139,17.857142857142858,4.952,0
2529,136,19.666666666666668,4.813559322033898,0
2530,249,23.88888888888889,4.967441860465116,0
2531,102,15.666666666666666,5.351063829787234,0
2532,272,18.0,4.837606837606837,0
2533,128,15.714285714285714,4.990909090909091,0
2534,192,16.5,5.133333333333334,0
2535,112,16.833333333333332,4.584158415841584,0
2536,266,29.75,4.567226890756302,0
2537,207,13.076923076923077,5.135294117647059,0
2538,184,22.0,5.097402597402597,0
2539,160,24.83333333333333,4.664429530201343,0
2540,105,15.166666666666666,4.494505494505495,0
2541,272,26.55555555555556,4.623430962343096,0
2542,200,12.714285714285714,4.870786516853933,0
2543,189,17.666666666666668,5.509433962264151,0
2544,190,12.384615384615383,4.385093167701863,0
2545,154,27.8,4.633093525179856,0
2546,426,16.26086956521739,4.96524064171123,0
2547,144,25.8,5.155038759689923,0
2548,108,14.666666666666666,4.920454545454546,0
2549,216,16.083333333333332,4.994818652849741,0
2550,149,12.0,4.8106060606060606,0
2551,116,17.166666666666668,5.398058252427185,0
2552,236,18.818181818181817,4.618357487922705,0
2553,145,20.33333333333333,5.491803278688525,0
2554,126,19.33333333333333,5.146551724137931,0
2555,319,19.857142857142858,4.76978417266187,0
2556,200,13.538461538461538,4.988636363636363,0
2557,79,17.25,4.942028985507246,0
2558,204,12.5,4.8,0
2559,187,18.55555555555556,5.017964071856287,0
2560,92,13.333333333333334,5.2125,0
2561,199,24.0,5.023809523809524,0
2562,128,22.6,5.123893805309734,0
2563,211,18.2,4.730769230769231,0
2564,169,24.0,4.645833333333333,0
2565,85,13.0,4.5256410256410255,0
2566,182,23.666666666666668,5.105633802816901,0
2567,341,20.53333333333333,4.616883116883117,0
2568,181,16.3,4.865030674846626,0
2569,167,11.076923076923077,4.694444444444445,0
2570,161,16.11111111111111,4.820689655172414,0
2571,137,17.428571428571427,5.213114754098361,0
2572,176,14.090909090909092,5.193548387096774,0
2573,189,22.857142857142858,4.725,0
2574,334,27.363636363636363,5.262458471760797,0
2575,128,24.0,4.958333333333333,0
2576,370,21.266666666666666,5.053291536050157,0
2577,336,17.647058823529413,4.82,0
2578,118,26.0,5.403846153846154,0
2579,119,20.6,4.70873786407767,0
2580,227,22.22222222222222,5.46,0
2581,250,19.727272727272727,4.921658986175115,0
2582,185,15.8,4.481012658227848,0
2583,108,15.5,5.075268817204301,0
2584,134,16.857142857142858,4.771186440677966,0
2585,151,13.2,4.893939393939394,0
2586,198,29.0,5.126436781609195,0
2587,147,21.0,5.095238095238095,0
2588,451,18.666666666666668,4.959183673469388,0
2589,86,24.666666666666668,4.581081081081081,0
2590,153,16.625,5.2180451127819545,0
2591,275,18.416666666666668,5.158371040723982,0
2592,143,18.428571428571427,5.418604651162791,0
2593,114,19.8,4.878787878787879,0
2594,123,14.571428571428571,5.5588235294117645,0
2595,149,12.9,5.170542635658915,0
2596,101,21.5,5.825581395348837,0
2597,165,12.636363636363637,4.928057553956834,0
2598,170,17.875,5.034965034965035,0
2599,517,23.1,4.757575757575758,0
2600,95,14.0,5.273809523809524,0
2601,171,13.181818181818182,5.103448275862069,0
2602,198,21.0,4.708333333333333,0
2603,120,11.555555555555555,5.0673076923076925,0
2604,142,14.0,4.626984126984127,0
2605,123,17.0,5.549019607843137,0
2606,110,32.0,4.885416666666667,0
2607,277,21.63636363636364,5.092436974789916,0
2608,186,19.875,4.9748427672955975,0
2609,136,30.0,4.833333333333333,0
2610,150,19.571428571428573,5.226277372262774,0
2611,237,15.615384615384617,4.778325123152709,0
2612,176,19.125,5.183006535947713,0
2613,198,15.636363636363637,4.8895348837209305,0
2614,146,19.142857142857142,4.843283582089552,0
2615,194,16.9,4.7514792899408285,0
2616,123,26.5,5.547169811320755,0
2617,209,16.727272727272727,4.809782608695652,0
2618,158,16.375,5.114503816793893,0
2619,122,21.8,4.8807339449541285,0
2620,156,15.22222222222222,5.5036496350364965,0
2621,191,33.6,4.815476190476191,0
2622,169,24.666666666666668,4.925675675675675,0
2623,215,26.428571428571427,5.232432432432432,0
2624,233,22.444444444444443,4.955445544554456,0
2625,194,16.8,4.994047619047619,0
2626,186,19.625,5.273885350318471,0
2627,359,22.571428571428573,5.031645569620253,0
2628,173,15.4,4.792207792207792,0
2629,166,13.545454545454543,5.060402684563758,0
2630,232,24.5,5.346938775510204,0
2631,160,22.83333333333333,5.248175182481752,0
2632,252,23.22222222222222,4.779904306220096,0
2633,433,28.615384615384617,5.46505376344086,0
2634,281,13.555555555555555,5.430327868852459,0
2635,218,21.22222222222222,4.863874345549738,0
2636,160,19.285714285714285,4.733333333333333,0
2637,183,23.571428571428573,5.296969696969697,0
2638,178,20.125,4.763975155279503,0
2639,158,12.0,4.606060606060606,0
2640,163,15.444444444444445,4.884892086330935,0
2641,225,19.5,5.3538461538461535,0
2642,182,19.5,4.756410256410256,0
2643,155,19.142857142857142,5.380597014925373,0
2644,340,21.928571428571427,5.039087947882736,0
2645,168,11.0,4.405594405594406,0
2646,116,21.8,5.018348623853211,0
2647,188,20.875,5.305389221556887,0
2648,161,17.125,5.014598540145985,0
2649,168,17.5,5.442857142857143,0
2650,239,17.416666666666668,4.770334928229665,0
2651,162,23.5,5.177304964539007,0
2652,198,17.4,5.367816091954023,0
2653,148,22.166666666666668,5.578947368421052,0
2654,125,18.666666666666668,5.107142857142857,0
2655,238,10.947368421052632,4.884615384615385,0
2656,193,20.875,5.059880239520958,0
2657,137,17.0,5.050420168067227,0
2658,212,18.5,5.708108108108108,0
2659,160,27.8,5.194244604316546,0
2660,304,23.818181818181817,5.068702290076335,0
2661,94,16.0,5.1125,0
2662,161,23.0,4.608695652173913,0
2663,127,23.2,5.241379310344827,0
2664,253,16.076923076923077,5.435406698564593,0
2665,182,20.0,4.9625,0
2666,95,25.666666666666668,5.064935064935065,0
2667,204,35.6,4.966292134831461,0
2668,186,19.5,4.92948717948718,0
2669,277,18.846153846153847,5.06530612244898,0
2670,271,18.07692307692308,4.842553191489362,0
2671,170,21.0,4.789115646258503,0
2672,206,16.272727272727273,4.932960893854749,0
2673,278,17.214285714285715,5.008298755186722,0
2674,163,16.444444444444443,5.29054054054054,0
2675,95,42.0,5.309523809523809,0
2676,153,13.2,4.348484848484849,0
2677,143,17.285714285714285,5.322314049586777,0
2678,492,20.61904761904762,5.023094688221709,0
2679,281,19.916666666666668,5.171548117154812,0
2680,152,22.5,4.992592592592593,0
2681,206,25.571428571428573,5.29608938547486,0
2682,165,24.666666666666668,4.864864864864865,0
2683,158,17.25,4.536231884057971,0
2684,191,17.555555555555557,5.215189873417722,0
2685,261,15.2,5.026315789473684,0
2686,199,19.11111111111111,4.773255813953488,0
2687,246,26.375,5.3364928909952605,0
2688,264,18.666666666666668,5.044642857142857,0
2689,119,14.428571428571429,5.415841584158416,0
2690,190,13.583333333333334,4.895705521472393,0
2691,141,21.0,5.015873015873016,0
2692,242,21.7,5.138248847926267,0
2693,621,22.666666666666668,4.990808823529412,0
2694,130,16.285714285714285,5.0701754385964914,0
2695,156,22.166666666666668,4.879699248120301,0
2696,174,26.666666666666668,5.0625,0
2697,166,29.8,4.771812080536913,0
2698,208,22.75,5.016483516483516,0
2699,140,25.2,4.658730158730159,0
2700,123,21.8,5.376146788990826,0
2701,123,15.285714285714286,5.177570093457944,0
2702,158,15.0,4.955555555555556,0
2703,370,19.875,4.987421383647798,0
2704,185,14.454545454545457,5.20125786163522,0
2705,174,15.5,4.425806451612903,0
2706,179,25.666666666666668,4.688311688311688,0
2707,622,15.17142857142857,4.510357815442561,0
2708,129,19.0,5.473684210526316,0
2709,104,29.666666666666668,4.707865168539326,0
2710,152,15.875,5.078740157480315,0
2711,118,17.0,5.647058823529412,0
2712,215,11.9375,4.49738219895288,0
2713,155,16.875,4.637037037037037,0
2714,297,21.0,5.182539682539683,0
2715,126,11.444444444444445,5.41747572815534,0
2716,239,17.75,4.647887323943662,0
2717,192,13.076923076923077,5.005882352941176,0
2718,131,11.5,4.982608695652174,0
2719,123,13.5,4.962962962962963,0
2720,199,25.714285714285715,5.222222222222222,0
2721,106,14.0,5.051020408163265,0
2722,136,29.25,5.153846153846154,0
2723,165,14.5,4.703448275862069,0
2724,159,27.6,5.166666666666667,0
2725,175,19.25,5.5,0
2726,131,18.666666666666668,4.616071428571429,0
2727,147,21.83333333333333,5.221374045801527,0
2728,138,17.285714285714285,5.388429752066116,0
2729,201,16.727272727272727,5.217391304347826,0
2730,296,21.166666666666668,4.830708661417323,0
2731,241,23.0,5.652173913043479,0
2732,127,13.875,4.711711711711712,0
2733,267,14.4375,4.956709956709957,0
2734,138,15.25,4.713114754098361,0
2735,204,18.0,5.033333333333333,0
2736,242,20.4,5.313725490196078,0
2737,123,27.25,4.8807339449541285,0
2738,115,19.8,4.414141414141414,0
2739,131,24.6,5.105691056910569,0
2740,210,16.727272727272727,4.5978260869565215,0
2741,258,31.428571428571427,5.340909090909091,0
2742,129,23.8,5.168067226890757,0
2743,179,15.7,4.910828025477707,0
2744,241,28.714285714285715,4.9950248756218905,0
2745,233,20.5,4.585365853658536,0
2746,149,22.33333333333333,5.074626865671642,0
2747,108,19.0,4.936842105263158,0
2748,274,29.875,5.2343096234309625,0
2749,72,16.25,5.338461538461538,0
2750,167,20.428571428571427,5.160839160839161,0
2751,212,20.77777777777778,4.983957219251337,0
2752,151,15.0,5.177777777777778,0
2753,168,16.555555555555557,4.939597315436242,0
2754,357,16.36842105263158,5.038585209003215,0
2755,230,22.444444444444443,4.7227722772277225,0
2756,139,24.4,4.60655737704918,0
2757,124,22.4,4.839285714285714,0
2758,264,14.6,4.940639269406392,0
2759,225,19.5,5.415384615384616,0
2760,19,9.0,4.833333333333333,0
2761,301,20.153846153846157,5.0534351145038165,0
2762,227,18.9,4.841269841269841,0
2763,98,30.0,4.955555555555556,0
2764,95,16.6,5.084337349397591,0
2765,141,23.0,5.626086956521739,0
2766,396,15.952380952380953,4.826865671641791,0
2767,185,17.555555555555557,5.493670886075949,0
2768,262,22.6,5.092920353982301,0
2769,191,23.0,5.39751552795031,0
2770,155,22.33333333333333,5.119402985074627,0
2771,338,18.125,4.834482758620689,0
2772,408,7.372093023255814,4.7066246056782335,0
2773,182,25.33333333333333,5.006578947368421,0
2774,199,18.11111111111111,4.993865030674846,0
2775,298,15.0,4.901960784313726,0
2776,173,21.857142857142858,5.065359477124183,0
2777,136,30.25,4.859504132231405,0
2778,114,20.2,4.712871287128713,0
2779,235,15.923076923076923,4.753623188405797,0
2780,138,17.142857142857142,4.858333333333333,0
2781,213,19.55555555555556,4.767045454545454,0
2782,204,18.3,4.814207650273224,0
2783,193,18.77777777777778,5.355029585798817,0
2784,138,17.428571428571427,5.229508196721311,0
2785,217,20.88888888888889,4.877659574468085,0
2786,228,14.5,5.157635467980295,0
2787,203,17.4,5.2298850574712645,0
2788,186,23.0,5.559006211180124,0
2789,136,13.444444444444445,4.694214876033058,0
2790,235,17.636363636363637,4.721649484536083,0
2791,307,30.22222222222222,5.503676470588236,0
2792,404,22.5,4.85,0
2793,175,18.5,5.445945945945946,0
2794,381,21.0625,4.792284866468843,0
2795,203,16.727272727272727,4.788043478260869,0
2796,138,24.0,5.191666666666666,0
2797,202,25.428571428571427,4.915730337078652,0
2798,185,19.875,5.547169811320755,0
2799,85,14.8,4.95945945945946,0
2800,114,20.2,5.118811881188119,0
2801,126,12.22222222222222,5.136363636363637,0
2802,263,16.357142857142858,5.013100436681222,0
2803,105,15.333333333333334,5.173913043478261,0
2804,170,14.4,4.555555555555555,0
2805,116,17.0,5.352941176470588,0
2806,276,28.5,5.100877192982456,0
2807,148,17.428571428571427,5.475409836065574,0
2808,115,17.166666666666668,5.116504854368932,0
2809,154,35.25,5.23404255319149,0
2810,252,19.727272727272727,5.147465437788019,0
2811,119,13.25,4.990566037735849,0
2812,190,23.285714285714285,5.134969325153374,0
2813,169,14.6,4.993150684931507,0
2814,65,14.0,5.267857142857143,0
2815,245,14.0,4.757142857142857,0
2816,121,13.0,4.8173076923076925,0
2817,95,14.166666666666666,5.270588235294118,0
2818,107,16.166666666666668,4.546391752577319,0
2819,142,15.875,5.299212598425197,0
2820,177,22.714285714285715,4.773584905660377,0
2821,100,15.0,4.644444444444445,0
2822,182,19.125,5.352941176470588,0
2823,79,14.0,4.7,0
2824,136,13.333333333333334,5.05,0
2825,103,17.8,4.53932584269663,0
2826,365,16.45,4.975683890577508,0
2827,140,20.166666666666668,5.471074380165289,0
2828,97,16.2,5.530864197530864,0
2829,208,17.8,5.320224719101123,0
2830,131,19.5,4.974358974358975,0
2831,126,10.9,4.678899082568807,0
2832,35,16.5,4.121212121212121,0
2833,119,12.11111111111111,5.651376146788991,0
2834,169,20.285714285714285,5.267605633802817,0
2835,168,20.571428571428573,5.0625,0
2836,164,15.444444444444445,4.841726618705036,0
2837,119,20.2,5.247524752475248,0
2838,136,19.0,5.280701754385965,0
2839,262,22.3,4.856502242152466,0
2840,133,18.166666666666668,5.201834862385321,0
2841,140,23.8,5.243697478991597,0
2842,148,26.0,5.061538461538461,0
2843,134,16.857142857142858,4.762711864406779,0
2844,132,14.375,5.295652173913044,0
2845,93,16.6,5.0602409638554215,0
2846,120,20.8,5.086538461538462,0
2847,184,27.5,5.3090909090909095,0
2848,355,18.764705882352946,5.326018808777429,0
2849,188,20.375,5.398773006134969,0
2850,163,18.125,5.089655172413793,0
2851,123,17.166666666666668,5.281553398058253,0
2852,92,10.857142857142858,4.5131578947368425,0
2853,79,11.5,4.797101449275362,0
2854,119,14.857142857142858,5.096153846153846,0
2855,253,20.545454545454547,5.292035398230088,0
2856,246,16.615384615384617,5.087962962962963,0
2857,120,15.571428571428571,4.651376146788991,0
2858,157,19.714285714285715,5.094202898550725,0
2859,157,16.875,5.414814814814815,0
2860,205,22.125,5.073446327683616,0
2861,142,32.0,5.2734375,0
2862,194,17.4,4.7298850574712645,0
2863,134,24.0,5.375,0
2864,170,17.875,5.286713286713287,0
2865,199,19.0,5.444444444444445,0
2866,106,18.8,5.297872340425532,0
2867,251,15.5,5.225806451612903,0
2868,141,23.8,4.798319327731092,0
2869,129,16.571428571428573,4.991379310344827,0
2870,272,19.83333333333333,5.226890756302521,0
2871,163,17.25,5.152173913043479,0
2872,143,17.142857142857142,4.95,0
2873,138,13.22222222222222,5.168067226890757,0
2874,152,20.666666666666668,5.112903225806452,0
2875,344,17.4375,5.014336917562724,0
2876,189,23.714285714285715,5.313253012048193,0
2877,142,24.8,4.991935483870968,0
2878,122,13.625,4.6422018348623855,0
2879,120,14.857142857142858,5.519230769230769,0
2880,158,15.555555555555555,5.078571428571428,0
2881,166,18.5,4.864864864864865,0
2882,131,25.75,4.475728155339806,0
2883,158,9.428571428571429,5.227272727272728,0
2884,150,16.75,4.955223880597015,0
2885,194,23.857142857142858,4.413173652694611,0
2886,129,11.88888888888889,4.794392523364486,0
2887,221,16.25,4.815384615384615,0
2888,119,14.857142857142858,4.9423076923076925,0
2889,227,19.9,4.417085427135678,0
2890,318,19.571428571428573,4.945255474452555,0
2891,142,17.285714285714285,4.9421487603305785,0
2892,95,16.6,4.927710843373494,0
2893,218,19.6,4.73469387755102,0
2894,198,29.0,4.873563218390805,0
2895,116,17.166666666666668,4.864077669902913,0
2896,136,17.285714285714285,4.578512396694215,0
2897,135,13.333333333333334,5.0,0
2898,172,12.833333333333334,4.636363636363637,0
2899,396,32.72727272727273,4.861111111111111,0
2900,138,12.0,4.85,0
2901,79,17.75,4.985915492957746,0
2902,201,19.22222222222222,5.416184971098266,0
2903,177,18.375,4.993197278911564,0
2904,146,21.83333333333333,5.412213740458015,0
2905,179,18.625,4.476510067114094,0
2906,133,14.375,5.104347826086957,0
2907,211,20.444444444444443,5.233695652173913,0
2908,415,19.36842105263158,4.894021739130435,0
2909,18,7.5,5.133333333333334,0
2910,169,30.0,5.1466666666666665,0
2911,217,21.0,4.71957671957672,0
2912,213,15.0,4.694444444444445,0
2913,90,19.5,5.0256410256410255,0
2914,133,19.666666666666668,5.059322033898305,0
2915,128,19.0,5.307017543859649,0
2916,226,16.916666666666668,5.458128078817734,0
2917,164,23.5,5.425531914893617,0
2918,166,21.428571428571427,5.213333333333333,0
2919,77,16.25,4.969230769230769,0
2920,122,15.428571428571429,5.324074074074074,0
2921,162,17.875,5.174825174825175,0
2922,89,19.75,5.405063291139241,0
2923,111,14.285714285714286,5.43,0
2924,57,15.0,5.111111111111111,0
2925,114,13.857142857142858,5.360824742268041,0
2926,154,18.428571428571427,5.1395348837209305,0
2927,104,18.8,4.893617021276596,0
2928,110,12.0,5.0,0
2929,77,9.714285714285714,4.161764705882353,0
2930,84,14.4,4.166666666666667,0
2931,64,13.75,4.781818181818182,0
2932,107,11.875,4.71578947368421,0
2933,107,13.142857142857142,5.217391304347826,0
2934,136,17.0,4.722689075630252,0
2935,123,11.555555555555555,5.048076923076923,0
2936,62,13.5,4.962962962962963,0
2937,115,17.166666666666668,5.038834951456311,0
2938,125,13.5,4.398148148148148,0
2939,235,18.90909090909091,5.009615384615385,0
2940,78,17.0,4.352941176470588,0
2941,92,12.833333333333334,4.35064935064935,0
2942,194,27.83333333333333,5.25748502994012,0
2943,171,14.8,5.22972972972973,0
2944,176,13.818181818181818,4.519736842105263,0
2945,142,25.4,5.25984251968504,0
2946,148,15.875,5.377952755905512,0
2947,185,23.0,4.745341614906832,0
2948,147,18.571428571428573,4.6692307692307695,0
2949,169,29.2,5.376712328767123,0
2950,159,19.571428571428573,5.138686131386861,0
2951,82,14.4,4.75,0
2952,90,20.5,4.914634146341464,0
2953,130,39.333333333333336,5.813559322033898,0
2954,114,21.2,4.943396226415095,0
2955,79,14.0,5.385714285714286,0
2956,158,35.75,4.573426573426573,0
2957,125,12.444444444444445,4.866071428571429,0
2958,86,20.0,4.8375,0
2959,144,19.166666666666668,5.060869565217391,0
2960,142,13.555555555555555,5.204918032786885,0
2961,163,13.7,4.905109489051095,0
2962,172,15.3,4.895424836601308,0
2963,214,15.416666666666666,4.648648648648648,0
2964,142,20.83333333333333,5.032,0
2965,384,25.384615384615383,4.966666666666667,0
2966,236,20.7,5.135265700483092,0
2967,108,15.833333333333334,4.852631578947369,0
2968,168,20.571428571428573,4.451388888888889,0
2969,136,14.125,4.893805309734513,0
2970,204,23.75,4.894736842105263,0
2971,307,16.5,4.8106060606060606,0
2972,144,20.0,5.291666666666667,0
2973,196,21.75,5.080459770114943,0
2974,240,17.666666666666668,4.9245283018867925,0
2975,345,22.071428571428573,5.171521035598706,0
2976,146,21.5,4.682170542635659,0
2977,137,14.75,4.457627118644068,0
2978,233,26.75,5.327102803738318,0
2979,94,13.333333333333334,4.1375,0
2980,226,28.428571428571427,4.954773869346734,0
2981,117,27.0,5.361111111111111,0
2982,79,16.5,4.636363636363637,0
2983,243,22.88888888888889,4.888349514563107,0
2984,176,11.0,4.824675324675325,0
2985,133,16.571428571428573,4.741379310344827,0
2986,118,12.375,5.545454545454546,0
2987,247,22.5,5.017777777777778,0
2988,384,13.24,4.861027190332326,0
2989,210,30.83333333333333,5.162162162162162,0
2990,147,11.909090909090908,4.809160305343512,0
2991,347,19.785714285714285,4.736462093862816,0
2992,269,26.88888888888889,5.330578512396694,0
2993,202,17.1,5.105263157894737,0
2994,146,14.0,4.674603174603175,0
2995,211,21.11111111111111,5.231578947368421,0
2996,270,15.642857142857142,5.0091324200913245,0
2997,138,19.666666666666668,5.466101694915254,0
2998,107,18.8,5.074468085106383,0
2999,215,14.833333333333334,4.758426966292135,0
3000,97,16.4,5.2682926829268295,0
3001,153,15.555555555555555,4.7785714285714285,0
3002,128,19.83333333333333,4.907563025210084,0
3003,183,16.77777777777778,4.781456953642384,0
3004,108,11.875,4.831578947368421,0
3005,136,18.33333333333333,5.0181818181818185,0
3006,484,16.192307692307693,4.831353919239905,0
3007,250,21.9,5.118721461187215,0
3008,393,12.214285714285714,5.073099415204679,0
3009,143,13.11111111111111,5.177966101694915,0
3010,90,13.333333333333334,5.1875,0
3011,124,15.428571428571429,5.287037037037037,0
3012,131,13.875,4.747747747747748,0
3013,125,20.2,5.455445544554456,0
3014,112,12.75,5.166666666666667,0
3015,319,19.857142857142858,5.053956834532374,0
3016,144,18.0,4.7936507936507935,0
3017,331,16.22222222222222,5.0479452054794525,0
3018,346,25.33333333333333,5.026315789473684,0
3019,116,17.166666666666668,5.048543689320389,0
3020,118,34.0,5.117647058823529,0
3021,92,12.833333333333334,5.532467532467533,0
3022,217,19.0,4.752631578947368,0
3023,242,24.0,4.828703703703703,0
3024,153,15.0,4.6,0
3025,182,22.857142857142858,5.16875,0
3026,137,40.333333333333336,4.669421487603306,0
3027,114,14.285714285714286,5.47,0
3028,369,25.384615384615383,4.727272727272728,0
3029,186,17.77777777777778,4.43125,0
3030,305,19.692307692307693,5.20703125,0
3031,146,21.166666666666668,5.25984251968504,0
3032,179,25.83333333333333,5.32258064516129,0
3033,178,23.571428571428573,4.872727272727273,0
3034,183,18.0,4.944444444444445,0
3035,167,16.444444444444443,5.412162162162162,0
3036,238,17.636363636363637,5.211340206185567,0
3037,585,18.27586206896552,4.966037735849056,0
3038,145,20.83333333333333,4.664,0
3039,184,20.0,4.95625,0
3040,179,14.727272727272728,4.9753086419753085,0
3041,186,23.142857142857142,4.962962962962963,0
3042,155,22.666666666666668,4.919117647058823,0
3043,145,14.0,5.357142857142857,0
3044,121,26.25,4.961904761904762,0
3045,242,19.454545454545453,5.158878504672897,0
3046,256,23.0,4.921739130434783,0
3047,114,14.285714285714286,5.04,0
3048,92,13.5,5.395061728395062,0
3049,104,30.666666666666668,4.880434782608695,0
3050,179,17.0,5.392156862745098,0
3051,190,18.55555555555556,5.233532934131737,0
3052,110,14.0,4.744897959183674,0
3053,187,23.142857142857142,5.08641975308642,0
3054,132,19.33333333333333,5.077586206896552,0
3055,177,25.5,4.790849673202614,0
3056,180,26.0,5.256410256410256,0
3057,105,13.285714285714286,5.010752688172043,0
3058,257,20.63636363636364,4.71806167400881,0
3059,180,18.5,5.1824324324324325,0
3060,285,14.352941176470589,4.913934426229508,0
3061,122,18.666666666666668,5.392857142857143,0
3062,162,14.555555555555555,5.816793893129771,0
3063,134,27.25,4.972477064220183,0
3064,107,23.75,4.91578947368421,0
3065,171,22.142857142857142,4.670967741935484,0
3066,190,22.571428571428573,4.765822784810126,0
3067,68,20.666666666666668,5.290322580645161,0
3068,95,19.75,4.89873417721519,0
3069,446,26.266666666666666,5.124365482233503,0
3070,222,24.5,4.551020408163265,0
3071,178,14.9,5.194630872483222,0
3072,119,17.333333333333332,5.240384615384615,0
3073,80,24.0,5.041666666666667,0
3074,123,16.0,4.955357142857143,0
3075,160,16.625,5.120300751879699,0
3076,86,15.0,4.76,0
3077,112,19.6,5.091836734693878,0
3078,117,20.4,5.303921568627451,0
3079,117,24.75,4.505050505050505,0
3080,167,21.571428571428573,4.695364238410596,0
3081,99,22.25,5.044943820224719,0
3082,219,39.4,4.974619289340102,0
3083,157,20.285714285714285,4.852112676056338,0
3084,155,22.83333333333333,4.810218978102189,0
3085,166,20.714285714285715,4.931034482758621,0
3086,110,13.428571428571429,5.51063829787234,0
3087,61,10.6,5.39622641509434,0
3088,203,12.642857142857142,5.028248587570621,0
3089,173,16.0,5.534722222222222,0
3090,259,19.58333333333333,4.923404255319149,0
3091,151,34.0,4.786764705882353,0
3092,194,18.88888888888889,4.641176470588236,0
3093,135,14.375,4.860869565217391,0
3094,162,15.333333333333334,4.702898550724638,0
3095,114,23.25,5.225806451612903,0
3096,298,26.1,5.084291187739463,0
3097,132,27.75,4.603603603603603,0
3098,173,14.2,5.126760563380282,0
3099,125,19.166666666666668,4.6869565217391305,0
3100,179,17.77777777777778,4.6875,0
3101,128,27.25,5.256880733944954,0
3102,123,17.833333333333332,4.925233644859813,0
3103,288,20.33333333333333,5.094262295081967,0
3104,124,15.857142857142858,4.774774774774775,0
3105,124,11.0,4.918181818181818,0
3106,210,15.416666666666666,5.054054054054054,0
3107,216,17.272727272727273,5.4,0
3108,824,16.452380952380953,5.111432706222866,0
3109,168,13.545454545454543,4.8389261744966445,0
3110,140,13.555555555555555,5.565573770491803,0
3111,105,17.6,5.090909090909091,0
3112,158,29.2,5.219178082191781,0
3113,161,15.11111111111111,5.132352941176471,0
3114,225,48.75,4.8,0
3115,355,27.454545454545453,5.278145695364239,0
3116,315,25.727272727272727,5.229681978798586,0
3117,202,14.666666666666666,5.0,0
3118,291,19.153846153846157,5.008032128514056,0
3119,158,23.5,5.148936170212766,0
3120,158,20.428571428571427,4.888111888111888,0
3121,136,14.625,5.367521367521367,0
3122,222,15.416666666666666,5.135135135135135,0
3123,390,15.0,4.895652173913043,0
3124,179,19.0,4.901315789473684,0
3125,199,17.9,4.93854748603352,0
3126,183,31.0,5.296774193548387,0
3127,385,22.866666666666667,4.801749271137027,0
3128,103,21.0,4.654761904761905,0
3129,217,15.461538461538462,4.552238805970149,0
3130,283,42.333333333333336,5.216535433070866,0
3131,195,19.22222222222222,4.6531791907514455,0
3132,103,18.0,5.3,0
3133,147,21.83333333333333,5.236641221374046,0
3134,56,12.0,5.0625,0
3135,1761,26.10169491525424,5.078571428571428,0
3136,309,22.166666666666668,4.890977443609023,0
3137,143,17.285714285714285,4.9421487603305785,0
3138,116,20.2,4.881188118811881,0
3139,224,31.83333333333333,5.041884816753926,0
3140,83,12.333333333333334,4.986486486486487,0
3141,103,15.333333333333334,5.554347826086956,0
3142,130,19.33333333333333,5.198275862068965,0
3143,155,17.125,4.992700729927007,0
3144,180,27.166666666666668,4.515337423312883,0
3145,144,25.2,4.746031746031746,0
3146,285,16.785714285714285,5.178723404255319,0
3147,107,18.8,4.361702127659575,0
3148,198,22.25,5.219101123595506,0
3149,375,18.823529411764707,4.971875,0
3150,180,32.8,5.201219512195122,0
3151,140,12.2,5.073770491803279,0
3152,177,14.5,4.6482758620689655,0
3153,130,29.75,5.201680672268908,0
3154,169,18.625,5.046979865771812,0
3155,161,16.333333333333332,5.047619047619048,0
3156,299,21.08333333333333,4.849802371541502,0
3157,242,17.583333333333332,4.578199052132701,0
3158,133,16.857142857142858,4.635593220338983,0
3159,199,16.7,5.203592814371257,0
3160,288,16.333333333333332,4.767346938775511,0
3161,97,16.6,5.024096385542169,0
3162,50,45.0,5.2,0
3163,229,37.6,4.8563829787234045,0
3164,165,22.83333333333333,5.291970802919708,0
3165,147,17.714285714285715,5.088709677419355,0
3166,156,19.714285714285715,4.963768115942029,0
3167,195,24.428571428571427,4.95906432748538,0
3168,139,24.8,4.838709677419355,0
3169,164,20.571428571428573,4.875,0
3170,377,25.923076923076923,5.029673590504451,0
3171,324,23.416666666666668,5.0462633451957295,0
3172,225,19.8,5.0606060606060606,0
3173,212,25.857142857142858,4.828729281767956,0
3174,158,16.75,5.432835820895522,0
3175,185,27.83333333333333,4.92814371257485,0
3176,236,21.0,5.042857142857143,0
3177,146,25.8,5.271317829457364,0
3178,188,20.5,5.0182926829268295,0
3179,120,10.3,4.766990291262136,0
3180,238,19.0,5.410526315789474,0
3181,149,16.125,5.10077519379845,0
3182,223,24.75,4.696969696969697,0
3183,42,11.666666666666666,4.971428571428572,0
3184,263,46.8,4.756410256410256,0
3185,250,14.785714285714286,4.792270531400966,0
3186,103,15.0,5.688888888888889,0
3187,190,19.33333333333333,4.551724137931035,0
3188,132,22.8,5.017543859649122,0
3189,134,16.857142857142858,4.745762711864407,0
3190,183,27.33333333333333,4.75,0
3191,278,14.375,4.6695652173913045,0
3192,283,23.3,4.8412017167381975,0
3193,126,21.2,5.29245283018868,0
3194,359,22.642857142857142,4.987381703470032,0
3195,189,16.6,5.126506024096385,0
3196,360,8.764705882352942,4.570469798657718,0
3197,223,19.2,4.364583333333333,0
3198,152,15.0,5.237037037037037,0
3199,308,17.666666666666668,4.784905660377358,0
3200,113,16.833333333333332,4.841584158415841,0
3201,175,17.333333333333332,4.92948717948718,0
3202,139,17.857142857142858,4.576,0
3203,241,26.5,4.825471698113208,0
3204,284,24.3,4.757201646090535,0
3205,211,22.5,5.055555555555555,0
3206,206,15.454545454545457,5.452941176470588,0
3207,83,11.666666666666666,4.542857142857143,0
3208,264,13.352941176470589,5.013215859030837,0
3209,220,22.444444444444443,4.757425742574258,0
3210,117,21.2,5.179245283018868,0
3211,209,17.7,4.401129943502825,0
3212,175,29.6,4.966216216216216,0
3213,122,17.333333333333332,4.788461538461538,0
3214,203,25.857142857142858,5.668508287292818,0
3215,109,15.833333333333334,4.8,0
3216,320,16.8125,4.985130111524164,0
3217,118,21.0,4.695238095238095,0
3218,180,18.33333333333333,4.248484848484848,0
3219,87,18.5,5.864864864864865,0
3220,171,11.666666666666666,5.121428571428571,0
3221,428,16.636363636363637,4.724043715846994,0
3222,133,24.2,4.487603305785124,0
3223,155,23.666666666666668,5.042253521126761,0
3224,160,49.0,5.360544217687075,0
3225,353,17.333333333333332,4.836538461538462,0
3226,219,22.625,4.773480662983426,0
3227,286,20.75,5.108433734939759,0
3228,14,6.5,4.615384615384615,0
3229,234,26.125,4.545454545454546,0
3230,253,22.1,5.171945701357466,0
3231,292,16.266666666666666,4.598360655737705,0
3232,136,15.75,5.563492063492063,0
3233,184,13.909090909090908,5.444444444444445,0
3234,323,14.0,4.475,0
3235,217,20.33333333333333,4.92896174863388,0
3236,198,29.33333333333333,5.051136363636363,0
3237,20,9.5,5.157894736842105,0
3238,129,22.6,4.911504424778761,0
3239,129,27.75,4.711711711711712,0
3240,280,14.5625,4.772532188841201,0
3241,83,18.25,4.821917808219178,0
3242,194,21.25,5.205882352941177,0
3243,85,26.0,4.974358974358975,0
3244,271,20.166666666666668,5.144628099173554,0
3245,128,28.0,5.169642857142857,0
3246,117,15.142857142857142,5.216981132075472,0
3247,192,21.5,4.808139534883721,0
3248,85,19.75,4.810126582278481,0
3249,168,24.5,4.938775510204081,0
3250,168,20.714285714285715,5.027586206896552,0
3251,342,19.133333333333333,5.013937282229965,0
3252,238,18.363636363636363,4.826732673267327,0
3253,345,24.666666666666668,5.14527027027027,0
3254,188,20.625,4.703030303030303,0
3255,169,13.8,5.152173913043479,0
3256,423,28.846153846153847,5.277333333333333,0
3257,275,17.142857142857142,4.816666666666666,0
3258,192,15.363636363636363,5.112426035502959,0
3259,207,16.545454545454547,5.071428571428571,0
3260,274,16.6,4.558232931726908,0
3261,156,22.666666666666668,4.830882352941177,0
3262,105,23.25,5.311827956989247,0
3263,71,12.6,4.317460317460317,0
3264,304,14.210526315789474,4.714814814814815,0
3265,192,20.75,5.475903614457831,0
3266,356,24.07692307692308,5.054313099041534,0
3267,296,16.125,4.914728682170543,0
3268,275,18.46153846153846,5.475,0
3269,147,15.0,5.25925925925926,0
3270,100,30.0,5.277777777777778,0
3271,232,16.5,4.818181818181818,0
3272,255,31.428571428571427,5.227272727272728,0
3273,202,12.714285714285714,4.99438202247191,0
3274,158,14.77777777777778,4.962406015037594,0
3275,194,14.25,4.748538011695906,0
3276,212,16.818181818181817,4.924324324324324,0
3277,196,15.454545454545457,5.294117647058823,0
3278,206,25.285714285714285,4.903954802259887,0
3279,57,17.333333333333332,5.25,0
3280,245,24.55555555555556,5.217194570135747,0
3281,202,17.6,4.494318181818182,0
3282,289,31.625,4.818181818181818,0
3283,161,14.0,4.728571428571429,0
3284,291,32.5,4.807692307692308,0
3285,95,16.8,5.142857142857143,0
3286,309,26.6,4.447368421052632,0
3287,191,21.0,5.125,0
3288,281,16.466666666666665,4.704453441295547,0
3289,263,23.2,4.922413793103448,0
3290,1349,15.197368421052632,4.8822510822510825,0
3291,109,12.0,4.802083333333333,0
3292,191,18.22222222222222,4.963414634146342,0
3293,362,32.8,5.228658536585366,0
3294,277,24.9,5.036144578313253,0
3295,503,17.36,4.7304147465437785,0
3296,363,17.22222222222222,4.848387096774194,0
3297,93,11.714285714285714,4.670731707317073,0
3298,207,18.5,5.059459459459459,0
3299,150,26.2,4.961832061068702,0
3300,18,8.5,5.117647058823529,0
3301,283,16.466666666666665,4.700404858299595,0
3302,457,21.94736842105263,4.81294964028777,0
3303,54,12.5,5.2,0
3304,78,11.666666666666666,4.842857142857143,0
3305,207,16.272727272727273,5.111731843575419,0
3306,272,12.5,4.857777777777778,0
3307,205,11.933333333333334,4.888268156424581,0
3308,247,22.1,4.819004524886878,0
3309,224,12.466666666666669,4.818181818181818,0
3310,20,9.5,5.578947368421052,0
3311,445,25.466666666666665,5.180628272251309,0
3312,280,21.25,4.733333333333333,0
3313,248,18.0,4.657407407407407,0
3314,123,21.6,4.601851851851852,0
3315,179,13.636363636363637,5.08,0
3316,130,22.6,5.15929203539823,0
3317,276,24.0,4.954166666666667,0
3318,137,20.166666666666668,4.619834710743802,0
3319,145,18.0,5.277777777777778,0
3320,440,14.76,5.078590785907859,0
3321,418,15.681818181818182,4.785507246376811,0
3322,80,7.888888888888889,4.971830985915493,0
3323,264,20.63636363636364,4.8017621145374445,0
3324,321,16.58823529411765,5.212765957446808,0
3325,173,13.0,4.853146853146853,0
3326,124,17.666666666666668,4.867924528301887,0
3327,272,15.8,4.632911392405063,0
3328,97,44.5,4.696629213483146,0
3329,247,13.133333333333333,5.106598984771574,0
3330,258,17.23076923076923,4.633928571428571,0
3331,260,20.90909090909091,5.108695652173913,0
3332,263,22.7,5.066079295154185,0
3333,183,15.9,5.157232704402516,0
3334,220,19.2,4.96875,0
3335,284,24.5,5.224489795918367,0
3336,62,19.0,5.105263157894737,0
3337,353,26.75,5.423676012461059,0
3338,457,21.944444444444443,4.855696202531646,0
3339,119,21.2,4.867924528301887,0
3340,209,23.25,4.779569892473118,0
3341,157,29.0,4.4206896551724135,0
3342,234,19.0,5.095693779904306,0
3343,218,17.727272727272727,4.769230769230769,0
3344,247,14.76923076923077,5.052083333333333,0
3345,323,28.9,4.7854671280276815,0
3346,403,16.761904761904763,4.821022727272728,0
3347,332,16.11111111111111,4.965517241379311,0
3348,357,14.454545454545457,4.726415094339623,0
3349,59,13.75,5.3090909090909095,0
3350,225,21.22222222222222,4.979057591623037,0
3351,332,29.1,4.718213058419244,0
3352,344,19.375,5.309677419354839,0
3353,244,14.0,5.080952380952381,0
3354,70,16.0,5.578125,0
3355,267,22.8,5.214912280701754,0
3356,480,24.764705882352946,4.885985748218527,0
3357,97,21.0,5.190476190476191,0
3358,977,17.0,4.731257208765859,0
3359,217,14.461538461538462,4.5,0
3360,122,18.33333333333333,5.0,0
3361,202,17.5,4.651428571428571,0
3362,222,19.3,4.974093264248705,0
3363,147,18.428571428571427,4.449612403100775,0
3364,72,16.75,4.597014925373134,0
3365,99,22.5,5.233333333333333,0
3366,115,20.6,5.174757281553398,0
3367,391,22.6,4.755162241887906,0
3368,183,15.9,5.0,0
3369,335,17.0,5.197231833910035,0
3370,235,20.4,5.0588235294117645,0
3371,321,18.466666666666665,4.649819494584838,0
3372,49,10.75,5.372093023255814,0
3373,73,16.5,5.409090909090909,0
3374,255,26.75,4.855140186915888,0
3375,146,21.666666666666668,5.184615384615385,0
3376,436,13.592592592592592,4.561307901907357,0
3377,248,17.583333333333332,5.156398104265403,0
3378,169,22.142857142857142,4.993548387096774,0
3379,68,14.75,5.033898305084746,0
3380,197,28.666666666666668,4.883720930232558,0
3381,324,19.857142857142858,5.226618705035971,0
3382,40,12.333333333333334,5.675675675675675,0
3383,93,10.625,5.811764705882353,0
3384,94,13.666666666666666,5.317073170731708,0
3385,322,21.692307692307693,5.102836879432624,0
3386,13,6.0,5.833333333333333,0
3387,195,18.88888888888889,4.7176470588235295,0
3388,272,13.11111111111111,4.860169491525424,0
3389,218,16.083333333333332,5.0310880829015545,0
3390,123,11.77777777777778,4.471698113207547,0
3391,1312,25.355555555555554,4.968448729184925,0
3392,127,18.83333333333333,4.893805309734513,0
3393,251,16.46153846153846,4.855140186915888,0
3394,88,15.4,5.454545454545454,0
3395,226,16.083333333333332,4.880829015544041,0
3396,251,16.923076923076923,4.9363636363636365,0
3397,337,17.176470588235293,4.832191780821918,0
3398,243,17.916666666666668,4.627906976744186,0
3399,271,34.0,4.941176470588236,0
3400,162,20.285714285714285,5.373239436619718,0
3401,236,16.076923076923077,4.880382775119617,0
3402,184,20.375,4.638036809815951,0
3403,92,11.714285714285714,5.2317073170731705,0
3404,314,16.235294117647058,5.130434782608695,0
3405,167,30.0,4.966666666666667,0
3406,145,18.142857142857142,4.9763779527559056,0
3407,276,14.75,4.97457627118644,0
3408,74,16.5,4.727272727272728,0
3409,105,17.6,4.988636363636363,0
3410,294,19.615384615384617,4.650980392156863,0
3411,266,21.0,5.619047619047619,0
3412,28,8.666666666666666,5.269230769230769,0
3413,143,14.11111111111111,4.748031496062992,0
3414,2344,19.25,4.871091871091871,0
3415,177,15.6,5.608974358974359,0
3416,314,17.933333333333334,5.0,0
3417,312,17.75,5.130281690140845,0
3418,236,17.083333333333332,4.980487804878049,0
3419,238,18.545454545454547,5.009803921568627,0
3420,171,21.142857142857142,5.101351351351352,0
3421,83,11.833333333333334,5.450704225352113,0
3422,296,18.285714285714285,4.69140625,0
3423,117,15.142857142857142,5.40566037735849,0
3424,291,19.76923076923077,4.665369649805448,0
3425,285,26.666666666666668,4.970833333333333,0
3426,117,25.0,4.88,0
3427,422,22.25,5.002808988764045,0
3428,273,18.692307692307693,4.530864197530864,0
3429,400,24.785714285714285,4.962536023054755,0
3430,163,20.857142857142858,4.965753424657534,0
3431,992,13.714285714285714,4.767361111111111,0
3432,67,14.5,4.827586206896552,0
3433,35,10.333333333333334,5.548387096774194,0
3434,332,18.5625,4.882154882154882,0
3435,42,9.0,5.0,0
3436,226,19.1,5.460732984293194,0
3437,143,16.125,5.2015503875969,0
3438,536,15.448275862068966,5.015625,0
3439,38,8.25,5.121212121212121,0
3440,247,24.0,5.203703703703703,0
3441,255,16.428571428571427,5.0,0
3442,350,21.785714285714285,4.967213114754099,0
3443,20,4.25,6.176470588235294,0
3444,210,22.625,5.204419889502763,0
3445,320,21.23076923076923,5.061594202898551,0
3446,197,26.428571428571427,4.92972972972973,0
3447,214,20.444444444444443,5.25,0
3448,114,16.333333333333332,4.744897959183674,0
3449,167,30.2,5.231788079470198,0
3450,196,18.0,5.037037037037037,0
3451,110,15.5,5.193548387096774,0
3452,274,29.625,5.40084388185654,0
3453,98,13.5,5.111111111111111,0
3454,49,11.0,4.431818181818182,0
3455,166,17.375,5.330935251798561,0
3456,168,28.6,5.1328671328671325,0
3457,282,17.857142857142858,5.232,0
3458,175,22.142857142857142,4.993548387096774,0
3459,44,12.666666666666666,4.868421052631579,0
3460,171,13.545454545454543,4.771812080536913,0
3461,120,9.727272727272728,5.383177570093458,0
3462,74,8.571428571428571,4.916666666666667,0
3463,126,23.0,5.426086956521739,0
3464,323,27.1,4.826568265682657,0
3465,137,30.25,4.933884297520661,0
3466,418,26.5,4.983827493261456,0
3467,256,14.666666666666666,4.954545454545454,0
3468,385,21.3125,5.882697947214076,0
3469,208,26.428571428571427,5.183783783783784,0
3470,350,20.933333333333334,4.554140127388535,0
3471,292,16.6,5.184738955823293,0
3472,112,19.2,4.989583333333333,0
3473,367,14.857142857142858,4.541666666666667,0
3474,161,18.857142857142858,5.825757575757576,0
3475,360,21.071428571428573,5.2,0
3476,66,8.285714285714286,4.862068965517241,0
3477,185,11.538461538461538,4.793333333333333,0
3478,287,22.454545454545453,4.890688259109312,0
3479,437,19.526315789473685,5.091644204851752,0
3480,90,12.666666666666666,5.342105263157895,0
3481,144,21.166666666666668,4.94488188976378,0
3482,651,16.735294117647058,4.852372583479789,0
3483,295,16.8,5.130952380952381,0
3484,139,20.83333333333333,4.92,0
3485,286,17.142857142857142,4.8875,0
3486,378,17.157894736842106,4.769938650306749,0
3487,166,20.0,5.014285714285714,0
3488,137,19.0,5.026315789473684,0
3489,176,25.83333333333333,5.038709677419355,0
3490,346,14.9,5.382550335570469,0
3491,90,16.2,4.987654320987654,0
3492,659,12.644444444444444,5.282952548330404,0
3493,190,14.083333333333334,4.9171597633136095,0
3494,274,22.181818181818183,5.39344262295082,0
3495,21,17.0,5.294117647058823,0
3496,301,22.666666666666668,4.897058823529412,0
3497,227,15.083333333333334,5.143646408839779,0
3498,236,17.083333333333332,4.921951219512195,0
3499,83,24.666666666666668,5.013513513513513,0
3500,994,22.0,5.107226107226107,0
3501,164,28.4,5.246478873239437,0
3502,228,22.88888888888889,4.810679611650485,0
3503,204,20.33333333333333,4.497267759562842,0
3504,181,15.9,5.09433962264151,0
3505,155,19.428571428571427,4.647058823529412,0
3506,260,13.058823529411764,5.094594594594595,0
3507,133,20.33333333333333,4.975409836065574,0
3508,301,14.61111111111111,5.152091254752852,0
3509,87,18.75,5.04,0
3510,215,17.0,5.347593582887701,0
3511,125,22.8,4.754385964912281,0
3512,188,16.2,5.320987654320987,0
3513,155,26.6,5.7218045112781954,0
3514,279,22.454545454545453,5.291497975708502,0
3515,528,15.551724137931034,4.933481152993348,0
3516,19,8.0,5.125,0
3517,74,14.5,5.344827586206897,0
3518,18,8.0,5.5,0
3519,175,19.375,5.077419354838709,0
3520,344,22.46153846153846,5.023972602739726,0
3521,25,10.0,5.5,0
3522,60,12.75,5.176470588235294,0
3523,626,30.0,5.103703703703704,0
3524,275,26.55555555555556,4.882845188284519,0
3525,324,17.0,4.619377162629758,0
3526,196,22.125,4.819209039548023,0
3527,167,16.666666666666668,4.846666666666667,0
3528,619,23.08333333333333,4.933212996389892,0
3529,361,20.933333333333334,4.63375796178344,0
3530,265,30.0,5.095833333333333,0
3531,355,18.47058823529412,4.936305732484076,0
3532,247,16.615384615384617,4.819444444444445,0
3533,176,22.0,5.01948051948052,0
3534,98,16.8,5.119047619047619,0
3535,252,17.076923076923077,4.842342342342342,0
3536,178,26.5,5.144654088050315,0
3537,94,13.833333333333334,4.626506024096385,0
3538,91,15.8,4.79746835443038,0
3539,19,9.0,5.277777777777778,0
3540,362,15.2,5.3125,0
3541,587,23.13636363636364,5.0648330058939095,0
3542,227,13.928571428571429,4.948717948717949,0
3543,351,21.857142857142858,5.107843137254902,0
3544,410,21.41176470588235,4.717032967032967,0
3545,338,18.125,5.093103448275862,0
3546,81,11.333333333333334,4.970588235294118,0
3547,400,22.866666666666667,4.860058309037901,0
3548,166,29.0,4.544827586206897,0
3549,137,31.25,4.552,0
3550,14,14.0,3.2857142857142856,0
3551,271,19.5,4.645299145299146,0
3552,433,29.692307692307693,4.77979274611399,0
3553,241,19.09090909090909,4.752380952380952,0
3554,123,17.333333333333332,4.846153846153846,0
3555,335,18.933333333333334,5.084507042253521,0
3556,124,22.6,5.477876106194691,0
3557,344,38.75,4.803225806451613,0
3558,115,12.25,5.428571428571429,0
3559,219,15.416666666666666,5.054054054054054,0
3560,102,9.444444444444445,4.529411764705882,0
3561,113,20.4,4.970588235294118,0
3562,288,22.181818181818183,4.799180327868853,0
3563,336,25.33333333333333,4.8618421052631575,0
3564,204,16.181818181818183,4.977528089887641,0
3565,36,6.2,4.806451612903226,0
3566,108,19.2,4.3125,0
3567,393,14.695652173913045,5.396449704142012,0
3568,167,27.2,5.6838235294117645,0
3569,183,11.846153846153848,4.909090909090909,0
3570,238,21.1,5.165876777251185,0
3571,249,18.166666666666668,5.344036697247707,0
3572,190,23.714285714285715,4.692771084337349,0
3573,154,18.857142857142858,5.378787878787879,0
3574,196,15.636363636363637,4.930232558139535,0
3575,119,21.2,5.283018867924528,0
3576,216,21.11111111111111,4.826315789473684,0
3577,147,14.11111111111111,4.708661417322834,0
3578,123,15.285714285714286,4.644859813084112,0
3579,61,13.5,4.925925925925926,0
3580,236,19.9,4.964824120603015,0
3581,33,7.75,4.903225806451613,0
3582,276,19.307692307692307,4.936254980079681,0
3583,351,17.22222222222222,4.806451612903226,0
3584,99,14.833333333333334,5.449438202247191,0
3585,211,21.444444444444443,4.699481865284974,0
3586,173,15.2,4.822368421052632,0
3587,221,28.0,4.9438775510204085,0
3588,334,14.15,4.837455830388692,0
3589,220,19.4,4.793814432989691,0
3590,191,24.0,5.011904761904762,0
3591,129,23.4,5.136752136752137,0
3592,208,20.55555555555556,4.918918918918919,0
3593,169,14.5,5.386206896551724,0
3594,236,16.833333333333332,5.336633663366337,0
3595,922,24.352941176470587,4.921497584541063,0
3596,248,14.266666666666667,4.121495327102804,0
3597,536,24.63157894736842,5.012820512820513,0
3598,200,19.33333333333333,5.091954022988506,0
3599,284,16.0,4.829166666666667,0
3600,115,33.0,5.262626262626263,0
3601,192,29.666666666666668,4.707865168539326,0
3602,309,24.0,4.803030303030303,0
