id_noticia,trunc_pausality,trunc_emotiveness,trunc_diversity,trunc_upper_case_density,link_density
1,2.083333333333333,0.3478260869565217,0.6442953020134228,0.0229885057471264,0.0
2,2.9473684210526314,0.3272727272727272,0.5821917808219178,0.0028735632183908,0.0
3,3.230769230769231,0.3846153846153846,0.6502463054187192,0.0285714285714285,0.0
4,2.5,0.1020408163265306,0.7535211267605634,0.0127388535031847,0.0
5,2.4166666666666665,0.4130434782608695,0.6818181818181818,0.0121212121212121,0.0
6,2.0,0.3125,0.625,0.0,0.0
7,1.9166666666666667,0.1447368421052631,0.6169154228855721,0.0216450216450216,0.0
8,2.2666666666666666,0.5283018867924528,0.639344262295082,0.0044843049327354,0.0
9,3.0,0.1714285714285714,0.6632653061224489,0.0,0.0
10,2.533333333333333,0.336734693877551,0.6294820717131474,0.0,0.0
11,2.1666666666666665,0.2258064516129032,0.5524861878453039,0.0,0.0
12,2.6666666666666665,0.3150684931506849,0.5584415584415584,0.0334572490706319,0.0
13,2.363636363636364,0.1444444444444444,0.5764705882352941,0.0383275261324041,0.0
14,2.0,0.2162162162162162,0.6636363636363637,0.0310077519379844,0.0
15,3.0,0.25,0.7286821705426356,0.0064516129032258,0.0
16,2.227272727272727,0.2702702702702703,0.5159235668789809,0.0275482093663911,0.0
17,2.84375,0.204778156996587,0.4353448275862069,0.0087829360100376,0.0012820512820512
18,2.2,0.1,0.6612021857923497,0.0047846889952153,0.0
19,2.5,0.2237762237762237,0.6153846153846154,0.0049261083743842,0.0
20,4.2,0.2635658914728682,0.5328798185941043,0.0450980392156862,0.0
21,1.181818181818182,0.2040816326530612,0.6533333333333333,0.0240963855421686,0.0
22,3.1875,0.3142857142857143,0.6654411764705882,0.0,0.0048309178743961
23,3.1666666666666665,0.3426573426573426,0.5426008968609866,0.0150659133709981,0.0019230769230769
24,2.272727272727273,0.3846153846153846,0.5369978858350951,0.0054744525547445,0.0
25,1.5714285714285714,0.2222222222222222,0.6590909090909091,0.0064935064935064,0.0
26,1.5,0.1097560975609756,0.6195121951219512,0.0042918454935622,0.0
27,1.88,0.3100775193798449,0.4964370546318289,0.0295983086680761,0.0042462845010615
28,3.9166666666666665,0.2317073170731707,0.5903614457831325,0.0199335548172757,0.0136986301369863
29,2.8461538461538463,0.3054187192118227,0.5108695652173914,0.0169050715214564,0.0
30,2.2,0.3265306122448979,0.6064516129032258,0.0316091954022988,0.0
31,2.2857142857142856,0.2368421052631578,0.5819672131147541,0.0108695652173913,0.0
32,3.0,0.2153846153846154,0.6632124352331606,0.0086580086580086,0.0
33,3.333333333333333,0.2222222222222222,0.6514285714285715,0.029126213592233,0.0
34,2.9375,0.26,0.5863309352517986,0.0184615384615384,0.0
35,1.263157894736842,0.2631578947368421,0.6372549019607843,0.0043103448275862,0.0
36,2.235294117647059,0.2321428571428571,0.5256124721603563,0.005607476635514,0.0
37,2.75,0.2568807339449541,0.594059405940594,0.0133333333333333,0.0
38,2.851851851851852,0.3664596273291925,0.5135135135135135,0.0035460992907801,0.0
39,2.5,0.2831858407079646,0.6111111111111112,0.0087719298245614,0.0
40,1.5555555555555556,0.3562231759656652,0.4957627118644068,0.0048192771084337,0.0
41,2.75,0.2705882352941176,0.5714285714285714,0.0038910505836575,0.0
42,1.9,0.3548387096774194,0.5409429280397022,0.0045351473922902,0.0034602076124567
43,1.7692307692307692,0.1944444444444444,0.5462962962962963,0.0053191489361702,0.0
44,2.7777777777777777,0.2119205298013245,0.5483870967741935,0.0263157894736842,0.0133333333333333
45,2.583333333333333,0.3432835820895522,0.6594594594594595,0.009090909090909,0.0
46,2.75,0.1463414634146341,0.5992063492063492,0.0231023102310231,0.0
47,3.2222222222222223,0.2786259541984733,0.4777327935222672,0.021788990825688,0.0034924330616996
48,2.5,0.2702702702702703,0.5791666666666667,0.0387323943661971,0.0
49,2.55,0.1682242990654205,0.5743944636678201,0.0028985507246376,0.0
50,2.5,0.4186046511627907,0.6278195488721805,0.0033222591362126,0.0
51,2.0,0.3496503496503496,0.5444444444444444,0.0096899224806201,0.0
52,1.8571428571428568,0.2232142857142857,0.5784313725490197,0.0027472527472527,0.0
53,1.8,0.2317073170731707,0.6470588235294118,0.0158730158730158,0.0
54,2.1818181818181817,0.3571428571428571,0.6231155778894473,0.0088495575221238,0.0
55,1.851851851851852,0.1682242990654205,0.6,0.0057142857142857,0.0
56,3.1666666666666665,0.1515151515151515,0.5577689243027888,0.0203389830508474,0.0
57,1.8666666666666667,0.1111111111111111,0.5542168674698795,0.0071174377224199,0.0
58,4.6923076923076925,0.2781954887218045,0.5619335347432024,0.0050377833753148,0.0
59,2.909090909090909,0.2159090909090909,0.6412556053811659,0.0077220077220077,0.0
60,3.0,0.3102189781021898,0.4473684210526316,0.0068027210884353,0.0046136101499423
61,2.625,0.3421052631578947,0.6030534351145038,0.006578947368421,0.0
62,4.36,0.1935483870967742,0.4264919941775837,0.0,0.0
63,3.208333333333333,0.265625,0.578125,0.0363128491620111,0.0
64,2.260869565217391,0.2666666666666666,0.6422287390029325,0.0075566750629722,0.0
65,2.727272727272727,0.3057851239669421,0.5420289855072464,0.0316301703163017,0.0102301790281329
66,3.5,0.23,0.5563139931740614,0.0206489675516224,0.0
67,3.095238095238096,0.3684210526315789,0.5950155763239875,0.0076726342710997,0.0
68,2.909090909090909,0.1780821917808219,0.6793478260869565,0.0180995475113122,0.0
70,1.9444444444444444,0.2583333333333333,0.5649717514124294,0.010178117048346,0.0
71,3.5,0.3166666666666666,0.6666666666666666,0.0146341463414634,0.0
72,2.574468085106383,0.3186813186813186,0.3857615894039735,0.002710027100271,0.0
73,3.0,0.0571428571428571,0.5849056603773585,0.0502092050209205,0.0
74,3.4166666666666665,0.1935483870967742,0.5518518518518518,0.0095238095238095,0.0
75,5.2727272727272725,0.3513513513513513,0.5603715170278638,0.0104166666666666,0.0
76,4.222222222222222,0.1157894736842105,0.5568181818181818,0.0165016501650165,0.0271186440677966
77,2.642857142857143,0.2828282828282828,0.5886287625418061,0.0088757396449704,0.0
78,1.2307692307692308,0.1860465116279069,0.6779661016949152,0.0215827338129496,0.0
79,3.0,0.425531914893617,0.5694915254237288,0.0113960113960113,0.0
80,3.3,0.1692307692307692,0.6073298429319371,0.026431718061674,0.0
81,2.636363636363636,0.1625,0.5367965367965368,0.015267175572519,0.0
82,3.0,0.2592592592592592,0.5364431486880467,0.0179028132992327,0.0
83,2.1818181818181817,0.3278688524590163,0.6333333333333333,0.0210970464135021,0.0
84,3.130434782608696,0.3503649635036496,0.5300668151447662,0.0037243947858473,0.0
85,1.9333333333333331,0.1951219512195122,0.6121495327102804,0.0040485829959514,0.0
86,4.285714285714286,0.2083333333333333,0.6265060240963856,0.0404040404040404,0.0
87,1.7272727272727273,0.288135593220339,0.6208791208791209,0.0341463414634146,0.0
88,2.111111111111111,0.25,0.6069364161849711,0.0051546391752577,0.0
89,1.0833333333333333,0.2179487179487179,0.6150442477876106,0.0209205020920502,0.0
90,3.1,0.2448979591836734,0.7302631578947368,0.0053763440860215,0.0
91,3.4444444444444446,0.25,0.5801886792452831,0.0244897959183673,0.0
92,2.9166666666666665,0.2363636363636363,0.6727272727272727,0.0098522167487684,0.0
93,2.0,0.3005464480874317,0.5357833655705996,0.0087412587412587,0.0
94,1.8333333333333333,0.3478260869565217,0.5955555555555555,0.016,0.0
95,4.285714285714286,0.2545454545454545,0.6144578313253012,0.0177215189873417,0.0
96,1.8,0.2830188679245283,0.6025641025641025,0.0167597765363128,0.0
97,2.5625,0.2424242424242424,0.6666666666666666,0.0,0.0
98,3.88,0.2705882352941176,0.5678733031674208,0.0074211502782931,0.0
99,2.333333333333333,0.074074074074074,0.6987951807228916,0.010204081632653,0.0
100,1.736842105263158,0.1836734693877551,0.5897435897435898,0.0,0.0
101,4.285714285714286,0.1206896551724138,0.6510067114093959,0.0331491712707182,0.0
102,2.5,0.2222222222222222,0.6516129032258065,0.0114285714285714,0.0
103,2.0,0.1403508771929824,0.5625,0.0056497175141242,0.0
104,1.2820512820512822,0.3352941176470588,0.5420944558521561,0.0111731843575419,0.0
105,3.971428571428572,0.2081447963800905,0.5014204545454546,0.0139860139860139,0.0
106,3.8333333333333335,0.1379310344827586,0.639344262295082,0.0273037542662116,0.0
107,2.833333333333333,0.2621359223300971,0.578544061302682,0.016025641025641,0.0
108,2.375,0.2258064516129032,0.6555555555555556,0.0398009950248756,0.0
109,2.6666666666666665,0.1623931623931624,0.5171503957783641,0.0247747747747747,0.0068337129840546
110,2.230769230769231,0.0833333333333333,0.6619718309859155,0.0292397660818713,0.0
111,1.8333333333333333,0.3095238095238095,0.5726872246696035,0.0,0.0
112,1.125,0.3877551020408163,0.7071428571428572,0.0067114093959731,0.0
113,1.7058823529411764,0.2990654205607476,0.5747126436781609,0.0078740157480314,0.0
114,5.7,0.188034188034188,0.5565749235474006,0.0025641025641025,0.0
115,2.6153846153846154,0.1463414634146341,0.5951417004048583,0.0176678445229682,0.0
116,2.0454545454545454,0.3434343434343434,0.6148867313915858,0.0166204986149584,0.0
117,3.090909090909091,0.2,0.5667752442996743,0.008695652173913,0.0
118,3.0,0.3146067415730337,0.6624472573839663,0.0144927536231884,0.0
119,4.555555555555555,0.25,0.592057761732852,0.0220125786163522,0.006269592476489
120,2.263157894736842,0.2893401015228426,0.5658783783783784,0.010204081632653,0.0
121,1.6666666666666667,0.2956521739130435,0.6067073170731707,0.0027548209366391,0.0
122,2.7777777777777777,0.40625,0.5467980295566502,0.0043478260869565,0.0
123,1.2424242424242424,0.2272727272727272,0.5530864197530864,0.0067264573991031,0.0
124,5.333333333333333,0.1764705882352941,0.6330935251798561,0.0520231213872832,0.0
125,2.0,0.1846153846153846,0.6487804878048781,0.0129310344827586,0.0
126,3.0,0.3173652694610778,0.5204301075268817,0.003610108303249,0.0
127,2.736842105263158,0.2564102564102564,0.5056689342403629,0.002008032128514,0.0020408163265306
128,3.0434782608695654,0.1897810218978102,0.5125,0.0042105263157894,0.0
129,3.1666666666666665,0.1904761904761904,0.584717607973422,0.0028818443804034,0.0
130,2.8,0.3292682926829268,0.5935251798561151,0.00625,0.0
131,2.769230769230769,0.134453781512605,0.5359477124183006,0.0,0.0
132,3.7058823529411766,0.2201834862385321,0.6084142394822006,0.0106100795755968,0.0
133,1.6764705882352942,0.24375,0.6189320388349514,0.0042643923240938,0.0
134,2.0,0.2258064516129032,0.5846153846153846,0.0280701754385964,0.0
135,2.5625,0.388235294117647,0.5420875420875421,0.0087719298245614,0.0
136,2.5625,0.1320754716981132,0.5462962962962963,0.0160857908847185,0.0080428954423592
137,4.190476190476191,0.1586206896551724,0.5720620842572062,0.0324909747292418,0.0
138,2.627906976744186,0.2385321100917431,0.5786618444846293,0.0044052863436123,0.0
139,1.75,0.2333333333333333,0.5875486381322957,0.0,0.0
140,2.363636363636364,0.2222222222222222,0.6666666666666666,0.0486486486486486,0.0
141,2.7857142857142856,0.3804347826086957,0.6228373702422145,0.0149253731343283,0.0
142,2.111111111111111,0.3538461538461538,0.6482412060301508,0.0136986301369863,0.0046082949308755
143,3.111111111111111,0.1512605042016806,0.4681528662420382,0.053050397877984,0.0
144,2.1333333333333333,0.3421052631578947,0.5977011494252874,0.0,0.0
145,3.238095238095238,0.3253968253968254,0.521557719054242,0.0079817559863169,0.0
146,3.8181818181818175,0.2692307692307692,0.6208791208791209,0.03125,0.0
147,3.8461538461538463,0.24,0.635483870967742,0.0108991825613079,0.0082872928176795
148,5.5,0.1395348837209302,0.6466165413533834,0.0124610591900311,0.0
149,2.458333333333333,0.1506024096385542,0.4723404255319149,0.024074074074074,0.0
150,2.611111111111111,0.2159090909090909,0.5100401606425703,0.0064935064935064,0.0133779264214046
151,3.0,0.2941176470588235,0.6113989637305699,0.0084033613445378,0.0043668122270742
152,1.7272727272727273,0.109090909090909,0.625,0.023391812865497,0.0131004366812227
153,1.588235294117647,0.228395061728395,0.5045871559633027,0.0061224489795918,0.0056053811659192
154,1.8333333333333333,0.3518518518518518,0.6458333333333334,0.0,0.0
155,3.2222222222222223,0.0983606557377049,0.6534090909090909,0.0240384615384615,0.0
156,3.2857142857142856,0.2325581395348837,0.5864022662889519,0.0023529411764705,0.0049627791563275
157,3.1818181818181817,0.1509433962264151,0.6195652173913043,0.0095238095238095,0.0031847133757961
158,1.7333333333333334,0.1888888888888888,0.6521739130434783,0.0154440154440154,0.0
159,1.4137931034482758,0.350597609561753,0.4584717607973422,0.0014044943820224,0.0
160,3.7058823529411766,0.2736842105263158,0.5266457680250783,0.0306122448979591,0.0025510204081632
161,4.5,0.1136363636363636,0.5708333333333333,0.0103806228373702,0.0
162,2.611111111111111,0.2988505747126437,0.562753036437247,0.0,0.0
163,2.75,0.2,0.5100401606425703,0.0101010101010101,0.0068027210884353
164,2.419354838709677,0.2705882352941176,0.4602510460251046,0.0123456790123456,0.0
165,2.75,0.1511627906976744,0.5399239543726235,0.043046357615894,0.009933774834437
166,4.230769230769231,0.1478260869565217,0.5476190476190477,0.0051150895140664,0.0024038461538461
167,1.1428571428571428,0.1964285714285714,0.6515151515151515,0.0,0.0069930069930069
168,2.333333333333333,0.2325581395348837,0.5650224215246636,0.0,0.0
169,1.25,0.3620689655172414,0.632183908045977,0.0,0.0
170,3.333333333333333,0.2238805970149253,0.6701030927835051,0.0,0.0
171,2.210526315789474,0.1949152542372881,0.5472312703583062,0.0,0.0
172,1.6666666666666667,0.3571428571428571,0.6779661016949152,0.0260416666666666,0.0036231884057971
173,2.1666666666666665,0.2222222222222222,0.5858585858585859,0.0,0.0
174,2.6666666666666665,0.1428571428571428,0.732824427480916,0.0,0.0
175,1.9285714285714288,0.202020202020202,0.5575539568345323,0.0196721311475409,0.0029850746268656
176,3.64,0.1384615384615384,0.4624505928853755,0.0032948929159802,0.0016806722689075
177,2.772727272727273,0.1366906474820144,0.5434173669467787,0.009367681498829,0.0024330900243309
178,3.1,0.2523364485981308,0.5850144092219021,0.0121065375302663,0.0
179,2.555555555555556,0.2307692307692307,0.6884057971014492,0.0306748466257668,0.0
180,2.7142857142857144,0.297752808988764,0.4926470588235294,0.036682615629984,0.0
181,2.727272727272727,0.3026315789473684,0.67,0.0,0.0
182,1.5517241379310345,0.2975206611570248,0.5127478753541076,0.0024875621890547,0.0
183,2.235294117647059,0.4521739130434782,0.5382513661202186,0.0097560975609756,0.0
184,2.6666666666666665,0.2727272727272727,0.5868544600938967,0.0,0.0
185,2.5789473684210527,0.3300970873786408,0.4352159468438538,0.0055710306406685,0.0028653295128939
186,2.4,0.0483870967741935,0.5953757225433526,0.0050761421319796,0.0
187,2.833333333333333,0.2058823529411764,0.75,0.0085470085470085,0.0
188,2.7142857142857144,0.2987012987012987,0.635593220338983,0.0255474452554744,0.0
189,3.555555555555556,0.233009708737864,0.5509433962264151,0.009933774834437,0.0
190,1.45,0.4133333333333333,0.5569620253164557,0.0037037037037037,0.0
191,2.083333333333333,0.2307692307692307,0.6510416666666666,0.0,0.0
192,2.909090909090909,0.4626865671641791,0.5588235294117647,0.0,0.0
193,4.222222222222222,0.1818181818181818,0.6017699115044248,0.0037453183520599,0.0
194,3.0,0.2236842105263158,0.6169154228855721,0.0,0.0
195,3.0454545454545454,0.2211538461538461,0.4150943396226415,0.0202020202020202,0.0
196,1.9583333333333333,0.2564102564102564,0.5895953757225434,0.0294117647058823,0.0
197,2.8666666666666667,0.404040404040404,0.5730337078651685,0.0474683544303797,0.0
198,2.4444444444444446,0.2926829268292683,0.673469387755102,0.0,0.0
199,1.8333333333333333,0.2647058823529412,0.7311827956989247,0.0095238095238095,0.0
200,3.090909090909091,0.1827956989247312,0.6491935483870968,0.0273972602739726,0.0
201,3.6666666666666665,0.2121212121212121,0.6845238095238095,0.0146341463414634,0.0
202,2.5384615384615383,0.24,0.6139240506329114,0.0048780487804878,0.0
203,3.25,0.35,0.6387096774193548,0.0,0.0
204,4.4,0.2153846153846154,0.6010362694300518,0.008695652173913,0.0
205,2.111111111111111,0.3265306122448979,0.7116564417177914,0.0,0.0
206,4.25,0.2456140350877192,0.6098901098901099,0.0047169811320754,0.0
207,5.25,0.3265306122448979,0.7323943661971831,0.0115606936416184,0.0
208,3.0,0.4242424242424242,0.6428571428571429,0.0,0.0
209,3.25,0.3061224489795918,0.6791044776119403,0.0192307692307692,0.0
210,2.333333333333333,0.3684210526315789,0.7525773195876289,0.0084033613445378,0.0
211,3.25,0.4102564102564102,0.6694915254237288,0.0,0.0
212,4.0,0.2962962962962963,0.7089552238805971,0.0,0.0
213,3.4,0.2419354838709677,0.7092198581560284,0.0058823529411764,0.0
214,3.7777777777777777,0.3181818181818182,0.6632653061224489,0.008130081300813,0.0
215,1.6666666666666667,0.2333333333333333,0.7307692307692307,0.0,0.0
216,2.4,0.2592592592592592,0.776595744680851,0.0,0.0
217,1.75,0.2432432432432432,0.7444444444444445,0.0288461538461538,0.0
218,2.4,0.1363636363636363,0.6083333333333333,0.0070921985815602,0.0
219,3.4,0.2682926829268293,0.6312056737588653,0.0058823529411764,0.0
220,2.2857142857142856,0.3137254901960784,0.6602564102564102,0.0108108108108108,0.0
221,3.2,0.2807017543859649,0.6927710843373494,0.0102564102564102,0.0
222,2.25,0.3125,0.6888888888888889,0.0,0.0
223,1.5,0.2727272727272727,0.6632653061224489,0.0088495575221238,0.0
224,2.0,0.4166666666666667,0.5935483870967742,0.0108695652173913,0.0
225,3.090909090909091,0.3333333333333333,0.5976095617529881,0.0,0.0
226,2.5,0.2195121951219512,0.7307692307692307,0.0163934426229508,0.0
227,3.0,0.196078431372549,0.6742424242424242,0.0194805194805194,0.0
228,2.0,0.2321428571428571,0.6298701298701299,0.0056497175141242,0.0
229,3.0,0.3478260869565217,0.6649746192893401,0.0042194092827004,0.0
230,1.7,0.303030303030303,0.7380952380952381,0.0091743119266055,0.0
231,1.8571428571428568,0.4210526315789473,0.71900826446281,0.0,0.0
232,1.8,0.2571428571428571,0.82,0.0338983050847457,0.0
233,3.4,0.3157894736842105,0.7107438016528925,0.0136054421768707,0.0
234,1.5,0.1333333333333333,0.7790697674418605,0.0099009900990099,0.0
235,3.125,0.2985074626865671,0.6331658291457286,0.0,0.0
236,3.333333333333333,0.3888888888888889,0.5819070904645477,0.0,0.0
237,2.636363636363636,0.1833333333333333,0.6280487804878049,0.0096618357487922,0.0
238,6.4,0.3176470588235294,0.5794392523364486,0.0,0.0
239,1.8333333333333333,0.3684210526315789,0.780952380952381,0.0241935483870967,0.0
240,2.25,0.25,0.7021276595744681,0.009090909090909,0.0
241,2.333333333333333,0.2702702702702703,0.7623762376237624,0.0080645161290322,0.0
242,1.75,0.2580645161290322,0.725,0.0,0.0
243,3.8333333333333335,0.2156862745098039,0.6027397260273972,0.005524861878453,0.0
244,3.5,0.1764705882352941,0.7282608695652174,0.0521739130434782,0.0
245,3.333333333333333,0.2622950819672131,0.6282051282051282,0.0,0.0
246,2.5,0.3157894736842105,0.7010309278350515,0.0,0.0
247,1.3125,0.3469387755102041,0.7207792207792207,0.1957671957671957,0.0
248,4.666666666666667,0.1969696969696969,0.6065573770491803,0.0132743362831858,0.0
249,2.7142857142857144,0.3541666666666667,0.7142857142857143,0.0049751243781094,0.0
250,1.7142857142857142,0.3666666666666666,0.8395061728395061,0.0,0.0
251,2.5,0.1818181818181818,0.6771653543307087,0.0136986301369863,0.0
252,3.636363636363636,0.2222222222222222,0.6689655172413793,0.0051020408163265,0.0
253,3.272727272727273,0.32,0.6730769230769231,0.0295566502463054,0.0
254,2.1,0.3442622950819672,0.6807228915662651,0.005,0.0
255,4.0,0.4666666666666667,0.7238095238095238,0.008,0.0
256,2.6666666666666665,0.2727272727272727,0.6625,0.0,0.0052631578947368
257,2.4285714285714284,0.3265306122448979,0.6707818930041153,0.0033557046979865,0.0
258,2.6,0.3695652173913043,0.6592592592592592,0.0,0.0
259,5.4,0.3947368421052631,0.6928571428571428,0.0505617977528089,0.0
260,1.5714285714285714,0.3877551020408163,0.6712328767123288,0.0119047619047619,0.0
261,3.6666666666666665,0.4533333333333333,0.6538461538461539,0.0472727272727272,0.0
262,3.363636363636364,0.3861386138613861,0.5852090032154341,0.0080428954423592,0.0
263,3.0,0.1304347826086956,0.6956521739130435,0.0251256281407035,0.0050251256281407
264,1.75,0.3243243243243243,0.6571428571428571,0.024793388429752,0.0
265,2.3,0.3409090909090909,0.674074074074074,0.0125,0.0125
266,1.96,0.4347826086956521,0.6066481994459834,0.0073170731707317,0.0023310023310023
267,3.3846153846153846,0.3111111111111111,0.6428571428571429,0.0033557046979865,0.0
268,2.2,0.2894736842105263,0.6782608695652174,0.0215827338129496,0.0
269,1.4,0.3181818181818182,0.7033898305084746,0.0,0.0
270,3.555555555555556,0.3652173913043478,0.5870967741935483,0.0026595744680851,0.0026595744680851
271,2.7,0.125,0.6759259259259259,0.0145985401459854,0.0072992700729927
272,2.333333333333333,0.3829787234042553,0.6884057971014492,0.0186335403726708,0.0
273,2.076923076923077,0.4186046511627907,0.640625,0.0,0.0
274,2.7333333333333334,0.1351351351351351,0.59375,0.0338983050847457,0.0042372881355932
275,2.888888888888889,0.2291666666666666,0.6041666666666666,0.0232558139534883,0.0
276,2.6842105263157894,0.3365384615384615,0.5733333333333334,0.0198300283286118,0.0028328611898017
277,3.0,0.1875,0.7151898734177216,0.010204081632653,0.0204081632653061
278,2.4,0.2708333333333333,0.6060606060606061,0.0569620253164556,0.0
279,2.1333333333333333,0.28125,0.6242424242424243,0.0,0.0050251256281407
280,2.1818181818181817,0.192,0.609271523178808,0.0,0.0
281,1.8333333333333333,0.1818181818181818,0.6691176470588235,0.0063291139240506,0.0
282,3.5,0.1194029850746268,0.6625766871165644,0.01,0.01
283,2.6923076923076925,0.1549295774647887,0.6167664670658682,0.0049019607843137,0.0
284,2.75,0.3076923076923077,0.6363636363636364,0.0315315315315315,0.0045045045045045
285,3.25,0.4705882352941176,0.6589147286821705,0.0063694267515923,0.0
286,2.833333333333333,0.3333333333333333,0.6410256410256411,0.03125,0.0
287,3.076923076923077,0.1948051948051948,0.5778894472361809,0.0041493775933609,0.0
288,3.0,0.2692307692307692,0.7733333333333333,0.010204081632653,0.0
289,3.333333333333333,0.28125,0.696969696969697,0.0088105726872246,0.0
290,2.5357142857142856,0.2218649517684887,0.5212649945474372,0.0112994350282485,0.0018832391713747
291,4.166666666666667,0.2736842105263158,0.5492424242424242,0.0221518987341772,0.0
292,2.5454545454545454,0.196078431372549,0.6103896103896104,0.0109890109890109,0.0
293,3.357142857142857,0.26,0.6047430830039525,0.0033112582781456,0.0
294,3.0,0.24,0.648854961832061,0.0127388535031847,0.0
295,2.5454545454545454,0.2372881355932203,0.6589595375722543,0.0198019801980198,0.0049504950495049
296,2.4444444444444446,0.2222222222222222,0.6949152542372882,0.0283687943262411,0.0070921985815602
297,2.0,0.2653061224489796,0.6125,0.0267379679144385,0.0053475935828877
298,3.375,0.3170731707317073,0.7090909090909091,0.014388489208633,0.0
299,2.1538461538461537,0.4038461538461538,0.6737588652482269,0.0116959064327485,0.0
300,1.8333333333333333,0.38,0.696969696969697,0.0,0.0
301,2.5,0.5897435897435898,0.7132352941176471,0.0,0.0
302,1.5,0.3421052631578947,0.734375,0.0067567567567567,0.0
303,1.75,0.8,0.8837209302325582,0.0769230769230769,0.0
304,2.9444444444444446,0.3095238095238095,0.6214689265536724,0.0024449877750611,0.0024449877750611
305,3.111111111111111,0.3214285714285714,0.6626506024096386,0.0051020408163265,0.0
306,1.9,0.25,0.7450980392156863,0.0,0.0
307,1.6666666666666667,0.4,0.7431192660550459,0.0238095238095238,0.0
308,3.333333333333333,0.1219512195121951,0.6727272727272727,0.0229007633587786,0.0
309,2.75,0.2318840579710145,0.6888888888888889,0.0093457943925233,0.0046728971962616
310,1.8333333333333333,0.4242424242424242,0.7619047619047619,0.0185185185185185,0.0
311,2.7142857142857144,0.1944444444444444,0.6698113207547169,0.0,0.0
312,2.380952380952381,0.2948717948717949,0.6331658291457286,0.0079051383399209,0.0
313,1.2,0.125,0.8666666666666667,0.0,0.0
314,2.8,0.1666666666666666,0.6529411764705882,0.0,0.0
315,4.090909090909091,0.2753623188405797,0.65,0.013215859030837,0.0
316,2.333333333333333,0.1818181818181818,0.84375,0.025,0.0
317,2.2666666666666666,0.2622950819672131,0.6445783132530121,0.0099009900990099,0.0099009900990099
318,4.357142857142857,0.3181818181818182,0.5838709677419355,0.0134408602150537,0.0
319,4.6,0.5294117647058824,0.7307692307692307,0.0193548387096774,0.0
320,2.8,0.2222222222222222,0.7758620689655172,0.0136986301369863,0.0
321,2.571428571428572,0.14,0.6690140845070423,0.0246913580246913,0.0
322,2.111111111111111,0.1,0.6219512195121951,0.0098039215686274,0.0
323,1.5714285714285714,0.0476190476190476,0.7448979591836735,0.0,0.0
324,2.7142857142857144,0.0869565217391304,0.7047619047619048,0.0079365079365079,0.0
325,1.6,0.3636363636363636,0.6885245901639344,0.0357142857142857,0.0
326,3.1666666666666665,0.368,0.6145251396648045,0.0120192307692307,0.0
327,2.3,0.2452830188679245,0.7518248175182481,0.0185185185185185,0.0
328,3.375,0.2121212121212121,0.6039215686274509,0.0,0.0
329,1.6363636363636365,0.2692307692307692,0.7777777777777778,0.0,0.0
330,1.9166666666666667,0.2127659574468085,0.6744186046511628,0.0130718954248366,0.0
331,2.1818181818181817,0.2156862745098039,0.6301369863013698,0.0058479532163742,0.0
332,2.1666666666666665,0.375,0.7777777777777778,0.0,0.0
333,2.21875,0.3173652694610778,0.5831485587583148,0.0152380952380952,0.0019047619047619
334,2.5,0.2244897959183673,0.6869565217391305,0.0,0.0
335,2.0,0.1304347826086956,0.7692307692307693,0.0145985401459854,0.0
336,3.8,0.3,0.7151162790697675,0.0142180094786729,0.0
337,2.0,0.4,0.6506849315068494,0.0,0.0
338,2.857142857142857,0.3333333333333333,0.5611111111111111,0.0045045045045045,0.0
339,1.875,0.175,0.6759259259259259,0.0070921985815602,0.0
340,2.727272727272727,0.1846153846153846,0.6707317073170732,0.0204081632653061,0.0
341,2.888888888888889,0.2407407407407407,0.6538461538461539,0.0063291139240506,0.0
342,1.7307692307692308,0.2740740740740741,0.496042216358839,0.0023474178403755,0.0
343,2.555555555555556,0.3902439024390244,0.6728971962616822,0.0305343511450381,0.0076335877862595
344,2.2222222222222223,0.1935483870967742,0.6896551724137931,0.0091743119266055,0.0
345,1.7142857142857142,0.15,0.5714285714285714,0.0,0.0
346,2.9444444444444446,0.2719298245614035,0.6028368794326241,0.0,0.0
347,3.4285714285714284,0.217391304347826,0.6475409836065574,0.0204081632653061,0.0
348,4.0,0.1875,0.5701754385964912,0.0349650349650349,0.0
349,2.5384615384615383,0.3333333333333333,0.673728813559322,0.0110294117647058,0.0
350,2.25,0.3559322033898305,0.6111111111111112,0.0,0.0
351,3.15,0.2483221476510067,0.5346260387811634,0.0,0.0023419203747072
352,3.333333333333333,0.1428571428571428,0.6227544910179641,0.0047846889952153,0.0
353,1.7142857142857142,0.12,0.6984126984126984,0.0,0.0
354,4.125,0.2678571428571428,0.6792452830188679,0.0515463917525773,0.0
355,3.4375,0.2222222222222222,0.6186046511627907,0.0110294117647058,0.0
356,2.2666666666666666,0.1780821917808219,0.5833333333333334,0.0378787878787878,0.0
357,2.5,0.208955223880597,0.5991379310344828,0.007380073800738,0.003690036900369
358,2.933333333333333,0.1097560975609756,0.5978835978835979,0.0127659574468085,0.0
359,2.5,0.3870967741935484,0.7533333333333333,0.011049723756906,0.005524861878453
360,3.2,0.2278481012658227,0.57421875,0.0034602076124567,0.0
361,2.888888888888889,0.0930232558139534,0.6893203883495146,0.0,0.0
362,2.4285714285714284,0.2592592592592592,0.75,0.0,0.0
363,2.59375,0.25,0.5523613963039015,0.0017452006980802,0.0052356020942408
364,2.272727272727273,0.131578947368421,0.7142857142857143,0.0158730158730158,0.0
365,2.6666666666666665,0.1724137931034483,0.7317073170731707,0.05,0.0
366,2.75,0.2894736842105263,0.7582417582417582,0.017391304347826,0.0
367,2.466666666666667,0.2295081967213114,0.6363636363636364,0.0,0.0
368,5.0,0.238095238095238,0.7692307692307693,0.0232558139534883,0.0
369,2.25,0.1428571428571428,0.6752136752136753,0.0,0.0
370,3.2222222222222223,0.3409090909090909,0.6884057971014492,0.0,0.0
371,2.875,0.217391304347826,0.6583333333333333,0.0068965517241379,0.0
372,1.8823529411764703,0.1772151898734177,0.615,0.0042918454935622,0.0
373,3.4285714285714284,0.4210526315789473,0.7222222222222222,0.010204081632653,0.0
374,3.142857142857143,0.2666666666666666,0.6818181818181818,0.0,0.0
375,1.9090909090909087,0.4418604651162791,0.5797665369649806,0.0066445182724252,0.0033222591362126
376,2.090909090909091,0.4259259259259259,0.6274509803921569,0.0056497175141242,0.0056497175141242
377,2.333333333333333,0.3389830508474576,0.6863905325443787,0.0097087378640776,0.0
378,2.1,0.3658536585365853,0.7461538461538462,0.0,0.0
379,2.90625,0.3128834355828221,0.5730337078651685,0.0037037037037037,0.0018518518518518
380,3.5,0.2134831460674157,0.6075471698113207,0.0094637223974763,0.0063091482649842
381,2.2,0.2083333333333333,0.835820895522388,0.0379746835443038,0.0126582278481012
382,2.4827586206896552,0.2736842105263158,0.5711252653927813,0.0054945054945054,0.0
383,2.588235294117647,0.3103448275862069,0.7261146496815286,0.0,0.0098522167487684
384,2.0,0.253012048192771,0.6972477064220184,0.0039840637450199,0.0
385,1.8,0.1923076923076923,0.7154471544715447,0.0069930069930069,0.0
386,2.142857142857143,0.25,0.6893939393939394,0.0,0.0
387,2.5384615384615383,0.3877551020408163,0.6708860759493671,0.0208333333333333,0.0052083333333333
388,1.5714285714285714,0.4102564102564102,0.5708333333333333,0.0189393939393939,0.0
389,2.95,0.2807017543859649,0.5780730897009967,0.0165745856353591,0.0
390,2.4444444444444446,0.4146341463414634,0.7295081967213115,0.0,0.0
391,3.111111111111111,0.2790697674418604,0.6722689075630253,0.0,0.0
392,3.4285714285714284,0.3433734939759036,0.5376532399299475,0.0418470418470418,0.0028860028860028
393,1.6923076923076923,0.2941176470588235,0.6694214876033058,0.0068965517241379,0.0068965517241379
394,2.4,0.2321428571428571,0.5862068965517241,0.0117994100294985,0.0
395,1.5714285714285714,0.2340425531914893,0.6638655462184874,0.0151515151515151,0.0
396,1.9166666666666667,0.293103448275862,0.6624203821656051,0.0109890109890109,0.0109890109890109
397,2.75,0.3888888888888889,0.6460176991150443,0.0183823529411764,0.0036764705882352
398,1.7058823529411764,0.375,0.6616915422885572,0.0,0.0
399,2.6875,0.1770833333333333,0.592,0.0203389830508474,0.0033898305084745
400,2.823529411764706,0.3217391304347826,0.6254416961130742,0.003003003003003,0.003003003003003
401,4.0,0.303030303030303,0.6357388316151202,0.0059523809523809,0.0029761904761904
402,2.4166666666666665,0.2333333333333333,0.6687898089171974,0.0212765957446808,0.0
403,2.5,0.1428571428571428,0.875,0.0,0.0
404,2.357142857142857,0.1935483870967742,0.6474358974358975,0.0,0.0
405,2.2,0.1285714285714285,0.59375,0.0088105726872246,0.0
406,2.0,0.2222222222222222,0.7345132743362832,0.0,0.0
407,2.4285714285714284,0.3225806451612903,0.6818181818181818,0.0047169811320754,0.0
408,3.75,0.225,0.7168141592920354,0.0,0.0
409,3.6666666666666665,0.3233532934131736,0.6073059360730594,0.0,0.0
410,2.7142857142857144,0.3809523809523809,0.6683937823834197,0.0085836909871244,0.0
411,1.7575757575757576,0.3855421686746988,0.631578947368421,0.032069970845481,0.0012970168612191
412,2.6153846153846154,0.2545454545454545,0.577639751552795,0.0,0.0
413,2.0,0.12,0.7846153846153846,0.0240963855421686,0.0
414,3.142857142857143,0.18,0.6232876712328768,0.0176470588235294,0.0
415,3.3,0.5370370370370371,0.6022099447513812,0.0092592592592592,0.0
416,5.1875,0.3164556962025316,0.5248508946322068,0.0271646859083191,0.0067911714770797
417,1.9375,0.238095238095238,0.5909090909090909,0.0,0.0121212121212121
418,3.6666666666666665,0.3272727272727272,0.6447368421052632,0.0053475935828877,0.0
419,2.1,0.1851851851851851,0.6688311688311688,0.0227272727272727,0.0056818181818181
420,1.95,0.2352941176470588,0.660377358490566,0.01,0.015
421,2.4166666666666665,0.2857142857142857,0.6702127659574468,0.0227272727272727,0.0045454545454545
422,2.8,0.1836734693877551,0.6612903225806451,0.0,0.0064935064935064
423,2.7333333333333334,0.3053435114503817,0.6092307692307692,0.0027247956403269,0.0
424,2.5,0.3218390804597701,0.5724907063197026,0.0061349693251533,0.0030674846625766
425,3.5,0.1875,0.9210526315789472,0.0217391304347826,0.0
426,3.0,0.2317073170731707,0.6757990867579908,0.0111524163568773,0.0
427,1.8571428571428568,0.24,0.7846153846153846,0.0,0.0125
428,2.2857142857142856,0.4851485148514851,0.5939226519337016,0.012135922330097,0.0024271844660194
429,4.083333333333333,0.25,0.639344262295082,0.0257510729613733,0.0
430,3.193548387096774,0.3651685393258427,0.5501066098081023,0.0070175438596491,0.0
431,3.125,0.3582089552238806,0.6255506607929515,0.014388489208633,0.0
432,2.862068965517241,0.313953488372093,0.5181644359464627,0.0098522167487684,0.0
433,3.692307692307693,0.240506329113924,0.6487804878048781,0.0039215686274509,0.0
434,1.7142857142857142,0.25,0.7558139534883721,0.0198019801980198,0.0
435,1.9,0.2916666666666667,0.6865671641791045,0.0064516129032258,0.0
436,3.571428571428572,0.1590909090909091,0.5952380952380952,0.0512820512820512,0.0
437,2.6153846153846154,0.328125,0.6666666666666666,0.0133333333333333,0.0
438,2.571428571428572,0.1857142857142857,0.6381909547738693,0.0352941176470588,0.0039215686274509
439,2.588235294117647,0.1101694915254237,0.607773851590106,0.0030395136778115,0.0030395136778115
440,3.909090909090909,0.1860465116279069,0.5677966101694916,0.0,0.0
441,2.16,0.2727272727272727,0.6378600823045267,0.0099667774086378,0.0
442,2.7777777777777777,0.1764705882352941,0.6341463414634146,0.0105263157894736,0.0
443,3.0,0.2068965517241379,0.7553191489361702,0.0,0.018018018018018
444,5.375,0.5,0.66,0.0,0.0
445,2.75,0.3888888888888889,0.6583850931677019,0.0054054054054054,0.0
446,4.0,0.2068965517241379,0.6571428571428571,0.0140845070422535,0.0
447,2.0,0.6176470588235294,0.555045871559633,0.0112781954887218,0.0
448,2.090909090909091,0.2692307692307692,0.7278911564625851,0.005813953488372,0.005813953488372
449,3.571428571428572,0.2105263157894736,0.6555555555555556,0.0096618357487922,0.0048309178743961
450,4.555555555555555,0.3090909090909091,0.7375,0.0198019801980198,0.0
451,2.357142857142857,0.325,0.6638297872340425,0.0,0.0074074074074074
452,2.6,0.1875,0.6354166666666666,0.0241935483870967,0.0
453,3.0,0.217391304347826,0.6624472573839663,0.0176056338028169,0.0
454,3.0,0.2592592592592592,0.6878048780487804,0.0,0.0
455,2.590909090909091,0.2727272727272727,0.6033057851239669,0.01187648456057,0.0
456,4.052631578947368,0.4299065420560747,0.5786350148367952,0.0024038461538461,0.0024038461538461
457,2.833333333333333,0.203125,0.65625,0.010204081632653,0.010204081632653
458,2.8666666666666667,0.3069306930693069,0.6556291390728477,0.0172413793103448,0.0
459,3.272727272727273,0.0909090909090909,0.697986577181208,0.032258064516129,0.0
460,3.3125,0.2857142857142857,0.6137931034482759,0.0145348837209302,0.0087209302325581
461,2.2857142857142856,0.3157894736842105,0.6783216783216783,0.0056497175141242,0.0
462,2.857142857142857,0.1818181818181818,0.7,0.0075757575757575,0.0
463,4.0,0.3061224489795918,0.6736111111111112,0.0236686390532544,0.0
464,3.8125,0.2421052631578947,0.5961538461538461,0.0433436532507739,0.0
465,2.1,0.3561643835616438,0.648936170212766,0.0095238095238095,0.0047619047619047
466,2.625,0.217391304347826,0.7589285714285714,0.0,0.0
467,3.3125,0.382716049382716,0.6309523809523809,0.0,0.0032679738562091
468,4.923076923076923,0.2258064516129032,0.5936254980079682,0.0,0.0
469,4.666666666666667,0.2252252252252252,0.6057347670250897,0.0207715133531157,0.0029673590504451
470,3.333333333333333,0.4113475177304964,0.6225895316804407,0.0070588235294117,0.0047058823529411
471,3.1578947368421053,0.2047244094488189,0.5612244897959183,0.0028089887640449,0.0
472,4.230769230769231,0.1473684210526315,0.6533333333333333,0.0,0.0
473,3.2857142857142856,0.2077922077922078,0.5909090909090909,0.0040650406504065,0.0
474,4.555555555555555,0.3529411764705882,0.64,0.0154639175257731,0.0
475,3.071428571428572,0.1842105263157894,0.6345381526104418,0.0,0.010204081632653
476,2.5,0.2876712328767123,0.676056338028169,0.036,0.0
477,4.416666666666667,0.3307692307692307,0.6451612903225806,0.0,0.0
478,3.388888888888889,0.2596153846153846,0.6423076923076924,0.0217391304347826,0.0031055900621118
479,2.1666666666666665,0.1111111111111111,0.7432432432432432,0.0449438202247191,0.0
480,1.25,0.2222222222222222,1.0,0.2068965517241379,0.0
481,2.4615384615384617,0.3260869565217391,0.7692307692307693,0.0,0.0
482,2.1666666666666665,0.3809523809523809,0.6824324324324325,0.0056818181818181,0.0056818181818181
483,3.090909090909091,0.1791044776119403,0.6822916666666666,0.0174672489082969,0.0043668122270742
484,3.4285714285714284,0.4146341463414634,0.7280701754385965,0.0142857142857142,0.0
485,2.7142857142857144,0.3132530120481928,0.6259259259259259,0.0516129032258064,0.0
486,2.055555555555556,0.3472222222222222,0.6153846153846154,0.0308880308880308,0.0
487,2.933333333333333,0.3626373626373626,0.5560344827586207,0.0,0.0035971223021582
488,3.3076923076923075,0.4507042253521127,0.6111111111111112,0.0251798561151079,0.0071942446043165
489,2.6,0.3703703703703703,0.6829268292682927,0.0098039215686274,0.0
490,2.6666666666666665,0.2857142857142857,0.7073170731707317,0.0,0.0
491,2.9166666666666665,0.2622950819672131,0.6610169491525424,0.0328638497652582,0.0046948356807511
492,3.128205128205128,0.3541666666666667,0.5363128491620112,0.010590015128593,0.0
493,1.818181818181818,0.265625,0.6646706586826348,0.0,0.0
494,3.0,0.2456140350877192,0.674074074074074,0.0060975609756097,0.0060975609756097
495,3.25,0.3658536585365853,0.7317073170731707,0.0,0.0
496,2.7058823529411766,0.33,0.6317829457364341,0.0065573770491803,0.0
497,1.875,0.1568627450980392,0.717948717948718,0.0149253731343283,0.0149253731343283
498,1.7727272727272727,0.4269662921348314,0.5910780669144982,0.0,0.0
499,1.3076923076923077,0.2777777777777778,0.7314814814814815,0.0,0.0
500,2.625,0.4428571428571428,0.639269406392694,0.0190114068441064,0.0
501,2.227272727272727,0.2016806722689075,0.5349544072948328,0.0105540897097625,0.0026385224274406
502,2.71875,0.3286713286713286,0.5634146341463414,0.0040160642570281,0.002008032128514
503,3.5,0.2826086956521739,0.7175572519083969,0.0,0.0130718954248366
504,1.7272727272727273,0.3809523809523809,0.6587301587301587,0.0,0.0
505,2.7777777777777777,0.0465116279069767,0.711340206185567,0.0161290322580645,0.0
506,2.611111111111111,0.2650602409638554,0.6026200873362445,0.014336917562724,0.0
507,2.111111111111111,0.3,0.736,0.0205479452054794,0.0
508,2.7,0.4195121951219512,0.5070175438596491,0.0073421439060205,0.0
509,1.9285714285714288,0.25,0.6845637583892618,0.0225988700564971,0.0056497175141242
510,2.588235294117647,0.265625,0.5356037151702786,0.013550135501355,0.002710027100271
511,3.0,0.3875968992248062,0.5729442970822282,0.0109409190371991,0.0
512,2.466666666666667,0.4096385542168674,0.5904059040590406,0.0,0.0
513,4.136363636363637,0.379746835443038,0.6069651741293532,0.0202020202020202,0.0
514,2.25,0.2959183673469387,0.563573883161512,0.0090634441087613,0.0030211480362537
515,3.769230769230769,0.3055555555555556,0.6185567010309279,0.0,0.0
516,3.1818181818181817,0.3194444444444444,0.6649214659685864,0.0220264317180616,0.0
517,2.833333333333333,0.2621359223300971,0.6425855513307985,0.0,0.0
518,2.8260869565217392,0.319672131147541,0.6136986301369863,0.0069444444444444,0.0
519,2.3666666666666667,0.2954545454545454,0.5771428571428572,0.0,0.0071090047393364
520,2.6153846153846154,0.3137254901960784,0.5812807881773399,0.0336842105263157,0.0021052631578947
521,2.4,0.4513888888888889,0.5463414634146342,0.0433884297520661,0.0020661157024793
522,2.7,0.3152173913043478,0.6652892561983471,0.0201342281879194,0.0
523,1.7333333333333334,0.2321428571428571,0.6127167630057804,0.0149253731343283,0.0
524,4.294117647058823,0.2444444444444444,0.6386861313868614,0.0114942528735632,0.0
525,3.0526315789473686,0.4358974358974359,0.6224066390041494,0.01,0.0
526,2.75,0.2616822429906542,0.6431095406360424,0.0091185410334346,0.0
527,2.2666666666666666,0.2033898305084746,0.7379310344827587,0.0055555555555555,0.0
528,2.4285714285714284,0.2758620689655172,0.7294117647058823,0.029126213592233,0.0
529,2.9285714285714284,0.25,0.6341463414634146,0.0,0.0
530,4.0,0.3283582089552239,0.7237569060773481,0.0,0.0
531,2.607142857142857,0.2941176470588235,0.5279850746268657,0.001639344262295,0.001639344262295
532,3.111111111111111,0.2950819672131147,0.6174496644295302,0.0,0.0
533,2.8,0.25,0.7024793388429752,0.0066666666666666,0.0
534,2.2857142857142856,0.365079365079365,0.6918604651162791,0.0,0.0
535,3.3,0.2982456140350877,0.7753623188405797,0.0057803468208092,0.0
536,3.9,0.3333333333333333,0.7080745341614907,0.0198019801980198,0.0049504950495049
537,4.0,0.1666666666666666,0.7916666666666666,0.0757575757575757,0.0
538,2.571428571428572,0.4188034188034188,0.6644951140065146,0.0078740157480314,0.0026246719160104
539,3.071428571428572,0.2928571428571428,0.5623268698060941,0.0467706013363029,0.0
540,2.625,0.2545454545454545,0.6583850931677019,0.0273224043715847,0.0054644808743169
541,2.125,0.1621621621621621,0.75,0.0,0.0
542,3.526315789473684,0.3051948051948052,0.5767543859649122,0.0267175572519083,0.0019083969465648
543,3.375,0.2452830188679245,0.6149068322981367,0.0211640211640211,0.0
544,2.6153846153846154,0.3376623376623376,0.6094420600858369,0.0111940298507462,0.0
545,2.7,0.1842105263157894,0.7352941176470589,0.0,0.0
546,2.380952380952381,0.234375,0.7371428571428571,0.0088105726872246,0.0044052863436123
547,1.818181818181818,0.2129629629629629,0.597444089456869,0.0112994350282485,0.0
548,2.75,0.2790697674418604,0.696,0.00625,0.0
549,4.0,0.3653846153846153,0.5759717314487632,0.0028653295128939,0.0028653295128939
550,2.636363636363636,0.3852459016393442,0.5616113744075829,0.0144927536231884,0.0020703933747412
551,4.5,0.3055555555555556,0.7936507936507936,0.006060606060606,0.0
552,5.428571428571429,0.2142857142857142,0.7162162162162162,0.0160427807486631,0.0053475935828877
553,2.111111111111111,0.25,0.7741935483870968,0.0265486725663716,0.0
554,2.260869565217391,0.24,0.6005917159763313,0.0051020408163265,0.0
555,2.6,0.296875,0.5763546798029556,0.0301724137931034,0.0
556,1.8846153846153848,0.2244897959183673,0.6263736263736264,0.0123456790123456,0.0030864197530864
557,2.111111111111111,0.1764705882352941,0.6344086021505376,0.0263157894736842,0.0
558,2.571428571428572,0.2044198895027624,0.583732057416268,0.0040650406504065,0.0040650406504065
559,4.25,0.3448275862068966,0.7555555555555555,0.0185185185185185,0.0
560,2.111111111111111,0.2,0.6470588235294118,0.0095238095238095,0.0095238095238095
561,2.227272727272727,0.3452380952380952,0.5884615384615385,0.0321543408360128,0.0032154340836012
562,3.333333333333333,0.6153846153846154,0.9090909090909092,0.0,0.0
563,1.9230769230769231,0.3111111111111111,0.7194244604316546,0.0121212121212121,0.0
564,2.782608695652174,0.3138686131386861,0.5351089588377724,0.0167014613778705,0.0062630480167014
565,2.6,0.2321428571428571,0.6577181208053692,0.0056497175141242,0.0
566,2.4,0.3039215686274509,0.6115107913669064,0.0121951219512195,0.0
567,1.6,0.2352941176470588,0.6024590163934426,0.0407407407407407,0.0
568,2.588235294117647,0.1941747572815534,0.5936254980079682,0.0101010101010101,0.0
569,3.4545454545454546,0.2045454545454545,0.6682242990654206,0.0039525691699604,0.0039525691699604
570,3.4,0.1525423728813559,0.718562874251497,0.0049261083743842,0.0
571,2.5142857142857142,0.4522613065326633,0.4762589928057554,0.0203821656050955,0.0012738853503184
572,3.7142857142857135,0.2359550561797752,0.5437262357414449,0.0,0.0
573,3.125,0.3043478260869565,0.6153846153846154,0.0153846153846153,0.0
574,2.6666666666666665,0.2888888888888888,0.6535433070866141,0.0033783783783783,0.0033783783783783
575,4.0,0.3116883116883117,0.562753036437247,0.0,0.0
576,3.357142857142857,0.275,0.6244897959183674,0.0067796610169491,0.0033898305084745
577,2.0,0.1625,0.5321888412017167,0.0423076923076923,0.0
578,2.2857142857142856,0.25,0.6062176165803109,0.0,0.0
579,2.0,0.3333333333333333,0.7636363636363637,0.0144927536231884,0.0
580,2.217391304347826,0.4747474747474747,0.5900621118012422,0.0052770448548812,0.0
581,2.55,0.2830188679245283,0.5477707006369427,0.0163487738419618,0.0
582,2.1666666666666665,0.074074074074074,0.7142857142857143,0.0,0.0
583,2.357142857142857,0.2077922077922078,0.6093023255813953,0.036144578313253,0.0
584,2.875,0.4787878787878787,0.4990512333965844,0.0096463022508038,0.0016077170418006
585,3.9,0.2588235294117647,0.5803921568627451,0.0168918918918918,0.0033783783783783
586,1.25,0.3333333333333333,0.8333333333333334,0.0,0.0
587,5.0,0.2941176470588235,0.6625,0.0283687943262411,0.0
588,2.909090909090909,0.1333333333333333,0.6447368421052632,0.0,0.0
589,2.2,0.4705882352941176,0.819672131147541,0.0273972602739726,0.0
590,3.6666666666666665,0.2395833333333333,0.58984375,0.0,0.0031847133757961
591,2.9285714285714284,0.2307692307692307,0.5132575757575758,0.003257328990228,0.0
592,2.8,0.25,0.6428571428571429,0.005050505050505,0.0101010101010101
593,2.909090909090909,0.3134328358208955,0.7021276595744681,0.009009009009009,0.0
594,2.0357142857142856,0.2271186440677966,0.5424200278164116,0.0071856287425149,0.0
595,2.523809523809524,0.1951219512195122,0.592964824120603,0.0,0.0
596,2.727272727272727,0.3953488372093023,0.5813953488372093,0.0,0.0022883295194508
597,3.590909090909091,0.2166666666666666,0.7328042328042328,0.12430426716141,0.0
598,2.1,0.2,0.6643356643356644,0.0,0.0
599,1.8,0.1333333333333333,0.8648648648648649,0.0212765957446808,0.0
600,1.9090909090909087,0.2391304347826087,0.6343283582089553,0.0127388535031847,0.0
601,1.5,0.0909090909090909,0.75,0.03125,0.0
602,2.7,0.2727272727272727,0.6221198156682027,0.0121951219512195,0.0040650406504065
603,2.8,0.2272727272727272,0.6038461538461538,0.0131578947368421,0.0
604,2.774193548387097,0.2582417582417582,0.5478723404255319,0.0076687116564417,0.0015337423312883
605,4.6,0.09375,0.8115942028985508,0.0,0.0
606,3.0588235294117645,0.2386363636363636,0.6550387596899225,0.0128205128205128,0.0064102564102564
607,4.0,0.2727272727272727,0.6502732240437158,0.0187793427230046,0.0
608,2.833333333333333,0.5769230769230769,0.7582417582417582,0.0363636363636363,0.0
609,2.533333333333333,0.3404255319148936,0.5669291338582677,0.008714596949891,0.0
610,2.9743589743589745,0.2931937172774869,0.5146804835924007,0.0086083213773314,0.0
611,3.5,0.1416666666666666,0.5952380952380952,0.002840909090909,0.0
612,2.75,0.3783783783783784,0.7263157894736842,0.0084033613445378,0.0084033613445378
613,4.0,0.2777777777777778,0.5502008032128514,0.0240549828178694,0.0
614,2.583333333333333,0.328125,0.6649746192893401,0.008695652173913,0.008695652173913
615,3.2666666666666666,0.3152173913043478,0.5580524344569289,0.0157232704402515,0.0031446540880503
616,3.1538461538461537,0.325,0.6168582375478927,0.0230263157894736,0.006578947368421
617,2.7058823529411766,0.3809523809523809,0.604982206405694,0.0243161094224924,0.0
618,2.571428571428572,0.1276595744680851,0.7184466019417476,0.008130081300813,0.008130081300813
619,2.909090909090909,0.3661971830985915,0.5697674418604651,0.0273037542662116,0.0
620,2.3076923076923075,0.2608695652173913,0.6307692307692307,0.0044052863436123,0.0
621,2.3846153846153846,0.0597014925373134,0.5906432748538012,0.0196078431372549,0.0049019607843137
622,2.533333333333333,0.3012048192771084,0.697560975609756,0.0,0.0
623,1.92,0.264367816091954,0.673728813559322,0.0104895104895104,0.0069930069930069
624,1.8,0.2758620689655172,0.6477272727272727,0.0,0.0
625,4.733333333333333,0.2788461538461538,0.6040955631399317,0.0218579234972677,0.0027322404371584
626,2.769230769230769,0.206060606060606,0.5277777777777778,0.009861932938856,0.0019723865877712
627,3.0869565217391304,0.1705426356589147,0.5612903225806452,0.0052356020942408,0.0
628,2.8,0.2875,0.6982758620689655,0.0482758620689655,0.0068965517241379
629,4.75,0.2112676056338028,0.6993865030674846,0.0049504950495049,0.0099009900990099
630,1.9166666666666667,0.2075471698113207,0.6029411764705882,0.0186335403726708,0.0
631,3.393939393939394,0.3333333333333333,0.5483234714003945,0.0048231511254019,0.0016077170418006
632,2.833333333333333,0.2461538461538461,0.6607142857142857,0.0049019607843137,0.0098039215686274
633,3.5454545454545454,0.3202614379084967,0.5427350427350427,0.010948905109489,0.0072992700729927
634,2.0,0.3285714285714285,0.6403940886699507,0.0124481327800829,0.0373443983402489
635,2.3076923076923075,0.3071895424836601,0.6095890410958904,0.004,0.0
636,1.3333333333333333,0.2631578947368421,0.8275862068965517,0.0,0.0
637,1.9444444444444444,0.2621359223300971,0.5399361022364217,0.0254957507082152,0.0028328611898017
638,4.041666666666667,0.3763440860215054,0.535645472061657,0.0129240710823909,0.0
639,3.466666666666667,0.2439024390243902,0.6409395973154363,0.0142450142450142,0.0028490028490028
640,2.466666666666667,0.2567567567567567,0.6682242990654206,0.0,0.0039525691699604
641,4.333333333333333,0.3023255813953488,0.76,0.0130718954248366,0.0065359477124183
642,3.3125,0.2589285714285714,0.6405693950177936,0.0178571428571428,0.0
643,2.1578947368421053,0.5764705882352941,0.6,0.0220820189274447,0.0
644,2.0,0.1428571428571428,0.8059701492537313,0.0119047619047619,0.0
645,3.230769230769231,0.3441558441558441,0.5582417582417583,0.0018518518518518,0.0
646,2.6,0.2465753424657534,0.6415094339622641,0.0150375939849624,0.0075187969924812
647,2.2,0.2352941176470588,0.5884146341463414,0.0025906735751295,0.0025906735751295
648,3.230769230769231,0.2608695652173913,0.5948275862068966,0.0071942446043165,0.0035971223021582
649,2.769230769230769,0.3548387096774194,0.6223404255319149,0.0133333333333333,0.0
650,1.0,0.1666666666666666,1.0,0.0,0.0
651,2.526315789473684,0.1547619047619047,0.601593625498008,0.0199335548172757,0.0
652,2.9545454545454546,0.3305084745762712,0.6109324758842444,0.0026455026455026,0.0079365079365079
653,2.125,0.1707317073170731,0.7058823529411765,0.0,0.0
654,4.0,0.2745098039215686,0.6928571428571428,0.0114942528735632,0.0
655,3.2222222222222223,0.4545454545454545,0.6,0.0055555555555555,0.0
656,2.4545454545454546,0.1219512195121951,0.644927536231884,0.0359281437125748,0.0
657,4.357142857142857,0.3262411347517731,0.5861244019138756,0.0082644628099173,0.0020703933747412
658,2.583333333333333,0.2068965517241379,0.6858974358974359,0.0,0.0
659,2.1,0.3636363636363636,0.5230769230769231,0.0081081081081081,0.0
660,3.0,0.2692307692307692,0.7088607594936709,0.0105263157894736,0.0
661,2.583333333333333,0.217391304347826,0.6052631578947368,0.0089686098654708,0.0
662,2.952380952380953,0.2254901960784313,0.6385964912280702,0.0,0.0028735632183908
663,1.8636363636363635,0.2,0.6743119266055045,0.0076628352490421,0.0076628352490421
664,2.071428571428572,0.3095238095238095,0.680672268907563,0.0,0.0
665,2.96875,0.3602941176470588,0.5702917771883289,0.0042194092827004,0.0021097046413502
666,2.411764705882353,0.3125,0.6373626373626373,0.0,0.0
667,3.5384615384615383,0.2613636363636363,0.6221374045801527,0.0420711974110032,0.0064724919093851
668,3.0,0.4659090909090909,0.5575539568345323,0.0153846153846153,0.003076923076923
669,3.260869565217391,0.332258064516129,0.4929577464788732,0.0096359743040685,0.0010706638115631
670,2.0,0.2258064516129032,0.8074074074074075,0.0,0.0
671,2.619047619047619,0.4842105263157895,0.5825242718446602,0.0054644808743169,0.0027322404371584
672,3.0,0.3454545454545454,0.5625,0.0278745644599303,0.0
673,2.9444444444444446,0.3287671232876712,0.625,0.0117647058823529,0.0
674,3.5,0.3115942028985507,0.5374732334047109,0.0094339622641509,0.0018552875695732
675,2.391304347826087,0.358974358974359,0.6181818181818182,0.0144404332129963,0.0072202166064981
676,3.9,0.3857142857142857,0.6359447004608295,0.0271317829457364,0.0
677,1.9444444444444444,0.3333333333333333,0.6608187134502924,0.0048076923076923,0.0
678,2.3,0.45,0.6837606837606838,0.0140845070422535,0.0
679,2.1818181818181817,0.3877551020408163,0.6710526315789473,0.0112994350282485,0.0
680,3.066666666666667,0.3506493506493506,0.6325581395348837,0.0418250950570342,0.0076045627376425
681,1.7272727272727273,0.2,0.7006802721088435,0.0238095238095238,0.0
682,2.5384615384615383,0.45,0.6865671641791045,0.0059171597633136,0.0059171597633136
683,2.3846153846153846,0.1860465116279069,0.6551724137931034,0.1348314606741573,0.0056179775280898
684,3.333333333333333,0.2428571428571428,0.6578947368421053,0.0108695652173913,0.0108695652173913
685,2.142857142857143,0.4591836734693877,0.5787671232876712,0.0058997050147492,0.0
686,2.571428571428572,0.1860465116279069,0.6972477064220184,0.0,0.0
687,2.772727272727273,0.3014705882352941,0.5738636363636364,0.0048192771084337,0.0048192771084337
688,2.8181818181818183,0.1590909090909091,0.7633587786259542,0.0121951219512195,0.0
689,2.6666666666666665,0.3414634146341463,0.7777777777777778,0.0314465408805031,0.0
690,2.75,0.2285714285714285,0.6931818181818182,0.027027027027027,0.009009009009009
691,2.333333333333333,0.2978723404255319,0.60546875,0.0,0.0
692,3.571428571428572,0.2115384615384615,0.632183908045977,0.0287539936102236,0.0095846645367412
693,3.583333333333333,0.2205882352941176,0.640625,0.0337552742616033,0.0042194092827004
694,3.2666666666666666,0.3766233766233766,0.5905172413793104,0.0212765957446808,0.0
695,3.0,0.2096774193548387,0.6981132075471698,0.0,0.0
696,3.636363636363636,0.2307692307692307,0.5885167464114832,0.0,0.0159362549800796
698,2.636363636363636,0.2608695652173913,0.6941176470588235,0.0199004975124378,0.0
699,3.076923076923077,0.3472222222222222,0.6,0.0079365079365079,0.0079365079365079
700,4.714285714285714,0.2459016393442623,0.5684210526315789,0.0222222222222222,0.0
701,2.6,0.1296296296296296,0.6439393939393939,0.0372670807453416,0.0
702,2.3684210526315788,0.3275862068965517,0.6686390532544378,0.0046296296296296,0.0
703,2.9,0.2857142857142857,0.5806451612903226,0.0,0.0
704,3.4285714285714284,0.23,0.5719557195571956,0.0093457943925233,0.0
705,3.8333333333333335,0.3103448275862069,0.6627906976744186,0.009090909090909,0.009090909090909
706,2.571428571428572,0.3916083916083916,0.5269541778975741,0.0058616647127784,0.0011723329425556
707,3.071428571428572,0.3416666666666667,0.6404833836858006,0.0106666666666666,0.0
708,1.7058823529411764,0.5,0.6711409395973155,0.0055865921787709,0.0
709,2.1578947368421053,0.2210526315789473,0.597864768683274,0.037037037037037,0.0
710,2.25,0.4416666666666666,0.5614525139664804,0.0144927536231884,0.0
711,1.1176470588235294,0.4651162790697674,0.4076086956521739,0.0,0.0
712,2.4,0.2264150943396226,0.6824324324324325,0.0115606936416184,0.0057803468208092
713,2.1333333333333333,0.3220338983050847,0.7261146496815286,0.0052356020942408,0.0157068062827225
714,2.8461538461538463,0.3495145631067961,0.6014760147601476,0.0161812297734627,0.0
715,2.8,0.2153846153846154,0.6473684210526316,0.0045454545454545,0.0181818181818181
716,2.0,0.2105263157894736,0.6792452830188679,0.0053191489361702,0.0053191489361702
717,2.782608695652174,0.4700854700854701,0.5706521739130435,0.0277136258660508,0.0046189376443418
718,3.8,0.2702702702702703,0.7345132743362832,0.0526315789473684,0.0075187969924812
719,2.466666666666667,0.35,0.6255924170616114,0.0040160642570281,0.0040160642570281
720,3.25,0.4222222222222222,0.6064516129032258,0.0413223140495867,0.0
721,4.357142857142857,0.4308943089430894,0.532394366197183,0.0358851674641148,0.0
722,5.2,0.2888888888888888,0.6583333333333333,0.0068027210884353,0.0068027210884353
723,3.533333333333333,0.3168316831683168,0.622895622895623,0.0198863636363636,0.0085227272727272
724,3.5,0.1551724137931034,0.6272189349112426,0.025,0.0
725,2.4,0.2837837837837837,0.6217391304347826,0.0074906367041198,0.0
726,4.444444444444445,0.2631578947368421,0.6774193548387096,0.0308370044052863,0.0
727,2.230769230769231,0.24,0.7518796992481203,0.0245398773006134,0.0
728,2.2916666666666665,0.1818181818181818,0.605072463768116,0.006006006006006,0.0
729,4.0,0.3386454183266932,0.5595611285266457,0.0089974293059125,0.0
730,3.571428571428572,0.2153846153846154,0.6460674157303371,0.0098039215686274,0.0049019607843137
731,5.047619047619048,0.278969957081545,0.4909638554216867,0.0077720207253886,0.0038860103626943
732,3.08,0.3233082706766917,0.5993975903614458,0.0097560975609756,0.0
733,2.0,0.391304347826087,0.655367231638418,0.0,0.0
734,2.708333333333333,0.3789473684210526,0.594059405940594,0.0108108108108108,0.0027027027027027
735,2.130434782608696,0.2672413793103448,0.5290697674418605,0.0126262626262626,0.0025252525252525
736,3.769230769230769,0.4246575342465753,0.6515837104072398,0.0110294117647058,0.0073529411764705
737,2.294117647058824,0.2834645669291338,0.5244565217391305,0.0,0.0
738,1.9545454545454544,0.1914893617021276,0.6283185840707964,0.0,0.0
739,2.5,0.4210526315789473,0.6136363636363636,0.0241545893719806,0.0
740,2.0,0.2625,0.635,0.0041493775933609,0.0041493775933609
741,2.363636363636364,0.3981481481481481,0.517426273458445,0.018735362997658,0.0046838407494145
742,4.333333333333333,0.125,0.6296296296296297,0.0,0.0
743,3.1666666666666665,0.303030303030303,0.6542056074766355,0.0,0.0
744,1.75,0.3220338983050847,0.5843373493975904,0.0264550264550264,0.0
745,2.4,0.3209876543209876,0.6267281105990783,0.0164609053497942,0.0
746,3.8461538461538463,0.3428571428571428,0.6331658291457286,0.0199203187250996,0.0
747,2.571428571428572,0.25,0.6981132075471698,0.0,0.0
748,3.111111111111111,0.296,0.5830903790087464,0.0225,0.0
749,2.727272727272727,0.2307692307692307,0.592964824120603,0.0043290043290043,0.0
750,2.3,0.308411214953271,0.5266457680250783,0.0271739130434782,0.0027173913043478
751,1.7058823529411764,0.3488372093023256,0.6234309623430963,0.0296296296296296,0.0
752,2.071428571428572,0.3243243243243243,0.6862745098039216,0.0,0.0
753,2.3157894736842106,0.2921348314606741,0.6547619047619048,0.0167785234899328,0.0033557046979865
754,3.185185185185185,0.2222222222222222,0.5135658914728682,0.0231023102310231,0.0
755,1.625,0.2258064516129032,0.7,0.031578947368421,0.0105263157894736
756,2.647058823529412,0.4,0.6044303797468354,0.011049723756906,0.0027624309392265
757,2.6875,0.358695652173913,0.6515679442508711,0.0180722891566265,0.0060240963855421
758,3.071428571428572,0.1869918699186991,0.5666666666666667,0.0023923444976076,0.0023923444976076
759,2.739130434782609,0.2698412698412698,0.6122994652406417,0.0205479452054794,0.0
760,1.6363636363636365,0.3478260869565217,0.7792207792207793,0.0104166666666666,0.0
761,2.3125,0.2407407407407407,0.6419753086419753,0.0049751243781094,0.0
762,2.0,0.2553191489361702,0.75,0.0291970802919708,0.0
763,1.7142857142857142,0.3243243243243243,0.6181818181818182,0.0,0.0080645161290322
764,2.7058823529411766,0.3636363636363636,0.6194029850746269,0.0189873417721519,0.0031645569620253
765,4.1,0.3043478260869565,0.6404494382022472,0.0045045045045045,0.0
766,2.75,0.1489361702127659,0.656934306569343,0.0124223602484472,0.0
767,2.375,0.1463414634146341,0.6758241758241759,0.0045045045045045,0.0
768,1.9333333333333331,0.3125,0.6589595375722543,0.0049019607843137,0.0
769,2.8,0.2727272727272727,0.7547169811320755,0.0,0.0
770,3.076923076923077,0.3770491803278688,0.639344262295082,0.0177777777777777,0.0
771,1.875,0.238095238095238,0.819672131147541,0.0,0.0
772,3.5,0.2592592592592592,0.6941176470588235,0.0297029702970297,0.0
773,2.1904761904761907,0.2616822429906542,0.5696594427244582,0.0161725067385444,0.0
774,3.727272727272727,0.16,0.612565445026178,0.0042553191489361,0.0042553191489361
775,2.5,0.5641025641025641,0.6747967479674797,0.0133333333333333,0.0
776,1.25,0.1428571428571428,0.6782608695652174,0.0,0.0
777,1.3333333333333333,0.1395348837209302,0.7448979591836735,0.0086206896551724,0.0086206896551724
778,2.2857142857142856,0.3773584905660377,0.6578947368421053,0.0054054054054054,0.0
779,2.9047619047619047,0.3191489361702128,0.6137931034482759,0.038647342995169,0.0
780,2.590909090909091,0.2475247524752475,0.6835443037974683,0.0236486486486486,0.0067567567567567
781,2.8181818181818183,0.3777777777777777,0.568922305764411,0.0173160173160173,0.0021645021645021
782,2.833333333333333,0.4736842105263157,0.696969696969697,0.01,0.0
783,2.1666666666666665,0.4313725490196078,0.6715328467153284,0.0060240963855421,0.0
784,2.769230769230769,0.2727272727272727,0.6022099447513812,0.018348623853211,0.0
785,3.4545454545454546,0.3617021276595745,0.6434108527131783,0.0168350168350168,0.0
786,2.75,0.288135593220339,0.7272727272727273,0.0,0.0
787,2.375,0.4193548387096774,0.75,0.0077519379844961,0.0
788,2.25,0.0,0.9,0.0344827586206896,0.032258064516129
789,1.8571428571428568,0.3214285714285714,0.7244897959183674,0.0267857142857142,0.0
790,2.3,0.4390243902439024,0.8106060606060606,0.0256410256410256,0.0
791,2.1875,0.2580645161290322,0.6091370558375635,0.0257510729613733,0.0
792,1.8,0.2978723404255319,0.7064220183486238,0.0,0.0
793,2.863636363636364,0.3388429752066115,0.5480225988700564,0.0023866348448687,0.0
794,2.0,0.3508771929824561,0.75,0.0,0.0
795,3.4285714285714284,0.3432835820895522,0.6590909090909091,0.0074349442379182,0.0
796,2.5294117647058822,0.5,0.6231155778894473,0.0164609053497942,0.0041152263374485
797,2.333333333333333,0.328125,0.6290322580645161,0.0186046511627906,0.0046511627906976
798,2.8,0.2933333333333333,0.5506607929515418,0.0,0.0
799,2.25,0.5714285714285714,0.6761904761904762,0.032258064516129,0.0
800,2.0588235294117645,0.35,0.6822429906542056,0.0,0.0
801,3.0,0.125,0.5988023952095808,0.0306122448979591,0.0
802,2.8,0.1428571428571428,0.625,0.018018018018018,0.0
803,3.4444444444444446,0.175438596491228,0.65,0.0205128205128205,0.0
804,2.6,0.5,0.5844748858447488,0.0307692307692307,0.0038461538461538
805,2.555555555555556,0.2,0.6867469879518072,0.02803738317757,0.0
806,2.555555555555556,0.2741935483870967,0.6344086021505376,0.0095238095238095,0.0
807,2.0,0.3333333333333333,0.75,0.005,0.005
808,2.5454545454545454,0.2523364485981308,0.5942492012779552,0.0135135135135135,0.0
809,3.0,0.2285714285714285,0.693069306930693,0.0,0.008130081300813
810,2.833333333333333,0.0930232558139534,0.7128712871287128,0.025,0.0083333333333333
811,1.8636363636363635,0.2201834862385321,0.5968253968253968,0.0140056022408963,0.0056022408963585
812,2.055555555555556,0.2469135802469135,0.6157205240174672,0.0111940298507462,0.0
813,1.3,0.2352941176470588,0.7659574468085106,0.018348623853211,0.0
814,2.2,0.4675324675324675,0.6550218340611353,0.0151515151515151,0.0037878787878787
815,3.333333333333333,0.1052631578947368,0.6379310344827587,0.0144927536231884,0.0
816,3.25,0.2258064516129032,0.7244897959183674,0.032,0.0
817,2.625,0.3563218390804598,0.6414342629482072,0.0253968253968253,0.0
818,2.851851851851852,0.3082191780821918,0.607940446650124,0.0228215767634854,0.0
819,3.0,0.1724137931034483,0.6831683168316832,0.0333333333333333,0.0
820,2.863636363636364,0.2903225806451613,0.6006493506493507,0.0053763440860215,0.0053763440860215
821,2.1666666666666665,0.6428571428571429,0.6893203883495146,0.0085470085470085,0.0
822,1.7,0.3611111111111111,0.6782608695652174,0.037593984962406,0.0
823,6.0,0.5,0.6379310344827587,0.1991341991341991,0.0
824,2.5,0.2558139534883721,0.7311827956989247,0.0,0.0091743119266055
825,2.263157894736842,0.3146067415730337,0.5568181818181818,0.029126213592233,0.0032362459546925
826,2.25,0.2142857142857142,0.6776859504132231,0.0496453900709219,0.0
827,3.066666666666667,0.2727272727272727,0.5910780669144982,0.0441640378548895,0.0031545741324921
828,3.0,0.2653061224489796,0.5477031802120141,0.0185758513931888,0.0030959752321981
829,2.6666666666666665,0.411214953271028,0.581039755351682,0.0212201591511936,0.0053050397877984
830,3.0,0.391304347826087,0.6857142857142857,0.0,0.0
831,2.909090909090909,0.3544303797468354,0.6099585062240664,0.0145454545454545,0.0036363636363636
832,3.2777777777777777,0.1724137931034483,0.6811594202898551,0.0037453183520599,0.0
833,3.4,0.2333333333333333,0.6296296296296297,0.0151515151515151,0.0
834,1.5,0.1842105263157894,0.6494845360824743,0.0277777777777777,0.0
835,2.235294117647059,0.3253012048192771,0.5546558704453441,0.0087412587412587,0.0
836,3.227272727272727,0.4453781512605042,0.5538847117794486,0.010593220338983,0.0
837,2.0588235294117645,0.2289156626506024,0.625615763546798,0.0208333333333333,0.0
838,3.0,0.5,0.6174242424242424,0.0097402597402597,0.0
839,3.0,0.3636363636363636,0.5967078189300411,0.0,0.0
840,2.2666666666666666,0.3478260869565217,0.5714285714285714,0.016260162601626,0.0040650406504065
841,2.125,0.1818181818181818,0.723404255319149,0.0178571428571428,0.0
842,3.5,0.3125,0.8222222222222222,0.0166666666666666,0.0
843,2.0,0.21875,0.6571428571428571,0.0078740157480314,0.0
844,3.0,0.3666666666666666,0.6847826086956522,0.0,0.0
845,3.7142857142857135,0.3513513513513513,0.6467661691542289,0.0551181102362204,0.0039370078740157
846,2.257142857142857,0.2469135802469135,0.5638297872340425,0.0108892921960072,0.0036297640653357
847,3.0,0.2278481012658227,0.6577540106951871,0.0135135135135135,0.009009009009009
848,3.0,0.3676470588235294,0.5720524017467249,0.0074349442379182,0.0
849,3.4285714285714284,0.390625,0.671875,0.0045871559633027,0.0
850,1.6923076923076923,0.4912280701754385,0.6162790697674418,0.010204081632653,0.0051020408163265
851,2.9,0.24,0.6597222222222222,0.0228571428571428,0.0
852,1.4444444444444444,0.3529411764705882,0.625,0.0699300699300699,0.0
853,2.6153846153846154,0.1864406779661017,0.5358255451713395,0.0112359550561797,0.0
854,2.1818181818181817,0.4029850746268656,0.6556603773584906,0.0337552742616033,0.0042194092827004
855,2.090909090909091,0.1904761904761904,0.6204379562043796,0.0246913580246913,0.0
856,1.8333333333333333,0.1964285714285714,0.6081081081081081,0.0116279069767441,0.0
857,2.6666666666666665,0.3181818181818182,0.7719298245614035,0.0151515151515151,0.0303030303030303
858,3.235294117647059,0.1885245901639344,0.6026058631921825,0.0055096418732782,0.0
859,1.9,0.4318181818181818,0.76,0.0,0.0
860,2.4166666666666665,0.1833333333333333,0.6751592356687898,0.0053191489361702,0.0053191489361702
861,2.533333333333333,0.3214285714285714,0.6119402985074627,0.0041493775933609,0.0
862,2.5,0.2333333333333333,0.639751552795031,0.0155440414507772,0.005181347150259
863,2.363636363636364,0.36,0.636986301369863,0.0,0.0
864,2.363636363636364,0.2,0.7028571428571428,0.0049504950495049,0.0
865,2.625,0.3095238095238095,0.6736111111111112,0.0179640718562874,0.0059880239520958
866,2.333333333333333,0.2763157894736842,0.5563380281690141,0.0061099796334012,0.0020366598778004
867,2.75,0.2830188679245283,0.6842105263157895,0.0119760479041916,0.0059880239520958
868,2.2,0.1764705882352941,0.5864197530864198,0.0203045685279187,0.0
869,2.5,0.2125,0.5743589743589743,0.0,0.0090497737556561
870,1.8571428571428568,0.1886792452830188,0.6575342465753424,0.0186335403726708,0.0
871,3.4166666666666665,0.3168316831683168,0.6515151515151515,0.019543973941368,0.006514657980456
872,2.5,0.2682926829268293,0.6916666666666667,0.0340136054421768,0.0
873,1.8333333333333333,0.32,0.7733333333333333,0.0227272727272727,0.0113636363636363
874,3.733333333333333,0.2142857142857142,0.5781818181818181,0.003003003003003,0.003003003003003
875,2.857142857142857,0.2027027027027027,0.612565445026178,0.0086206896551724,0.0043103448275862
876,3.0434782608695654,0.2897196261682243,0.6493506493506493,0.0105540897097625,0.0
877,1.8333333333333333,0.2884615384615384,0.6739130434782609,0.0186335403726708,0.0124223602484472
878,2.7,0.2954545454545454,0.664,0.0129870129870129,0.0
879,2.9,0.2727272727272727,0.6263157894736842,0.004524886877828,0.0
880,3.5,0.1428571428571428,0.6829268292682927,0.0068965517241379,0.0
881,2.4166666666666665,0.1666666666666666,0.6752577319587629,0.026431718061674,0.0044052863436123
882,2.0,0.0,0.7205882352941176,0.0116279069767441,0.0
883,2.0,0.3958333333333333,0.6865671641791045,0.0365853658536585,0.0
884,2.333333333333333,0.4444444444444444,0.96,0.0303030303030303,0.0
885,2.7241379310344827,0.2111111111111111,0.4921875,0.0168634064080944,0.0050590219224283
886,2.2857142857142856,0.3125,0.8089887640449438,0.0093457943925233,0.0
887,2.125,0.2222222222222222,0.7431192660550459,0.0078125,0.0
888,2.5789473684210527,0.2555555555555555,0.601593625498008,0.0066225165562913,0.0
889,2.357142857142857,0.3,0.5596816976127321,0.0067264573991031,0.0
890,3.333333333333333,0.2826086956521739,0.6484375,0.0,0.00625
891,1.9047619047619049,0.2272727272727272,0.5756097560975609,0.0161290322580645,0.0
892,3.1538461538461537,0.3541666666666667,0.6183206106870229,0.0,0.0
893,2.2222222222222223,0.2777777777777778,0.7313432835820896,0.0064102564102564,0.0128205128205128
894,2.4615384615384617,0.25,0.572139303482587,0.0296610169491525,0.0042372881355932
895,2.0526315789473686,0.2957746478873239,0.6010362694300518,0.0,0.0128205128205128
896,2.555555555555556,0.3714285714285714,0.7816091954022989,0.0,0.0089285714285714
897,2.833333333333333,0.291970802919708,0.6073298429319371,0.0154867256637168,0.0066371681415929
898,2.142857142857143,0.2933333333333333,0.6780487804878049,0.0,0.0
899,3.176470588235294,0.3333333333333333,0.6763285024154589,0.0114503816793893,0.0076335877862595
900,2.75,0.4835164835164835,0.6122448979591837,0.0058997050147492,0.0
901,4.5,0.2,0.75,0.0,0.0
902,3.533333333333333,0.3684210526315789,0.6187290969899666,0.0028328611898017,0.0
903,3.272727272727273,0.303030303030303,0.5723830734966593,0.0019157088122605,0.0019157088122605
904,3.25,0.2131147540983606,0.6807228915662651,0.0241545893719806,0.0048309178743961
905,3.142857142857143,0.2878787878787879,0.6020942408376964,0.0296610169491525,0.0127118644067796
906,2.571428571428572,0.2647058823529412,0.7653061224489796,0.0,0.0085470085470085
907,1.85,0.3283582089552239,0.4801920768307323,0.0,0.0
908,2.3157894736842106,0.2314814814814814,0.61328125,0.0033222591362126,0.0033222591362126
909,3.1666666666666665,0.3,0.6288659793814433,0.0252100840336134,0.0084033613445378
910,3.0,0.2203389830508474,0.6369047619047619,0.0,0.0048780487804878
911,2.5,0.3333333333333333,0.9534883720930232,0.0,0.0
912,1.8571428571428568,0.1506849315068493,0.6502732240437158,0.019047619047619,0.0
913,4.0,0.3389830508474576,0.7071823204419889,0.0045045045045045,0.0
914,2.212121212121212,0.2526315789473684,0.6015625,0.0,0.0
915,3.2,0.4333333333333333,0.6807228915662651,0.0,0.0
916,2.423076923076923,0.1889763779527559,0.6166134185303515,0.0291005291005291,0.0079365079365079
917,2.333333333333333,0.1860465116279069,0.7029702970297029,0.0,0.0
918,1.6,0.1475409836065573,0.6737588652482269,0.0,0.0
919,3.0,0.1578947368421052,0.8703703703703703,0.0,0.0
920,3.294117647058824,0.25,0.6035242290748899,0.0035087719298245,0.0035087719298245
921,2.2222222222222223,0.3863636363636363,0.7196969696969697,0.0,0.0
922,2.636363636363636,0.3714285714285714,0.6017699115044248,0.0,0.0069930069930069
923,2.7142857142857144,0.3166666666666666,0.6451612903225806,0.0,0.0
924,3.0,0.2941176470588235,0.675531914893617,0.0182648401826484,0.0045662100456621
925,2.4,0.2121212121212121,0.7790697674418605,0.0,0.0
926,2.6666666666666665,0.2692307692307692,0.7837837837837838,0.0109890109890109,0.0
927,3.6818181818181817,0.3236994219653179,0.5882352941176471,0.0019723865877712,0.0019723865877712
928,1.4285714285714286,0.2558139534883721,0.680672268907563,0.0076335877862595,0.0076335877862595
929,3.2413793103448274,0.3385826771653543,0.6524390243902439,0.0023474178403755,0.0
930,3.5,0.3333333333333333,0.7674418604651163,0.0588235294117647,0.0
931,3.923076923076923,0.2073170731707317,0.5782608695652174,0.0212765957446808,0.0
932,3.5,0.2709677419354839,0.5087719298245614,0.0104602510460251,0.00418410041841
933,3.142857142857143,0.3015873015873015,0.5478723404255319,0.0158013544018058,0.0
934,2.125,0.08,0.7007874015748031,0.0206896551724137,0.0
935,4.538461538461538,0.2368421052631578,0.5904761904761905,0.007380073800738,0.0
936,2.333333333333333,0.2222222222222222,0.635036496350365,0.0,0.0
937,2.2,0.2950819672131147,0.6477987421383647,0.0,0.0
938,1.6,0.081081081081081,0.7,0.0256410256410256,0.0
939,2.0,0.3636363636363636,0.8666666666666667,0.027027027027027,0.0
940,2.6666666666666665,0.2575757575757575,0.6140350877192983,0.0253807106598984,0.0
941,1.9,0.5106382978723404,0.6940298507462687,0.0194805194805194,0.0
942,2.1,0.217391304347826,0.7547169811320755,0.0078125,0.0
943,2.523809523809524,0.3232323232323232,0.6033898305084746,0.0028571428571428,0.0
944,1.0,0.0,0.9444444444444444,0.0,0.0
945,2.764705882352941,0.2898550724637681,0.6528497409326425,0.0041493775933609,0.0
946,2.4444444444444446,0.0816326530612244,0.6875,0.0264900662251655,0.0
947,2.272727272727273,0.3571428571428571,0.6923076923076923,0.0069444444444444,0.0208333333333333
948,2.111111111111111,0.4871794871794871,0.7154471544715447,0.0138888888888888,0.0
949,4.666666666666667,0.3536585365853658,0.6138211382113821,0.0103448275862068,0.0
950,1.625,0.3225806451612903,0.7395833333333334,0.018018018018018,0.0
951,3.8,0.2205882352941176,0.6536312849162011,0.0,0.0
952,2.75,0.3538461538461538,0.6395939086294417,0.0128755364806866,0.0
953,2.6666666666666665,0.3478260869565217,0.7264957264957265,0.0070422535211267,0.0
954,2.9,0.25,0.6287425149700598,0.0,0.0
955,2.5,0.4615384615384615,0.4936061381074169,0.0022675736961451,0.0
956,3.0,0.4468085106382978,0.6545454545454545,0.0717948717948717,0.0
957,2.230769230769231,0.1896551724137931,0.6623376623376623,0.0,0.0
958,2.5,0.1666666666666666,1.0,0.0344827586206896,0.0
959,2.3448275862068964,0.3774509803921568,0.5541740674955595,0.0110584518167456,0.0047393364928909
960,2.888888888888889,0.3170731707317073,0.672,0.0196078431372549,0.0
961,3.0,0.1538461538461538,0.9411764705882352,0.0,0.0
962,2.5384615384615383,0.1470588235294117,0.6178010471204188,0.0355555555555555,0.0044444444444444
963,2.272727272727273,0.2393162393162393,0.5880503144654088,0.0621621621621621,0.0
964,3.583333333333333,0.2133333333333333,0.5990338164251208,0.0039682539682539,0.0
965,2.7,0.1666666666666666,0.717391304347826,0.0119760479041916,0.0
966,2.2857142857142856,0.2352941176470588,0.6569767441860465,0.0146341463414634,0.0
967,2.1666666666666665,0.3448275862068966,0.7272727272727273,0.0,0.029126213592233
968,2.8,0.5333333333333333,0.7894736842105263,0.008,0.0
969,2.909090909090909,0.4198473282442748,0.5688622754491018,0.0,0.0025
970,2.083333333333333,0.1864406779661017,0.6879432624113475,0.0,0.0
971,2.6666666666666665,0.1401869158878504,0.4280936454849498,0.0145348837209302,0.002906976744186
972,4.4,0.3414634146341463,0.7295081967213115,0.0059880239520958,0.0
973,2.533333333333333,0.2295081967213114,0.625,0.0052083333333333,0.0
974,2.375,0.3076923076923077,0.6153846153846154,0.024390243902439,0.0
975,2.2,0.3360655737704918,0.553125,0.0079575596816976,0.0
976,2.8181818181818183,0.3793103448275862,0.7368421052631579,0.0163043478260869,0.0
977,3.25,0.2,0.6618705035971223,0.0180722891566265,0.0
978,2.5,0.0,1.0,0.0,0.0
979,2.9285714285714284,0.2592592592592592,0.6153846153846154,0.0144927536231884,0.0036231884057971
980,1.809523809523809,0.3092783505154639,0.6265060240963856,0.0,0.0
981,1.75,0.1428571428571428,0.7543859649122807,0.0155038759689922,0.0
982,2.0,0.1777777777777777,0.640625,0.0066225165562913,0.0
983,1.7333333333333334,0.1290322580645161,0.5767195767195767,0.0138248847926267,0.0
984,2.6666666666666665,0.2222222222222222,0.6532258064516129,0.0138408304498269,0.0
985,2.5454545454545454,0.2549019607843137,0.7435897435897436,0.0,0.0
986,3.571428571428572,0.2714285714285714,0.6577540106951871,0.0,0.0
987,3.0,0.2608695652173913,0.6108374384236454,0.042016806722689,0.0
988,2.0,0.2077922077922078,0.5828877005347594,0.0095693779904306,0.0
989,4.25,0.2553191489361702,0.6388888888888888,0.005524861878453,0.011049723756906
990,2.7142857142857144,0.1836734693877551,0.6504854368932039,0.0,0.0
991,2.8461538461538463,0.4069767441860465,0.6086956521739131,0.0034364261168384,0.0034364261168384
992,3.090909090909091,0.2727272727272727,0.673202614379085,0.037037037037037,0.0
993,3.888888888888889,0.21875,0.7590361445783133,0.0082644628099173,0.0
994,2.8,0.2222222222222222,0.8,0.0,0.0125
995,2.875,0.1587301587301587,0.5987654320987654,0.0053475935828877,0.0
996,2.571428571428572,0.275,0.625,0.0408163265306122,0.0068027210884353
997,2.8125,0.2234042553191489,0.6481481481481481,0.0094637223974763,0.0
998,3.111111111111111,0.1538461538461538,0.7669902912621359,0.0151515151515151,0.0
999,2.933333333333333,0.3205128205128205,0.4975845410628019,0.0,0.0
1000,3.0454545454545454,0.2412280701754386,0.5368421052631579,0.0235109717868338,0.0015673981191222
1001,1.3571428571428572,0.25,0.6818181818181818,0.0075757575757575,0.0
1002,2.1666666666666665,0.3703703703703703,0.7333333333333333,0.0,0.0
1003,2.0,0.3235294117647059,0.8105263157894737,0.0,0.0
1004,4.625,0.5645161290322581,0.7233009708737864,0.0204918032786885,0.0
1005,3.333333333333333,0.1851851851851851,0.5921052631578947,0.0277777777777777,0.0
1006,2.75,0.2878787878787879,0.6521739130434783,0.0096153846153846,0.0
1007,6.222222222222222,0.2253521126760563,0.6234817813765182,0.0032786885245901,0.0032786885245901
1008,3.0,0.0983606557377049,0.697986577181208,0.0,0.0
1009,3.8,0.3571428571428571,0.6460674157303371,0.0138248847926267,0.0
1010,3.142857142857143,0.2564102564102564,0.7157894736842105,0.0,0.0
1011,1.9863013698630136,0.3485915492957746,0.5619718309859155,0.0,0.0011668611435239
1012,2.8666666666666667,0.3384615384615385,0.6628571428571428,0.009090909090909,0.0045454545454545
1013,3.0,0.3888888888888889,0.7087378640776699,0.0,0.0
1014,5.157894736842105,0.4742857142857143,0.6063157894736843,0.0017361111111111,0.0017361111111111
1015,4.5,0.3461538461538461,0.6850828729281768,0.0347826086956521,0.0
1016,3.642857142857143,0.2023809523809523,0.5981735159817352,0.003690036900369,0.0
1017,1.9166666666666667,0.1071428571428571,0.6190476190476191,0.0,0.0
1018,3.375,0.2156862745098039,0.6904761904761905,0.0064935064935064,0.0
1019,4.0,0.4035087719298245,0.6863905325443787,0.0099009900990099,0.0
1020,2.15,0.421875,0.7049180327868853,0.0044052863436123,0.0044052863436123
1021,3.0,0.2734375,0.5934065934065934,0.0093896713615023,0.0047058823529411
1022,2.4444444444444446,0.2115384615384615,0.6830985915492958,0.0179640718562874,0.0
1023,3.1,0.296875,0.6616161616161617,0.0,0.0043290043290043
1024,4.2,0.2,0.7083333333333334,0.0254237288135593,0.0
1025,1.7777777777777777,0.2592592592592592,0.782608695652174,0.0114942528735632,0.0229885057471264
1026,1.95,0.203883495145631,0.6329113924050633,0.0071942446043165,0.0071942446043165
1027,2.5,0.2,0.6836734693877551,0.0,0.0
1028,2.6,0.2619047619047619,0.6639344262295082,0.0333333333333333,0.0
1029,2.375,0.2285714285714285,0.8045977011494253,0.0186915887850467,0.0
1030,3.5,0.375,0.6551724137931034,0.0,0.0
1031,2.375,0.2903225806451613,0.75,0.0,0.0
1032,2.0,0.1818181818181818,0.671875,0.0448717948717948,0.0064102564102564
1033,2.5,0.14,0.7796610169491526,0.0,0.0
1034,2.6,0.3947368421052631,0.6020942408376964,0.0,0.0043103448275862
1035,3.8461538461538463,0.3666666666666666,0.6909090909090909,0.0138248847926267,0.0
1036,2.625,0.2307692307692307,0.7604166666666666,0.0169491525423728,0.0
1037,2.4705882352941178,0.4482758620689655,0.5917602996254682,0.0192926045016077,0.0
1038,2.4444444444444446,0.2564102564102564,0.782608695652174,0.008695652173913,0.0
1039,2.9,0.2962962962962963,0.7350427350427351,0.0136054421768707,0.0
1040,1.5,0.2647058823529412,0.7849462365591398,0.0458715596330275,0.0091743119266055
1041,1.818181818181818,0.0789473684210526,0.6732673267326733,0.0,0.0163934426229508
1042,2.555555555555556,0.2608695652173913,0.7066666666666667,0.0101010101010101,0.0
1043,3.25,0.125,0.6728971962616822,0.0039215686274509,0.0039215686274509
1044,2.125,0.5454545454545454,0.6349206349206349,0.0,0.0123456790123456
1045,2.6153846153846154,0.4705882352941176,0.6380368098159509,0.01,0.0
1046,2.9285714285714284,0.2452830188679245,0.599290780141844,0.0092592592592592,0.0061728395061728
1047,3.2857142857142856,0.2692307692307692,0.6559139784946236,0.0042918454935622,0.0042918454935622
1048,3.0,0.303030303030303,0.7555555555555555,0.0,0.0
1049,2.375,0.21875,0.6555555555555556,0.0636363636363636,0.0
1050,2.375,0.425,0.5923076923076923,0.0133333333333333,0.0
1051,1.4375,0.1012658227848101,0.6390532544378699,0.0,0.0
1052,2.6666666666666665,0.265625,0.6536312849162011,0.0188679245283018,0.0
1053,2.8,0.2887700534759358,0.5278810408921933,0.0065573770491803,0.001639344262295
1054,2.2,0.1578947368421052,0.631578947368421,0.0170454545454545,0.0
1055,2.833333333333333,0.3928571428571428,0.8356164383561644,0.0,0.0
1056,2.555555555555556,0.180327868852459,0.6586826347305389,0.0,0.0052356020942408
1057,3.0526315789473686,0.2705882352941176,0.672645739910314,0.0141843971631205,0.0035460992907801
1058,3.8,0.1923076923076923,0.7804878048780488,0.0388349514563106,0.0
1059,3.928571428571429,0.2735849056603773,0.6216216216216216,0.0142045454545454,0.0056818181818181
1060,3.0,0.18,0.6417910447761194,0.04375,0.0
1061,2.272727272727273,0.2551020408163265,0.5555555555555556,0.0234604105571847,0.0
1062,3.4285714285714284,0.1463414634146341,0.7155963302752294,0.0,0.0
1063,3.071428571428572,0.2857142857142857,0.7,0.0,0.0046511627906976
1064,2.0,0.425531914893617,0.6577181208053692,0.0055865921787709,0.0
1065,2.636363636363636,0.2622950819672131,0.6728395061728395,0.0362694300518134,0.0
1066,3.2142857142857144,0.28,0.6228070175438597,0.0328467153284671,0.0
1067,2.9166666666666665,0.3389830508474576,0.6497175141242938,0.027906976744186,0.0
1068,4.545454545454546,0.2705882352941176,0.5689655172413793,0.0106007067137809,0.0
1069,2.333333333333333,0.2413793103448276,0.6616541353383458,0.0,0.0067567567567567
1070,3.0,0.0,0.8888888888888888,0.08,0.0
1071,2.571428571428572,0.3194444444444444,0.6548223350253807,0.0,0.0
1072,2.0,0.275,0.6277056277056277,0.0108303249097472,0.0
1073,3.125,0.2444444444444444,0.6893939393939394,0.0062893081761006,0.0
1074,2.9,0.25,0.7323943661971831,0.0173410404624277,0.0
1075,2.8095238095238093,0.3888888888888889,0.5560165975103735,0.0165562913907284,0.0
1076,1.625,0.1944444444444444,0.6774193548387096,0.0,0.0
1077,1.8571428571428568,0.4545454545454545,0.6029411764705882,0.0133333333333333,0.0
1078,1.6363636363636365,0.2040816326530612,0.6564885496183206,0.0132450331125827,0.0066225165562913
1079,3.6,0.180327868852459,0.65,0.0137614678899082,0.0
1080,2.066666666666667,0.3561643835616438,0.6331658291457286,0.0173160173160173,0.0
1081,2.0,0.2727272727272727,0.6421052631578947,0.0347826086956521,0.0
1082,2.066666666666667,0.3157894736842105,0.6818181818181818,0.0419580419580419,0.0
1083,1.9166666666666667,0.1964285714285714,0.6038961038961039,0.0,0.0
1084,1.4,0.3243243243243243,0.7849462365591398,0.0092592592592592,0.0
1085,1.8,0.2075471698113207,0.6323529411764706,0.0189873417721519,0.0
1086,4.153846153846154,0.25,0.6695652173913044,0.0034843205574912,0.0069686411149825
1087,3.7,0.38,0.6632996632996633,0.0510752688172043,0.0
1088,3.571428571428572,0.1860465116279069,0.7008547008547008,0.0279720279720279,0.0
1089,4.125,0.2916666666666667,0.6524822695035462,0.0,0.0
1090,2.789473684210526,0.3170731707317073,0.6820512820512821,0.02,0.0
1091,1.75,0.2777777777777778,0.659217877094972,0.0049504950495049,0.0
1092,2.05,0.2615384615384615,0.6740331491712708,0.0133928571428571,0.0
1093,2.375,0.15625,0.660377358490566,0.0236220472440944,0.0
1094,4.833333333333333,0.25,0.71,0.0,0.0
1095,1.0,0.0,0.9285714285714286,0.0,0.0
1096,1.8571428571428568,0.4347826086956521,0.8461538461538461,0.0,0.0
1097,3.235294117647059,0.3076923076923077,0.6617647058823529,0.0076628352490421,0.003831417624521
1098,3.083333333333333,0.3714285714285714,0.689119170984456,0.0043103448275862,0.0043103448275862
1099,3.888888888888889,0.2926829268292683,0.6538461538461539,0.0,0.0
1100,2.1,0.125,0.6140350877192983,0.0294117647058823,0.0
1101,3.555555555555556,0.3255813953488372,0.7086614173228346,0.0062111801242236,0.0
1102,2.111111111111111,0.188034188034188,0.5857142857142857,0.0031347962382445,0.0
1103,1.7142857142857142,0.2,0.63125,0.0161290322580645,0.0
1104,2.923076923076923,0.2203389830508474,0.6619718309859155,0.005524861878453,0.005524861878453
1105,3.2857142857142856,0.088235294117647,0.6638655462184874,0.0279720279720279,0.0
1106,3.25,0.2337662337662337,0.6267942583732058,0.0076335877862595,0.0
1107,2.631578947368421,0.3061224489795918,0.5972222222222222,0.0029498525073746,0.0
1108,2.333333333333333,0.265625,0.5668449197860963,0.0358744394618834,0.0
1109,2.1333333333333333,0.3953488372093023,0.6739130434782609,0.0058479532163742,0.0
1110,3.5,0.3098591549295774,0.6323529411764706,0.0207468879668049,0.0041493775933609
1111,4.166666666666667,0.28125,0.7281553398058253,0.023076923076923,0.0
1112,2.5384615384615383,0.3066666666666666,0.4983108108108108,0.0,0.0014409221902017
1113,2.8,0.3692307692307692,0.6057692307692307,0.0079365079365079,0.0
1114,2.75,0.1666666666666666,0.7157894736842105,0.0083333333333333,0.0083333333333333
1115,2.4054054054054053,0.3106060606060606,0.5429292929292929,0.0061475409836065,0.0
1116,3.0,0.2967032967032967,0.6177606177606177,0.0157232704402515,0.0
1117,2.2857142857142856,0.1,0.7971014492753623,0.0232558139534883,0.0116279069767441
1118,2.333333333333333,0.3082191780821918,0.5861111111111111,0.0,0.0023923444976076
1119,3.4285714285714284,0.25,0.7604166666666666,0.0,0.0
1120,3.1666666666666665,0.1492537313432835,0.5459459459459459,0.0222222222222222,0.0
1121,3.0,0.3902439024390244,0.6592592592592592,0.062111801242236,0.0
1122,4.833333333333333,0.2,0.8311688311688312,0.0560747663551401,0.0
1123,2.230769230769231,0.2777777777777778,0.6125,0.0,0.0
1124,2.642857142857143,0.3070866141732283,0.5403225806451613,0.0609756097560975,0.0048780487804878
1125,1.8461538461538465,0.42,0.7352941176470589,0.0124223602484472,0.0
1126,2.642857142857143,0.2318840579710145,0.6373626373626373,0.0,0.0
1127,2.333333333333333,0.40625,0.7789473684210526,0.0338983050847457,0.0
1128,1.9285714285714288,0.1948051948051948,0.7025641025641025,0.0357142857142857,0.0
1129,2.2666666666666666,0.1954022988505747,0.5810276679841897,0.0311418685121107,0.0034602076124567
1130,3.678571428571429,0.2142857142857142,0.529296875,0.0145631067961165,0.0
1131,2.1666666666666665,0.1643835616438356,0.628140703517588,0.0352422907488986,0.0
1132,2.1666666666666665,0.25,0.7846153846153846,0.025,0.0
1133,2.1666666666666665,0.1881188118811881,0.597457627118644,0.0072202166064981,0.0
1134,2.333333333333333,0.26,0.6944444444444444,0.0115606936416184,0.0
1135,2.230769230769231,0.2325581395348837,0.7950819672131147,0.0261437908496732,0.0
1136,2.9285714285714284,0.208955223880597,0.6022099447513812,0.0089285714285714,0.0
1137,3.333333333333333,0.3571428571428571,0.6020408163265306,0.0083333333333333,0.0
1138,2.142857142857143,0.1666666666666666,0.616822429906542,0.0241935483870967,0.0
1139,1.8888888888888888,0.0666666666666666,0.5132743362831859,0.0378787878787878,0.0
1140,2.875,0.1521739130434782,0.6788321167883211,0.0185185185185185,0.0
1141,3.4444444444444446,0.2,0.6535433070866141,0.0377358490566037,0.0
1142,2.0,0.1428571428571428,1.0,0.0476190476190476,0.0
1143,3.5454545454545454,0.4181818181818181,0.6646341463414634,0.0195121951219512,0.0
1144,2.8461538461538463,0.4310344827586206,0.6274509803921569,0.0,0.0
1145,2.5,0.375,0.6666666666666666,0.0,0.0
1146,4.857142857142857,0.2291666666666666,0.6666666666666666,0.0123456790123456,0.0061728395061728
1147,2.4285714285714284,0.3306451612903225,0.5889212827988338,0.0050632911392405,0.0025316455696202
1148,2.4166666666666665,0.2363636363636363,0.6710526315789473,0.0382513661202185,0.0054644808743169
1149,4.0,0.2580645161290322,0.6123595505617978,0.0044444444444444,0.0044444444444444
1150,3.0,0.3108108108108108,0.6859903381642513,0.0163265306122449,0.0081632653061224
1151,2.727272727272727,0.2575757575757575,0.6174863387978142,0.0093023255813953,0.0
1152,4.5,0.0588235294117647,0.7931034482758621,0.0,0.0
1153,1.8888888888888888,0.1538461538461538,0.6792452830188679,0.032,0.0
1154,1.4615384615384617,0.2424242424242424,0.75,0.0057471264367816,0.0
1155,1.875,0.2631578947368421,0.6967741935483871,0.0116279069767441,0.005813953488372
1156,2.857142857142857,0.2666666666666666,0.6762589928057554,0.0248447204968944,0.0
1157,4.538461538461538,0.2679738562091503,0.572961373390558,0.0494880546075085,0.0
1158,3.0,0.2446808510638297,0.6271929824561403,0.0075187969924812,0.0
1159,3.25,0.2602739726027397,0.6188118811881188,0.0041152263374485,0.0
1160,1.125,0.15,0.7272727272727273,0.0,0.0
1161,1.6666666666666667,0.3461538461538461,0.6716417910447762,0.0254777070063694,0.0
1162,1.9090909090909087,0.3050847457627119,0.610062893081761,0.0165745856353591,0.005524861878453
1163,2.6666666666666665,0.2769230769230769,0.6352941176470588,0.0102564102564102,0.0
1164,2.5,0.1964285714285714,0.6546762589928058,0.0,0.0
1165,2.703703703703704,0.4817518248175182,0.6503856041131105,0.0150862068965517,0.0021551724137931
1166,3.25,0.2619047619047619,0.6666666666666666,0.0380434782608695,0.0
1167,2.25,0.125,0.6916666666666667,0.0142857142857142,0.0
1168,3.25,0.3333333333333333,0.71875,0.0,0.0
1169,2.1875,0.2473118279569892,0.6390041493775933,0.0035971223021582,0.0107913669064748
1170,2.8,0.196078431372549,0.6802721088435374,0.0169491525423728,0.0
1171,3.125,0.3396226415094339,0.6788321167883211,0.0060975609756097,0.0
1172,3.0,0.3125,0.7401574803149606,0.0,0.0
1173,2.8461538461538463,0.4305555555555556,0.6195121951219512,0.0121951219512195,0.0
1174,2.8181818181818183,0.2857142857142857,0.7155172413793104,0.0,0.0
1175,1.5135135135135136,0.3275862068965517,0.4586776859504132,0.0066666666666666,0.0033333333333333
1176,2.6153846153846154,0.1875,0.6194029850746269,0.0176470588235294,0.0058823529411764
1177,2.625,0.2549019607843137,0.6510067114093959,0.0,0.0
1178,4.5,0.2615384615384615,0.6577540106951871,0.0355555555555555,0.0044444444444444
1179,3.7777777777777777,0.217391304347826,0.6486486486486487,0.0054347826086956,0.0
1180,2.333333333333333,0.119047619047619,0.8089887640449438,0.0178571428571428,0.0
1181,2.25,0.2121212121212121,0.6379310344827587,0.0246305418719211,0.0049261083743842
1182,2.8461538461538463,0.3373493975903614,0.5714285714285714,0.00390625,0.0
1183,2.0,0.3333333333333333,0.875,0.0,0.0
1184,2.230769230769231,0.2727272727272727,0.6835443037974683,0.0264550264550264,0.0
1185,2.6153846153846154,0.2352941176470588,0.6363636363636364,0.0210526315789473,0.0052631578947368
1186,2.0,0.345679012345679,0.6796536796536796,0.0077220077220077,0.0
1187,2.6666666666666665,0.3255813953488372,0.7068965517241379,0.0141843971631205,0.0
1188,3.125,0.238095238095238,0.6691729323308271,0.0251572327044025,0.0
1189,3.5,0.55,0.624,0.0238095238095238,0.0
1190,4.3,0.2708333333333333,0.6685714285714286,0.0452488687782805,0.0
1191,1.9166666666666667,0.3478260869565217,0.6928571428571428,0.0121212121212121,0.0
1192,1.6875,0.1428571428571428,0.7318840579710145,0.0239520958083832,0.0
1193,1.625,0.3529411764705882,0.776595744680851,0.0092592592592592,0.0
1194,1.0833333333333333,0.1794871794871795,0.7263157894736842,0.0091743119266055,0.0
1195,1.4285714285714286,0.1481481481481481,0.8,0.0,0.0
1196,2.0,0.225,0.6548223350253807,0.0,0.0
1197,4.571428571428571,0.4814814814814814,0.7938144329896907,0.0381679389312977,0.0
1198,2.25,0.3235294117647059,0.6477272727272727,0.0093457943925233,0.0093457943925233
1199,3.333333333333333,0.1551724137931034,0.6851851851851852,0.0154639175257731,0.0051546391752577
1200,2.7142857142857144,0.2,0.7402597402597403,0.0101010101010101,0.0101010101010101
1201,1.5833333333333333,0.4090909090909091,0.6974789915966386,0.0,0.0
1202,2.4545454545454546,0.0857142857142857,0.574468085106383,0.0137614678899082,0.0091743119266055
1203,2.6666666666666665,0.1914893617021276,0.582089552238806,0.0188679245283018,0.0
1204,2.75,0.3205128205128205,0.6414342629482072,0.0838926174496644,0.0033557046979865
1205,2.833333333333333,0.352112676056338,0.6268656716417911,0.0078740157480314,0.0
1206,1.0,0.1538461538461538,0.7692307692307693,0.0232558139534883,0.0
1207,2.0,0.1219512195121951,0.7525773195876289,0.0333333333333333,0.0
1208,5.75,0.1136363636363636,0.6480446927374302,0.092511013215859,0.0044052863436123
1209,2.8181818181818183,0.2372881355932203,0.6457142857142857,0.0382775119617224,0.0
1210,4.285714285714286,0.2375,0.6363636363636364,0.0534124629080118,0.0029673590504451
1211,2.4285714285714284,0.359375,0.6358974358974359,0.0282258064516129,0.0040322580645161
1212,2.375,0.2222222222222222,0.7281553398058253,0.0080645161290322,0.0080645161290322
1213,3.555555555555556,0.4693877551020408,0.7006802721088435,0.0,0.0
1214,2.0,0.1142857142857142,0.6699029126213593,0.0236220472440944,0.0
1215,2.8,0.2,0.603448275862069,0.0068493150684931,0.0
1216,2.1333333333333333,0.1147540983606557,0.7,0.0163934426229508,0.0
1217,2.294117647058824,0.1764705882352941,0.615819209039548,0.0,0.0
1218,3.1875,0.2291666666666666,0.6437246963562753,0.0133779264214046,0.0
1219,2.933333333333333,0.3555555555555555,0.703125,0.0173410404624277,0.0
1220,1.9444444444444444,0.3191489361702128,0.627906976744186,0.0240963855421686,0.0
1221,3.125,0.0833333333333333,0.7441860465116279,0.0,0.0
1222,2.6875,0.1392405063291139,0.6093023255813953,0.0076923076923076,0.0076923076923076
1223,2.523809523809524,0.2567567567567567,0.6069868995633187,0.0598591549295774,0.0
1224,1.8,0.2884615384615384,0.6642857142857143,0.0,0.0
1225,2.8,0.1525423728813559,0.564935064935065,0.0108695652173913,0.0
1226,2.6956521739130435,0.375,0.5745454545454546,0.0117994100294985,0.0
1227,2.75,0.08,0.5815602836879432,0.0170454545454545,0.0
1228,10.0,0.4,0.7368421052631579,0.0253164556962025,0.0
1229,3.142857142857143,0.2352941176470588,0.6320754716981132,0.0076923076923076,0.0076923076923076
1230,2.6666666666666665,0.2063492063492063,0.5838150289017341,0.0048309178743961,0.0048309178743961
1231,2.2,0.125,0.7033898305084746,0.0140845070422535,0.0070422535211267
1232,2.0,0.2580645161290322,0.6590909090909091,0.0,0.0
1233,1.6666666666666667,0.125,0.9583333333333334,0.0333333333333333,0.0
1234,2.7142857142857144,0.2432432432432432,0.7471264367816092,0.0185185185185185,0.0
1235,2.111111111111111,0.2045454545454545,0.6581196581196581,0.0144927536231884,0.0072463768115942
1236,4.142857142857143,0.2926829268292683,0.717741935483871,0.0129032258064516,0.0
1237,2.6153846153846154,0.1166666666666666,0.6432748538011696,0.038647342995169,0.0048309178743961
1238,2.090909090909091,0.2325581395348837,0.6695652173913044,0.0214285714285714,0.0071428571428571
1239,2.7,0.1964285714285714,0.6357142857142857,0.0177514792899408,0.0
1240,2.066666666666667,0.1666666666666666,0.6918604651162791,0.024390243902439,0.0
1241,1.6666666666666667,0.1428571428571428,0.9473684210526316,0.0416666666666666,0.0
1242,2.333333333333333,0.2580645161290322,0.7349397590361446,0.0,0.0
1243,1.0,0.0,0.9,0.0833333333333333,0.0
1244,2.583333333333333,0.2033898305084746,0.7278911564625851,0.0,0.0
1245,2.25,0.1842105263157894,0.6292682926829268,0.0,0.0085470085470085
1246,2.5454545454545454,0.3018867924528302,0.7368421052631579,0.0,0.0
1247,1.8571428571428568,0.4044943820224719,0.6007462686567164,0.0097087378640776,0.0064724919093851
1248,3.6666666666666665,0.2584269662921348,0.6271929824561403,0.0109890109890109,0.0073260073260073
1249,2.1538461538461537,0.422680412371134,0.5791245791245792,0.0084507042253521,0.0
1250,2.2222222222222223,0.2631578947368421,0.7752808988764045,0.018018018018018,0.0
1251,3.571428571428572,0.26,0.7083333333333334,0.023391812865497,0.0116959064327485
1252,3.0416666666666665,0.2540983606557377,0.5672514619883041,0.0047961630695443,0.0
1253,2.7142857142857144,0.2903225806451613,0.5938461538461538,0.0,0.0024813895781637
1254,3.3846153846153846,0.2777777777777778,0.7239263803680982,0.0432692307692307,0.0
1255,2.125,0.3235294117647059,0.7346938775510204,0.0,0.0
1256,2.125,0.3,0.6634615384615384,0.024390243902439,0.008130081300813
1257,3.125,0.2654867256637168,0.5968253968253968,0.0027173913043478,0.0
1258,2.473684210526316,0.3535353535353535,0.5734265734265734,0.0388059701492537,0.0029850746268656
1259,2.1875,0.2878787878787879,0.6923076923076923,0.043103448275862,0.0086206896551724
1260,1.7142857142857142,0.2807017543859649,0.6153846153846154,0.0177514792899408,0.0059171597633136
1261,2.357142857142857,0.3818181818181818,0.6304347826086957,0.0091743119266055,0.0045871559633027
1262,1.8823529411764703,0.1965811965811965,0.6006191950464397,0.0056022408963585,0.0
1263,4.0,0.4411764705882353,0.78,0.0,0.0
1264,2.357142857142857,0.2857142857142857,0.5783582089552238,0.0132450331125827,0.0066225165562913
1265,2.6923076923076925,0.247191011235955,0.6293103448275862,0.0,0.0074349442379182
1266,2.764705882352941,0.4235294117647059,0.6629213483146067,0.0031545741324921,0.0
1267,2.6153846153846154,0.3947368421052631,0.7207207207207207,0.0136986301369863,0.0
1268,3.125,0.1521739130434782,0.6893203883495146,0.0077519379844961,0.0
1269,3.0,0.2463768115942029,0.6069364161849711,0.0046296296296296,0.0
1270,2.0,0.3478260869565217,0.686046511627907,0.018348623853211,0.0
1271,1.9333333333333331,0.4523809523809524,0.6861313868613139,0.029940119760479,0.0059880239520958
1272,3.2857142857142856,0.3541666666666667,0.6666666666666666,0.03954802259887,0.0
1273,1.625,0.3428571428571428,0.7378640776699029,0.0256410256410256,0.0
1274,3.695652173913044,0.4335664335664335,0.5843828715365239,0.0082815734989648,0.0
1275,2.333333333333333,0.1621621621621621,0.7010309278350515,0.0168067226890756,0.0
1276,2.2222222222222223,0.4301075268817204,0.6076388888888888,0.0303030303030303,0.0
1277,2.631578947368421,0.2764227642276423,0.5769230769230769,0.0153452685421994,0.0051150895140664
1278,2.9285714285714284,0.3658536585365853,0.5535055350553506,0.0159235668789808,0.0031847133757961
1279,3.0,0.3404255319148936,0.6178343949044586,0.0,0.0054054054054054
1280,2.1666666666666665,0.1818181818181818,0.6046511627906976,0.02,0.0
1281,2.7142857142857144,0.2857142857142857,0.6602564102564102,0.0056818181818181,0.0056818181818181
1282,3.333333333333333,0.2272727272727272,0.6417112299465241,0.0228310502283105,0.0
1283,3.4285714285714284,0.35,0.688,0.0,0.006578947368421
1284,2.7222222222222223,0.2409638554216867,0.572992700729927,0.0246913580246913,0.0
1285,3.111111111111111,0.4090909090909091,0.6470588235294118,0.0128205128205128,0.0
1286,3.7777777777777777,0.26,0.636986301369863,0.0552486187845303,0.0
1287,2.2,0.3132530120481928,0.5608856088560885,0.0221518987341772,0.0
1288,3.5384615384615383,0.2,0.6363636363636364,0.0046948356807511,0.0093896713615023
1289,2.125,0.3684210526315789,0.5784313725490197,0.0,0.0
1290,3.0,0.2040816326530612,0.6451612903225806,0.0066666666666666,0.0
1291,2.619047619047619,0.5783132530120482,0.6171003717472119,0.0061538461538461,0.0061538461538461
1292,2.388888888888889,0.431578947368421,0.5544554455445545,0.0172910662824207,0.0057636887608069
1293,2.0,0.3214285714285714,0.7380952380952381,0.0306122448979591,0.0
1294,1.0,0.3333333333333333,1.0,0.0,0.0
1295,3.090909090909091,0.2203389830508474,0.6875,0.0055555555555555,0.0055555555555555
1296,1.8666666666666667,0.4246575342465753,0.6106194690265486,0.0078125,0.0
1297,3.0,0.2530864197530864,0.6032863849765259,0.0039215686274509,0.0019607843137254
1298,2.0,0.3125,0.5680272108843537,0.0087209302325581,0.002906976744186
1299,1.6,0.2586206896551724,0.6503496503496503,0.029585798816568,0.0
1300,2.142857142857143,0.3095238095238095,0.6416666666666667,0.0072992700729927,0.0
1301,4.625,0.2459016393442623,0.6213592233009708,0.0163265306122449,0.0040816326530612
1302,3.2666666666666666,0.5671641791044776,0.5953488372093023,0.0,0.0
1303,3.375,0.3398058252427184,0.5857605177993528,0.0191780821917808,0.0
1304,2.333333333333333,0.3137254901960784,0.6737588652482269,0.0182926829268292,0.0
1305,2.230769230769231,0.1052631578947368,0.6991869918699187,0.0,0.0
1306,3.857142857142857,0.2950819672131147,0.66875,0.0106382978723404,0.0
1307,4.0,0.3225806451612903,0.6516129032258065,0.0155440414507772,0.0
1308,2.142857142857143,0.3409090909090909,0.7166666666666667,0.0072992700729927,0.0
1309,3.333333333333333,0.2678571428571428,0.673202614379085,0.0102564102564102,0.0051282051282051
1310,2.363636363636364,0.35,0.6701570680628273,0.0412844036697247,0.0045871559633027
1311,1.8333333333333333,0.3409090909090909,0.6788321167883211,0.025,0.0
1312,2.1,0.2941176470588235,0.625,0.006578947368421,0.0
1313,2.9375,0.1538461538461538,0.6422018348623854,0.0111940298507462,0.003731343283582
1314,2.1666666666666665,0.1810344827586207,0.5942028985507246,0.0031645569620253,0.0
1315,1.8333333333333333,0.0909090909090909,0.6944444444444444,0.0117647058823529,0.0
1316,2.2916666666666665,0.3809523809523809,0.5422222222222223,0.0118343195266272,0.0
1317,2.333333333333333,0.1521739130434782,0.7623762376237624,0.0,0.0
1318,2.75,0.5714285714285714,0.6705202312138728,0.0153061224489795,0.0
1319,2.642857142857143,0.3939393939393939,0.7043010752688172,0.0089285714285714,0.0
1320,2.5454545454545454,0.2898550724637681,0.671957671957672,0.0136986301369863,0.0
1321,2.0588235294117645,0.3253012048192771,0.6586538461538461,0.0163265306122449,0.0
1322,4.142857142857143,0.16,0.6319444444444444,0.0057471264367816,0.0057471264367816
1323,2.333333333333333,0.1851851851851851,0.7341772151898734,0.0,0.0
1324,3.0,0.3098591549295774,0.6728110599078341,0.0150375939849624,0.0
1325,2.25,0.3103448275862069,0.5693430656934306,0.0191693290734824,0.0063897763578274
1326,2.333333333333333,0.2692307692307692,0.6413043478260869,0.0420560747663551,0.0046728971962616
1327,2.230769230769231,0.1578947368421052,0.6713286713286714,0.0057803468208092,0.0
1328,2.05,0.3292682926829268,0.5397923875432526,0.0181818181818181,0.0022522522522522
1329,4.142857142857143,0.1698113207547169,0.668918918918919,0.0167597765363128,0.0
1330,4.230769230769231,0.2131147540983606,0.7163120567375887,0.0101010101010101,0.0
1331,2.571428571428572,0.3846153846153846,0.6869565217391305,0.0149253731343283,0.0
1332,2.5,0.4032258064516129,0.67,0.0484581497797356,0.0
1333,2.8421052631578947,0.1881188118811881,0.550561797752809,0.0154798761609907,0.0
1334,2.0,0.3333333333333333,0.6271186440677966,0.0199004975124378,0.0
1335,2.2,0.1395348837209302,0.6203703703703703,0.0,0.0
1336,2.083333333333333,0.4615384615384615,0.664804469273743,0.0339805825242718,0.0
1337,1.1666666666666667,0.08,0.7704918032786885,0.0,0.0
1338,2.2,0.2127659574468085,0.5619469026548672,0.0036764705882352,0.0036764705882352
1339,1.9,0.3166666666666666,0.695364238410596,0.0,0.0
1340,7.5,0.125,0.8620689655172413,0.0,0.0
1341,1.875,0.3536585365853658,0.625,0.0189393939393939,0.0
1342,2.238095238095238,0.3816793893129771,0.5673352435530086,0.0,0.0
1343,1.625,0.3846153846153846,0.7327586206896551,0.015267175572519,0.0
1344,3.0,0.4489795918367347,0.6375,0.0261780104712041,0.0
1345,1.9285714285714288,0.5897435897435898,0.6544117647058824,0.0121951219512195,0.0
1346,2.111111111111111,0.2452830188679245,0.6162790697674418,0.0235849056603773,0.0
1347,2.75,0.3064516129032258,0.6885245901639344,0.0275229357798165,0.0
1348,1.2857142857142858,0.2580645161290322,0.6862745098039216,0.0,0.005813953488372
1349,2.625,0.2222222222222222,0.76,0.0163934426229508,0.0
1350,3.25,0.1212121212121212,0.6648351648351648,0.0134529147982062,0.0
1351,3.0,0.4067796610169492,0.6358024691358025,0.0052356020942408,0.0
1352,3.125,0.1869158878504672,0.6305970149253731,0.025,0.0
1353,2.2666666666666666,0.3709677419354839,0.5652173913043478,0.0288065843621399,0.0
1354,2.8,0.3728813559322034,0.6483516483516484,0.0189573459715639,0.0
1355,2.833333333333333,0.1929824561403508,0.7398373983739838,0.0070422535211267,0.0
1356,2.5,0.3255813953488372,0.6528925619834711,0.0217391304347826,0.0072463768115942
1357,2.1,0.2125,0.6277056277056277,0.04,0.0
1358,1.7142857142857142,0.1111111111111111,0.8285714285714286,0.0119047619047619,0.0238095238095238
1359,2.823529411764706,0.2857142857142857,0.5818965517241379,0.0070921985815602,0.0035460992907801
1360,1.9,0.3103448275862069,0.7235294117647059,0.031413612565445,0.0052356020942408
1361,3.0,0.1914893617021276,0.7222222222222222,0.0223463687150838,0.0055865921787709
1362,2.05,0.3670886075949367,0.6163793103448276,0.0072463768115942,0.0
1363,2.4444444444444446,0.2584269662921348,0.6095617529880478,0.0067340067340067,0.0
1364,2.608695652173913,0.2977099236641221,0.5885416666666666,0.0112359550561797,0.0022471910112359
1365,3.2666666666666666,0.273972602739726,0.6767676767676768,0.0160642570281124,0.0
1366,1.6666666666666667,0.3170731707317073,0.6616541353383458,0.02,0.0
1367,3.111111111111111,0.34,0.6756756756756757,0.0280898876404494,0.0
1368,2.533333333333333,0.3392857142857143,0.6647398843930635,0.0093896713615023,0.0140845070422535
1369,3.333333333333333,0.2,0.7698412698412699,0.0,0.0
1370,2.071428571428572,0.1627906976744186,0.6837606837606838,0.0067567567567567,0.0067567567567567
1371,2.076923076923077,0.3529411764705882,0.7058823529411765,0.0329670329670329,0.0
1372,2.9166666666666665,0.2111111111111111,0.6173913043478261,0.0074906367041198,0.0
1373,3.4166666666666665,0.28,0.6162790697674418,0.0046511627906976,0.0046511627906976
1374,2.2222222222222223,0.253012048192771,0.625615763546798,0.0040816326530612,0.0
1375,2.888888888888889,0.2142857142857142,0.6451612903225806,0.0263157894736842,0.0
1376,2.85,0.272108843537415,0.5966183574879227,0.014799154334038,0.0021141649048625
1377,3.1818181818181817,0.3529411764705882,0.6411764705882353,0.0144927536231884,0.0
1378,2.0,0.3076923076923077,0.6993865030674846,0.0212765957446808,0.0
1379,2.111111111111111,0.3,0.7529411764705882,0.0283018867924528,0.0094339622641509
1380,2.230769230769231,0.2391304347826087,0.6587301587301587,0.0063694267515923,0.0063694267515923
1381,2.0,0.1111111111111111,1.0,0.037037037037037,0.0
1382,2.6666666666666665,0.2745098039215686,0.6838709677419355,0.0476190476190476,0.0
1383,2.3846153846153846,0.4464285714285714,0.6820809248554913,0.029126213592233,0.0048543689320388
1384,2.4444444444444446,0.2372881355932203,0.5335276967930029,0.0051282051282051,0.0
1385,1.8666666666666667,0.4583333333333333,0.6889952153110048,0.0,0.0
1386,2.25,0.303030303030303,0.6305418719211823,0.0086206896551724,0.0
1387,1.4615384615384617,0.4,0.6770186335403726,0.0552486187845303,0.005524861878453
1388,2.4444444444444446,0.3469387755102041,0.7368421052631579,0.0127388535031847,0.019108280254777
1389,3.1,0.2676056338028169,0.576271186440678,0.0,0.0
1390,2.375,0.12,0.6875,0.0268456375838926,0.0
1391,2.736842105263158,0.3648648648648648,0.6529680365296804,0.0072992700729927,0.0072992700729927
1392,2.0,0.4230769230769231,0.55,0.0,0.0
1393,2.333333333333333,0.1428571428571428,1.0,0.032258064516129,0.0
1394,4.0,0.22,0.6416666666666667,0.0402684563758389,0.0
1395,2.9285714285714284,0.2708333333333333,0.6712328767123288,0.0052910052910052,0.0052910052910052
1396,2.2222222222222223,0.375,0.7402597402597403,0.010204081632653,0.0
1397,2.0,0.0,1.0,0.0,0.0
1398,3.857142857142857,0.108695652173913,0.6909090909090909,0.0,0.0
1399,1.5555555555555556,0.1785714285714285,0.6458333333333334,0.0125786163522012,0.0
1400,2.294117647058824,0.2266666666666666,0.6009389671361502,0.0158102766798418,0.0
1401,3.0,0.1272727272727272,0.6712328767123288,0.028735632183908,0.0
1402,1.9285714285714288,0.1521739130434782,0.671875,0.0128205128205128,0.0
1403,3.555555555555556,0.2448979591836734,0.5563636363636364,0.0029239766081871,0.0087719298245614
1404,3.5,0.3272727272727272,0.6912751677852349,0.0,0.005181347150259
1405,3.2857142857142856,0.1764705882352941,0.6222222222222222,0.0260869565217391,0.0
1406,3.0,0.2571428571428571,0.6283185840707964,0.0070422535211267,0.0070422535211267
1407,3.75,0.2903225806451613,0.7733333333333333,0.0,0.0
1408,2.3846153846153846,0.1527777777777778,0.6982248520710059,0.0,0.0049751243781094
1409,1.375,0.1395348837209302,0.7840909090909091,0.0,0.0
1410,4.428571428571429,0.4318181818181818,0.6692913385826772,0.0125,0.0
1411,3.6,0.1194029850746268,0.6033519553072626,0.0,0.0
1412,3.1666666666666665,0.2105263157894736,0.66,0.0529411764705882,0.0
1413,1.8461538461538465,0.375,0.5361216730038023,0.0095846645367412,0.0063897763578274
1414,2.8461538461538463,0.3064516129032258,0.639344262295082,0.009009009009009,0.009009009009009
1415,2.7142857142857144,0.2545454545454545,0.6592592592592592,0.0192307692307692,0.0
1416,1.9090909090909087,0.2205882352941176,0.6646341463414634,0.0106951871657754,0.0
1417,2.5294117647058822,0.2592592592592592,0.6153846153846154,0.014336917562724,0.007168458781362
1418,3.090909090909091,0.1486486486486486,0.5906735751295337,0.0087336244541484,0.0043668122270742
1419,2.6666666666666665,0.2195121951219512,0.5418181818181819,0.0157728706624605,0.0031545741324921
1420,2.3043478260869565,0.2906976744186046,0.5359712230215827,0.039039039039039,0.003003003003003
1421,2.4444444444444446,0.3902439024390244,0.75,0.0256410256410256,0.0
1422,1.625,0.2666666666666666,0.725,0.0106382978723404,0.0
1423,2.0,0.1428571428571428,0.7054794520547946,0.006060606060606,0.0
1424,3.4545454545454546,0.3676470588235294,0.75,0.015,0.005
1425,2.111111111111111,0.0952380952380952,0.782608695652174,0.0298507462686567,0.0
1426,3.5,0.2475247524752475,0.5934065934065934,0.0088495575221238,0.0029498525073746
1427,2.5,0.2037037037037037,0.6193548387096774,0.0,0.0
1428,3.333333333333333,0.2368421052631578,0.5526315789473685,0.0074074074074074,0.0
1429,1.375,0.3428571428571428,0.7524752475247525,0.0263157894736842,0.0
1430,2.363636363636364,0.3181818181818182,0.6086956521739131,0.0,0.0069930069930069
1431,3.857142857142857,0.2982456140350877,0.7428571428571429,0.0059171597633136,0.0
1432,1.8333333333333333,0.4444444444444444,0.7714285714285715,0.0120481927710843,0.0
1433,3.1,0.1607142857142857,0.6099290780141844,0.0,0.0
1434,3.615384615384616,0.2241379310344827,0.571875,0.0216216216216216,0.0
1435,2.4615384615384617,0.2794117647058823,0.6417112299465241,0.0,0.0
1436,3.4,0.3253012048192771,0.5892116182572614,0.0170068027210884,0.0
1437,1.7142857142857142,0.4146341463414634,0.664,0.014388489208633,0.0
1438,2.7,0.391304347826087,0.6855345911949685,0.0158730158730158,0.0052910052910052
1439,3.3,0.3389830508474576,0.6627218934911243,0.0196078431372549,0.0
1440,1.8421052631578947,0.2926829268292683,0.7368421052631579,0.006578947368421,0.0
1441,3.333333333333333,0.3055555555555556,0.7228915662650602,0.0,0.0
1442,2.625,0.25,0.5483870967741935,0.0422535211267605,0.0
1443,2.6666666666666665,0.2,0.6535433070866141,0.006578947368421,0.0
1444,2.7857142857142856,0.1527777777777778,0.6795580110497238,0.0225225225225225,0.0
1445,3.0,0.2,0.7384615384615385,0.0727272727272727,0.0
1446,3.8,0.2857142857142857,0.6776859504132231,0.0,0.0
1447,1.9,0.1219512195121951,0.6831683168316832,0.0081967213114754,0.0
1448,2.294117647058824,0.1973684210526315,0.6157894736842106,0.0043290043290043,0.0
1449,3.2,0.2093023255813953,0.7433628318584071,0.0,0.0
1450,3.7142857142857135,0.26,0.6824324324324325,0.0284090909090909,0.0056818181818181
1451,3.857142857142857,0.2967032967032967,0.676595744680851,0.0068965517241379,0.0
1452,3.933333333333333,0.3663366336633663,0.5729537366548043,0.0087209302325581,0.002906976744186
1453,1.8666666666666667,0.4408602150537634,0.6681222707423581,0.0,0.0
1454,3.066666666666667,0.3428571428571428,0.6989247311827957,0.0,0.0
1455,2.25,0.3235294117647059,0.6978021978021978,0.0,0.0
1456,2.0,0.238095238095238,0.7191780821917808,0.0059523809523809,0.0
1457,3.3846153846153846,0.3901098901098901,0.5894736842105263,0.0088495575221238,0.0
1458,2.142857142857143,0.2258064516129032,0.6938775510204082,0.0782608695652174,0.0
1459,3.4444444444444446,0.4833333333333333,0.6635514018691588,0.0040650406504065,0.0
1460,4.0,0.2195121951219512,0.7524752475247525,0.0153846153846153,0.0
1461,3.555555555555556,0.375,0.6890243902439024,0.0,0.0
1462,2.5,0.3220338983050847,0.6754966887417219,0.0055865921787709,0.0
1463,1.2727272727272727,0.3333333333333333,0.7065217391304348,0.102803738317757,0.0
1464,2.3,0.2933333333333333,0.6740331491712708,0.0242718446601941,0.0
1465,2.272727272727273,0.2068965517241379,0.65,0.0374531835205992,0.0037453183520599
1466,3.7777777777777777,0.1836734693877551,0.6688311688311688,0.0264550264550264,0.0
1467,1.7777777777777777,0.0888888888888888,0.635593220338983,0.0,0.0
1469,2.375,0.2191780821917808,0.6428571428571429,0.0358565737051792,0.0
1470,2.3529411764705883,0.3076923076923077,0.6186046511627907,0.00390625,0.0
1471,2.588235294117647,0.4050632911392405,0.6260162601626016,0.0102739726027397,0.0
1472,2.0,0.32,0.6896551724137931,0.0350877192982456,0.0
1473,7.0,0.1929824561403508,0.7350427350427351,0.0792682926829268,0.0
1474,3.3076923076923075,0.25,0.7596899224806202,0.1136363636363636,0.0
1475,2.230769230769231,0.3,0.6045197740112994,0.0817307692307692,0.0
1476,1.7142857142857142,0.2058823529411764,0.7831325301204819,0.0,0.0
1477,2.4444444444444446,0.3333333333333333,0.6319444444444444,0.0,0.0
1478,3.076923076923077,0.3513513513513513,0.6850393700787402,0.0178571428571428,0.0
1479,3.333333333333333,0.3103448275862069,0.6466431095406361,0.0552325581395348,0.0087209302325581
1480,2.111111111111111,0.3235294117647059,0.797752808988764,0.0,0.0
1481,2.2857142857142856,0.24,0.7411764705882353,0.0194174757281553,0.0097087378640776
1482,3.555555555555556,0.392156862745098,0.6530612244897959,0.005524861878453,0.0
1483,2.0476190476190474,0.4153846153846154,0.6875,0.0,0.0
1484,2.4285714285714284,0.2093023255813953,0.6470588235294118,0.0217391304347826,0.0
1485,2.375,0.1538461538461538,0.6412213740458015,0.0131578947368421,0.0
1486,2.1875,0.4375,0.706766917293233,0.0,0.005813953488372
1487,2.3125,0.1727272727272727,0.5481481481481482,0.0161812297734627,0.0032362459546925
1488,2.466666666666667,0.3770491803278688,0.6042780748663101,0.0221238938053097,0.0
1489,3.0,0.1428571428571428,0.6518987341772152,0.0,0.0105263157894736
1490,2.0,0.2352941176470588,0.8181818181818182,0.0,0.0
1491,1.875,0.1914893617021276,0.6333333333333333,0.0066225165562913,0.0
1492,3.2,0.2285714285714285,0.6697247706422018,0.0157480314960629,0.0
1493,6.571428571428571,0.1891891891891892,0.7404580152671756,0.1222222222222222,0.0111111111111111
1494,2.764705882352941,0.1785714285714285,0.5451127819548872,0.0158730158730158,0.0031746031746031
1495,1.9,0.2727272727272727,0.6942148760330579,0.0141843971631205,0.0
1496,2.5,0.253012048192771,0.5943775100401606,0.0202702702702702,0.0033783783783783
1497,3.1538461538461537,0.2758620689655172,0.588477366255144,0.0070175438596491,0.0
1498,3.6666666666666665,0.2068965517241379,0.5544554455445545,0.0,0.0
1499,2.5384615384615383,0.2280701754385964,0.6875,0.0,0.0
1500,3.8,0.2352941176470588,0.5932203389830508,0.0368663594470046,0.0
1501,2.75,0.16,0.675,0.0,0.0069444444444444
1502,2.142857142857143,0.1875,0.5641891891891891,0.0290697674418604,0.005813953488372
1503,2.142857142857143,0.2077922077922078,0.634020618556701,0.0,0.0
1504,2.833333333333333,0.0769230769230769,0.78125,0.0481927710843373,0.0
1505,2.8,0.4565217391304347,0.5793357933579336,0.0126984126984126,0.0031746031746031
1506,2.25,0.2580645161290322,0.72,0.0055865921787709,0.0
1507,1.4545454545454546,0.3877551020408163,0.6575342465753424,0.0304878048780487,0.0060975609756097
1508,1.8888888888888888,0.2553191489361702,0.7302631578947368,0.0290697674418604,0.0
1509,4.0,0.2926829268292683,0.6956521739130435,0.0069930069930069,0.0
1510,3.25,0.2962962962962963,0.6845637583892618,0.0451977401129943,0.0
1511,1.9230769230769231,0.1489361702127659,0.6165413533834586,0.0375,0.0
1512,1.7142857142857142,0.2571428571428571,0.538135593220339,0.015267175572519,0.0
1513,2.25,0.2058823529411764,0.5573770491803278,0.0283687943262411,0.0
1514,2.391304347826087,0.2583333333333333,0.6282894736842105,0.0326975476839237,0.0
1515,1.7857142857142858,0.3229166666666667,0.5757575757575758,0.0246153846153846,0.0
1516,2.1538461538461537,0.32,0.6870229007633588,0.0,0.0
1517,1.0,0.0,0.9047619047619048,0.0434782608695652,0.0
1518,2.7777777777777777,0.3611111111111111,0.5873015873015873,0.0,0.0
1519,3.466666666666667,0.3636363636363636,0.6272727272727273,0.0036496350364963,0.0036496350364963
1520,2.1666666666666665,0.2857142857142857,0.7203389830508474,0.0068493150684931,0.0068493150684931
1521,1.6111111111111112,0.2641509433962264,0.660377358490566,0.0,0.0
1522,3.5454545454545454,0.1212121212121212,0.6219512195121951,0.0069444444444444,0.0
1523,2.0,0.2,0.7377049180327869,0.0354609929078014,0.0070921985815602
1524,3.9166666666666665,0.175,0.5601659751037344,0.0103448275862068,0.0
1525,2.107142857142857,0.2966101694915254,0.6140939597315436,0.0027777777777777,0.0
1526,2.090909090909091,0.15,0.6906474820143885,0.0060975609756097,0.0060975609756097
1527,2.5,0.2307692307692307,0.835820895522388,0.0,0.0
1528,1.8888888888888888,0.145631067961165,0.551440329218107,0.017921146953405,0.0
1529,2.4615384615384617,0.1212121212121212,0.5858585858585859,0.0172413793103448,0.0043103448275862
1530,3.0,0.1475409836065573,0.6931818181818182,0.0530973451327433,0.0
1531,3.1818181818181817,0.2244897959183673,0.7083333333333334,0.0055555555555555,0.0166666666666666
1532,1.6666666666666667,0.2,0.644808743169399,0.0339805825242718,0.0
1533,2.5,0.3265306122448979,0.6774193548387096,0.0256410256410256,0.0
1534,1.6363636363636365,0.1818181818181818,0.6,0.0409356725146198,0.0
1535,2.5,0.1692307692307692,0.6305732484076433,0.0052910052910052,0.0
1536,2.9,0.2641509433962264,0.6267605633802817,0.0231213872832369,0.0
1537,2.083333333333333,0.2647058823529412,0.8214285714285714,0.009090909090909,0.0
1538,1.6666666666666667,0.1486486486486486,0.6122448979591837,0.0321100917431192,0.0
1539,3.0454545454545454,0.4130434782608695,0.6262626262626263,0.0,0.0
1540,2.3846153846153846,0.3918918918918919,0.6074766355140186,0.0242914979757085,0.0040485829959514
1541,1.9166666666666667,0.3269230769230769,0.6514285714285715,0.0,0.0
1542,2.625,0.1818181818181818,0.7294117647058823,0.0277777777777777,0.0092592592592592
1543,3.5,0.3773584905660377,0.6544502617801047,0.0085106382978723,0.0
1544,2.833333333333333,0.28125,0.7875,0.0101010101010101,0.0
1545,1.3333333333333333,0.2950819672131147,0.6417910447761194,0.0265486725663716,0.0044247787610619
1546,2.0476190476190474,0.2448979591836734,0.5714285714285714,0.0533980582524271,0.0
1547,1.2,0.25,0.7580645161290323,0.0289855072463768,0.0
1548,3.0,0.2613636363636363,0.6233183856502242,0.0112359550561797,0.0
1549,2.7777777777777777,0.2117647058823529,0.5428571428571428,0.0067567567567567,0.0033783783783783
1550,1.8333333333333333,0.3125,0.6710526315789473,0.0342205323193916,0.0038022813688212
1551,1.7222222222222223,0.4107142857142857,0.5844155844155844,0.0053475935828877,0.0053475935828877
1552,4.2,0.16,0.6410256410256411,0.0571428571428571,0.0
1553,3.5,0.3278688524590163,0.6748466257668712,0.0,0.005
1554,2.3846153846153846,0.1935483870967742,0.6298701298701299,0.0267379679144385,0.0053475935828877
1555,3.625,0.3,0.6394557823129252,0.0224719101123595,0.0
1556,2.363636363636364,0.3720930232558139,0.7164179104477612,0.037037037037037,0.0061728395061728
1557,2.5454545454545454,0.16,0.616822429906542,0.0,0.0
1558,3.2,0.3018867924528302,0.7045454545454546,0.0,0.0
1559,2.3,0.1632653061224489,0.7064220183486238,0.0074626865671641,0.0
1560,4.833333333333333,0.1,0.65625,0.0078740157480314,0.0
1561,2.25,0.1971830985915492,0.6822916666666666,0.0226244343891402,0.0
1562,1.875,0.125,0.6666666666666666,0.0,0.0
1563,2.423076923076923,0.2571428571428571,0.6192170818505338,0.0086705202312138,0.0
1564,3.25,0.35,0.7166666666666667,0.0136363636363636,0.0045454545454545
1565,2.833333333333333,0.144578313253012,0.6714285714285714,0.016260162601626,0.0
1566,2.3157894736842106,0.2666666666666666,0.6478260869565218,0.0181159420289855,0.0036231884057971
1567,1.6428571428571428,0.3191489361702128,0.6258992805755396,0.0184049079754601,0.0
1568,2.4166666666666665,0.1525423728813559,0.6538461538461539,0.0,0.0
1569,2.555555555555556,0.1287128712871287,0.6052631578947368,0.0539772727272727,0.0
1570,1.7777777777777777,0.2,0.7023809523809523,0.0,0.0
1571,1.7142857142857142,0.1956521739130435,0.672,0.0072463768115942,0.0
1572,3.0,0.1020408163265306,0.6532258064516129,0.0,0.0
1573,2.6666666666666665,0.1964285714285714,0.6060606060606061,0.0418848167539267,0.0
1574,3.1666666666666665,0.3157894736842105,0.7066666666666667,0.09375,0.0
1575,1.8,0.1818181818181818,0.6912751677852349,0.0238095238095238,0.0
1576,2.6666666666666665,0.1951219512195122,0.5761904761904761,0.0039840637450199,0.0039840637450199
1577,2.888888888888889,0.3142857142857143,0.6134453781512605,0.0410958904109589,0.0068493150684931
1578,2.142857142857143,0.1549295774647887,0.6467661691542289,0.0128755364806866,0.0042918454935622
1579,2.5,0.1515151515151515,0.6666666666666666,0.0144927536231884,0.0048309178743961
1580,2.25,0.3260869565217391,0.6985294117647058,0.0424242424242424,0.0
1581,1.7142857142857142,0.2419354838709677,0.6022099447513812,0.0321100917431192,0.0
1582,1.6666666666666667,0.2745098039215686,0.708029197080292,0.0194805194805194,0.0
1583,2.5,0.1777777777777777,0.7043478260869566,0.0072992700729927,0.0072992700729927
1584,3.3125,0.2272727272727272,0.609375,0.0064308681672025,0.0
1585,2.375,0.323943661971831,0.6231155778894473,0.0251046025104602,0.00418410041841
1586,2.75,0.4047619047619047,0.7350427350427351,0.0,0.0066225165562913
1587,4.764705882352941,0.3125,0.6317829457364341,0.0,0.002932551319648
1588,1.8333333333333333,0.0909090909090909,0.6818181818181818,0.03,0.01
1589,2.2222222222222223,0.2121212121212121,0.6804733727810651,0.0052356020942408,0.0
1590,2.2857142857142856,0.2325581395348837,0.625,0.0070671378091872,0.0
1591,2.583333333333333,0.1212121212121212,0.5757575757575758,0.0259740259740259,0.0
1592,2.1,0.1836734693877551,0.7610619469026548,0.0074074074074074,0.0
1593,2.0,0.1379310344827586,0.7297297297297297,0.0227272727272727,0.0
1594,2.5454545454545454,0.2075471698113207,0.6962962962962963,0.006060606060606,0.0
1595,1.8571428571428568,0.28,0.7213114754098361,0.0263157894736842,0.0
1596,1.4736842105263157,0.1684210526315789,0.6233183856502242,0.0237154150197628,0.0
1597,3.0,0.144927536231884,0.5935828877005348,0.0087719298245614,0.0043859649122807
1598,1.75,0.1428571428571428,0.6814814814814815,0.0127388535031847,0.0063694267515923
1599,2.125,0.3,0.7096774193548387,0.009009009009009,0.009009009009009
1600,2.25,0.1,0.7575757575757576,0.0084745762711864,0.0
1601,1.75,0.3333333333333333,0.7954545454545454,0.0,0.0
1602,1.8333333333333333,0.2926829268292683,0.6821705426356589,0.0196078431372549,0.0065359477124183
1603,2.4545454545454546,0.1818181818181818,0.6016260162601627,0.0131578947368421,0.006578947368421
1604,3.36,0.2335766423357664,0.5433070866141733,0.006423982869379,0.0
1605,2.8484848484848486,0.4306569343065693,0.5904522613065326,0.0040485829959514,0.0
1606,2.3529411764705883,0.1411764705882353,0.5975609756097561,0.0104529616724738,0.0
1607,1.0,1.0,1.0,0.0,0.0
1608,2.5294117647058822,0.375,0.6296296296296297,0.0383141762452107,0.003831417624521
1609,2.0,0.3255813953488372,0.6982758620689655,0.0,0.0
1610,3.272727272727273,0.1971830985915492,0.6867469879518072,0.0049019607843137,0.0049019607843137
1611,6.0,0.1666666666666666,0.7951807228915663,0.0695652173913043,0.0
1612,2.571428571428572,0.2592592592592592,0.6503067484662577,0.0,0.0049751243781094
1613,3.142857142857143,0.2181818181818181,0.6666666666666666,0.0049504950495049,0.0049504950495049
1614,2.0,0.2363636363636363,0.6643835616438356,0.0,0.0
1615,3.4285714285714284,0.15,0.6854838709677419,0.0067114093959731,0.0
1616,1.2857142857142858,0.3076923076923077,0.696969696969697,0.0,0.009090909090909
1617,1.8888888888888888,0.2954545454545454,0.6935483870967742,0.0069930069930069,0.0
1618,2.0,0.1194029850746268,0.5878787878787879,0.0160427807486631,0.0
1619,2.9,0.2450331125827814,0.5165692007797271,0.0614617940199335,0.0033222591362126
1620,2.0,0.2758620689655172,0.8125,0.0106382978723404,0.0
1621,3.125,0.2040816326530612,0.7419354838709677,0.0331125827814569,0.0
1622,2.6666666666666665,0.2266666666666666,0.6300813008130082,0.03125,0.0
1623,3.0,0.0,1.0,0.0,0.0
1624,2.5,0.3448275862068966,0.6896551724137931,0.0092592592592592,0.0092592592592592
1625,2.857142857142857,0.2272727272727272,0.717741935483871,0.0136986301369863,0.0068493150684931
1626,2.2,0.2857142857142857,0.7682926829268293,0.0106382978723404,0.0106382978723404
1627,2.333333333333333,0.2195121951219512,0.6412556053811659,0.0037453183520599,0.0
1628,3.111111111111111,0.2727272727272727,0.5945945945945946,0.0,0.0
1629,2.4,0.1724137931034483,0.73,0.0238095238095238,0.0
1630,2.875,0.3555555555555555,0.6764705882352942,0.0062111801242236,0.0
1631,2.0,0.3636363636363636,0.79,0.0333333333333333,0.0
1632,1.6666666666666667,0.196078431372549,0.688,0.0140845070422535,0.0211267605633802
1633,2.2222222222222223,0.2456140350877192,0.6089743589743589,0.0224719101123595,0.0
1634,2.125,0.125,0.6136363636363636,0.0094339622641509,0.0047169811320754
1635,1.625,0.2258064516129032,0.6408839779005525,0.0287081339712918,0.0143540669856459
1636,3.0,0.2285714285714285,0.7428571428571429,0.0076335877862595,0.0076335877862595
1637,4.363636363636363,0.3936170212765957,0.5791505791505791,0.032258064516129,0.0
1638,1.818181818181818,0.2142857142857142,0.7439024390243902,0.0,0.0
1639,2.909090909090909,0.2857142857142857,0.7053571428571429,0.0136986301369863,0.0
1640,2.333333333333333,0.208955223880597,0.6141304347826086,0.0090497737556561,0.0
1641,2.571428571428572,0.2898550724637681,0.6179245283018868,0.008,0.0
1642,1.6428571428571428,0.1458333333333333,0.7062937062937062,0.0357142857142857,0.0119047619047619
1643,2.8181818181818183,0.2745098039215686,0.6342857142857142,0.0096153846153846,0.0
1644,2.5,0.119047619047619,0.6747967479674797,0.0,0.0
1645,3.0,0.4146341463414634,0.6544117647058824,0.0116959064327485,0.0058479532163742
1646,2.9,0.3442622950819672,0.66,0.0304347826086956,0.0
1647,2.375,0.2580645161290322,0.8048780487804879,0.0196078431372549,0.0
1648,1.875,0.2413793103448276,0.6790123456790124,0.0103092783505154,0.0
1649,1.375,0.4347826086956521,0.7384615384615385,0.0,0.0
1650,2.210526315789474,0.2525252525252525,0.5392857142857143,0.0123456790123456,0.0030864197530864
1651,2.0,0.2972972972972973,0.7049180327868853,0.0211267605633802,0.0140845070422535
1652,1.8,0.3333333333333333,0.6355140186915887,0.0158730158730158,0.0
1653,1.9230769230769231,0.3260869565217391,0.6618705035971223,0.0120481927710843,0.0120481927710843
1654,3.0,0.1475409836065573,0.5736040609137056,0.0086580086580086,0.0043290043290043
1655,2.6666666666666665,0.1627906976744186,0.6551724137931034,0.0,0.0
1656,1.8529411764705883,0.4605263157894737,0.6796116504854369,0.014760147601476,0.007380073800738
1657,2.8,0.1833333333333333,0.6493506493506493,0.0054347826086956,0.0
1658,2.571428571428572,0.2444444444444444,0.6666666666666666,0.015625,0.0
1659,2.5,0.0,0.6333333333333333,0.0555555555555555,0.0
1660,1.7142857142857142,0.3793103448275862,0.7640449438202247,0.0196078431372549,0.0
1661,2.1538461538461537,0.35,0.5913978494623656,0.040983606557377,0.0
1662,2.388888888888889,0.3684210526315789,0.6341463414634146,0.0040160642570281,0.0
1663,1.75,0.4,0.65625,0.0267857142857142,0.0178571428571428
1664,1.9090909090909087,0.3142857142857143,0.5923076923076923,0.0131578947368421,0.0
1665,1.9,0.2051282051282051,0.7102803738317757,0.0157480314960629,0.0
1666,2.9,0.2,0.6415094339622641,0.0,0.0
1667,1.8888888888888888,0.1568627450980392,0.6090225563909775,0.0197368421052631,0.0
1668,2.6666666666666665,0.2962962962962963,0.6060606060606061,0.0050251256281407,0.0
1669,2.571428571428572,0.1875,0.6666666666666666,0.0138888888888888,0.0
1670,3.625,0.4036697247706422,0.6028169014084507,0.016867469879518,0.0
1671,3.7142857142857135,0.2291666666666666,0.7540983606557377,0.02,0.0
1672,2.25,0.0,0.7777777777777778,0.027027027027027,0.0
1673,3.2,0.3,0.6692913385826772,0.0125,0.0
1674,2.533333333333333,0.2258064516129032,0.6228070175438597,0.0149812734082397,0.0037453183520599
1675,2.2,0.2432432432432432,0.6633663366336634,0.024,0.008
1676,1.818181818181818,0.3513513513513513,0.5945945945945946,0.0,0.0
1677,2.272727272727273,0.2461538461538461,0.6129032258064516,0.0188679245283018,0.0047169811320754
1678,1.7272727272727273,0.3636363636363636,0.7647058823529411,0.0245901639344262,0.0
1679,1.2222222222222223,0.1212121212121212,0.7674418604651163,0.0101010101010101,0.0101010101010101
1680,3.2,0.2,0.6420454545454546,0.0,0.0
1681,2.4,0.3076923076923077,0.7972972972972973,0.0,0.0114942528735632
1682,1.9375,0.392156862745098,0.6142857142857143,0.0174418604651162,0.0
1683,1.9230769230769231,0.3529411764705882,0.6209677419354839,0.0198675496688741,0.0066225165562913
1684,1.7692307692307692,0.1351351351351351,0.7008547008547008,0.0140845070422535,0.0
1685,2.2,0.0666666666666666,0.6235294117647059,0.0412371134020618,0.0103092783505154
1686,1.9444444444444444,0.2567567567567567,0.6176470588235294,0.0248962655601659,0.0
1687,2.142857142857143,0.1739130434782608,0.7777777777777778,0.0454545454545454,0.0
1688,3.888888888888889,0.35,0.6722689075630253,0.0192307692307692,0.0128205128205128
1689,1.818181818181818,0.09375,0.6222222222222222,0.0357142857142857,0.0
1690,2.636363636363636,0.3846153846153846,0.6967213114754098,0.0326797385620915,0.0
1691,2.7777777777777777,0.238095238095238,0.5348837209302325,0.0150753768844221,0.0050251256281407
1692,2.6666666666666665,0.3714285714285714,0.7735849056603774,0.0241935483870967,0.0080645161290322
1693,1.5,0.2033898305084746,0.7133757961783439,0.0,0.0
1694,2.3076923076923075,0.3953488372093023,0.6666666666666666,0.0131578947368421,0.0
1695,2.1818181818181817,0.3,0.6194029850746269,0.0,0.0062111801242236
1696,2.8181818181818183,0.3809523809523809,0.6504065040650406,0.0,0.0
1697,2.333333333333333,0.3571428571428571,0.7764705882352941,0.0099009900990099,0.0
1698,3.0,0.4,0.8,0.0238095238095238,0.0
1699,1.9230769230769231,0.2857142857142857,0.7196969696969697,0.0125786163522012,0.0062893081761006
1700,2.8461538461538463,0.25,0.6795580110497238,0.0,0.0
1701,2.0,0.5333333333333333,0.7142857142857143,0.0,0.0
1702,1.5714285714285714,0.2142857142857142,0.6632653061224489,0.009009009009009,0.0
1703,2.2222222222222223,0.3809523809523809,0.659217877094972,0.0165975103734439,0.0082987551867219
1704,3.125,0.3333333333333333,0.6747967479674797,0.0133333333333333,0.0
1705,1.5,0.375,0.6710526315789473,0.0,0.0
1706,2.3125,0.109375,0.7116564417177914,0.0198019801980198,0.0
1707,2.375,0.1176470588235294,0.65625,0.0,0.0
1708,2.5,0.4017094017094017,0.6096774193548387,0.010752688172043,0.0
1709,1.75,0.0,0.95,0.0,0.0
1710,2.083333333333333,0.2,0.5979381443298969,0.0227272727272727,0.0136363636363636
1711,2.4444444444444446,0.3454545454545454,0.6666666666666666,0.0213903743315508,0.0
1712,3.0,0.1632653061224489,0.7567567567567568,0.0,0.0
1713,3.142857142857143,0.2727272727272727,0.5990990990990991,0.0,0.0074626865671641
1714,1.6923076923076923,0.2297297297297297,0.612565445026178,0.0084745762711864,0.0
1715,3.111111111111111,0.1285714285714285,0.5572916666666666,0.027027027027027,0.0045045045045045
1716,2.6153846153846154,0.2692307692307692,0.616504854368932,0.0165289256198347,0.0
1717,1.65,0.4,0.6363636363636364,0.0112359550561797,0.0
1718,1.9166666666666667,0.2166666666666666,0.6114285714285714,0.015,0.01
1719,2.5,0.1333333333333333,0.7746478873239436,0.0,0.0
1720,1.736842105263158,0.3404255319148936,0.6165413533834586,0.0066445182724252,0.0066445182724252
1721,1.9,0.2941176470588235,0.71,0.0,0.0165289256198347
1722,2.2142857142857144,0.1929824561403508,0.6643356643356644,0.0,0.0170454545454545
1723,2.2777777777777777,0.3289473684210526,0.6129032258064516,0.0115384615384615,0.0038461538461538
1724,2.0,0.3958333333333333,0.6940298507462687,0.0,0.0
1725,1.7272727272727273,0.2285714285714285,0.7252747252747253,0.0,0.0
1726,3.0,0.2295081967213114,0.6052631578947368,0.0225225225225225,0.0
1727,1.9166666666666667,0.1785714285714285,0.6143790849673203,0.0224719101123595,0.0
1728,2.625,0.1304347826086956,0.656,0.0135135135135135,0.0
1729,2.6666666666666665,0.3076923076923077,0.6635514018691588,0.0075187969924812,0.0
1730,2.0526315789473686,0.3150684931506849,0.6275510204081632,0.0168776371308016,0.0
1731,3.2142857142857144,0.3114754098360656,0.6628571428571428,0.0045045045045045,0.0045045045045045
1732,2.380952380952381,0.3923076923076923,0.5830903790087464,0.005050505050505,0.0
1733,2.6,0.1428571428571428,0.5771812080536913,0.0264550264550264,0.0
1734,2.6666666666666665,0.2352941176470588,0.7065217391304348,0.0,0.018348623853211
1735,2.6666666666666665,0.2461538461538461,0.651685393258427,0.0409090909090909,0.009090909090909
1736,2.375,0.303030303030303,0.7321428571428571,0.0151515151515151,0.0
1737,2.6666666666666665,0.3076923076923077,0.725,0.0064935064935064,0.0
1738,1.625,0.2045454545454545,0.6044776119402985,0.0337837837837837,0.0
1739,1.8,0.1555555555555555,0.7157894736842105,0.008695652173913,0.017391304347826
1740,3.571428571428572,0.3146853146853147,0.5407239819004525,0.0115606936416184,0.0077071290944123
1741,5.333333333333333,0.1379310344827586,0.7402597402597403,0.0175438596491228,0.0
1742,2.2857142857142856,0.3333333333333333,0.6126126126126126,0.0,0.0
1743,3.333333333333333,0.1886792452830188,0.610738255033557,0.0386740331491712,0.005524861878453
1744,2.363636363636364,0.0727272727272727,0.7099236641221374,0.0,0.0251572327044025
1745,2.7777777777777777,0.34,0.7446808510638298,0.0059880239520958,0.0
1746,3.1923076923076925,0.3472222222222222,0.533816425120773,0.032,0.0
1747,2.8823529411764706,0.2903225806451613,0.6987951807228916,0.0,0.0
1748,3.4,0.1818181818181818,0.5972222222222222,0.0277777777777777,0.0
1749,2.0,0.423728813559322,0.6205128205128205,0.0376569037656903,0.0
1750,2.25,0.2857142857142857,0.7954545454545454,0.0,0.0
1751,1.7777777777777777,0.1379310344827586,0.6633663366336634,0.1512605042016806,0.0
1752,3.7777777777777777,0.1538461538461538,0.7122302158273381,0.0113636363636363,0.0056818181818181
1753,2.4,0.2424242424242424,0.6727272727272727,0.0073529411764705,0.0
1754,2.3,0.1272727272727272,0.6762589928057554,0.0,0.0060975609756097
1755,2.333333333333333,0.2608695652173913,0.6915887850467289,0.0,0.0
1756,2.9166666666666665,0.4383561643835616,0.7087378640776699,0.0,0.0
1757,2.333333333333333,0.2692307692307692,0.7368421052631579,0.0169491525423728,0.0
1758,2.75,0.2796610169491525,0.5891238670694864,0.0079365079365079,0.0026455026455026
1759,2.0,0.3421052631578947,0.6728971962616822,0.0,0.0
1760,2.111111111111111,0.3103448275862069,0.7340425531914894,0.008695652173913,0.0
1761,2.1818181818181817,0.3387096774193548,0.7065868263473054,0.0259067357512953,0.0
1762,2.55,0.2272727272727272,0.6680161943319838,0.01,0.0033333333333333
1763,1.6666666666666667,0.4242424242424242,0.7009345794392523,0.016,0.008
1764,1.85,0.1978021978021978,0.5815899581589958,0.0215827338129496,0.0
1765,1.8888888888888888,0.2272727272727272,0.6238938053097345,0.0114942528735632,0.0
1766,1.5833333333333333,0.2058823529411764,0.7,0.0099009900990099,0.0
1767,2.260869565217391,0.4210526315789473,0.625,0.0,0.0
1768,2.8,0.3260869565217391,0.6139240506329114,0.0211640211640211,0.0
1769,2.6,0.2978723404255319,0.562874251497006,0.010204081632653,0.010204081632653
1770,1.8333333333333333,0.2285714285714285,0.69,0.0,0.0
1771,2.1,0.2407407407407407,0.671875,0.0529801324503311,0.0
1772,1.6666666666666667,0.2537313432835821,0.6368715083798883,0.0,0.0
1773,3.142857142857143,0.3176470588235294,0.5818965517241379,0.0179856115107913,0.0035971223021582
1774,1.8571428571428568,0.3278688524590163,0.7062937062937062,0.0116959064327485,0.0
1775,2.090909090909091,0.282051282051282,0.7068965517241379,0.0214285714285714,0.0214285714285714
1776,3.357142857142857,0.1896551724137931,0.5309278350515464,0.0041322314049586,0.0
1777,2.555555555555556,0.1935483870967742,0.7025316455696202,0.0164835164835164,0.0
1778,4.555555555555555,0.2045454545454545,0.7285714285714285,0.0054644808743169,0.0054644808743169
1779,2.0,0.3181818181818182,0.6967213114754098,0.0069444444444444,0.0
1780,3.875,0.238095238095238,0.668918918918919,0.0329670329670329,0.0
1781,2.652173913043478,0.2203389830508474,0.5510204081632653,0.0140056022408963,0.0028011204481792
1782,2.4285714285714284,0.1785714285714285,0.7361111111111112,0.0219780219780219,0.0
1783,2.6666666666666665,0.2894736842105263,0.5787037037037037,0.0120481927710843,0.0
1784,1.3076923076923077,0.4,0.6666666666666666,0.0,0.0
1785,1.75,0.2068965517241379,0.6875,0.0267857142857142,0.0178571428571428
1786,1.6666666666666667,0.05,0.7547169811320755,0.015625,0.0
1787,2.4444444444444446,0.28,0.7238805970149254,0.0,0.0
1788,2.083333333333333,0.5555555555555556,0.711864406779661,0.0,0.0
1789,3.2,0.1470588235294117,0.6129032258064516,0.0316742081447963,0.0
1790,1.2,0.1666666666666666,0.6875,0.0,0.0
1791,2.7777777777777777,0.2248520710059171,0.5397196261682243,0.0079207920792079,0.0
1792,2.6666666666666665,0.1428571428571428,0.7804878048780488,0.0,0.0
1793,1.5454545454545454,0.2,0.717391304347826,0.063063063063063,0.009009009009009
1794,2.6666666666666665,0.3428571428571428,0.5833333333333334,0.0782312925170068,0.0
1795,3.8,0.2992700729927007,0.5742296918767507,0.0048076923076923,0.0
1796,2.1666666666666665,0.2916666666666667,0.7903225806451613,0.0,0.0
1797,3.7,0.2809917355371901,0.5909090909090909,0.0233644859813084,0.0023364485981308
1798,2.833333333333333,0.2727272727272727,0.675392670157068,0.0175438596491228,0.0043859649122807
1799,2.0,0.4210526315789473,0.7213114754098361,0.0,0.0
1800,2.2857142857142856,0.325,0.6851851851851852,0.032,0.0
1801,3.142857142857143,0.3592233009708738,0.4871406959152798,0.0129366106080207,0.0
1802,2.875,0.2142857142857142,0.6835443037974683,0.0273224043715847,0.0
1803,2.4444444444444446,0.1777777777777777,0.678082191780822,0.0352941176470588,0.0
1804,1.875,0.2142857142857142,0.7326732673267327,0.017094017094017,0.0
1805,4.0,0.1363636363636363,0.6015625,0.0126582278481012,0.0
1806,2.4,0.25,0.7727272727272727,0.0148148148148148,0.0
1807,2.769230769230769,0.1234567901234567,0.5598290598290598,0.0256410256410256,0.0
1808,1.818181818181818,0.1666666666666666,0.5714285714285714,0.0164835164835164,0.0
1809,1.6666666666666667,0.4193548387096774,0.7,0.0555555555555555,0.0
1810,1.7142857142857142,0.2608695652173913,0.6923076923076923,0.0109890109890109,0.0
1811,1.8461538461538465,0.35,0.7053571428571429,0.0072992700729927,0.0
1812,2.272727272727273,0.2676056338028169,0.6179245283018868,0.0378151260504201,0.0042016806722689
1813,2.727272727272727,0.2093023255813953,0.58,0.0,0.0054644808743169
1814,1.8571428571428568,0.3043478260869565,0.7142857142857143,0.0,0.0
1815,2.0,0.1333333333333333,0.6333333333333333,0.0089285714285714,0.0
1816,2.125,0.2068965517241379,0.8875,0.0,0.0
1817,2.6,0.4545454545454545,0.5548387096774193,0.0109289617486338,0.0
1818,2.739130434782609,0.2136752136752136,0.5741935483870968,0.030379746835443,0.0
1819,1.6666666666666667,0.1428571428571428,0.7313432835820896,0.036144578313253,0.0
1820,1.0,0.3333333333333333,1.0,0.0333333333333333,0.0
1821,1.8571428571428568,0.2586206896551724,0.7302631578947368,0.0273224043715847,0.0
1822,1.5,0.1363636363636363,0.5887850467289719,0.0,0.0
1823,2.5,0.3617021276595745,0.696969696969697,0.0316455696202531,0.0
1824,5.166666666666667,0.2142857142857142,0.8023255813953488,0.0039840637450199,0.0
1825,1.125,0.1111111111111111,0.7763157894736842,0.0449438202247191,0.0112359550561797
1826,1.1666666666666667,0.0,0.8260869565217391,0.032258064516129,0.0
1827,3.25,0.2777777777777778,0.7708333333333334,0.0,0.0
1828,2.0,0.2553191489361702,0.6959459459459459,0.0113636363636363,0.0
1829,1.0,0.0666666666666666,0.7777777777777778,0.0465116279069767,0.0
1830,2.7777777777777777,0.2162162162162162,0.7521367521367521,0.0472972972972973,0.0
1831,2.4285714285714284,0.4556962025316455,0.5515873015873016,0.0063492063492063,0.0
1832,2.0,0.0967741935483871,0.7922077922077922,0.0106382978723404,0.0
1833,2.6,0.175438596491228,0.6358024691358025,0.0102564102564102,0.0
1834,2.473684210526316,0.0985915492957746,0.526813880126183,0.1238532110091743,0.0022935779816513
1835,1.2,0.2,0.7450980392156863,0.0,0.0
1836,2.933333333333333,0.24,0.5330739299610895,0.0253164556962025,0.0063291139240506
1837,2.55,0.3571428571428571,0.569620253164557,0.0167785234899328,0.0
1838,3.583333333333333,0.3265306122448979,0.65625,0.0095238095238095,0.0
1839,3.2,0.375,0.6507936507936508,0.0365853658536585,0.0
1840,2.4375,0.2738095238095238,0.578544061302682,0.0064724919093851,0.0
1841,1.6666666666666667,0.0,0.8823529411764706,0.0,0.0
1842,2.0,0.2758620689655172,0.72,0.0204081632653061,0.0
1843,2.0,0.1891891891891892,0.6388888888888888,0.0674157303370786,0.0
1844,3.3076923076923075,0.1428571428571428,0.6432748538011696,0.0524017467248908,0.0
1845,2.333333333333333,0.3636363636363636,0.7448979591836735,0.0172413793103448,0.0
1846,2.0,0.1764705882352941,0.7634408602150538,0.0614035087719298,0.0
1847,2.117647058823529,0.2153846153846154,0.5977653631284916,0.0,0.0
1848,2.6,0.4324324324324324,0.7391304347826086,0.0344827586206896,0.0068965517241379
1849,1.9090909090909087,0.1538461538461538,0.6440677966101694,0.0273972602739726,0.0
1850,2.0,0.054054054054054,0.6576576576576577,0.046875,0.0078125
1851,2.25,0.2558139534883721,0.6598639455782312,0.0409356725146198,0.0
1852,2.25,0.125,0.6411764705882353,0.0148514851485148,0.0
1853,2.2857142857142856,0.2954545454545454,0.6607142857142857,0.0,0.0
1854,1.9565217391304348,0.5,0.6065573770491803,0.0197368421052631,0.0
1855,2.1818181818181817,0.2631578947368421,0.6391752577319587,0.0,0.0
1856,3.1666666666666665,0.131578947368421,0.680327868852459,0.02,0.0
1857,1.9,0.2045454545454545,0.6978723404255319,0.0140350877192982,0.0
1858,1.3333333333333333,0.0,0.9,0.0,0.0
1859,2.0,0.4,0.7105263157894737,0.0217391304347826,0.0
1860,2.117647058823529,0.1395348837209302,0.628140703517588,0.0080321285140562,0.0
1861,2.5,0.5625,0.7464788732394366,0.0,0.0
1862,1.8571428571428568,0.238095238095238,0.71875,0.0085470085470085,0.0
1863,3.4242424242424243,0.295,0.4522058823529412,0.0451339915373765,0.0
1864,1.8333333333333333,0.238095238095238,0.8363636363636363,0.0,0.0
1865,1.8,0.2878787878787879,0.6594594594594595,0.0135135135135135,0.0
1866,2.5,0.2439024390243902,0.6638655462184874,0.0132450331125827,0.0
1867,3.888888888888889,0.3137254901960784,0.6891891891891891,0.0102564102564102,0.0
1868,4.333333333333333,0.1,0.71875,0.0222222222222222,0.0074074074074074
1869,4.0,0.1764705882352941,0.6496350364963503,0.023391812865497,0.0
1870,4.0,0.1555555555555555,0.6,0.0,0.0
1871,1.7727272727272727,0.3378378378378378,0.6527777777777778,0.0075757575757575,0.0037878787878787
1872,1.5,0.1052631578947368,0.75,0.0425531914893617,0.0
1873,2.5454545454545454,0.2201834862385321,0.583596214511041,0.0078125,0.0
1874,2.363636363636364,0.1578947368421052,0.6597222222222222,0.04,0.0
1875,2.230769230769231,0.3404255319148936,0.6319444444444444,0.0055555555555555,0.0
1876,2.4,0.1612903225806451,0.7528089887640449,0.0,0.0
1877,1.75,0.3461538461538461,0.6666666666666666,0.1237113402061855,0.0
1878,2.2222222222222223,0.3623188405797101,0.612565445026178,0.0,0.0
1879,1.6666666666666667,0.3157894736842105,0.7777777777777778,0.0,0.0
1880,1.8333333333333333,0.16,0.7352941176470589,0.0121951219512195,0.0
1881,3.066666666666667,0.1911764705882352,0.5696594427244582,0.0051413881748071,0.0025706940874035
1882,3.3,0.3384615384615385,0.6342857142857142,0.0135746606334841,0.0
1883,3.5,0.1904761904761904,0.6206896551724138,0.04,0.0066666666666666
1884,2.5454545454545454,0.35,0.6886792452830188,0.0,0.0072463768115942
1885,1.8,0.3513513513513513,0.6171617161716172,0.0,0.0
1886,2.875,0.2,0.5384615384615384,0.0132890365448504,0.0
1887,3.0,0.1052631578947368,0.7209302325581395,0.0,0.0
1888,1.2857142857142858,0.1764705882352941,0.7872340425531915,0.0517241379310344,0.0
1889,2.571428571428572,0.0689655172413793,0.7441860465116279,0.0,0.0
1890,1.6666666666666667,0.25,0.7733333333333333,0.0,0.0
1891,1.6,0.2352941176470588,0.7441860465116279,0.0,0.0
1892,2.2,0.1964285714285714,0.7005988023952096,0.0094786729857819,0.0
1893,1.5714285714285714,0.2222222222222222,0.782608695652174,0.0117647058823529,0.0
1894,2.5,0.1568627450980392,0.7272727272727273,0.0,0.025
1895,2.5,0.2564102564102564,0.6069868995633187,0.0,0.0070671378091872
1896,1.625,0.1111111111111111,0.7283950617283951,0.0,0.02
1897,1.3333333333333333,0.0,0.8793103448275862,0.1142857142857142,0.0
1898,1.5,0.2537313432835821,0.703030303030303,0.026595744680851,0.0106382978723404
1899,1.6,0.3461538461538461,0.5517241379310345,0.0,0.0
1900,2.4166666666666665,0.109090909090909,0.5724137931034483,0.0274725274725274,0.0054945054945054
1901,2.6153846153846154,0.3703703703703703,0.6449704142011834,0.0046728971962616,0.0046728971962616
1902,2.0,0.2954545454545454,0.7207207207207207,0.0,0.0212765957446808
1903,2.0,0.1578947368421052,0.6818181818181818,0.03125,0.0
1904,2.0,0.4137931034482758,0.6923076923076923,0.0089285714285714,0.0
1905,1.4444444444444444,0.0888888888888888,0.6666666666666666,0.024793388429752,0.0
1906,1.5,0.2727272727272727,0.6491228070175439,0.0093896713615023,0.0046948356807511
1907,2.0,0.1612903225806451,0.66,0.0,0.0
1908,1.4,0.8333333333333334,0.782608695652174,0.0,0.0105263157894736
1909,2.363636363636364,0.2325581395348837,0.7049180327868853,0.0254777070063694,0.0063694267515923
1910,1.8888888888888888,0.4193548387096774,0.8352941176470589,0.0094339622641509,0.0
1911,1.9,0.3095238095238095,0.7586206896551724,0.0070921985815602,0.0070921985815602
1912,1.8461538461538465,0.288135593220339,0.6558441558441559,0.0053763440860215,0.0
1913,1.5555555555555556,0.0,0.75,0.0,0.0
1914,2.7,0.2692307692307692,0.6862745098039216,0.0102564102564102,0.0256410256410256
1915,3.2857142857142856,0.4166666666666667,0.6141732283464567,0.0123456790123456,0.0
1916,2.2857142857142856,0.7142857142857143,0.6774193548387096,0.0,0.0
1917,2.8181818181818183,0.119047619047619,0.6161616161616161,0.0204918032786885,0.0
1918,3.0,0.2,0.6974789915966386,0.006578947368421,0.006578947368421
1919,2.230769230769231,0.2191780821917808,0.6532663316582915,0.0041493775933609,0.0
1920,3.5,0.2888888888888888,0.6923076923076923,0.0426829268292682,0.0
1921,1.8333333333333333,0.074074074074074,0.6805555555555556,0.0235294117647058,0.0117647058823529
1922,1.8,0.1666666666666666,0.6821192052980133,0.0161290322580645,0.010752688172043
1923,2.272727272727273,0.1428571428571428,0.6376811594202898,0.0058823529411764,0.0
1924,3.375,0.1739130434782608,0.6585365853658537,0.0314465408805031,0.0
1925,2.636363636363636,0.2210526315789473,0.612,0.0068259385665529,0.0
1926,2.7,0.4390243902439024,0.6991869918699187,0.0127388535031847,0.0
1927,1.1111111111111112,0.3636363636363636,0.75,0.0396039603960396,0.0
1928,3.333333333333333,0.1132075471698113,0.6524822695035462,0.0172413793103448,0.0
1929,3.1,0.3125,0.6296296296296297,0.0049019607843137,0.0
1930,2.111111111111111,0.1176470588235294,0.5760869565217391,0.0,0.0
1931,2.8421052631578947,0.1721311475409836,0.546031746031746,0.0025773195876288,0.0025773195876288
1932,2.111111111111111,0.1071428571428571,0.6893939393939394,0.0064935064935064,0.0064935064935064
1933,3.1578947368421053,0.1652892561983471,0.5928338762214984,0.0026178010471204,0.0026178010471204
1934,2.25531914893617,0.34,0.5586080586080586,0.0088235294117647,0.0
1935,2.176470588235294,0.2266666666666666,0.6009852216748769,0.012,0.008
1936,1.5833333333333333,0.106060606060606,0.6756756756756757,0.0057471264367816,0.0
1937,1.625,0.1132075471698113,0.675,0.0,0.0
1938,2.75,0.1538461538461538,0.6707317073170732,0.0306122448979591,0.0
1939,3.1818181818181817,0.4137931034482758,0.6148148148148148,0.0166666666666666,0.0
1940,4.666666666666667,0.3095238095238095,0.7452830188679245,0.0118343195266272,0.0
1941,2.4,0.4318181818181818,0.6694915254237288,0.0,0.0
1942,2.142857142857143,0.2612612612612612,0.5598705501618123,0.010443864229765,0.0
1943,2.0,0.073170731707317,0.5729166666666666,0.0171673819742489,0.0042918454935622
1944,2.272727272727273,0.2,0.7047619047619048,0.036231884057971,0.036231884057971
1945,1.4761904761904765,0.2028985507246377,0.6412556053811659,0.0871212121212121,0.0
1946,3.0,0.3636363636363636,0.7857142857142857,0.0,0.0
1947,3.625,0.3043478260869565,0.7424242424242424,0.0,0.0
1948,1.7,0.2368421052631578,0.6984126984126984,0.0066225165562913,0.0
1949,2.4,0.3431372549019608,0.5745454545454546,0.0201729106628242,0.0028818443804034
1950,3.1,0.25,0.6753246753246753,0.010948905109489,0.0
1951,2.75,0.1590909090909091,0.696078431372549,0.0,0.0078125
1952,3.333333333333333,0.1944444444444444,0.6598984771573604,0.0121951219512195,0.0040650406504065
1953,2.8461538461538463,0.3191489361702128,0.6346153846153846,0.0643564356435643,0.0099009900990099
1954,2.363636363636364,0.3061224489795918,0.7122302158273381,0.0119047619047619,0.0
1955,4.083333333333333,0.2253521126760563,0.6188679245283019,0.0029940119760479,0.0029940119760479
1956,3.6,0.2448979591836734,0.6325088339222615,0.0252100840336134,0.0028011204481792
1957,2.2,0.1428571428571428,0.851063829787234,0.0,0.0
1958,2.625,0.4432989690721649,0.6188679245283019,0.0030487804878048,0.0030487804878048
1959,2.055555555555556,0.1044776119402985,0.6411764705882353,0.0232558139534883,0.0093023255813953
1960,2.0,0.1470588235294117,0.7682926829268293,0.0196078431372549,0.0
1961,1.1666666666666667,0.1428571428571428,0.7171717171717171,0.0175438596491228,0.0
1962,1.8,0.125,0.7592592592592593,0.0298507462686567,0.0
1963,2.25,0.4423076923076923,0.6938775510204082,0.0232558139534883,0.0
1964,3.4285714285714284,0.3555555555555555,0.7054263565891473,0.0254777070063694,0.0
1965,2.0,0.3508771929824561,0.6418918918918919,0.0161290322580645,0.010752688172043
1966,3.25,0.2553191489361702,0.7931034482758621,0.0,0.0
1967,2.1739130434782608,0.2698412698412698,0.5188172043010753,0.0113636363636363,0.0
1968,2.0,0.25,0.8032786885245902,0.0253164556962025,0.0
1969,1.7272727272727273,0.3611111111111111,0.6982758620689655,0.0215827338129496,0.0
1970,2.230769230769231,0.3333333333333333,0.6515151515151515,0.006060606060606,0.0
1971,3.0,0.2941176470588235,0.5859030837004405,0.0072727272727272,0.0
1972,2.066666666666667,0.3070866141732283,0.5981873111782477,0.0049504950495049,0.0
1973,2.333333333333333,0.4038461538461538,0.5582191780821918,0.0,0.0028985507246376
1974,2.8125,0.320754716981132,0.56973293768546,0.0,0.0025188916876574
1975,1.4166666666666667,0.1666666666666666,0.6962962962962963,0.0,0.0
1976,2.875,0.3421052631578947,0.6916666666666667,0.0134228187919463,0.0
1977,2.533333333333333,0.282051282051282,0.663594470046083,0.0231660231660231,0.0
1978,2.6153846153846154,0.2352941176470588,0.6045454545454545,0.0,0.0
1979,4.0,0.3571428571428571,0.7012987012987013,0.0,0.0096153846153846
1980,3.0,0.2622950819672131,0.6730769230769231,0.0047846889952153,0.0191387559808612
1981,2.25,0.175438596491228,0.6379310344827587,0.0324074074074074,0.0
1982,2.833333333333333,0.1666666666666666,0.7407407407407407,0.0097087378640776,0.0
1983,2.6,0.088235294117647,0.8051948051948052,0.0,0.0
1984,3.4166666666666665,0.2631578947368421,0.6254545454545455,0.0,0.0
1985,1.4285714285714286,0.24,0.7307692307692307,0.0,0.0
1986,2.5,0.1276595744680851,0.6611570247933884,0.0205479452054794,0.0068493150684931
1987,3.4444444444444446,0.293103448275862,0.5168316831683168,0.0,0.0
1988,2.076923076923077,0.1521739130434782,0.6370370370370371,0.0118343195266272,0.0
1989,4.666666666666667,0.027027027027027,0.7096774193548387,0.015625,0.0
1990,2.6666666666666665,0.108695652173913,0.6528925619834711,0.0,0.019108280254777
1991,2.4285714285714284,0.4791666666666667,0.6293706293706294,0.011049723756906,0.0
1992,2.8,0.3166666666666666,0.6666666666666666,0.0163043478260869,0.0054347826086956
1993,1.4,0.3783783783783784,0.7047619047619048,0.0,0.0
1994,5.0,0.4193548387096774,0.8192771084337349,0.009009009009009,0.018018018018018
1995,2.875,0.40625,0.7289719626168224,0.0145985401459854,0.0
1996,2.333333333333333,0.2424242424242424,0.6530612244897959,0.0598290598290598,0.0
1997,3.5454545454545454,0.141025641025641,0.6936416184971098,0.0131578947368421,0.0
1998,2.1666666666666665,0.1893939393939394,0.5843023255813954,0.0221130221130221,0.0024570024570024
1999,2.4285714285714284,0.2,0.7727272727272727,0.0,0.0117647058823529
2000,2.333333333333333,0.3015873015873015,0.6538461538461539,0.0,0.0
2001,4.285714285714286,0.21875,0.7195121951219512,0.0169491525423728,0.0
2002,2.8,0.3513513513513513,0.5485232067510548,0.0071428571428571,0.0035714285714285
2003,2.7777777777777777,0.2682926829268293,0.5476190476190477,0.0,0.0
2004,1.0,0.16,0.7971014492753623,0.0379746835443038,0.0
2005,2.230769230769231,0.425287356321839,0.6008403361344538,0.010948905109489,0.0
2006,2.3,0.2352941176470588,0.6756756756756757,0.0218978102189781,0.0
2007,1.3333333333333333,0.3636363636363636,0.6842105263157895,0.0,0.0
2008,2.9285714285714284,0.238095238095238,0.6480446927374302,0.0262008733624454,0.0
2009,1.8,0.2222222222222222,0.7619047619047619,0.0133333333333333,0.0
2010,1.9166666666666667,0.2758620689655172,0.6420454545454546,0.0097560975609756,0.0
2011,1.6470588235294117,0.2898550724637681,0.6702127659574468,0.0315315315315315,0.0
2012,3.111111111111111,0.1875,0.7518796992481203,0.0177514792899408,0.0
2013,1.7692307692307692,0.2166666666666666,0.6402116402116402,0.0136986301369863,0.0045662100456621
2014,3.1666666666666665,0.5777777777777777,0.5555555555555556,0.0,0.0
2015,2.0,0.1428571428571428,0.5975609756097561,0.0654205607476635,0.0
2016,2.2857142857142856,0.1707317073170731,0.7433628318584071,0.0291970802919708,0.0
2017,2.4615384615384617,0.3333333333333333,0.6506024096385542,0.0428571428571428,0.0
2018,2.125,0.303030303030303,0.5794392523364486,0.0234375,0.0
2019,2.888888888888889,0.4615384615384615,0.7116564417177914,0.0100502512562814,0.0
2020,1.625,0.1785714285714285,0.6883116883116883,0.0,0.0
2021,2.1875,0.2105263157894736,0.660377358490566,0.0,0.0
2022,3.4285714285714284,0.3846153846153846,0.6666666666666666,0.0,0.0
2023,2.085714285714286,0.2115384615384615,0.5871212121212122,0.0028248587570621,0.0
2024,2.090909090909091,0.0847457627118644,0.6592592592592592,0.0,0.0
2025,2.4,0.2615384615384615,0.6338028169014085,0.0240963855421686,0.0
2026,3.2857142857142856,0.3055555555555556,0.7033898305084746,0.0066666666666666,0.0
2027,2.1818181818181817,0.1489361702127659,0.7079646017699115,0.0070921985815602,0.0
2028,2.4545454545454546,0.2978723404255319,0.609375,0.0122699386503067,0.0
2029,2.3125,0.2638888888888889,0.6146341463414634,0.0080321285140562,0.0040160642570281
2030,3.4285714285714284,0.3703703703703703,0.6302521008403361,0.0066666666666666,0.0066666666666666
2031,3.111111111111111,0.3396226415094339,0.6405228758169934,0.0105820105820105,0.0
2032,1.6521739130434785,0.3623188405797101,0.631336405529954,0.0,0.0
2033,2.333333333333333,0.09375,0.7397260273972602,0.0329670329670329,0.0
2034,1.0,0.0,0.8888888888888888,0.1666666666666666,0.0
2035,2.473684210526316,0.1914893617021276,0.659919028340081,0.0194805194805194,0.0032467532467532
2036,2.363636363636364,0.1571428571428571,0.5833333333333334,0.01,0.005
2037,1.4,0.325,0.6614173228346457,0.0205479452054794,0.0
2038,2.15,0.2763157894736842,0.6435643564356436,0.0039525691699604,0.0
2039,2.4444444444444446,0.0961538461538461,0.6490066225165563,0.0222222222222222,0.0
2040,2.647058823529412,0.2777777777777778,0.6176470588235294,0.0093023255813953,0.0088888888888888
2041,2.333333333333333,0.2368421052631578,0.6111111111111112,0.075187969924812,0.0
2042,1.2857142857142858,0.1176470588235294,0.6631578947368421,0.037037037037037,0.0
2043,1.7857142857142858,0.3529411764705882,0.6516129032258065,0.0159574468085106,0.0
2044,3.857142857142857,0.2777777777777778,0.6308724832214765,0.0216216216216216,0.0
2045,1.9285714285714288,0.2586206896551724,0.6474358974358975,0.0,0.0
2046,1.375,0.2972972972972973,0.6597938144329897,0.0176991150442477,0.0
2047,2.095238095238096,0.3114754098360656,0.6502732240437158,0.0042194092827004,0.0
2048,3.2857142857142856,0.1964285714285714,0.6073825503355704,0.0296495956873315,0.0
2049,2.8859060402684564,0.3279445727482679,0.3551330798479087,0.04430037817396,0.0005402485143165
2050,1.75,0.2962962962962963,0.725,0.0,0.0
2051,1.5714285714285714,0.1481481481481481,0.7529411764705882,0.0297029702970297,0.0
2052,2.0,0.4222222222222222,0.6447368421052632,0.026595744680851,0.0
2053,1.2857142857142858,0.0857142857142857,0.7142857142857143,0.0192307692307692,0.0
2054,1.5,0.2051282051282051,0.6886792452830188,0.008130081300813,0.0
2055,4.0,0.1363636363636363,0.7078651685393258,0.0256410256410256,0.0
2056,1.25,0.0714285714285714,0.6666666666666666,0.0106382978723404,0.0
2057,2.0,0.1818181818181818,0.7222222222222222,0.0,0.0
2058,2.764705882352941,0.3614457831325301,0.6383928571428571,0.0104166666666666,0.0
2059,2.3,0.1860465116279069,0.6423357664233577,0.029940119760479,0.0059880239520958
2060,1.7142857142857142,0.1333333333333333,0.7457627118644068,0.0,0.0
2061,2.25,0.1470588235294117,0.7380952380952381,0.0,0.0
2062,2.2142857142857144,0.4130434782608695,0.6796875,0.0,0.0
2063,1.75,0.1538461538461538,0.6732673267326733,0.0,0.0
2064,2.1666666666666665,0.2181818181818181,0.6884057971014492,0.023391812865497,0.0
2065,2.125,0.3125,0.6923076923076923,0.0089285714285714,0.0089285714285714
2066,2.2142857142857144,0.2878787878787879,0.6219512195121951,0.0101010101010101,0.005050505050505
2067,3.5,0.2461538461538461,0.6204819277108434,0.0,0.0
2068,2.5,0.3888888888888889,0.65625,0.0451612903225806,0.0
2069,1.5,0.4651162790697674,0.577922077922078,0.0333333333333333,0.0
2070,3.1666666666666665,0.1470588235294117,0.6747967479674797,0.04,0.0
2071,2.5,0.2105263157894736,0.6302521008403361,0.0,0.0
2072,1.8571428571428568,0.1666666666666666,0.7349397590361446,0.0294117647058823,0.0
2073,2.4166666666666665,0.4117647058823529,0.6243654822335025,0.00836820083682,0.0
2074,1.5714285714285714,0.1944444444444444,0.7340425531914894,0.0277777777777777,0.0
2075,2.230769230769231,0.2484848484848484,0.5601851851851852,0.0038167938931297,0.0019083969465648
2076,2.3076923076923075,0.4186046511627907,0.6560509554140127,0.0154639175257731,0.0051546391752577
2077,2.909090909090909,0.1666666666666666,0.588957055214724,0.0292682926829268,0.0
2078,1.75,0.1956521739130435,0.6228070175438597,0.0,0.0071942446043165
2079,3.0,0.2,0.6530612244897959,0.0168067226890756,0.0
2080,2.3846153846153846,0.2352941176470588,0.70625,0.0404040404040404,0.0
2081,1.5,0.2,0.7127659574468085,0.0185185185185185,0.0092592592592592
2082,2.071428571428572,0.4354838709677419,0.656084656084656,0.0223214285714285,0.0
2083,2.8,0.1304347826086956,0.703125,0.024390243902439,0.0
2084,3.7142857142857135,0.1451612903225806,0.6305732484076433,0.0102564102564102,0.0
2085,2.1818181818181817,0.2307692307692307,0.7064220183486238,0.0141843971631205,0.0
2086,2.0,0.3928571428571428,0.7532467532467533,0.0,0.0
2087,3.2,0.1363636363636363,0.6083333333333333,0.0,0.0
2088,2.0,0.2,0.7213114754098361,0.0259740259740259,0.0
2089,1.8823529411764703,0.1875,0.6484848484848484,0.0432692307692307,0.0
2090,2.25,0.0967741935483871,0.6142857142857143,0.0181818181818181,0.006060606060606
2091,3.6,0.1666666666666666,0.6604938271604939,0.0098039215686274,0.0049019607843137
2092,2.066666666666667,0.3103448275862069,0.6294117647058823,0.0,0.0
2093,2.2222222222222223,0.1636363636363636,0.6470588235294118,0.0338983050847457,0.0
2094,2.4375,0.1666666666666666,0.7191780821917808,0.0,0.0
2095,2.210526315789474,0.3043478260869565,0.6276150627615062,0.0,0.0034246575342465
2096,1.8888888888888888,0.4,0.782608695652174,0.0441176470588235,0.0
2097,1.5,0.1538461538461538,0.7183098591549296,0.0240963855421686,0.0
2098,2.736842105263158,0.2148760330578512,0.5420054200542005,0.0514541387024608,0.0044742729306487
2099,1.3333333333333333,0.1052631578947368,0.8260869565217391,0.0,0.0178571428571428
2100,3.1538461538461537,0.1704545454545454,0.6016597510373444,0.0166666666666666,0.0
2101,2.333333333333333,0.2978723404255319,0.6956521739130435,0.0236686390532544,0.0
2102,1.5714285714285714,0.0,0.6407766990291263,0.0254237288135593,0.0
2103,2.125,0.16,0.6549295774647887,0.0181818181818181,0.006060606060606
2104,2.111111111111111,0.2692307692307692,0.5957446808510638,0.1452991452991453,0.0
2105,2.9,0.3818181818181818,0.7181208053691275,0.0052083333333333,0.0
2106,4.4,0.4107142857142857,0.5868544600938967,0.0111940298507462,0.0
2107,1.8888888888888888,0.1333333333333333,0.6864406779661016,0.0071942446043165,0.0
2108,1.8571428571428568,0.1290322580645161,0.7142857142857143,0.0,0.0
2109,1.5555555555555556,0.2352941176470588,0.6804123711340206,0.0353982300884955,0.0
2110,2.8,0.5714285714285714,0.7971014492753623,0.0,0.0112359550561797
2111,2.4,0.1818181818181818,0.6829268292682927,0.0,0.0088495575221238
2112,3.0,0.1034482758620689,0.7078651685393258,0.016,0.016
2113,1.3636363636363635,0.203125,0.572972972972973,0.0297029702970297,0.0
2114,2.833333333333333,0.2608695652173913,0.6764705882352942,0.0,0.0
2115,1.7,0.3488372093023256,0.6869565217391305,0.0294117647058823,0.0073529411764705
2116,2.375,0.1702127659574468,0.6390977443609023,0.0188679245283018,0.0
2117,1.6333333333333333,0.2142857142857142,0.5185185185185185,0.006060606060606,0.003030303030303
2118,2.6666666666666665,0.2580645161290322,0.7142857142857143,0.0256410256410256,0.0
2119,2.703703703703704,0.2524271844660194,0.5911764705882353,0.011441647597254,0.0022883295194508
2120,1.5714285714285714,0.25,0.6875,0.0,0.0
2121,2.0,0.1451612903225806,0.656441717791411,0.0,0.005
2122,1.7142857142857142,0.08,0.703125,0.0121951219512195,0.0
2123,1.125,0.1923076923076923,0.7160493827160493,0.0212765957446808,0.0
2124,3.5,0.1785714285714285,0.7532467532467533,0.0,0.0
2125,3.0,0.2962962962962963,0.7246376811594203,0.0,0.0
2126,3.363636363636364,0.1756756756756756,0.6217391304347826,0.0246478873239436,0.0
2127,3.357142857142857,0.2839506172839506,0.5864661654135338,0.0462962962962962,0.0
2128,2.7777777777777777,0.2,0.6122448979591837,0.0,0.0
2129,3.333333333333333,0.1818181818181818,0.7701149425287356,0.0,0.0
2130,2.833333333333333,0.1379310344827586,0.6853932584269663,0.0347826086956521,0.0
2131,2.0,0.1944444444444444,0.6862745098039216,0.0168067226890756,0.0
2132,2.333333333333333,0.4561403508771929,0.6061946902654868,0.0214285714285714,0.0
2133,2.230769230769231,0.25,0.6174496644295302,0.0,0.0
2134,1.4,0.4230769230769231,0.7857142857142857,0.0,0.0
2135,2.111111111111111,0.1875,0.7087378640776699,0.0155038759689922,0.0
2136,2.909090909090909,0.2151898734177215,0.5770925110132159,0.0147058823529411,0.0
2137,2.2222222222222223,0.15,0.6692307692307692,0.0189873417721519,0.0
2138,2.7,0.4545454545454545,0.75,0.0061349693251533,0.0122699386503067
2139,2.6666666666666665,0.1538461538461538,0.5286624203821656,0.0099502487562189,0.0
2140,2.583333333333333,0.2790697674418604,0.6666666666666666,0.0253164556962025,0.0
2141,3.733333333333333,0.4098360655737705,0.5442477876106194,0.0174216027874564,0.0
2142,1.1428571428571428,0.1666666666666666,0.7777777777777778,0.0119047619047619,0.0
2143,1.7142857142857142,0.3181818181818182,0.7105263157894737,0.0326086956521739,0.0
2144,1.7777777777777777,0.4242424242424242,0.6605504587155964,0.0303030303030303,0.0
2145,2.8666666666666667,0.2278481012658227,0.6059322033898306,0.0408163265306122,0.0
2146,2.333333333333333,0.3611111111111111,0.6642335766423357,0.0063694267515923,0.0
2147,2.8,0.3170731707317073,0.7610619469026548,0.0197368421052631,0.0
2148,2.0,0.1666666666666666,0.7213114754098361,0.0273972602739726,0.0068493150684931
2149,1.6666666666666667,0.4814814814814814,0.7058823529411765,0.0101010101010101,0.0101010101010101
2150,2.0,0.2105263157894736,0.5727272727272728,0.0155038759689922,0.0077519379844961
2151,2.7777777777777777,0.1607142857142857,0.5944055944055944,0.0057471264367816,0.0
2152,3.102564102564102,0.4010416666666667,0.5164835164835165,0.0097205346294046,0.0024301336573511
2153,2.1538461538461537,0.2954545454545454,0.6422764227642277,0.0,0.0062893081761006
2154,7.666666666666667,0.2372881355932203,0.6420664206642066,0.0795454545454545,0.002840909090909
2155,1.75,0.05,0.7083333333333334,0.0215827338129496,0.0
2156,2.090909090909091,0.2777777777777778,0.6917808219178082,0.0056818181818181,0.0
2157,1.6666666666666667,0.2580645161290322,0.6666666666666666,0.0,0.0
2158,2.2666666666666666,0.21875,0.6781609195402298,0.0137614678899082,0.0
2159,2.0,0.2580645161290322,0.8157894736842105,0.010752688172043,0.0
2160,2.1666666666666665,0.2857142857142857,0.6666666666666666,0.0,0.0
2161,2.0,0.6538461538461539,0.65,0.0236220472440944,0.0
2162,2.555555555555556,0.3043478260869565,0.6324786324786325,0.0,0.0
2163,3.0,0.1860465116279069,0.6147540983606558,0.0208333333333333,0.0
2164,3.2222222222222223,0.1454545454545454,0.5790960451977402,0.0113895216400911,0.0
2165,3.125,0.3461538461538461,0.8028169014084507,0.0,0.0
2166,1.4166666666666667,0.1333333333333333,0.6846153846153846,0.0129870129870129,0.0
2167,2.4,0.1612903225806451,0.5977011494252874,0.024793388429752,0.0
2168,2.076923076923077,0.1791044776119403,0.6896551724137931,0.0094339622641509,0.0
2169,2.0,0.0833333333333333,0.6714285714285714,0.0,0.0
2170,1.6666666666666667,0.0857142857142857,0.717391304347826,0.0,0.0
2171,2.2222222222222223,0.2666666666666666,0.6370967741935484,0.0,0.0
2172,2.6923076923076925,0.2419354838709677,0.7267441860465116,0.0046296296296296,0.0
2173,2.5,0.25,0.7049180327868853,0.0209790209790209,0.0
2174,1.9166666666666667,0.2682926829268293,0.6722689075630253,0.0,0.0
2175,3.0,0.5405405405405406,0.6209677419354839,0.0064935064935064,0.0032467532467532
2176,2.6,0.2291666666666666,0.6183206106870229,0.0121212121212121,0.006060606060606
2177,1.4782608695652173,0.1351351351351351,0.5638297872340425,0.008695652173913,0.0
2178,1.9,0.2903225806451613,0.776595744680851,0.024793388429752,0.0082644628099173
2179,3.5,0.24,0.7285714285714285,0.0,0.0
2180,1.75,0.2727272727272727,0.6779661016949152,0.0,0.0
2181,2.4285714285714284,0.1212121212121212,0.6973684210526315,0.0,0.0
2182,2.7,0.2142857142857142,0.6666666666666666,0.0062893081761006,0.0
2183,3.8333333333333335,0.1153846153846153,0.6875,0.0158730158730158,0.0
2184,3.1666666666666665,0.3469387755102041,0.6176470588235294,0.0054945054945054,0.0
2185,2.125,0.127906976744186,0.5882352941176471,0.0121951219512195,0.0040650406504065
2186,2.5,0.2272727272727272,0.6410256410256411,0.0,0.0
2187,2.0,0.2325581395348837,0.6974789915966386,0.0,0.0145985401459854
2188,2.2,0.180327868852459,0.696969696969697,0.0205128205128205,0.0
2189,1.7777777777777777,0.1521739130434782,0.6351351351351351,0.0402298850574712,0.0
2190,2.0,0.1515151515151515,0.7692307692307693,0.0327868852459016,0.0
2191,2.6666666666666665,0.2,0.5761316872427984,0.011070110701107,0.0
2192,1.5,0.1428571428571428,0.6818181818181818,0.0067567567567567,0.0
2193,3.230769230769231,0.2571428571428571,0.5911949685534591,0.0314960629921259,0.0
2194,2.7777777777777777,0.1714285714285714,0.6415094339622641,0.0242914979757085,0.0
2195,2.727272727272727,0.3666666666666666,0.63125,0.0,0.0
2196,2.142857142857143,0.5714285714285714,0.85,0.0,0.0
2197,4.5,0.360655737704918,0.7213930348258707,0.0151515151515151,0.0
2198,2.4285714285714284,0.2,0.6747967479674797,0.0344827586206896,0.0
2199,2.9166666666666665,0.3924050632911392,0.6944444444444444,0.026615969581749,0.0
2200,2.9285714285714284,0.2413793103448276,0.6607142857142857,0.0145454545454545,0.0
2201,2.142857142857143,0.4074074074074074,0.8194444444444444,0.0111111111111111,0.0
2202,3.0,0.1475409836065573,0.6923076923076923,0.0452261306532663,0.0
2203,1.5714285714285714,0.2162162162162162,0.7647058823529411,0.0,0.0
2204,1.8888888888888888,0.3076923076923077,0.6265060240963856,0.0052910052910052,0.0
2205,2.833333333333333,0.325,0.75,0.0,0.0
2206,2.1818181818181817,0.5263157894736842,0.6147540983606558,0.0065359477124183,0.0
2207,1.5454545454545454,0.3157894736842105,0.8125,0.0238095238095238,0.0
2208,2.375,0.2888888888888888,0.6637931034482759,0.0,0.0
2209,3.4545454545454546,0.238095238095238,0.6466666666666666,0.0,0.0
2210,2.6,0.2553191489361702,0.7017543859649122,0.0375,0.0
2211,3.25,0.1842105263157894,0.6611570247933884,0.0258064516129032,0.0
2212,3.4545454545454546,0.22,0.5789473684210527,0.0,0.0
2213,1.7142857142857142,0.225,0.6666666666666666,0.0149253731343283,0.0
2214,2.0,0.3157894736842105,0.6973684210526315,0.0449438202247191,0.0112359550561797
2215,2.555555555555556,0.3571428571428571,0.7567567567567568,0.056338028169014,0.0
2216,1.181818181818182,0.3953488372093023,0.6564885496183206,0.0205479452054794,0.0
2217,2.4285714285714284,0.2763157894736842,0.616580310880829,0.0084033613445378,0.0
2218,1.8,0.1836734693877551,0.6818181818181818,0.0127388535031847,0.0
2219,2.0,0.1967213114754098,0.5847953216374269,0.0198019801980198,0.0049504950495049
2220,1.0833333333333333,0.2096774193548387,0.6644736842105263,0.0,0.0
2221,2.555555555555556,0.3260869565217391,0.5737704918032787,0.0213592233009708,0.0
2222,2.125,0.2,0.625,0.00625,0.00625
2223,2.2222222222222223,0.2222222222222222,0.6902654867256637,0.0072463768115942,0.0072463768115942
2224,2.3076923076923075,0.1692307692307692,0.621301775147929,0.0096618357487922,0.0
2225,3.2,0.2272727272727272,0.6788321167883211,0.0253164556962025,0.0
2226,3.25,0.2894736842105263,0.6226415094339622,0.0144927536231884,0.0
2227,2.0,0.4473684210526316,0.7028985507246377,0.0304878048780487,0.0
2228,3.090909090909091,0.180722891566265,0.596078431372549,0.0294117647058823,0.0
2229,2.5,0.2923076923076923,0.6628571428571428,0.0125,0.0
2230,2.2857142857142856,0.15,0.6271186440677966,0.0,0.0
2231,2.7777777777777777,0.2647058823529412,0.6145833333333334,0.0077519379844961,0.0
2232,2.625,0.28125,0.7283950617283951,0.0,0.0
2233,5.0,0.1724137931034483,0.6521739130434783,0.143646408839779,0.0
2234,1.5555555555555556,0.2258064516129032,0.6741573033707865,0.0,0.0
2235,2.1666666666666665,0.1724137931034483,0.7794117647058824,0.0,0.0
2236,1.5555555555555556,0.5263157894736842,0.6268656716417911,0.0,0.0
2237,2.7777777777777777,0.3513513513513513,0.7227722772277227,0.0,0.0
2238,2.333333333333333,0.5,0.7636363636363637,0.0,0.0
2239,2.363636363636364,0.2898550724637681,0.6486486486486487,0.0193050193050193,0.0
2240,1.8571428571428568,0.391304347826087,0.7391304347826086,0.0232558139534883,0.0
2241,1.2,0.2,0.7422680412371134,0.0088495575221238,0.0
2242,2.6666666666666665,0.36,0.9,0.0444444444444444,0.0
2243,1.7692307692307692,0.2333333333333333,0.6704545454545454,0.0,0.0
2244,2.8823529411764706,0.3402061855670103,0.5602605863192183,0.0652741514360313,0.0
2245,3.071428571428572,0.1098901098901098,0.5532786885245902,0.0129870129870129,0.0
2246,1.7272727272727273,0.5862068965517241,0.6818181818181818,0.0,0.0
2247,2.0,0.24,0.7931034482758621,0.0,0.0
2248,2.5,0.0303030303030303,0.7682926829268293,0.0198019801980198,0.0
2249,2.75,0.1714285714285714,0.6774193548387096,0.0,0.0
2250,1.8888888888888888,0.2941176470588235,0.7252747252747253,0.0,0.0
2251,1.8,0.1142857142857142,0.6705882352941176,0.0188679245283018,0.0
2252,1.4285714285714286,0.3529411764705882,0.75,0.0108695652173913,0.0
2253,2.5,0.2058823529411764,0.7142857142857143,0.0357142857142857,0.0
2254,1.6666666666666667,0.1428571428571428,0.6629213483146067,0.0,0.0
2255,1.2857142857142858,0.24,0.78125,0.0133333333333333,0.0
2256,1.1,0.032258064516129,0.7195121951219512,0.0208333333333333,0.0104166666666666
2257,2.2,0.1714285714285714,0.5428571428571428,0.0307692307692307,0.0
2258,1.375,0.25,0.6842105263157895,0.0275229357798165,0.0
2259,1.7142857142857142,0.1612903225806451,0.6463414634146342,0.010204081632653,0.0
2260,2.857142857142857,0.3333333333333333,0.7191011235955056,0.0086206896551724,0.0
2261,2.375,0.1666666666666666,0.6896551724137931,0.0,0.0
2262,2.076923076923077,0.4444444444444444,0.5911949685534591,0.0,0.0
2263,2.625,0.4,0.7684210526315789,0.0081967213114754,0.0
2264,3.4,0.2272727272727272,0.6243093922651933,0.0133333333333333,0.0
2265,2.1,0.1891891891891892,0.6727272727272727,0.0,0.0
2266,1.7777777777777777,0.3333333333333333,0.723404255319149,0.0,0.0
2267,2.125,0.1707317073170731,0.6808510638297872,0.0,0.0
2268,1.4545454545454546,0.2272727272727272,0.74,0.0144927536231884,0.0144927536231884
2269,1.8888888888888888,0.3809523809523809,0.6694915254237288,0.0071428571428571,0.0
2270,2.0,0.3636363636363636,0.6526315789473685,0.0,0.009009009009009
2271,3.1538461538461537,0.2077922077922078,0.5406698564593302,0.015267175572519,0.0
2272,2.909090909090909,0.3148148148148148,0.6419753086419753,0.0149253731343283,0.0
2273,3.1666666666666665,0.1612903225806451,0.5813953488372093,0.0137614678899082,0.0
2274,2.5,0.2941176470588235,0.6642857142857143,0.0059523809523809,0.0119047619047619
2275,1.75,0.2131147540983606,0.6341463414634146,0.0052910052910052,0.0
2276,1.9230769230769231,0.3653846153846153,0.7285714285714285,0.0059880239520958,0.0
2277,3.0,0.4342105263157895,0.5418502202643172,0.0,0.0
2278,2.083333333333333,0.2222222222222222,0.6695652173913044,0.0,0.0068965517241379
2279,2.625,0.2564102564102564,0.7524752475247525,0.0236220472440944,0.0
2280,2.3,0.0576923076923076,0.6076923076923076,0.0061728395061728,0.0
2281,2.523809523809524,0.196078431372549,0.4791666666666667,0.0228571428571428,0.0
2282,2.0,0.0921052631578947,0.5492227979274611,0.0262008733624454,0.0
2283,2.055555555555556,0.2758620689655172,0.5590062111801242,0.0637254901960784,0.0
2284,1.8666666666666667,0.2352941176470588,0.6408450704225352,0.0113636363636363,0.0
2285,2.625,0.4782608695652174,0.6352941176470588,0.009009009009009,0.0
2286,2.75,0.1578947368421052,0.6333333333333333,0.008695652173913,0.0
2287,2.071428571428572,0.2894736842105263,0.6542056074766355,0.0204081632653061,0.0
2288,3.6666666666666665,0.2285714285714285,0.6261682242990654,0.0218978102189781,0.0
2289,2.75,0.1851851851851851,0.5731225296442688,0.0247349823321554,0.0
2290,1.7142857142857142,0.3333333333333333,0.7530864197530864,0.0,0.0
2291,3.0,0.1710526315789473,0.5746606334841629,0.0214285714285714,0.0035714285714285
2292,2.3125,0.208955223880597,0.6540880503144654,0.0,0.0
2293,1.5769230769230769,0.2933333333333333,0.6057692307692307,0.0077821011673151,0.0
2294,2.076923076923077,0.1791044776119403,0.63125,0.0,0.0
2295,2.7142857142857144,0.2337662337662337,0.6328502415458938,0.0193798449612403,0.003875968992248
2296,2.0,0.4117647058823529,0.6639344262295082,0.0,0.0
2297,2.0,0.1935483870967742,0.65625,0.0084745762711864,0.0
2298,1.5,0.2395833333333333,0.5338345864661654,0.0264026402640264,0.0033003300330033
2299,2.875,0.2948717948717949,0.5493562231759657,0.0034246575342465,0.0034246575342465
2300,3.1818181818181817,0.1219512195121951,0.6595744680851063,0.0207468879668049,0.0
2301,1.3846153846153846,0.34,0.6830985915492958,0.0121951219512195,0.0
2302,2.2777777777777777,0.3571428571428571,0.6027397260273972,0.0111940298507462,0.0074626865671641
2303,2.7,0.2272727272727272,0.6875,0.0229885057471264,0.0
2304,1.9333333333333331,0.4038461538461538,0.6938775510204082,0.0164835164835164,0.0
2305,2.1666666666666665,0.3191489361702128,0.594488188976378,0.0,0.0
2306,2.25,0.3083333333333333,0.5339506172839507,0.005,0.0
2307,2.5,0.1944444444444444,0.6118721461187214,0.0116279069767441,0.0
2308,2.25,0.4,0.6666666666666666,0.0099502487562189,0.0
2309,3.2,0.037037037037037,0.6891891891891891,0.0319148936170212,0.0
2310,2.071428571428572,0.2244897959183673,0.6885245901639344,0.0192307692307692,0.0
2311,2.1875,0.2179487179487179,0.5970873786407767,0.0039370078740157,0.0
2312,2.272727272727273,0.044776119402985,0.6187845303867403,0.0047393364928909,0.0
2313,2.7142857142857144,0.6666666666666666,0.6217948717948718,0.0049504950495049,0.0
2314,2.25,0.2,0.8333333333333334,0.037037037037037,0.0
2315,2.3076923076923075,0.3142857142857143,0.57847533632287,0.0193798449612403,0.0
2316,2.5,0.4912280701754385,0.6526946107784432,0.0,0.0
2317,2.7142857142857144,0.2857142857142857,0.7472527472527473,0.0,0.0
2318,2.5,0.3513513513513513,0.75,0.0,0.0
2319,1.8461538461538465,0.2982456140350877,0.5522388059701493,0.0130434782608695,0.0
2320,2.1,0.1929824561403508,0.6711409395973155,0.0282485875706214,0.0
2321,4.0,0.2,0.7058823529411765,0.0193548387096774,0.0064516129032258
2322,3.0,0.25,0.8260869565217391,0.0113636363636363,0.0
2323,1.25,0.0,1.0,0.0,0.0
2324,3.2222222222222223,0.4444444444444444,0.6274509803921569,0.0210526315789473,0.0
2325,1.619047619047619,0.4328358208955223,0.6084656084656085,0.0,0.0
2326,2.1666666666666665,0.3421052631578947,0.6666666666666666,0.0,0.0
2327,2.6875,0.2469135802469135,0.5901639344262295,0.01,0.0
2328,3.125,0.1232876712328767,0.603448275862069,0.0144927536231884,0.0
2329,3.363636363636364,0.5535714285714286,0.6324324324324324,0.0131004366812227,0.0
2330,3.357142857142857,0.5660377358490566,0.6536312849162011,0.0245901639344262,0.0
2331,2.083333333333333,0.1666666666666666,0.6222222222222222,0.0166666666666666,0.0
2332,2.571428571428572,0.1578947368421052,0.7204301075268817,0.0084745762711864,0.0
2333,3.090909090909091,0.3125,0.5980392156862745,0.0071428571428571,0.0
2334,2.7222222222222223,0.2289156626506024,0.5679012345679012,0.0031847133757961,0.0
2335,1.818181818181818,0.1746031746031746,0.6626506024096386,0.0203045685279187,0.0
2336,3.142857142857143,0.2637362637362637,0.5451263537906137,0.0237388724035608,0.0
2337,2.9,0.3488372093023256,0.4722222222222222,0.0048899755501222,0.0
2338,1.9833333333333332,0.2566844919786096,0.4339622641509434,0.037593984962406,0.0
2339,1.9,0.25,0.6607142857142857,0.0223880597014925,0.0
2340,4.111111111111111,0.2604166666666667,0.6576923076923077,0.0127388535031847,0.0
2341,2.1818181818181817,0.0655737704918032,0.5364583333333334,0.0545454545454545,0.0045454545454545
2342,2.066666666666667,0.1176470588235294,0.6394849785407726,0.0142857142857142,0.0
2343,2.8125,0.2738095238095238,0.6088888888888889,0.0069444444444444,0.0
2344,2.0,0.1515151515151515,0.6976744186046512,0.0,0.0
2345,2.125,0.2162162162162162,0.625,0.025,0.0
2346,3.25,0.2098765432098765,0.6375545851528385,0.0148148148148148,0.0
2347,2.4615384615384617,0.2413793103448276,0.6713286713286714,0.0111111111111111,0.0
2348,3.1,0.3495145631067961,0.5608308605341247,0.0119617224880382,0.0023923444976076
2349,2.076923076923077,0.2452830188679245,0.6666666666666666,0.0112359550561797,0.0
2350,4.0,0.0,0.9333333333333332,0.0,0.0
2351,3.8,0.2121212121212121,0.6796116504854369,0.0387596899224806,0.0
2352,2.0,0.3888888888888889,0.6721311475409836,0.0,0.0
2353,3.0,0.1515151515151515,0.6509433962264151,0.0217391304347826,0.0
2354,2.6666666666666665,0.2285714285714285,0.64,0.0,0.0
2355,2.571428571428572,0.2470588235294117,0.6798245614035088,0.0144927536231884,0.0
2356,2.3,0.3269230769230769,0.6006944444444444,0.032069970845481,0.0029154518950437
2357,1.6666666666666667,0.1304347826086956,0.7195121951219512,0.0761904761904762,0.0
2358,1.75,0.2711864406779661,0.6496815286624203,0.0,0.0054347826086956
2359,1.5833333333333333,0.238095238095238,0.6815286624203821,0.0,0.0
2360,1.5555555555555556,0.3555555555555555,0.6129032258064516,0.0070422535211267,0.0
2361,1.9285714285714288,0.2714285714285714,0.6368421052631579,0.0176991150442477,0.0044247787610619
2362,2.5,0.1842105263157894,0.6037735849056604,0.0188679245283018,0.0
2363,2.2857142857142856,0.28,0.6558139534883721,0.0078125,0.00390625
2364,2.235294117647059,0.2087912087912088,0.5714285714285714,0.0186335403726708,0.0
2365,2.0,0.5925925925925926,0.7032967032967034,0.0336134453781512,0.0
2366,1.9230769230769231,0.1836734693877551,0.6829268292682927,0.0065359477124183,0.0
2367,2.583333333333333,0.1320754716981132,0.5741935483870968,0.0357142857142857,0.0
2368,2.3,0.0862068965517241,0.6118421052631579,0.0,0.0054945054945054
2369,2.727272727272727,0.2445652173913043,0.5562632696390658,0.0089126559714795,0.0
2370,4.222222222222222,0.2321428571428571,0.648854961832061,0.0,0.0
2371,1.7142857142857142,0.2580645161290322,0.6783625730994152,0.0094786729857819,0.0
2372,2.0,0.2372881355932203,0.7012987012987013,0.0,0.0
2373,2.142857142857143,0.1212121212121212,0.7415730337078652,0.0,0.0
2374,2.7,0.2539682539682539,0.5783132530120482,0.0301507537688442,0.0
2375,2.111111111111111,0.14,0.7019867549668874,0.0055555555555555,0.0
2376,2.2222222222222223,0.2051282051282051,0.646551724137931,0.0069930069930069,0.0
2377,1.7777777777777777,0.1136363636363636,0.6071428571428571,0.0150375939849624,0.0
2378,3.0,0.2758620689655172,0.6494845360824743,0.024793388429752,0.0082644628099173
2379,3.6666666666666665,0.2285714285714285,0.6237623762376238,0.0155038759689922,0.0
2380,2.0,0.180327868852459,0.5759493670886076,0.0111111111111111,0.0055555555555555
2381,2.5,0.2733333333333333,0.5454545454545454,0.0042194092827004,0.0
2382,2.75,0.4285714285714285,0.6594594594594595,0.0043290043290043,0.0
2383,3.4285714285714284,0.2195121951219512,0.6857142857142857,0.0,0.0
2384,4.285714285714286,0.2531645569620253,0.6358974358974359,0.0245901639344262,0.0
2385,2.5,0.3255813953488372,0.7164179104477612,0.0062111801242236,0.0
2386,1.8461538461538465,0.3571428571428571,0.6688741721854304,0.0,0.0056179775280898
2387,2.727272727272727,0.1964285714285714,0.7204968944099379,0.0198019801980198,0.0
2388,2.375,0.2,0.6205533596837944,0.0165016501650165,0.0
2389,1.96,0.2682926829268293,0.6457399103139013,0.0138408304498269,0.0034602076124567
2390,2.9,0.2142857142857142,0.6198347107438017,0.0178571428571428,0.0035714285714285
2391,2.2857142857142856,0.2666666666666666,0.6296296296296297,0.0077220077220077,0.0077220077220077
2392,2.636363636363636,0.3469387755102041,0.6622516556291391,0.0052356020942408,0.0
2393,1.25,0.2105263157894736,0.6764705882352942,0.0,0.0
2394,2.1538461538461537,0.1475409836065573,0.6352941176470588,0.0098522167487684,0.0
2395,2.7846153846153845,0.2910216718266253,0.4705882352941176,0.0136286201022146,0.0
2396,2.8125,0.2727272727272727,0.5421686746987951,0.0127877237851662,0.0
2397,3.7,0.1527777777777778,0.581081081081081,0.029520295202952,0.0
2398,2.230769230769231,0.2833333333333333,0.6287128712871287,0.0296610169491525,0.0
2399,2.5625,0.2019230769230769,0.5522875816993464,0.0277008310249307,0.002770083102493
2400,2.1333333333333333,0.2777777777777778,0.5979899497487438,0.0083333333333333,0.0
2401,2.863636363636364,0.2537313432835821,0.563953488372093,0.0094117647058823,0.0047058823529411
2402,1.9444444444444444,0.265625,0.6206896551724138,0.0138888888888888,0.0046296296296296
2403,2.4,0.3636363636363636,0.6748768472906403,0.0362903225806451,0.0
2404,2.75,0.2033898305084746,0.6981132075471698,0.0339805825242718,0.0097087378640776
2405,2.076923076923077,0.2195121951219512,0.6666666666666666,0.031055900621118,0.0
2406,2.8,0.3148148148148148,0.6144578313253012,0.0,0.0
2407,2.6,0.4107142857142857,0.6722222222222223,0.014018691588785,0.0
2408,2.25,0.15,0.7157894736842105,0.0084745762711864,0.0
2409,2.1,0.2045454545454545,0.6492537313432836,0.006060606060606,0.0
2410,2.125,0.3734939759036144,0.5724907063197026,0.0174927113702623,0.0
2411,3.111111111111111,0.125,0.5956284153005464,0.0222222222222222,0.0
2412,3.7777777777777777,0.1940298507462686,0.6265060240963856,0.0,0.0
2413,2.076923076923077,0.2063492063492063,0.64375,0.0,0.0
2414,2.4,0.2666666666666666,0.797752808988764,0.0165289256198347,0.0165289256198347
2415,2.071428571428572,0.1875,0.5987654320987654,0.010204081632653,0.0051020408163265
2416,2.8181818181818183,0.2105263157894736,0.6540284360189573,0.0039525691699604,0.0039525691699604
2417,4.0,0.3888888888888889,0.6687898089171974,0.0098522167487684,0.0
2418,2.909090909090909,0.3278688524590163,0.6823529411764706,0.0,0.0046296296296296
2419,3.375,0.3809523809523809,0.7777777777777778,0.0,0.0
2420,2.4166666666666665,0.288135593220339,0.6496815286624203,0.0,0.0
2421,3.176470588235294,0.2708333333333333,0.66796875,0.0,0.009090909090909
2422,2.25,0.3333333333333333,0.6666666666666666,0.0,0.0
2423,1.8333333333333333,0.1794871794871795,0.79,0.0080645161290322,0.0080645161290322
2424,2.555555555555556,0.3,0.6557377049180327,0.005524861878453,0.0
2425,2.523809523809524,0.2755102040816326,0.5547445255474452,0.0116618075801749,0.0
2426,2.4615384615384617,0.2195121951219512,0.6013513513513513,0.0145348837209302,0.0
2427,1.0,0.0,1.0,0.0,0.0
2428,1.7142857142857142,0.1851851851851851,0.7402597402597403,0.0,0.0
2429,2.0,0.2702702702702703,0.6774193548387096,0.0,0.0
2430,1.5,0.131578947368421,0.6074766355140186,0.032520325203252,0.0
2431,2.4444444444444446,0.3404255319148936,0.7588652482269503,0.0116959064327485,0.0116959064327485
2432,3.875,0.3,0.6460176991150443,0.0,0.0
2433,2.7142857142857144,0.3055555555555556,0.7368421052631579,0.0,0.0
2434,2.25,0.21875,0.6878980891719745,0.0154639175257731,0.0051546391752577
2435,4.375,0.375,0.7054794520547946,0.0,0.005
2436,2.333333333333333,0.2702702702702703,0.6526315789473685,0.0042372881355932,0.0042372881355932
2437,2.727272727272727,0.4047619047619047,0.7196969696969697,0.0057471264367816,0.0
2438,3.7142857142857135,0.3684210526315789,0.7777777777777778,0.0402684563758389,0.0
2439,1.8571428571428568,0.2352941176470588,0.7325581395348837,0.0,0.0
2440,3.0,0.1162790697674418,0.6509433962264151,0.0,0.0
2441,2.090909090909091,0.4878048780487805,0.6666666666666666,0.0428571428571428,0.0
2442,2.363636363636364,0.2181818181818181,0.6428571428571429,0.0,0.0
2443,2.9,0.234375,0.6524064171122995,0.0221238938053097,0.0
2444,2.071428571428572,0.1034482758620689,0.7142857142857143,0.0104712041884816,0.0
2445,1.8571428571428568,0.1142857142857142,0.7291666666666666,0.0176991150442477,0.0
2446,3.2857142857142856,0.1568627450980392,0.6356589147286822,0.00625,0.0
2447,2.5,0.0,1.0,0.0,0.0
2448,2.4444444444444446,0.1428571428571428,0.6624203821656051,0.0105263157894736,0.0
2449,2.769230769230769,0.2,0.7416666666666667,0.0,0.0
2450,3.0,0.4888888888888889,0.6060606060606061,0.0119047619047619,0.0
2451,1.9,0.15,0.6434782608695652,0.0071428571428571,0.0
2452,1.5714285714285714,0.2,0.8484848484848485,0.0121951219512195,0.0
2453,2.9,0.2372881355932203,0.7093023255813954,0.0094339622641509,0.0
2454,1.3333333333333333,0.3125,0.7906976744186046,0.0204081632653061,0.0
2455,4.25,0.2058823529411764,0.6102564102564103,0.012396694214876,0.0041322314049586
2456,2.0,0.2295081967213114,0.6647398843930635,0.029126213592233,0.0
2457,2.0,0.2127659574468085,0.6690647482014388,0.023391812865497,0.0058479532163742
2458,2.25,0.1351351351351351,0.691358024691358,0.0194174757281553,0.0097087378640776
2459,1.8666666666666667,0.2112676056338028,0.5958549222797928,0.0174672489082969,0.0043668122270742
2460,2.375,0.2222222222222222,0.7647058823529411,0.0158730158730158,0.0
2461,1.1428571428571428,0.1724137931034483,0.72,0.0,0.0
2462,2.0,0.075,0.6071428571428571,0.0150375939849624,0.0075187969924812
2463,2.411764705882353,0.29,0.532258064516129,0.0167224080267558,0.0
2464,1.9090909090909087,0.2653061224489796,0.6299212598425197,0.0,0.0
2465,2.833333333333333,0.4230769230769231,0.6086956521739131,0.0,0.0
2466,2.12,0.21875,0.55625,0.0335917312661498,0.0025839793281653
2467,2.071428571428572,0.2388059701492537,0.6993464052287581,0.0264550264550264,0.0052910052910052
2468,3.0,0.25,0.6100917431192661,0.0114068441064638,0.0
2469,2.066666666666667,0.3448275862068966,0.6421568627450981,0.0158102766798418,0.0
2470,2.0,0.2045454545454545,0.680327868852459,0.0136986301369863,0.0
2471,3.625,0.1904761904761904,0.7010869565217391,0.0088105726872246,0.0
2472,2.333333333333333,0.1458333333333333,0.6347826086956522,0.0138888888888888,0.0
2473,1.6363636363636365,0.171875,0.6554054054054054,0.005813953488372,0.005813953488372
2474,2.423076923076923,0.2362204724409448,0.5982142857142857,0.002375296912114,0.0
2475,1.7407407407407407,0.5625,0.57847533632287,0.1824324324324324,0.0
2476,2.142857142857143,0.0857142857142857,0.672566371681416,0.0072992700729927,0.0
2477,2.5,0.25,0.6956521739130435,0.0,0.0
2478,2.36,0.4260869565217391,0.5185185185185185,0.0025316455696202,0.0
2479,1.5555555555555556,0.0909090909090909,0.725,0.0704225352112676,0.0070422535211267
2480,3.6666666666666665,0.2142857142857142,0.7450980392156863,0.0,0.0
2481,2.636363636363636,0.1739130434782608,0.6019417475728155,0.0040160642570281,0.0040160642570281
2482,3.272727272727273,0.2346938775510204,0.5427631578947368,0.0194444444444444,0.0027777777777777
2483,1.6363636363636365,0.3076923076923077,0.7297297297297297,0.0,0.0
2484,2.9285714285714284,0.2470588235294117,0.625,0.0035714285714285,0.0
2485,2.4705882352941178,0.2692307692307692,0.6666666666666666,0.0054644808743169,0.0
2486,2.625,0.2954545454545454,0.6171875,0.0126582278481012,0.0
2487,3.5,0.2129629629629629,0.6048951048951049,0.028169014084507,0.0
2488,2.555555555555556,0.3,0.6150943396226415,0.0246153846153846,0.003076923076923
2489,2.0,0.0816326530612244,0.5882352941176471,0.0145985401459854,0.0
2490,3.25,0.25,0.5679012345679012,0.0042918454935622,0.0
2491,2.466666666666667,0.180327868852459,0.6386138613861386,0.0239043824701195,0.0039840637450199
2492,2.4166666666666665,0.146551724137931,0.5792880258899676,0.0105263157894736,0.0026315789473684
2493,1.9444444444444444,0.238095238095238,0.7358490566037735,0.0099009900990099,0.0
2494,2.4705882352941178,0.2539682539682539,0.5754716981132075,0.0377358490566037,0.0
2495,2.235294117647059,0.2608695652173913,0.5621301775147929,0.0,0.0
2496,2.272727272727273,0.3714285714285714,0.7238805970149254,0.0606060606060606,0.0
2497,1.3333333333333333,0.3191489361702128,0.6950354609929078,0.031055900621118,0.0
2498,2.071428571428572,0.2923076923076923,0.7037037037037037,0.0222222222222222,0.0
2499,1.0,0.1428571428571428,0.9333333333333332,0.0,0.0
2500,2.1333333333333333,0.1976744186046511,0.6379310344827587,0.0147058823529411,0.0
2501,2.4545454545454546,0.36,0.6862745098039216,0.0,0.0
2502,3.1666666666666665,0.2,0.4490644490644491,0.0308747855917667,0.0
2503,2.1818181818181817,0.2,0.6227544910179641,0.005050505050505,0.005050505050505
2504,2.142857142857143,0.3095238095238095,0.6666666666666666,0.0074626865671641,0.0
2505,3.1538461538461537,0.2105263157894736,0.6208530805687204,0.0,0.0
2506,2.888888888888889,0.2608695652173913,0.664,0.0188679245283018,0.0
2507,2.7142857142857144,0.6,0.6829268292682927,0.0,0.0
2508,2.769230769230769,0.2698412698412698,0.631578947368421,0.0289256198347107,0.0
2509,2.111111111111111,0.1851851851851851,0.6686746987951807,0.0375586854460093,0.0
2510,2.1,0.175,0.6981132075471698,0.0,0.0
2511,2.1666666666666665,0.25,0.6990291262135923,0.0074074074074074,0.0
2512,1.7,0.2105263157894736,0.7117117117117117,0.0145985401459854,0.0
2513,2.090909090909091,0.291970802919708,0.5663265306122449,0.0041580041580041,0.0
2514,1.5,0.2909090909090909,0.6380368098159509,0.0104712041884816,0.0
2515,2.375,0.1515151515151515,0.6363636363636364,0.0168539325842696,0.0
2516,2.142857142857143,0.1489361702127659,0.6888888888888889,0.0127388535031847,0.0063694267515923
2517,1.4848484848484849,0.1919191919191919,0.539568345323741,0.0146198830409356,0.0
2518,1.7222222222222223,0.5,0.5986842105263158,0.0053475935828877,0.0
2519,3.8181818181818175,0.3214285714285714,0.5622489959839357,0.0262295081967213,0.0
2520,1.3333333333333333,0.2962962962962963,0.7368421052631579,0.0235294117647058,0.0117647058823529
2521,2.2,0.3333333333333333,0.6102941176470589,0.0121212121212121,0.0
2522,3.0,0.2083333333333333,0.7666666666666667,0.0,0.0
2523,2.375,0.4482758620689655,0.7075471698113207,0.0075187969924812,0.0
2524,1.75,0.1764705882352941,0.6408839779005525,0.0788177339901477,0.0
2525,3.7142857142857135,0.1707317073170731,0.6390977443609023,0.0778443113772455,0.0
2526,1.5714285714285714,0.1590909090909091,0.6557377049180327,0.0134228187919463,0.0067114093959731
2527,2.4285714285714284,0.1388888888888889,0.635593220338983,0.0206896551724137,0.0
2528,2.0,0.25,0.6532258064516129,0.0129870129870129,0.0
2529,3.111111111111111,0.1818181818181818,0.591304347826087,0.006578947368421,0.006578947368421
2530,1.6470588235294117,0.28,0.6093023255813953,0.0078740157480314,0.0
2531,3.6666666666666665,0.1794871794871795,0.6881720430107527,0.0,0.0
2532,1.6666666666666667,0.2096774193548387,0.5526315789473685,0.036,0.008
2533,1.6,0.1219512195121951,0.6915887850467289,0.0,0.0
2534,2.0,0.1176470588235294,0.5853658536585366,0.02,0.005
2535,1.6153846153846154,0.1,0.6145833333333334,0.0,0.0
2536,2.833333333333333,0.3209876543209876,0.6455696202531646,0.0034722222222222,0.0
2537,3.375,0.238095238095238,0.6190476190476191,0.0346534653465346,0.0049504950495049
2538,3.4285714285714284,0.3243243243243243,0.5866666666666667,0.0337078651685393,0.0
2539,2.0,0.2352941176470588,0.5878378378378378,0.0,0.0
2540,1.8571428571428568,0.1463414634146341,0.7222222222222222,0.0091743119266055,0.0
2541,4.5,0.1707317073170731,0.5648535564853556,0.0371621621621621,0.0
2542,2.333333333333333,0.1692307692307692,0.672316384180791,0.0045871559633027,0.0
2543,2.4545454545454546,0.3015873015873015,0.7006369426751592,0.0051546391752577,0.0051546391752577
2544,2.388888888888889,0.5294117647058824,0.5569620253164557,0.0093896713615023,0.0
2545,2.5,0.4333333333333333,0.6884057971014492,0.0,0.0
2546,2.357142857142857,0.3,0.5655737704918032,0.0089285714285714,0.0066964285714285
2547,2.076923076923077,0.2307692307692307,0.6929133858267716,0.0,0.0
2548,1.9,0.303030303030303,0.7816091954022989,0.009009009009009,0.009009009009009
2549,2.5454545454545454,0.2264150943396226,0.5549738219895288,0.0517241379310344,0.0
2550,2.75,0.25,0.6870229007633588,0.0181818181818181,0.0121212121212121
2551,2.375,0.40625,0.7,0.0,0.0
2552,2.8181818181818183,0.4516129032258064,0.6796116504854369,0.0118110236220472,0.0
2553,3.0,0.25,0.7,0.0137931034482758,0.0137931034482758
2554,2.4444444444444446,0.1304347826086956,0.6991150442477876,0.0349650349650349,0.0
2555,2.066666666666667,0.1523809523809524,0.5956678700361011,0.0062305295950155,0.0
2556,2.090909090909091,0.1791044776119403,0.6264367816091954,0.0398009950248756,0.0049751243781094
2557,1.8888888888888888,0.2916666666666667,0.746268656716418,0.0111111111111111,0.0
2558,1.4444444444444444,0.1166666666666666,0.5689655172413793,0.005181347150259,0.005181347150259
2559,2.25,0.2459016393442623,0.6686746987951807,0.0,0.0
2560,3.142857142857143,0.391304347826087,0.810126582278481,0.0178571428571428,0.0
2561,3.272727272727273,0.3728813559322034,0.6545454545454545,0.013953488372093,0.0
2562,1.6,0.4285714285714285,0.6036036036036037,0.0307692307692307,0.0076923076923076
2563,1.75,0.1617647058823529,0.5879120879120879,0.0192307692307692,0.0
2564,3.333333333333333,0.1891891891891892,0.6068965517241379,0.0108695652173913,0.0
2565,2.5,0.24,0.6753246753246753,0.0288461538461538,0.0
2566,2.2,0.2222222222222222,0.6906474820143885,0.0236686390532544,0.0
2567,2.3793103448275863,0.3333333333333333,0.5540540540540541,0.0,0.0
2568,3.0,0.125,0.6770186335403726,0.0414507772020725,0.0
2569,1.6666666666666667,0.22,0.6643356643356644,0.01875,0.0
2570,2.235294117647059,0.3333333333333333,0.647887323943662,0.0,0.0
2571,2.0,0.1176470588235294,0.6302521008403361,0.0068965517241379,0.0068965517241379
2572,2.571428571428572,0.3269230769230769,0.6558441558441559,0.0225988700564971,0.0
2573,3.1538461538461537,0.2758620689655172,0.6580645161290323,0.0147058823529411,0.0
2574,2.388888888888889,0.2592592592592592,0.627906976744186,0.0221606648199446,0.002770083102493
2575,2.1,0.28,0.7264957264957265,0.0,0.0
2576,2.9411764705882355,0.234375,0.5943396226415094,0.0103092783505154,0.0
2577,3.2,0.2336448598130841,0.5906040268456376,0.0167597765363128,0.0
2578,1.9,0.1578947368421052,0.6699029126213593,0.0,0.0
2579,2.0,0.2571428571428571,0.7307692307692307,0.0153846153846153,0.0
2580,4.0,0.2368421052631578,0.7085427135678392,0.0120967741935483,0.0040322580645161
2581,3.1818181818181817,0.2716049382716049,0.5953488372093023,0.0114068441064638,0.0038022813688212
2582,2.1666666666666665,0.1818181818181818,0.6329113924050633,0.0366492146596858,0.0052356020942408
2583,2.7142857142857144,0.28125,0.6813186813186813,0.0085470085470085,0.0085470085470085
2584,2.0,0.1555555555555555,0.717948717948718,0.0144927536231884,0.0
2585,1.5833333333333333,0.4313725490196078,0.6946564885496184,0.0,0.0
2586,2.0,0.2745098039215686,0.6892655367231638,0.0193236714975845,0.0
2587,2.1666666666666665,0.108695652173913,0.6484375,0.0062111801242236,0.0
2588,2.8181818181818183,0.2482269503546099,0.5012919896640827,0.0379746835443038,0.0
2589,1.8333333333333333,0.2,0.8194444444444444,0.0116279069767441,0.0
2590,2.75,0.2142857142857142,0.7142857142857143,0.0245398773006134,0.0
2591,2.357142857142857,0.1216216216216216,0.4977168949771689,0.0344827586206896,0.003831417624521
2592,2.5454545454545454,0.2790697674418604,0.6747967479674797,0.0063694267515923,0.0
2593,3.2857142857142856,0.4242424242424242,0.717391304347826,0.0084033613445378,0.0084033613445378
2594,1.6666666666666667,0.1612903225806451,0.7128712871287128,0.0427350427350427,0.0
2595,4.666666666666667,0.2857142857142857,0.6746031746031746,0.0180722891566265,0.0
2596,2.0,0.25,0.7411764705882353,0.0094339622641509,0.0
2597,3.4444444444444446,0.2826086956521739,0.625,0.0285714285714285,0.0171428571428571
2598,2.5,0.1458333333333333,0.6713286713286714,0.0235294117647058,0.0058823529411764
2599,4.125,0.2037037037037037,0.4978260869565217,0.0195729537366548,0.0017793594306049
2600,1.8571428571428568,0.1290322580645161,0.7283950617283951,0.0412371134020618,0.0103092783505154
2601,2.090909090909091,0.2325581395348837,0.6180555555555556,0.0282485875706214,0.0
2602,1.6875,0.3076923076923077,0.5798816568047337,0.1463414634146341,0.0048780487804878
2603,2.25,0.2325581395348837,0.6893203883495146,0.016,0.0
2604,1.375,0.2894736842105263,0.6666666666666666,0.0142857142857142,0.0
2605,2.5,0.125,0.6336633663366337,0.0158730158730158,0.0
2606,1.625,0.303030303030303,0.723404255319149,0.009009009009009,0.0
2607,2.4,0.1326530612244898,0.6422413793103449,0.0068259385665529,0.0
2608,2.6,0.2830188679245283,0.625,0.0155440414507772,0.005181347150259
2609,1.4,0.0434782608695652,0.6722689075630253,0.0144927536231884,0.0
2610,1.7777777777777777,0.1896551724137931,0.6642335766423357,0.0063291139240506,0.0
2611,3.142857142857143,0.2278481012658227,0.6059113300492611,0.0076628352490421,0.0
2612,2.6153846153846154,0.46,0.6556291390728477,0.0153061224489795,0.0
2613,2.6666666666666665,0.1923076923076923,0.5380116959064327,0.0049504950495049,0.0
2614,2.1,0.2040816326530612,0.6842105263157895,0.0062111801242236,0.0
2615,2.5,0.1923076923076923,0.5662650602409639,0.0404040404040404,0.0
2616,1.9166666666666667,0.0465116279069767,0.6826923076923077,0.0150375939849624,0.0
2617,1.9333333333333331,0.2272727272727272,0.6333333333333333,0.0045871559633027,0.0
2618,2.4444444444444446,0.2978723404255319,0.7692307692307693,0.0127388535031847,0.0
2619,2.333333333333333,0.1521739130434782,0.7037037037037037,0.015625,0.0
2620,3.0,0.2972972972972973,0.6060606060606061,0.0256410256410256,0.0
2621,2.909090909090909,0.180327868852459,0.6987951807228916,0.0094339622641509,0.0
2622,2.125,0.2857142857142857,0.6241610738255033,0.0115606936416184,0.0
2623,2.0,0.1929824561403508,0.639344262295082,0.0633484162895927,0.0
2624,3.2,0.2318840579710145,0.6666666666666666,0.0197628458498023,0.0
2625,1.8125,0.25,0.6158536585365854,0.0392156862745098,0.0
2626,2.909090909090909,0.180327868852459,0.6496815286624203,0.0153061224489795,0.0
2627,2.388888888888889,0.1774193548387097,0.5253164556962026,0.0080428954423592,0.0
2628,2.888888888888889,0.1666666666666666,0.673202614379085,0.0213903743315508,0.0
2629,2.75,0.1764705882352941,0.673469387755102,0.0338983050847457,0.0
2630,2.6153846153846154,0.2253521126760563,0.6666666666666666,0.05,0.0
2631,1.5,0.2037037037037037,0.625,0.0193548387096774,0.0
2632,2.142857142857143,0.2647058823529412,0.6019417475728155,0.0082304526748971,0.0082304526748971
2633,2.4347826086956523,0.192,0.5151515151515151,0.0422222222222222,0.0
2634,2.333333333333333,0.238095238095238,0.4959016393442623,0.0068027210884353,0.0
2635,2.357142857142857,0.2352941176470588,0.6190476190476191,0.0042553191489361,0.0
2636,1.7777777777777777,0.2916666666666667,0.5777777777777777,0.0,0.00625
2637,2.75,0.1,0.6341463414634146,0.0210526315789473,0.0
2638,2.083333333333333,0.1509433962264151,0.660377358490566,0.0105820105820105,0.0
2639,2.125,0.2291666666666666,0.7153846153846154,0.0065359477124183,0.0
2640,1.3571428571428572,0.4318181818181818,0.6666666666666666,0.0124223602484472,0.0
2641,1.4285714285714286,0.2096774193548387,0.5618556701030928,0.0135135135135135,0.0
2642,2.0,0.2,0.6114649681528662,0.0054054054054054,0.0
2643,2.5,0.3846153846153846,0.7293233082706767,0.0,0.0
2644,3.411764705882353,0.3008849557522124,0.6078431372549019,0.0077720207253886,0.0
2645,2.0476190476190474,0.3035714285714285,0.6808510638297872,0.0,0.0
2646,2.555555555555556,0.2439024390243902,0.7238095238095238,0.0,0.0
2647,2.636363636363636,0.2075471698113207,0.6204819277108434,0.0145631067961165,0.0
2648,2.2222222222222223,0.3095238095238095,0.5735294117647058,0.0490797546012269,0.0061349693251533
2649,2.4615384615384617,0.15,0.7050359712230215,0.0227272727272727,0.0
2650,2.875,0.2285714285714285,0.6135265700483091,0.0,0.0
2651,2.3,0.2608695652173913,0.6357142857142857,0.005813953488372,0.005813953488372
2652,3.2,0.175438596491228,0.6802325581395349,0.0046948356807511,0.0046948356807511
2653,3.333333333333333,0.1224489795918367,0.5746268656716418,0.01875,0.0
2654,2.142857142857143,0.2222222222222222,0.7027027027027027,0.0153846153846153,0.0
2655,2.0,0.2253521126760563,0.5893719806763285,0.0,0.0
2656,1.9375,0.2,0.6566265060240963,0.0379146919431279,0.0
2657,1.8888888888888888,0.1333333333333333,0.635593220338983,0.0352112676056338,0.0
2658,1.6153846153846154,0.1764705882352941,0.572972972972973,0.0426540284360189,0.0
2659,3.6666666666666665,0.2307692307692307,0.7318840579710145,0.0282485875706214,0.0
2660,1.5,0.2638888888888889,0.473076923076923,0.0415430267062314,0.0
2661,1.3636363636363635,0.3214285714285714,0.7777777777777778,0.0,0.0
2662,2.363636363636364,0.1860465116279069,0.5579710144927537,0.0406976744186046,0.0
2663,2.375,0.25,0.7672413793103449,0.0071428571428571,0.0
2664,4.0,0.1891891891891892,0.569377990430622,0.0231660231660231,0.0
2665,1.8571428571428568,0.2758620689655172,0.6273291925465838,0.0203045685279187,0.0
2666,2.2857142857142856,0.2105263157894736,0.72,0.0625,0.0
2667,2.8181818181818183,0.1724137931034483,0.6440677966101694,0.0092592592592592,0.0
2668,3.4285714285714284,0.1864406779661017,0.6258064516129033,0.0378378378378378,0.0
2669,2.1904761904761907,0.3571428571428571,0.6182572614107884,0.0165016501650165,0.0
2670,2.28,0.2268041237113402,0.6,0.0203389830508474,0.0
2671,4.571428571428571,0.3061224489795918,0.5862068965517241,0.0,0.0
2672,2.1,0.2285714285714285,0.6388888888888888,0.0239234449760765,0.0
2673,3.0,0.2,0.5958333333333333,0.0167224080267558,0.0033444816053511
2674,2.375,0.0952380952380952,0.6241610738255033,0.0454545454545454,0.0
2675,3.0,0.2,0.6867469879518072,0.0194174757281553,0.0
2676,2.1818181818181817,0.2857142857142857,0.6744186046511628,0.0123456790123456,0.0
2677,1.7272727272727273,0.2307692307692307,0.7622950819672131,0.0068965517241379,0.0068965517241379
2678,2.8,0.1384615384615384,0.5220417633410673,0.0151515151515151,0.0
2679,2.9375,0.3636363636363636,0.5847457627118644,0.0463576158940397,0.0
2680,2.8,0.3043478260869565,0.6666666666666666,0.0,0.0
2681,1.2222222222222223,0.0677966101694915,0.6342857142857142,0.1310679611650485,0.0
2682,1.9166666666666667,0.1636363636363636,0.6530612244897959,0.0397727272727272,0.0
2683,2.2777777777777777,0.2127659574468085,0.6176470588235294,0.0106951871657754,0.0
2684,2.1,0.1428571428571428,0.6305732484076433,0.0274725274725274,0.0
2685,2.466666666666667,0.2,0.611353711790393,0.0144927536231884,0.0
2686,2.4545454545454546,0.2692307692307692,0.6416184971098265,0.0467289719626168,0.0093457943925233
2687,4.0,0.1285714285714285,0.589622641509434,0.0339622641509433,0.0
2688,2.2,0.2705882352941176,0.5625,0.0185873605947955,0.0
2689,3.0,0.4827586206896552,0.68,0.0416666666666666,0.0083333333333333
2690,2.1818181818181817,0.2033898305084746,0.6329113924050633,0.0053191489361702,0.0
2691,2.1,0.2727272727272727,0.672,0.0065359477124183,0.0
2692,2.3846153846153846,0.2054794520547945,0.6359447004608295,0.0153846153846153,0.0
2693,2.6129032258064515,0.2708333333333333,0.4815498154981549,0.0228310502283105,0.0
2694,2.571428571428572,0.2272727272727272,0.7433628318584071,0.0073529411764705,0.0
2695,2.7333333333333334,0.3414634146341463,0.6165413533834586,0.0274725274725274,0.0
2696,2.071428571428572,0.2909090909090909,0.6178343949044586,0.0459183673469387,0.0
2697,1.5833333333333333,0.0535714285714285,0.6756756756756757,0.0114285714285714,0.0
2698,2.1818181818181817,0.1016949152542373,0.6065573770491803,0.0136363636363636,0.0045454545454545
2699,2.571428571428572,0.25,0.648,0.0132450331125827,0.0
2700,1.8571428571428568,0.282051282051282,0.6330275229357798,0.0142857142857142,0.0
2701,2.555555555555556,0.2631578947368421,0.6355140186915887,0.0149253731343283,0.0
2702,1.9375,0.3442622950819672,0.6417910447761194,0.0057142857142857,0.0
2703,2.8,0.2452830188679245,0.5172413793103449,0.0157480314960629,0.0
2704,1.6363636363636365,0.2040816326530612,0.6708860759493671,0.0267379679144385,0.0
2705,2.4444444444444446,0.2241379310344827,0.6193548387096774,0.0158730158730158,0.0
2706,2.769230769230769,0.2857142857142857,0.7181208053691275,0.0104166666666666,0.0
2707,3.34375,0.2864583333333333,0.4489402697495183,0.0427728613569321,0.0
2708,1.8571428571428568,0.2285714285714285,0.6991150442477876,0.0538461538461538,0.0
2709,2.0,0.1875,0.7159090909090909,0.0363636363636363,0.009090909090909
2710,2.0,0.2708333333333333,0.7301587301587301,0.0068027210884353,0.0
2711,2.8,0.4411764705882353,0.693069306930693,0.0,0.0
2712,6.625,0.2631578947368421,0.6153846153846154,0.0708333333333333,0.0
2713,1.588235294117647,0.4,0.5954198473282443,0.0123456790123456,0.0
2714,2.647058823529412,0.2872340425531915,0.644,0.0096774193548387,0.0
2715,1.2142857142857142,0.1470588235294117,0.6666666666666666,0.0967741935483871,0.0
2716,1.4615384615384617,0.1052631578947368,0.6682242990654206,0.025,0.0
2717,2.555555555555556,0.24,0.6568047337278107,0.0201005025125628,0.0050251256281407
2718,1.8571428571428568,0.217391304347826,0.6578947368421053,0.0075757575757575,0.0
2719,3.875,0.2777777777777778,0.7019230769230769,0.0206896551724137,0.0
2720,2.6666666666666665,0.3333333333333333,0.6306818181818182,0.019047619047619,0.0047619047619047
2721,2.1666666666666665,0.34375,0.7216494845360825,0.0088495575221238,0.0
2722,2.5,0.2682926829268293,0.646551724137931,0.0,0.0
2723,2.125,0.375,0.6597222222222222,0.0176470588235294,0.0
2724,3.75,0.1951219512195122,0.6691729323308271,0.0289017341040462,0.0
2725,2.4705882352941178,0.2682926829268293,0.7371794871794872,0.0821256038647343,0.0
2726,2.875,0.1521739130434782,0.7207207207207207,0.0,0.0
2727,1.1538461538461535,0.108695652173913,0.6615384615384615,0.0408163265306122,0.0068027210884353
2728,2.111111111111111,0.2608695652173913,0.680672268907563,0.0208333333333333,0.0
2729,2.7,0.3508771929824561,0.6263736263736264,0.0318181818181818,0.0
2730,2.2777777777777777,0.1287128712871287,0.572,0.0161290322580645,0.0
2731,2.888888888888889,0.1621621621621621,0.6650485436893204,0.0246913580246913,0.0041152263374485
2732,2.272727272727273,0.3555555555555555,0.7181818181818181,0.0,0.0
2733,2.7,0.2112676056338028,0.670995670995671,0.0618556701030927,0.0
2734,2.4444444444444446,0.2127659574468085,0.6916666666666667,0.02,0.0
2735,4.166666666666667,0.3050847457627119,0.6480446927374302,0.0234741784037558,0.0
2736,2.090909090909091,0.1538461538461538,0.5980392156862745,0.0127659574468085,0.0
2737,2.0,0.3333333333333333,0.7090909090909091,0.0223880597014925,0.0
2738,3.0,0.2121212121212121,0.65,0.0310077519379844,0.0
2739,3.25,0.2040816326530612,0.6904761904761905,0.0063291139240506,0.0
2740,2.055555555555556,0.28125,0.5586592178770949,0.0,0.0
2741,2.3076923076923075,0.1846153846153846,0.6100917431192661,0.0384615384615384,0.0
2742,2.6666666666666665,0.2682926829268293,0.635593220338983,0.0069930069930069,0.0
2743,2.0,0.0925925925925925,0.6538461538461539,0.0218579234972677,0.0
2744,2.0,0.3538461538461538,0.6345177664974619,0.0080971659919028,0.0040485829959514
2745,3.3,0.2647058823529412,0.599009900990099,0.0122448979591836,0.0
2746,1.3333333333333333,0.2444444444444444,0.6917293233082706,0.0135135135135135,0.0
2747,2.857142857142857,0.0,0.7021276595744681,0.0330578512396694,0.0
2748,3.0588235294117645,0.3170731707317073,0.5889830508474576,0.009933774834437,0.0
2749,2.75,0.1904761904761904,0.71875,0.0,0.0
2750,3.6,0.2807017543859649,0.6643356643356644,0.0205128205128205,0.0
2751,1.7391304347826086,0.2923076923076923,0.6208791208791209,0.0,0.0
2752,2.4,0.1794871794871795,0.6390977443609023,0.0,0.0
2753,1.7857142857142858,0.1395348837209302,0.6013513513513513,0.0670391061452514,0.0
2754,2.3684210526315788,0.2272727272727272,0.6116504854368932,0.0383561643835616,0.0
2755,3.555555555555556,0.3442622950819672,0.6161616161616161,0.0204081632653061,0.0040816326530612
2756,2.75,0.2888888888888888,0.6859504132231405,0.0,0.0
2757,3.0,0.2631578947368421,0.7297297297297297,0.0,0.0
2758,2.3846153846153846,0.2469135802469135,0.6100917431192661,0.0038022813688212,0.0
2759,2.5625,0.2222222222222222,0.6,0.0245901639344262,0.0
2760,2.0,0.3333333333333333,1.0,0.0476190476190476,0.0
2761,2.4347826086956523,0.2710280373831775,0.5546875,0.0059171597633136,0.0
2762,2.6,0.3846153846153846,0.6349206349206349,0.0331950207468879,0.0
2763,3.7142857142857135,0.125,0.6352941176470588,0.0263157894736842,0.0
2764,1.75,0.1111111111111111,0.6626506024096386,0.0392156862745098,0.0
2765,2.6666666666666665,0.0930232558139534,0.5964912280701754,0.0072463768115942,0.0072463768115942
2766,2.7142857142857144,0.3010752688172043,0.5,0.0369515011547344,0.0
2767,3.076923076923077,0.1886792452830188,0.5987261146496815,0.0096618357487922,0.0
2768,1.7857142857142858,0.1216216216216216,0.5550660792951542,0.0305343511450381,0.0
2769,2.6,0.2857142857142857,0.6226415094339622,0.0208333333333333,0.0052083333333333
2770,2.8181818181818183,0.1489361702127659,0.6666666666666666,0.0,0.0
2771,2.875,0.3888888888888889,0.6306620209059234,0.0028089887640449,0.0
2772,2.6666666666666665,0.2666666666666666,0.6454849498327759,0.044776119402985,0.0
2773,3.4444444444444446,0.1224489795918367,0.5960264900662252,0.0259067357512953,0.005181347150259
2774,2.5,0.1836734693877551,0.639751552795031,0.0320855614973262,0.0
2775,2.333333333333333,0.1951219512195122,0.5099601593625498,0.0244648318042813,0.0030581039755351
2776,2.357142857142857,0.2884615384615384,0.5675675675675675,0.0053191489361702,0.0106382978723404
2777,2.333333333333333,0.15,0.6470588235294118,0.0291970802919708,0.0
2778,2.833333333333333,0.2285714285714285,0.69,0.0158730158730158,0.0079365079365079
2779,4.333333333333333,0.2058823529411764,0.5576923076923077,0.0076923076923076,0.0038461538461538
2780,2.7,0.3095238095238095,0.711864406779661,0.0194805194805194,0.0
2781,2.230769230769231,0.1690140845070422,0.6460674157303371,0.0234741784037558,0.0093896713615023
2782,1.6153846153846154,0.2463768115942029,0.6758241758241759,0.0428571428571428,0.0095238095238095
2783,3.375,0.2,0.5952380952380952,0.0098039215686274,0.0
2784,2.833333333333333,0.0975609756097561,0.6065573770491803,0.0405405405405405,0.0
2785,2.1818181818181817,0.2333333333333333,0.6075268817204301,0.0181818181818181,0.0
2786,3.0,0.1126760563380281,0.5544554455445545,0.0080645161290322,0.0
2787,3.375,0.1475409836065573,0.6242774566473989,0.0289855072463768,0.0
2788,2.4545454545454546,0.173076923076923,0.6666666666666666,0.015228426395939,0.0
2789,4.8,0.3703703703703703,0.6610169491525424,0.0175438596491228,0.0
2790,3.111111111111111,0.2857142857142857,0.6134020618556701,0.0129310344827586,0.0086206896551724
2791,3.235294117647059,0.1411764705882353,0.5910780669144982,0.0263157894736842,0.0
2792,3.185185185185185,0.2686567164179104,0.5706214689265536,0.0107991360691144,0.0021598272138228
2793,2.5,0.22,0.6164383561643836,0.0169491525423728,0.0
2794,2.25,0.3055555555555556,0.5044510385756676,0.0148514851485148,0.0099009900990099
2795,2.6,0.2769230769230769,0.6098901098901099,0.0138888888888888,0.0
2796,3.142857142857143,0.1521739130434782,0.7142857142857143,0.0135135135135135,0.0
2797,2.6,0.2419354838709677,0.6629213483146067,0.0092592592592592,0.0
2798,3.571428571428572,0.1228070175438596,0.6265822784810127,0.0103092783505154,0.0
2799,2.6666666666666665,0.2727272727272727,0.6438356164383562,0.075268817204301,0.0
2800,1.5714285714285714,0.2647058823529412,0.7254901960784313,0.0,0.0
2801,3.1666666666666665,0.225,0.7614678899082569,0.0223880597014925,0.0074626865671641
2802,2.238095238095238,0.3283582089552239,0.5733333333333334,0.0104529616724738,0.0
2803,1.375,0.1875,0.6847826086956522,0.0373831775700934,0.0
2804,4.0,0.3617021276595745,0.6620689655172414,0.0164835164835164,0.0
2805,3.125,0.2424242424242424,0.7254901960784313,0.0223880597014925,0.0
2806,3.8,0.2424242424242424,0.6188340807174888,0.025089605734767,0.0
2807,3.0,0.196078431372549,0.6475409836065574,0.0069444444444444,0.0
2808,2.5,0.1304347826086956,0.6764705882352942,0.0158730158730158,0.0
2809,4.714285714285714,0.1304347826086956,0.6571428571428571,0.0552486187845303,0.0
2810,3.1,0.293103448275862,0.642512077294686,0.0040650406504065,0.0
2811,2.8,0.2222222222222222,0.7142857142857143,0.0,0.0
2812,2.25,0.2272727272727272,0.6687116564417178,0.015228426395939,0.0
2813,1.6666666666666667,0.2653061224489796,0.6506849315068494,0.1286549707602339,0.0
2814,1.5,0.2608695652173913,0.7454545454545455,0.0,0.0
2815,3.5,0.3086419753086419,0.6394230769230769,0.0196850393700787,0.0
2816,2.5,0.2222222222222222,0.6504854368932039,0.0078740157480314,0.0
2817,2.0,0.25,0.75,0.019047619047619,0.0
2818,2.1,0.2424242424242424,0.6530612244897959,0.0,0.0
2819,1.818181818181818,0.4285714285714285,0.672,0.0264900662251655,0.0066225165562913
2820,4.428571428571429,0.2333333333333333,0.5987261146496815,0.0238095238095238,0.0047619047619047
2821,2.333333333333333,0.2352941176470588,0.788235294117647,0.0,0.0
2822,2.4166666666666665,0.2641509433962264,0.6,0.0112359550561797,0.0
2823,1.4444444444444444,0.3333333333333333,0.8059701492537313,0.0,0.0
2824,2.571428571428572,0.4102564102564102,0.6666666666666666,0.0140845070422535,0.0
2825,3.2857142857142856,0.2121212121212121,0.7625,0.0091743119266055,0.0
2826,2.3703703703703702,0.4260869565217391,0.5412844036697247,0.0167464114832535,0.0
2827,2.125,0.2790697674418604,0.7226890756302521,0.0141843971631205,0.0
2828,1.2857142857142858,0.2,0.7625,0.053763440860215,0.0
2829,2.555555555555556,0.3725490196078431,0.6818181818181818,0.0048543689320388,0.0
2830,3.8,0.1489361702127659,0.6929824561403509,0.0212765957446808,0.0
2831,2.375,0.2222222222222222,0.7,0.0451127819548872,0.0
2832,1.8,0.0909090909090909,0.75,0.0,0.0
2833,3.2857142857142856,0.2162162162162162,0.6730769230769231,0.0149253731343283,0.0
2834,1.9166666666666667,0.3818181818181818,0.6934306569343066,0.0,0.0
2835,1.5833333333333333,0.3333333333333333,0.5957446808510638,0.024390243902439,0.0
2836,2.5,0.2888888888888888,0.6330935251798561,0.0238095238095238,0.0
2837,2.0,0.2432432432432432,0.6363636363636364,0.0725806451612903,0.0
2838,2.6666666666666665,0.2558139534883721,0.6434782608695652,0.0068965517241379,0.0
2839,2.8666666666666667,0.3076923076923077,0.5954545454545455,0.0178571428571428,0.0
2840,1.5,0.217391304347826,0.6788990825688074,0.0,0.0078740157480314
2841,2.25,0.25,0.652542372881356,0.0215827338129496,0.0
2842,1.7,0.2888888888888888,0.6062992125984252,0.0476190476190476,0.0
2843,3.2857142857142856,0.358974358974359,0.6379310344827587,0.0204081632653061,0.0
2844,3.8333333333333335,0.25,0.6428571428571429,0.0211267605633802,0.0
2845,1.7777777777777777,0.2068965517241379,0.7375,0.0306122448979591,0.0
2846,1.8571428571428568,0.1794871794871795,0.7087378640776699,0.0165289256198347,0.0
2847,2.111111111111111,0.1428571428571428,0.6134969325153374,0.0260416666666666,0.0
2848,1.6666666666666667,0.2136752136752136,0.5880503144654088,0.0107238605898123,0.0
2849,3.111111111111111,0.1578947368421052,0.6604938271604939,0.0098522167487684,0.0
2850,3.090909090909091,0.2291666666666666,0.6382978723404256,0.0053763440860215,0.0
2851,2.0,0.48,0.6601941747572816,0.0,0.0
2852,3.2,0.4117647058823529,0.6883116883116883,0.0505050505050505,0.0
2853,1.375,0.5,0.7727272727272727,0.0493827160493827,0.0
2854,2.333333333333333,0.1081081081081081,0.5533980582524272,0.016,0.0
2855,1.9285714285714288,0.1690140845070422,0.6044444444444445,0.027027027027027,0.0
2856,2.333333333333333,0.1978021978021978,0.5925925925925926,0.0,0.0
2857,3.25,0.4857142857142857,0.6090909090909091,0.0209790209790209,0.0069930069930069
2858,1.6,0.2790697674418604,0.6811594202898551,0.0125786163522012,0.0
2859,4.714285714285714,0.2325581395348837,0.6666666666666666,0.0397727272727272,0.0
2860,2.583333333333333,0.2127659574468085,0.5411764705882353,0.0616113744075829,0.0
2861,3.5,0.4324324324324324,0.6587301587301587,0.0263157894736842,0.0
2862,1.6666666666666667,0.2830188679245283,0.6820809248554913,0.0373831775700934,0.0
2863,3.0,0.2162162162162162,0.6722689075630253,0.0069930069930069,0.0
2864,3.0,0.3265306122448979,0.6758620689655173,0.0175438596491228,0.0
2865,2.333333333333333,0.48,0.6470588235294118,0.0196078431372549,0.0049019607843137
2866,2.6666666666666665,0.1764705882352941,0.6170212765957447,0.0347826086956521,0.0
2867,2.363636363636364,0.1911764705882352,0.5324074074074074,0.0159362549800796,0.0
2868,2.1,0.2631578947368421,0.7008547008547008,0.0068027210884353,0.0
2869,2.7142857142857144,0.4,0.6521739130434783,0.0,0.0
2870,3.5,0.0875,0.5423728813559322,0.0173010380622837,0.0
2871,2.571428571428572,0.1224489795918367,0.5547445255474452,0.0251572327044025,0.0
2872,2.625,0.1794871794871795,0.6134453781512605,0.0486111111111111,0.0
2873,2.5,0.2826086956521739,0.7094017094017094,0.0,0.0
2874,2.111111111111111,0.2553191489361702,0.6422764227642277,0.0201342281879194,0.0
2875,2.2666666666666666,0.3711340206185567,0.6107142857142858,0.0061728395061728,0.0030864197530864
2876,3.111111111111111,0.3555555555555555,0.6604938271604939,0.0201005025125628,0.0050251256281407
2877,1.6428571428571428,0.28,0.7073170731707317,0.0,0.0066666666666666
2878,1.8333333333333333,0.2580645161290322,0.5963302752293578,0.0158730158730158,0.0
2879,2.25,0.3448275862068966,0.6699029126213593,0.0608695652173913,0.0
2880,1.8,0.3181818181818182,0.6739130434782609,0.0555555555555555,0.0
2881,2.9,0.2244897959183673,0.636986301369863,0.0267379679144385,0.0
2882,5.666666666666667,0.2666666666666666,0.6095238095238096,0.014388489208633,0.0
2883,1.8125,0.2727272727272727,0.6461538461538462,0.0121951219512195,0.0
2884,2.1,0.2222222222222222,0.6616541353383458,0.0125,0.0
2885,2.090909090909091,0.2586206896551724,0.7005988023952096,0.005,0.0
2886,3.2222222222222223,0.1621621621621621,0.6039603960396039,0.0223880597014925,0.0
2887,2.1818181818181817,0.3,0.6597938144329897,0.0128755364806866,0.0
2888,2.7,0.358974358974359,0.7227722772277227,0.0074074074074074,0.0
2889,2.076923076923077,0.216867469879518,0.6787564766839378,0.0175438596491228,0.0043859649122807
2890,1.5263157894736843,0.2818181818181818,0.575091575091575,0.0192307692307692,0.0
2891,1.7142857142857142,0.22,0.7,0.0291970802919708,0.0
2892,1.3076923076923077,0.625,0.6419753086419753,0.0099009900990099,0.0
2893,2.4,0.180722891566265,0.6410256410256411,0.0043668122270742,0.0
2894,2.75,0.2903225806451613,0.5730994152046783,0.0095693779904306,0.0
2895,1.8461538461538465,0.1666666666666666,0.6862745098039216,0.0378787878787878,0.0
2896,5.714285714285714,0.1590909090909091,0.7017543859649122,0.0062111801242236,0.0062111801242236
2897,2.571428571428572,0.2045454545454545,0.6752136752136753,0.0352112676056338,0.0140845070422535
2898,1.6363636363636365,0.2203389830508474,0.6405228758169934,0.0112994350282485,0.0
2899,2.5217391304347827,0.3307086614173228,0.6480446927374302,0.002262443438914,0.0
2900,3.25,0.2702702702702703,0.7226890756302521,0.0463576158940397,0.0
2901,2.4,0.15,0.8285714285714286,0.0229885057471264,0.0
2902,2.636363636363636,0.2372881355932203,0.6666666666666666,0.0092165898617511,0.0
2903,3.625,0.2592592592592592,0.6827586206896552,0.0,0.0
2904,2.0,0.4871794871794871,0.6230769230769231,0.0192307692307692,0.0
2905,2.2222222222222223,0.25,0.581081081081081,0.0050251256281407,0.0
2906,3.857142857142857,0.4358974358974359,0.6696428571428571,0.0,0.0066225165562913
2907,3.5,0.38,0.5989010989010989,0.0128755364806866,0.0
2908,2.6,0.4629629629629629,0.55,0.0,0.0
2909,1.0,0.0,0.9285714285714286,0.0,0.0
2910,3.0,0.18,0.7361111111111112,0.0331753554502369,0.0
2911,1.7,0.2388059701492537,0.6210526315789474,0.0086206896551724,0.0
2912,2.1818181818181817,0.1267605633802817,0.6111111111111112,0.0142180094786729,0.0
2913,1.875,0.3461538461538461,0.7466666666666667,0.0,0.0
2914,2.363636363636364,0.1489361702127659,0.6410256410256411,0.0135135135135135,0.0
2915,1.875,0.45,0.6339285714285714,0.0294117647058823,0.0073529411764705
2916,1.9411764705882355,0.3225806451612903,0.5870646766169154,0.0082304526748971,0.0041152263374485
2917,2.25,0.1886792452830188,0.7021276595744681,0.0056818181818181,0.0
2918,2.111111111111111,0.1,0.5973154362416108,0.0168539325842696,0.0
2919,1.5714285714285714,0.2727272727272727,0.65625,0.0126582278481012,0.0
2920,2.571428571428572,0.275,0.794392523364486,0.0,0.0
2921,2.636363636363636,0.25,0.6453900709219859,0.0268817204301075,0.0
2922,1.2,0.1176470588235294,0.6923076923076923,0.1075268817204301,0.0
2923,2.25,0.0952380952380952,0.7474747474747475,0.0081967213114754,0.0
2924,1.5,0.2142857142857142,0.7555555555555555,0.0727272727272727,0.0
2925,2.0,0.48,0.6526315789473685,0.0081967213114754,0.0
2926,2.625,0.1372549019607843,0.6640625,0.0192307692307692,0.0
2927,1.5,0.2058823529411764,0.6559139784946236,0.0186915887850467,0.0
2928,1.5714285714285714,0.2285714285714285,0.7157894736842105,0.0,0.0
2929,1.2,0.2631578947368421,0.7164179104477612,0.0833333333333333,0.0
2930,1.625,0.32,0.8169014084507042,0.0114942528735632,0.0
2931,1.1666666666666667,0.1904761904761904,0.7777777777777778,0.0153846153846153,0.0
2932,2.0,0.1714285714285714,0.6559139784946236,0.0178571428571428,0.0
2933,2.8,0.3870967741935484,0.6593406593406593,0.0,0.0
2934,2.083333333333333,0.5263157894736842,0.6929824561403509,0.0,0.0
2935,2.5,0.119047619047619,0.7428571428571429,0.0211267605633802,0.0
2936,1.75,0.0769230769230769,0.7962962962962963,0.0,0.0
2937,2.9,0.3611111111111111,0.6868686868686869,0.0145985401459854,0.0
2938,3.375,0.2580645161290322,0.7009345794392523,0.0136986301369863,0.0
2939,1.6875,0.1956521739130435,0.5748792270531401,0.0411522633744856,0.0
2940,1.0,0.12,0.7313432835820896,0.0266666666666666,0.0
2941,1.5,0.1666666666666666,0.7692307692307693,0.0106382978723404,0.0
2942,2.0,0.2272727272727272,0.6987951807228916,0.0103626943005181,0.0
2943,2.2222222222222223,0.3111111111111111,0.6870748299319728,0.0057471264367816,0.0
2944,2.6666666666666665,0.1346153846153846,0.6601307189542484,0.0225988700564971,0.0
2945,2.375,0.4285714285714285,0.7244094488188977,0.0065359477124183,0.0
2946,1.1428571428571428,0.1276595744680851,0.6507936507936508,0.0218978102189781,0.0
2947,2.5454545454545454,0.2962962962962963,0.6666666666666666,0.0103092783505154,0.0
2948,3.111111111111111,0.2653061224489796,0.6377952755905512,0.0059171597633136,0.0
2949,3.555555555555556,0.2407407407407407,0.7241379310344828,0.0267379679144385,0.0
2950,1.4166666666666667,0.2340425531914893,0.6911764705882353,0.0384615384615384,0.0
2951,2.25,0.3636363636363636,0.7605633802816901,0.0117647058823529,0.0
2952,1.8333333333333333,0.1379310344827586,0.7037037037037037,0.0206185567010309,0.0
2953,5.0,0.0888888888888888,0.6666666666666666,0.0131578947368421,0.006578947368421
2954,2.875,0.1666666666666666,0.5656565656565656,0.032258064516129,0.0
2955,2.0,0.52,0.7971014492753623,0.0,0.0
2956,2.7142857142857144,0.2068965517241379,0.676056338028169,0.0,0.0
2957,1.3,0.1666666666666666,0.6846846846846847,0.0472440944881889,0.0
2958,2.2857142857142856,0.2121212121212121,0.717948717948718,0.0,0.0
2959,2.083333333333333,0.2448979591836734,0.7027027027027027,0.0140845070422535,0.0
2960,1.9230769230769231,0.375,0.7024793388429752,0.0132450331125827,0.0
2961,1.8333333333333333,0.3191489361702128,0.6875,0.0129032258064516,0.0
2962,1.8333333333333333,0.320754716981132,0.6513157894736842,0.005524861878453,0.0
2963,2.9,0.1666666666666666,0.5659340659340659,0.0344827586206896,0.0
2964,2.142857142857143,0.0961538461538461,0.6031746031746031,0.0068027210884353,0.0
2965,4.071428571428571,0.1774193548387097,0.6474164133738601,0.0072289156626506,0.0024096385542168
2966,2.2142857142857144,0.25,0.6039603960396039,0.0041666666666666,0.0
2967,2.2,0.2258064516129032,0.648936170212766,0.018018018018018,0.0
2968,2.5,0.2,0.6338028169014085,0.0584795321637426,0.0058479532163742
2969,2.111111111111111,0.0612244897959183,0.6785714285714286,0.0,0.0
2970,2.357142857142857,0.2878787878787879,0.574468085106383,0.0,0.0
2971,2.2666666666666666,0.1428571428571428,0.5811320754716981,0.0064724919093851,0.0
2972,2.75,0.2391304347826087,0.6470588235294118,0.0466666666666666,0.0
2973,3.272727272727273,0.2,0.6184971098265896,0.0044642857142857,0.0
2974,2.0,0.3076923076923077,0.6666666666666666,0.0314960629921259,0.0
2975,2.625,0.123076923076923,0.5792880258899676,0.0187667560321715,0.0
2976,2.2,0.3478260869565217,0.6744186046511628,0.0,0.0
2977,1.7142857142857142,0.2272727272727272,0.6752136752136753,0.0066225165562913,0.0
2978,2.923076923076923,0.3333333333333333,0.6492890995260664,0.0037878787878787,0.0
2979,2.0,0.3333333333333333,0.7375,0.010204081632653,0.0
2980,2.5454545454545454,0.2280701754385964,0.5959595959595959,0.0210084033613445,0.0
2981,2.0,0.2142857142857142,0.6698113207547169,0.0079365079365079,0.0
2982,2.1666666666666665,0.16,0.6984126984126984,0.0123456790123456,0.0
2983,3.6,0.3424657534246575,0.6487804878048781,0.0158730158730158,0.0
2984,3.5454545454545454,0.2407407407407407,0.6423841059602649,0.005050505050505,0.0
2985,2.0,0.05,0.7068965517241379,0.0275862068965517,0.0
2986,4.166666666666667,0.1818181818181818,0.6868686868686869,0.0075187969924812,0.0
2987,1.7391304347826086,0.325,0.6261261261261262,0.0182481751824817,0.0
2988,3.764705882352941,0.324074074074074,0.5825825825825826,0.0095923261390887,0.0
2989,3.857142857142857,0.1780821917808219,0.5245901639344263,0.004524886877828,0.0
2990,2.0,0.25,0.6511627906976745,0.0,0.0
2991,2.5,0.3333333333333333,0.6330935251798561,0.0,0.0
2992,2.8,0.264367816091954,0.5932203389830508,0.0146520146520146,0.0
2993,1.7692307692307692,0.1698113207547169,0.6272189349112426,0.0306122448979591,0.0051020408163265
2994,3.142857142857143,0.1627906976744186,0.7258064516129032,0.0261437908496732,0.0
2995,2.272727272727273,0.2631578947368421,0.6613756613756614,0.0267857142857142,0.0
2996,2.0,0.5223880597014925,0.5610859728506787,0.0115384615384615,0.0115384615384615
2997,2.375,0.1956521739130435,0.7241379310344828,0.0214285714285714,0.0
2998,1.875,0.1764705882352941,0.6344086021505376,0.0714285714285714,0.0
2999,2.4285714285714284,0.1612903225806451,0.5965909090909091,0.0133333333333333,0.0044444444444444
3000,2.142857142857143,0.2285714285714285,0.7,0.0202020202020202,0.0
3001,1.4166666666666667,0.217391304347826,0.6546762589928058,0.0306748466257668,0.0
3002,2.4285714285714284,0.1702127659574468,0.7142857142857143,0.0140845070422535,0.0140845070422535
3003,3.8,0.3103448275862069,0.7448275862068966,0.0,0.0053475935828877
3004,1.75,0.1707317073170731,0.7553191489361702,0.0,0.0
3005,1.3076923076923077,0.3513513513513513,0.6759259259259259,0.03125,0.0078125
3006,2.52,0.3287671232876712,0.5558194774346793,0.0196078431372549,0.0
3007,3.2,0.21875,0.5952380952380952,0.0676691729323308,0.0037593984962406
3008,3.238095238095238,0.2481751824817518,0.6298507462686567,0.0070093457943925,0.0
3009,2.625,0.2727272727272727,0.7627118644067796,0.0347222222222222,0.0
3010,2.1666666666666665,0.2857142857142857,0.6455696202531646,0.0408163265306122,0.0
3011,3.0,0.2941176470588235,0.6261682242990654,0.0148148148148148,0.0
3012,2.25,0.1860465116279069,0.6306306306306306,0.0298507462686567,0.0
3013,3.0,0.2564102564102564,0.73,0.0,0.0
3014,1.3076923076923077,0.3333333333333333,0.6185567010309279,0.2436974789915966,0.0
3015,2.533333333333333,0.351063829787234,0.5467625899280576,0.0118694362017804,0.0
3016,3.571428571428572,0.225,0.704,0.0129870129870129,0.0
3017,1.2162162162162162,0.3037974683544304,0.5770609318996416,0.3072289156626506,0.0
3018,2.375,0.1682242990654205,0.5361842105263158,0.011204481792717,0.0
3019,2.555555555555556,0.1944444444444444,0.7156862745098039,0.0310077519379844,0.0077519379844961
3020,2.571428571428572,0.2352941176470588,0.7009345794392523,0.0298507462686567,0.0
3021,1.6666666666666667,0.0967741935483871,0.6973684210526315,0.0113636363636363,0.0
3022,3.090909090909091,0.1764705882352941,0.5238095238095238,0.0379746835443038,0.0
3023,2.6666666666666665,0.2289156626506024,0.616822429906542,0.0196078431372549,0.0
3024,3.857142857142857,0.2444444444444444,0.6567164179104478,0.0290697674418604,0.005813953488372
3025,5.6,0.1282051282051282,0.8040540540540541,0.0226244343891402,0.0
3026,2.363636363636364,0.2727272727272727,0.5258620689655172,0.0134228187919463,0.0
3027,2.4,0.3103448275862069,0.7575757575757576,0.0258620689655172,0.0
3028,2.363636363636364,0.3859649122807017,0.5446153846153846,0.0377833753148614,0.0
3029,1.9166666666666667,0.2407407407407407,0.6037735849056604,0.0,0.0
3030,2.4285714285714284,0.2222222222222222,0.555984555984556,0.0161812297734627,0.0
3031,1.5714285714285714,0.2619047619047619,0.7244094488188977,0.0139860139860139,0.0139860139860139
3032,2.6666666666666665,0.3333333333333333,0.5911949685534591,0.0155440414507772,0.0
3033,2.0,0.1111111111111111,0.6012269938650306,0.0317460317460317,0.0
3034,2.0,0.203125,0.5875,0.055,0.0
3035,2.2,0.16,0.6190476190476191,0.0225988700564971,0.0
3036,2.7777777777777777,0.16,0.6410256410256411,0.0221238938053097,0.0
3037,3.7857142857142856,0.45,0.465648854961832,0.0071736011477761,0.0014347202295552
3038,1.8888888888888888,0.24,0.7258064516129032,0.0,0.0
3039,3.0,0.3220338983050847,0.6178343949044586,0.0101010101010101,0.0
3040,2.5,0.1372549019607843,0.6560509554140127,0.0109289617486338,0.0054644808743169
3041,2.2222222222222223,0.2222222222222222,0.5740740740740741,0.0211640211640211,0.0105820105820105
3042,2.8,0.1923076923076923,0.6791044776119403,0.0409356725146198,0.0
3043,2.25,0.1860465116279069,0.704,0.027027027027027,0.0
3044,2.0,0.1627906976744186,0.6730769230769231,0.0327868852459016,0.0081967213114754
3045,2.6875,0.2727272727272727,0.6103286384976526,0.0035971223021582,0.0
3046,2.8461538461538463,0.3246753246753247,0.5807860262008734,0.0071942446043165,0.0
3047,2.142857142857143,0.2121212121212121,0.7272727272727273,0.0327868852459016,0.0
3048,1.2857142857142858,0.1481481481481481,0.725,0.1098901098901098,0.0
3049,2.111111111111111,0.5161290322580645,0.6263736263736264,0.0,0.0087719298245614
3050,2.4285714285714284,0.2037037037037037,0.6758620689655173,0.0,0.0
3051,2.8,0.2452830188679245,0.6727272727272727,0.0201005025125628,0.0050251256281407
3052,2.3,0.3142857142857143,0.8421052631578947,0.0241935483870967,0.0
3053,3.4545454545454546,0.1964285714285714,0.6038961038961039,0.0,0.0
3054,2.4285714285714284,0.2894736842105263,0.6140350877192983,0.0071942446043165,0.0071942446043165
3055,3.2,0.325,0.6912751677852349,0.1290322580645161,0.0
3056,1.5384615384615383,0.2727272727272727,0.6644736842105263,0.0168539325842696,0.0
3057,1.8333333333333333,0.1666666666666666,0.7065217391304348,0.0188679245283018,0.0
3058,2.2666666666666666,0.3194444444444444,0.5638766519823789,0.0108303249097472,0.0
3059,1.75,0.2857142857142857,0.6225165562913907,0.0393258426966292,0.0
3060,2.9545454545454546,0.3333333333333333,0.5083333333333333,0.0152439024390243,0.0
3061,2.0,0.2285714285714285,0.6697247706422018,0.0,0.0
3062,2.875,0.1346153846153846,0.6935483870967742,0.0066225165562913,0.0066225165562913
3063,2.0,0.1764705882352941,0.7090909090909091,0.032,0.0
3064,3.25,0.15625,0.6770833333333334,0.0,0.0
3065,2.2222222222222223,0.2745098039215686,0.64,0.0,0.0049751243781094
3066,2.2222222222222223,0.2909090909090909,0.6369426751592356,0.0108108108108108,0.0054054054054054
3067,1.6666666666666667,0.1153846153846153,0.7049180327868853,0.0,0.0
3068,3.0,0.0857142857142857,0.717948717948718,0.0,0.0
3069,2.7058823529411766,0.4108527131782946,0.5113924050632911,0.0043290043290043,0.0
3070,2.909090909090909,0.1940298507462686,0.6173469387755102,0.0163934426229508,0.0081967213114754
3071,3.076923076923077,0.3333333333333333,0.6375838926174496,0.0199004975124378,0.0
3072,2.0,0.25,0.6862745098039216,0.017391304347826,0.017391304347826
3073,2.333333333333333,0.1666666666666666,0.7910447761194029,0.057471264367816,0.0
3074,2.0,0.3333333333333333,0.6576576576576577,0.0076335877862595,0.0
3075,1.5555555555555556,0.3333333333333333,0.7272727272727273,0.006578947368421,0.0
3076,2.1666666666666665,0.0689655172413793,0.75,0.0112359550561797,0.0
3077,2.571428571428572,0.1764705882352941,0.7263157894736842,0.0,0.0
3078,4.0,0.4146341463414634,0.78,0.0073529411764705,0.0
3079,1.5555555555555556,0.2432432432432432,0.6631578947368421,0.0,0.0
3080,2.4444444444444446,0.109375,0.6577181208053692,0.0055865921787709,0.0
3081,1.5714285714285714,0.1428571428571428,0.7613636363636364,0.0099009900990099,0.0
3082,2.1666666666666665,0.2769230769230769,0.5968586387434555,0.00418410041841,0.0
3083,1.7647058823529411,0.2608695652173913,0.6453900709219859,0.0056179775280898,0.0056179775280898
3084,3.75,0.1836734693877551,0.6766917293233082,0.0176470588235294,0.0
3085,2.4,0.2,0.5821917808219178,0.0113636363636363,0.0
3086,2.6,0.3333333333333333,0.7065217391304348,0.0,0.0
3087,1.4,0.25,0.7692307692307693,0.0144927536231884,0.0144927536231884
3088,3.1538461538461537,0.2903225806451613,0.6420454545454546,0.0,0.0
3089,5.5,0.3157894736842105,0.6713286713286714,0.0292682926829268,0.0048780487804878
3090,2.533333333333333,0.3424657534246575,0.6042553191489362,0.0208333333333333,0.0
3091,1.7,0.1363636363636363,0.6544117647058824,0.0122699386503067,0.0
3092,1.5714285714285714,0.4736842105263157,0.6686390532544378,0.0099502487562189,0.0
3093,1.6,0.2432432432432432,0.6578947368421053,0.0,0.0
3094,3.5,0.4444444444444444,0.6074074074074074,0.0235294117647058,0.0
3095,3.0,0.2962962962962963,0.6813186813186813,0.0088495575221238,0.0
3096,3.636363636363636,0.1566265060240964,0.5968992248062015,0.0255591054313099,0.0
3097,3.571428571428572,0.1578947368421052,0.6666666666666666,0.0489510489510489,0.0
3098,4.75,0.2790697674418604,0.6934306569343066,0.0210526315789473,0.0
3099,2.5,0.2162162162162162,0.6875,0.0151515151515151,0.0
3100,2.375,0.1860465116279069,0.6474358974358975,0.0165745856353591,0.005524861878453
3101,2.5,0.1794871794871795,0.6851851851851852,0.0,0.0158730158730158
3102,2.125,0.1666666666666666,0.7102803738317757,0.0538461538461538,0.0
3103,2.1875,0.2637362637362637,0.5983263598326359,0.0,0.0
3104,3.333333333333333,0.2941176470588235,0.7102803738317757,0.0149253731343283,0.0074626865671641
3105,1.7142857142857142,0.2142857142857142,0.6238532110091743,0.0,0.0
3106,2.5,0.3230769230769231,0.6222222222222222,0.0088888888888888,0.0
3107,1.3333333333333333,0.1388888888888889,0.5957446808510638,0.1032863849765258,0.0093896713615023
3108,4.454545454545454,0.2767857142857143,0.4546783625730994,0.0107015457788347,0.0
3109,3.0,0.2678571428571428,0.6575342465753424,0.0260416666666666,0.0
3110,1.75,0.2083333333333333,0.7024793388429752,0.0211267605633802,0.0
3111,1.2857142857142858,0.2333333333333333,0.7471264367816092,0.0204081632653061,0.0
3112,1.8571428571428568,0.3125,0.6095890410958904,0.0,0.0
3113,2.4285714285714284,0.2321428571428571,0.6617647058823529,0.0219780219780219,0.0
3114,2.4166666666666665,0.1267605633802817,0.5773195876288659,0.0216450216450216,0.0
3115,2.4285714285714284,0.3061224489795918,0.6166666666666667,0.0086705202312138,0.0
3116,3.2666666666666666,0.5853658536585366,0.5892857142857143,0.0115606936416184,0.0
3117,3.2222222222222223,0.2295081967213114,0.5771428571428572,0.0185185185185185,0.0046296296296296
3118,3.5454545454545454,0.2142857142857142,0.636,0.0265780730897009,0.0
3119,2.083333333333333,0.2040816326530612,0.6214285714285714,0.0285714285714285,0.0
3120,1.625,0.3023255813953488,0.7112676056338029,0.0186335403726708,0.0
3121,2.142857142857143,0.06,0.6810344827586207,0.0141843971631205,0.0
3122,2.0,0.2121212121212121,0.6521739130434783,0.0092165898617511,0.0
3123,3.333333333333333,0.1415094339622641,0.5190615835777126,0.0261904761904761,0.0023809523809523
3124,2.333333333333333,0.2539682539682539,0.7019867549668874,0.0164835164835164,0.0
3125,2.3,0.1320754716981132,0.6057142857142858,0.0097087378640776,0.0048543689320388
3126,3.2,0.1785714285714285,0.6241610738255033,0.0052910052910052,0.0
3127,2.391304347826087,0.2661290322580645,0.5526315789473685,0.0141176470588235,0.0023529411764705
3128,2.6666666666666665,0.2666666666666666,0.6707317073170732,0.0,0.0
3129,2.4166666666666665,0.12,0.5663265306122449,0.0084745762711864,0.0042372881355932
3130,3.1333333333333333,0.2625,0.5803921568627451,0.0309597523219814,0.0
3131,1.8461538461538465,0.1194029850746268,0.6046511627906976,0.0341463414634146,0.0
3132,2.571428571428572,0.5,0.7816091954022989,0.0185185185185185,0.0
3133,2.857142857142857,0.1627906976744186,0.6821705426356589,0.0372670807453416,0.0
3134,2.333333333333333,0.1875,0.8297872340425532,0.0526315789473684,0.0
3135,4.5227272727272725,0.2770398481973434,0.3882047958522359,0.0170394036208732,0.0
3136,2.0,0.2826086956521739,0.6666666666666666,0.0157728706624605,0.0
3137,2.1666666666666665,0.2093023255813953,0.6610169491525424,0.0,0.0
3138,1.625,0.282051282051282,0.7272727272727273,0.0,0.0
3139,3.8,0.1463414634146341,0.6421052631578947,0.0040160642570281,0.0040160642570281
3140,1.5,0.1666666666666666,0.7123287671232876,0.036144578313253,0.0
3141,1.05,0.55,0.7816091954022989,0.3303571428571428,0.0
3142,2.5454545454545454,0.2325581395348837,0.6551724137931034,0.0197368421052631,0.0
3143,2.111111111111111,0.4166666666666667,0.6838235294117647,0.0186335403726708,0.0
3144,2.571428571428572,0.1379310344827586,0.6134969325153374,0.0,0.0053191489361702
3145,2.9,0.1,0.7560975609756098,0.0569620253164556,0.0
3146,3.1666666666666665,0.3414634146341463,0.5258620689655172,0.0138888888888888,0.0
3147,2.8,0.2272727272727272,0.7634408602150538,0.0181818181818181,0.0
3148,2.0,0.2222222222222222,0.6384180790960452,0.0388349514563106,0.0
3149,4.0,0.1630434782608695,0.534375,0.0151133501259445,0.0025188916876574
3150,1.6666666666666667,0.1967213114754098,0.6848484848484848,0.0053763440860215,0.0
3151,2.5,0.2682926829268293,0.7166666666666667,0.027027027027027,0.0
3152,2.888888888888889,0.4888888888888889,0.6736111111111112,0.011049723756906,0.0
3153,2.0,0.282051282051282,0.6610169491525424,0.0287769784172661,0.0
3154,3.875,0.1851851851851851,0.6621621621621622,0.0310880829015544,0.0
3155,2.5,0.1666666666666666,0.6054421768707483,0.0168539325842696,0.0
3156,1.761904761904762,0.1704545454545454,0.6181102362204725,0.0198675496688741,0.0
3157,2.0,0.1830985915492957,0.6523809523809524,0.0120967741935483,0.0
3158,3.857142857142857,0.0789473684210526,0.6837606837606838,0.0335570469798657,0.0
3159,2.5,0.2741935483870967,0.6467065868263473,0.0147058823529411,0.0
3160,2.642857142857143,0.2077922077922078,0.5573770491803278,0.0431893687707641,0.0
3161,3.5,0.2727272727272727,0.7804878048780488,0.019047619047619,0.0
3162,2.75,0.2666666666666666,0.8372093023255814,0.0350877192982456,0.0
3163,2.0,0.1764705882352941,0.6178010471204188,0.0377358490566037,0.0
3164,3.0,0.24,0.6423357664233577,0.0294117647058823,0.0
3165,3.857142857142857,0.3,0.7560975609756098,0.0061728395061728,0.0
3166,2.071428571428572,0.2678571428571428,0.6470588235294118,0.0112994350282485,0.0
3167,3.0,0.1694915254237288,0.5606936416184971,0.0047619047619047,0.0
3168,2.25,0.1707317073170731,0.6422764227642277,0.0204081632653061,0.0
3169,1.9090909090909087,0.2075471698113207,0.6013986013986014,0.0294117647058823,0.0
3170,1.8888888888888888,0.2109375,0.5443786982248521,0.0148148148148148,0.0
3171,2.6923076923076925,0.160377358490566,0.524822695035461,0.0208333333333333,0.0
3172,2.4,0.2361111111111111,0.6363636363636364,0.0085106382978723,0.0
3173,4.142857142857143,0.25,0.6444444444444445,0.0043668122270742,0.0
3174,2.333333333333333,0.2340425531914893,0.6541353383458647,0.0432098765432098,0.0061728395061728
3175,2.857142857142857,0.2063492063492063,0.7005988023952096,0.0,0.0
3176,3.5,0.1333333333333333,0.631578947368421,0.0112781954887218,0.0037593984962406
3177,2.2857142857142856,0.2790697674418604,0.703125,0.0068027210884353,0.0
3178,2.5,0.2727272727272727,0.7142857142857143,0.0051282051282051,0.0
3179,2.125,0.2352941176470588,0.75,0.017094017094017,0.0
3180,2.9166666666666665,0.1944444444444444,0.648936170212766,0.0294117647058823,0.0
3181,3.25,0.3333333333333333,0.7131782945736435,0.0120481927710843,0.0
3182,2.7777777777777777,0.208955223880597,0.576530612244898,0.0042918454935622,0.0
3183,2.0,0.1538461538461538,0.8235294117647058,0.0204081632653061,0.0
3184,4.111111111111111,0.2857142857142857,0.5800865800865801,0.0174216027874564,0.0034843205574912
3185,4.0,0.2203389830508474,0.5763546798029556,0.0076045627376425,0.0076045627376425
3186,1.8888888888888888,0.2432432432432432,0.7816091954022989,0.0092592592592592,0.0
3187,5.5,0.238095238095238,0.6724137931034483,0.0044642857142857,0.0
3188,2.4444444444444446,0.1891891891891892,0.7130434782608696,0.0277777777777777,0.0
3189,2.0,0.2647058823529412,0.6545454545454545,0.0,0.0
3190,2.363636363636364,0.2333333333333333,0.588957055214724,0.0050761421319796,0.0
3191,2.05,0.3703703703703703,0.6711111111111111,0.0183150183150183,0.0
3192,2.466666666666667,0.1954022988505747,0.5775862068965517,0.0390070921985815,0.0035460992907801
3193,1.5,0.2222222222222222,0.7941176470588235,0.0314960629921259,0.0
3194,4.133333333333334,0.2547169811320754,0.5379746835443038,0.014388489208633,0.0
3195,2.7777777777777777,0.2807017543859649,0.6097560975609756,0.02,0.0
3196,1.5714285714285714,0.3571428571428571,0.5925925925925926,0.0052770448548812,0.0
3197,2.636363636363636,0.2,0.6329787234042553,0.0133333333333333,0.0
3198,2.75,0.4324324324324324,0.6976744186046512,0.0063291139240506,0.0
3199,2.1052631578947367,0.2872340425531915,0.6023166023166023,0.0031055900621118,0.0031055900621118
3200,3.75,0.2439024390243902,0.8080808080808081,0.0349650349650349,0.0
3201,2.111111111111111,0.25,0.5894039735099338,0.0,0.005050505050505
3202,1.625,0.1785714285714285,0.7016129032258065,0.0212765957446808,0.0
3203,2.363636363636364,0.1904761904761904,0.6303317535545023,0.0281124497991967,0.0040160642570281
3204,2.28,0.4588235294117647,0.6359832635983264,0.0031347962382445,0.0
3205,2.583333333333333,0.3384615384615385,0.6931818181818182,0.0228310502283105,0.0
3206,1.4545454545454546,0.2142857142857142,0.6011904761904762,0.024390243902439,0.0048780487804878
3207,1.7272727272727273,0.24,0.746031746031746,0.0,0.0
3208,3.0,0.3086419753086419,0.6460176991150443,0.014388489208633,0.0
3209,2.2222222222222223,0.3636363636363636,0.5691489361702128,0.0125,0.0
3210,3.7142857142857135,0.3255813953488372,0.7450980392156863,0.0075187969924812,0.0
3211,2.5454545454545454,0.4561403508771929,0.6331360946745562,0.0098039215686274,0.0
3212,2.625,0.3461538461538461,0.726027397260274,0.0115606936416184,0.0
3213,1.5555555555555556,0.1590909090909091,0.6893203883495146,0.0082644628099173,0.0082644628099173
3214,2.1666666666666665,0.2388059701492537,0.6460674157303371,0.0046511627906976,0.0
3215,1.125,0.1944444444444444,0.7127659574468085,0.0188679245283018,0.0
3216,2.6666666666666665,0.367816091954023,0.5650557620817844,0.0030487804878048,0.0
3217,2.625,0.1739130434782608,0.6990291262135923,0.0076923076923076,0.0
3218,3.5454545454545454,0.2592592592592592,0.5838509316770186,0.0046511627906976,0.0
3219,2.0,0.2592592592592592,0.684931506849315,0.0224719101123595,0.0
3220,2.6666666666666665,0.3541666666666667,0.6893939393939394,0.0229885057471264,0.0057471264367816
3221,3.4375,0.2432432432432432,0.6065573770491803,0.0224719101123595,0.0022471910112359
3222,3.2222222222222223,0.2156862745098039,0.7394957983193278,0.0125786163522012,0.0
3223,2.090909090909091,0.2545454545454545,0.7642857142857142,0.0290697674418604,0.005813953488372
3224,2.0,0.1666666666666666,0.6530612244897959,0.0114942528735632,0.0
3225,2.888888888888889,0.2459016393442623,0.5210355987055016,0.0157894736842105,0.0
3226,2.75,0.2372881355932203,0.6536312849162011,0.0123456790123456,0.0082304526748971
3227,3.1818181818181817,0.1842105263157894,0.54,0.022875816993464,0.0
3228,1.0,0.1666666666666666,1.0,0.0714285714285714,0.0
3229,2.3529411764705883,0.1447368421052631,0.6442307692307693,0.0076923076923076,0.0
3230,2.7058823529411766,0.189873417721519,0.625,0.028673835125448,0.0
3231,2.9166666666666665,0.2395833333333333,0.6081632653061224,0.0067340067340067,0.0033670033670033
3232,6.0,0.25,0.6,0.0063291139240506,0.0
3233,2.5454545454545454,0.2131147540983606,0.7302631578947368,0.0103626943005181,0.0
3234,1.84375,0.1964285714285714,0.6071428571428571,0.0140845070422535,0.0
3235,2.75,0.1818181818181818,0.6519337016574586,0.0131578947368421,0.0
3236,3.272727272727273,0.2631578947368421,0.6285714285714286,0.0044444444444444,0.0
3237,2.25,0.25,0.9411764705882352,0.0,0.0
3238,1.75,0.2093023255813953,0.7181818181818181,0.0,0.0
3239,2.857142857142857,0.119047619047619,0.7129629629629629,0.0149253731343283,0.0
3240,3.3125,0.141025641025641,0.5938864628820961,0.0263157894736842,0.0
3241,1.4444444444444444,0.3076923076923077,0.7222222222222222,0.0229885057471264,0.0
3242,4.0,0.2,0.6309523809523809,0.0138888888888888,0.0
3243,2.4,0.24,0.6538461538461539,0.0,0.0
3244,4.75,0.141025641025641,0.5637860082304527,0.0032786885245901,0.0
3245,2.1,0.2127659574468085,0.625,0.0142857142857142,0.0
3246,1.7692307692307692,0.2142857142857142,0.6504854368932039,0.0,0.0
3247,3.75,0.0895522388059701,0.6331360946745562,0.014018691588785,0.0
3248,1.5555555555555556,0.24,0.8405797101449275,0.0116279069767441,0.0
3249,3.0,0.1818181818181818,0.6232876712328768,0.0,0.0
3250,1.5625,0.2181818181818181,0.7361111111111112,0.0,0.0
3251,2.736842105263158,0.1704545454545454,0.5664335664335665,0.0253521126760563,0.0028169014084507
3252,4.222222222222222,0.1492537313432835,0.553921568627451,0.0075187969924812,0.0037593984962406
3253,2.409090909090909,0.2891566265060241,0.6462585034013606,0.0323450134770889,0.0
3254,2.625,0.3076923076923077,0.7439024390243902,0.0203045685279187,0.0
3255,2.571428571428572,0.173076923076923,0.6496350364963503,0.0,0.0060975609756097
3256,2.03125,0.3783783783783784,0.5978552278820375,0.0,0.0
3257,2.3125,0.2268041237113402,0.5439330543933054,0.0136518771331058,0.0
3258,2.125,0.3166666666666666,0.6428571428571429,0.0,0.0
3259,2.0,0.2923076923076923,0.6611111111111111,0.0091324200913242,0.0091324200913242
3260,2.0588235294117645,0.2916666666666667,0.6260162601626016,0.0,0.0
3261,3.125,0.1666666666666666,0.6888888888888889,0.0172413793103448,0.0
3262,1.75,0.2631578947368421,0.7717391304347826,0.0089285714285714,0.0
3263,3.4,0.2857142857142857,0.7540983606557377,0.0235294117647058,0.0
3264,4.7,0.4421052631578947,0.5836431226765799,0.0087209302325581,0.0
3265,2.1818181818181817,0.2,0.6566265060240963,0.0148514851485148,0.0
3266,3.0,0.3366336633663366,0.6198083067092651,0.0182767624020887,0.0
3267,2.571428571428572,0.1868131868131868,0.6108949416342413,0.0128205128205128,0.0
3268,4.333333333333333,0.2333333333333333,0.6302521008403361,0.010204081632653,0.0
3269,3.125,0.16,0.6940298507462687,0.0236686390532544,0.0
3270,4.25,0.5333333333333333,0.7261904761904762,0.0188679245283018,0.0
3271,2.533333333333333,0.3142857142857143,0.6040609137055838,0.0039525691699604,0.0
3272,2.8,0.131578947368421,0.5779816513761468,0.0465116279069767,0.003875968992248
3273,3.333333333333333,0.1538461538461538,0.6647727272727273,0.0089686098654708,0.0
3274,2.111111111111111,0.1551724137931034,0.6846153846153846,0.0063694267515923,0.0
3275,2.0625,0.2539682539682539,0.6176470588235294,0.0047393364928909,0.0047393364928909
3276,2.272727272727273,0.1692307692307692,0.6263736263736264,0.009090909090909,0.0045454545454545
3277,2.333333333333333,0.3230769230769231,0.6494252873563219,0.0098039215686274,0.0
3278,2.6923076923076925,0.1969696969696969,0.6140350877192983,0.0135746606334841,0.0
3279,1.25,0.1111111111111111,0.7450980392156863,0.05,0.0
3280,4.2727272727272725,0.2923076923076923,0.6126126126126126,0.0422535211267605,0.0035211267605633
3281,2.4,0.2465753424657534,0.6705202312138728,0.0,0.0
3282,3.4545454545454546,0.2528735632183908,0.626984126984127,0.0259740259740259,0.0
3283,2.2,0.26,0.644927536231884,0.0,0.0
3284,3.636363636363636,0.4382022471910112,0.642023346303502,0.0,0.0
3285,2.5,0.3,0.7710843373493976,0.0094339622641509,0.0
3286,1.809523809523809,0.2149532710280373,0.5584905660377358,0.0127388535031847,0.0
3287,3.111111111111111,0.1666666666666666,0.6407185628742516,0.0428571428571428,0.0
3288,3.2142857142857144,0.2976190476190476,0.6088709677419355,0.0126984126984126,0.0
3289,3.1818181818181817,0.2361111111111111,0.625,0.0434782608695652,0.0
3290,2.3146067415730336,0.3795013850415512,0.4609929078014184,0.0007047216349541,0.0
3291,2.333333333333333,0.1860465116279069,0.7741935483870968,0.0081967213114754,0.0
3292,2.142857142857143,0.2222222222222222,0.6774193548387096,0.0,0.0
3293,2.6153846153846154,0.1885245901639344,0.588957055214724,0.0131926121372031,0.0052770448548812
3294,2.9166666666666665,0.1707317073170731,0.5375494071146245,0.0132450331125827,0.0
3295,2.2790697674418605,0.2838709677419355,0.5174013921113689,0.015929203539823,0.0
3296,3.0,0.3364485981308411,0.56957928802589,0.0050377833753148,0.0
3297,3.4,0.2,0.8024691358024691,0.0098039215686274,0.0
3298,2.9285714285714284,0.1111111111111111,0.5815217391304348,0.0126050420168067,0.0
3299,2.25,0.4888888888888889,0.7022900763358778,0.0062893081761006,0.0062893081761006
3300,0.6666666666666666,0.4,1.0,0.0,0.0
3301,2.583333333333333,0.1428571428571428,0.5778688524590164,0.0034722222222222,0.0
3302,3.1153846153846154,0.2635135135135135,0.5614457831325301,0.0184842883548983,0.0036968576709796
3303,1.2222222222222223,0.2631578947368421,0.7346938775510204,0.032258064516129,0.0
3304,2.111111111111111,0.2,0.7611940298507462,0.0219780219780219,0.0
3305,3.555555555555556,0.4202898550724637,0.6214689265536724,0.0089686098654708,0.0
3306,2.7,0.2261904761904762,0.6238532110091743,0.0,0.0034246575342465
3307,3.0,0.2,0.6404494382022472,0.0046296296296296,0.0
3308,2.1,0.1690140845070422,0.5799086757990868,0.0161943319838056,0.0040485829959514
3309,3.0,0.3037974683544304,0.6075268817204301,0.0,0.0
3310,2.0,0.2857142857142857,0.9444444444444444,0.0,0.0
3311,2.736842105263158,0.2740740740740741,0.5732984293193717,0.0065934065934065,0.0
3312,2.8125,0.208955223880597,0.5674603174603174,0.0419354838709677,0.0032258064516129
3313,2.357142857142857,0.216867469879518,0.6728971962616822,0.0226415094339622,0.0037735849056603
3314,3.1666666666666665,0.2307692307692307,0.7115384615384616,0.023076923076923,0.0153846153846153
3315,2.625,0.1521739130434782,0.6351351351351351,0.0,0.005524861878453
3316,2.2857142857142856,0.1666666666666666,0.6194690265486725,0.0291970802919708,0.0
3317,3.25,0.3,0.5958333333333333,0.0179856115107913,0.0035971223021582
3318,2.857142857142857,0.1702127659574468,0.6916666666666667,0.0136986301369863,0.0
3319,2.333333333333333,0.2916666666666667,0.632,0.0,0.0
3320,1.7391304347826086,0.4380952380952381,0.5686813186813187,0.0109170305676855,0.0
3321,4.545454545454546,0.3220338983050847,0.5,0.0023923444976076,0.0
3322,2.6,0.2631578947368421,0.703125,0.0125,0.0
3323,2.0,0.2962962962962963,0.6973684210526315,0.0111940298507462,0.0
3324,2.571428571428572,0.3829787234042553,0.5474452554744526,0.0290697674418604,0.0
3325,2.2142857142857144,0.1923076923076923,0.6764705882352942,0.096045197740113,0.0
3326,5.25,0.3939393939393939,0.7169811320754716,0.0289855072463768,0.0
3327,2.2857142857142856,0.2298850574712643,0.5932203389830508,0.0553633217993079,0.0
3328,2.0,0.3703703703703703,0.6931818181818182,0.0442477876106194,0.0088495575221238
3329,2.076923076923077,0.3150684931506849,0.6417910447761194,0.0169491525423728,0.0042372881355932
3330,3.0,0.2682926829268293,0.6711711711711712,0.0072202166064981,0.0
3331,2.5,0.1951219512195122,0.6200873362445415,0.0145454545454545,0.0
3332,2.583333333333333,0.1830985915492957,0.5796460176991151,0.022140221402214,0.0
3333,4.363636363636363,0.4222222222222222,0.6883116883116883,0.0138888888888888,0.0
3334,2.4615384615384617,0.2264150943396226,0.6065573770491803,0.0350877192982456,0.0043859649122807
3335,5.2,0.2816901408450704,0.5843621399176955,0.0316455696202531,0.0
3336,3.0,0.0526315789473684,0.8214285714285714,0.0126582278481012,0.0
3337,2.6666666666666665,0.1308411214953271,0.5974842767295597,0.0377358490566037,0.0026954177897574
3338,2.789473684210526,0.2434210526315789,0.5417721518987342,0.025695931477516,0.0021413276231263
3339,4.75,0.3333333333333333,0.6886792452830188,0.0074074074074074,0.0
3340,4.0,0.1818181818181818,0.657608695652174,0.0305676855895196,0.0043668122270742
3341,2.125,0.2075471698113207,0.6503496503496503,0.0,0.0059171597633136
3342,2.619047619047619,0.2727272727272727,0.6201923076923077,0.0,0.0
3343,2.642857142857143,0.1866666666666666,0.6237113402061856,0.0,0.0
3344,2.7,0.2105263157894736,0.6387434554973822,0.0085470085470085,0.0
3345,2.923076923076923,0.0952380952380952,0.5104166666666666,0.0231213872832369,0.0
3346,3.333333333333333,0.1727272727272727,0.5747126436781609,0.0231481481481481,0.0
3347,2.0,0.2072072072072072,0.5827586206896552,0.0029673590504451,0.0178041543026706
3348,3.35,0.2815533980582524,0.635483870967742,0.0246305418719211,0.0049261083743842
3349,1.6,0.3157894736842105,0.8653846153846154,0.015625,0.0
3350,3.333333333333333,0.4545454545454545,0.6335078534031413,0.0207468879668049,0.0041493775933609
3351,2.2222222222222223,0.2244897959183673,0.5689655172413793,0.0231213872832369,0.0028901734104046
3352,2.9285714285714284,0.1851851851851851,0.56957928802589,0.0241935483870967,0.0026881720430107
3353,2.3,0.1643835616438356,0.5825242718446602,0.0122950819672131,0.0040983606557377
3354,6.0,0.3181818181818182,0.7540983606557377,0.0,0.0128205128205128
3355,3.4545454545454546,0.3421052631578947,0.6244541484716157,0.0316901408450704,0.0
3356,2.789473684210526,0.2427745664739884,0.4776470588235294,0.0039447731755424,0.0019723865877712
3357,2.0,0.1388888888888889,0.7901234567901234,0.0099009900990099,0.0
3358,2.1159420289855078,0.2939393939393939,0.502903600464576,0.0037383177570093,0.002803738317757
3359,2.1666666666666665,0.2816901408450704,0.6577540106951871,0.0044642857142857,0.0
3360,3.555555555555556,0.3428571428571428,0.6635514018691588,0.0,0.0
3361,2.0,0.2456140350877192,0.6514285714285715,0.0047619047619047,0.0
3362,2.4705882352941178,0.3709677419354839,0.616580310880829,0.012,0.0
3363,2.125,0.2142857142857142,0.6507936507936508,0.0335570469798657,0.0134228187919463
3364,1.2857142857142858,0.2857142857142857,0.8153846153846154,0.0,0.0
3365,2.4,0.1818181818181818,0.7555555555555555,0.0462962962962962,0.0
3366,5.333333333333333,0.5277777777777778,0.65,0.0067567567567567,0.0
3367,2.952380952380953,0.1923076923076923,0.486646884272997,0.0454545454545454,0.0047846889952153
3368,2.5,0.2950819672131147,0.660377358490566,0.0104166666666666,0.0
3369,2.6,0.1968503937007874,0.5902777777777778,0.0057471264367816,0.0028735632183908
3370,3.083333333333333,0.2753623188405797,0.6666666666666666,0.0192307692307692,0.0
3371,3.909090909090909,0.2888888888888888,0.5890909090909091,0.0271903323262839,0.0
3372,3.6666666666666665,0.2857142857142857,0.8205128205128205,0.0188679245283018,0.0
3373,2.0,0.3333333333333333,0.746031746031746,0.0,0.0
3374,2.6842105263157894,0.2125,0.6666666666666666,0.0,0.003610108303249
3375,2.090909090909091,0.1632653061224489,0.6171875,0.0129032258064516,0.0
3376,2.8,0.2238805970149253,0.5777777777777777,0.0096153846153846,0.0
3377,4.0,0.2297297297297297,0.5707547169811321,0.0076335877862595,0.0
3378,2.083333333333333,0.3278688524590163,0.6818181818181818,0.0052083333333333,0.0
3379,3.0,0.1363636363636363,0.7931034482758621,0.0151515151515151,0.0
3380,10.0,0.3269230769230769,0.7109826589595376,0.0146520146520146,0.0
3381,2.1538461538461537,0.1123595505617977,0.5306859205776173,0.0031152647975077,0.0
3382,1.5,0.1666666666666666,0.8,0.0465116279069767,0.0
3383,2.0,0.48,0.8125,0.058252427184466,0.0
3384,2.4285714285714284,0.4,0.7777777777777778,0.0,0.019047619047619
3385,3.272727272727273,0.3229166666666667,0.6214285714285714,0.0180722891566265,0.0
3386,1.6666666666666667,0.0,1.0,0.0714285714285714,0.0
3387,2.090909090909091,0.2769230769230769,0.6294117647058823,0.0392156862745098,0.0049019607843137
3388,2.7333333333333334,0.1351351351351351,0.5341880341880342,0.0273972602739726,0.0034246575342465
3389,2.5,0.2272727272727272,0.6542553191489362,0.0042553191489361,0.0
3390,2.571428571428572,0.2162162162162162,0.7475728155339806,0.0314960629921259,0.0
3391,2.5285714285714285,0.2835365853658536,0.4869109947643979,0.0249433106575963,0.0005376344086021
3392,1.5,0.2941176470588235,0.7321428571428571,0.106060606060606,0.0
3393,2.2,0.3333333333333333,0.5619047619047619,0.0074074074074074,0.0
3394,2.6666666666666665,0.2058823529411764,0.8157894736842105,0.0,0.0
3395,2.923076923076923,0.2222222222222222,0.6436170212765957,0.0336134453781512,0.0
3396,3.2,0.2702702702702703,0.6301369863013698,0.003731343283582,0.0
3397,2.7142857142857144,0.336734693877551,0.4604810996563573,0.0,0.0
3398,2.888888888888889,0.1818181818181818,0.5581395348837209,0.0118577075098814,0.0
3399,0.8181818181818182,0.4125,0.6768558951965066,0.0,0.0
3400,2.888888888888889,0.2777777777777778,0.5642857142857143,0.0112994350282485,0.0056497175141242
3401,3.5454545454545454,0.1587301587301587,0.5817307692307693,0.0421455938697318,0.0
3402,3.1818181818181817,0.123076923076923,0.5802469135802469,0.0047619047619047,0.0
3403,3.0,0.1481481481481481,0.7530864197530864,0.0202020202020202,0.0101010101010101
3404,4.0,0.1764705882352941,0.5364963503649635,0.0199430199430199,0.0
3405,1.9166666666666667,0.2545454545454545,0.673469387755102,0.0765027322404371,0.0054644808743169
3406,2.2,0.1951219512195122,0.646551724137931,0.0071428571428571,0.0
3407,3.727272727272727,0.2236842105263158,0.5887445887445888,0.0243055555555555,0.0
3408,1.5714285714285714,0.15,0.7230769230769231,0.048780487804878,0.0
3409,2.0,0.2,0.735632183908046,0.0458715596330275,0.0
3410,2.3076923076923075,0.3516483516483517,0.546875,0.0167224080267558,0.0
3411,2.25,0.358974358974359,0.6754385964912281,0.0148698884758364,0.0
3412,2.25,0.0,0.84,0.0,0.0
3413,1.9285714285714288,0.3947368421052631,0.6111111111111112,0.0126582278481012,0.0
3414,1.8791946308724832,0.3636363636363636,0.3262955854126679,0.0168946098149637,0.0
3415,2.142857142857143,0.2222222222222222,0.6451612903225806,0.0285714285714285,0.0
3416,2.3,0.2674418604651162,0.6311787072243346,0.0060975609756097,0.0060975609756097
3417,4.142857142857143,0.2333333333333333,0.5759717314487632,0.0138504155124653,0.0
3418,4.125,0.3076923076923077,0.7058823529411765,0.0039840637450199,0.0
3419,3.0,0.2682926829268293,0.7185929648241206,0.014336917562724,0.0
3420,1.5,0.1724137931034483,0.6,0.0112994350282485,0.0
3421,2.5,0.2,0.8142857142857143,0.0434782608695652,0.0
3422,2.026315789473684,0.1666666666666666,0.5564516129032258,0.0527859237536656,0.002932551319648
3423,1.875,0.2777777777777778,0.7142857142857143,0.0238095238095238,0.0
3424,4.909090909090909,0.2169811320754717,0.5984251968503937,0.006060606060606,0.0
3425,2.909090909090909,0.1733333333333333,0.6060606060606061,0.0108695652173913,0.0
3426,2.2857142857142856,0.3939393939393939,0.7474747474747475,0.0245901639344262,0.0
3427,3.2777777777777777,0.1066666666666666,0.5774647887323944,0.0068337129840546,0.0
3428,2.466666666666667,0.2051282051282051,0.5843621399176955,0.0629139072847682,0.0
3429,1.6296296296296295,0.4521739130434782,0.5726744186046512,0.0,0.0
3430,2.625,0.2105263157894736,0.6827586206896552,0.0,0.0
3431,2.7,0.3448275862068966,0.5122520420070011,0.0093370681605975,0.0
3432,4.666666666666667,0.4210526315789473,0.7818181818181819,0.0138888888888888,0.0
3433,1.6,0.6,0.5862068965517241,0.0,0.0
3434,3.111111111111111,0.2842105263157894,0.5912162162162162,0.0053333333333333,0.0
3435,1.5,0.2307692307692307,0.8,0.0476190476190476,0.0
3436,1.9090909090909087,0.2307692307692307,0.5736842105263158,0.0,0.0
3437,1.5,0.0847457627118644,0.671875,0.0202702702702702,0.0067567567567567
3438,2.793103448275862,0.4097222222222222,0.5959367945823928,0.0072332730560578,0.0036166365280289
3439,2.0,0.0,0.875,0.0,0.0
3440,3.7777777777777777,0.2575757575757575,0.6495327102803738,0.0229007633587786,0.0076335877862595
3441,3.4545454545454546,0.2985074626865671,0.6470588235294118,0.0072727272727272,0.0
3442,2.6666666666666665,0.1020408163265306,0.5770491803278689,0.0346666666666666,0.0
3443,2.5,0.1666666666666666,1.0,0.0,0.0
3444,2.411764705882353,0.2372881355932203,0.569060773480663,0.0042016806722689,0.0
3445,2.413793103448276,0.4166666666666667,0.5940959409594095,0.0163043478260869,0.0
3446,1.8421052631578947,0.2142857142857142,0.5944444444444444,0.0133333333333333,0.0
3447,2.4,0.3,0.6629834254143646,0.0216450216450216,0.0043290043290043
3448,2.333333333333333,0.1578947368421052,0.6458333333333334,0.0,0.0087719298245614
3449,1.8,0.1864406779661017,0.6688741721854304,0.0216216216216216,0.0
3450,2.333333333333333,0.2833333333333333,0.6792452830188679,0.0,0.0
3451,2.1666666666666665,0.2727272727272727,0.7471264367816092,0.0252100840336134,0.0
3452,1.6666666666666667,0.108695652173913,0.5635593220338984,0.0185873605947955,0.0
3453,2.25,0.5357142857142857,0.8125,0.0,0.0
3454,1.5,0.4615384615384615,0.7674418604651163,0.0,0.0
3455,3.375,0.2941176470588235,0.6762589928057554,0.0222222222222222,0.0
3456,2.4,0.320754716981132,0.6923076923076923,0.0056497175141242,0.0
3457,3.909090909090909,0.1627906976744186,0.6178861788617886,0.0350318471337579,0.0
3458,1.9090909090909087,0.1276595744680851,0.551948051948052,0.0,0.0054347826086956
3459,3.25,0.1578947368421052,0.8108108108108109,0.0,0.0
3460,1.5,0.15,0.6598639455782312,0.0170454545454545,0.0056818181818181
3461,2.571428571428572,0.3,0.5981308411214953,0.0,0.0076335877862595
3462,1.75,0.3043478260869565,0.7966101694915254,0.0144927536231884,0.0144927536231884
3463,2.875,0.2432432432432432,0.7314814814814815,0.0,0.0
3464,2.1666666666666665,0.3085106382978723,0.6273062730627307,0.0092879256965944,0.0030959752321981
3465,2.25,0.3191489361702128,0.6302521008403361,0.0129032258064516,0.0064516129032258
3466,3.0,0.1913043478260869,0.5308310991957105,0.0266075388026607,0.0
3467,3.0,0.2674418604651162,0.6081081081081081,0.0151515151515151,0.0
3468,2.888888888888889,0.1946308724832214,0.5235294117647059,0.0071090047393364,0.0023696682464454
3469,3.0,0.1578947368421052,0.6304347826086957,0.0091743119266055,0.0
3470,6.1,0.2929292929292929,0.5654952076677316,0.0253807106598984,0.0
3471,2.75,0.1648351648351648,0.52,0.0168918918918918,0.0
3472,3.0,0.3421052631578947,0.7368421052631579,0.0078125,0.0
3473,3.882352941176471,0.2926829268292683,0.56,0.0329113924050632,0.0
3474,2.375,0.3157894736842105,0.7,0.0127388535031847,0.0063694267515923
3475,2.85,0.2592592592592592,0.5457627118644067,0.0053475935828877,0.0
3476,1.75,0.1875,0.6785714285714286,0.0266666666666666,0.0
3477,3.0,0.2857142857142857,0.6283783783783784,0.0054054054054054,0.0054054054054054
3478,2.4375,0.2098765432098765,0.6451612903225806,0.0363036303630363,0.0
3479,3.0588235294117645,0.2,0.5788043478260869,0.0,0.0022222222222222
3480,2.6666666666666665,0.16,0.7534246575342466,0.0206185567010309,0.0103092783505154
3481,3.1666666666666665,0.4047619047619047,0.6771653543307087,0.0,0.0
3482,3.176470588235294,0.2524271844660194,0.557347670250896,0.0042492917847025,0.0
3483,2.1,0.1134020618556701,0.5577689243027888,0.0177304964539007,0.0070921985815602
3484,1.75,0.2424242424242424,0.6209677419354839,0.0272108843537414,0.0136054421768707
3485,2.636363636363636,0.3333333333333333,0.6150627615062761,0.0,0.0035971223021582
3486,1.8333333333333333,0.2169811320754717,0.5424242424242425,0.0343915343915343,0.0
3487,2.75,0.2592592592592592,0.65,0.0222222222222222,0.0055555555555555
3488,3.4,0.2777777777777778,0.7256637168141593,0.0072463768115942,0.0
3489,2.0,0.125,0.5961538461538461,0.011049723756906,0.0
3490,2.15,0.3238095238095238,0.5518394648829431,0.0282485875706214,0.0
3491,1.2,0.1071428571428571,0.75,0.0112359550561797,0.0
3492,3.275,0.3362445414847161,0.6502636203866432,0.0052151238591916,0.0
3493,1.7,0.1111111111111111,0.5621301775147929,0.0210526315789473,0.0052631578947368
3494,3.6,0.2888888888888888,0.6434426229508197,0.0100671140939597,0.0
3495,1.0,0.0,0.9375,0.0,0.0
3496,4.7,0.2470588235294117,0.5555555555555556,0.0119047619047619,0.0
3497,3.375,0.265625,0.6573033707865169,0.0046082949308755,0.0092165898617511
3498,3.230769230769231,0.2372881355932203,0.599009900990099,0.0264150943396226,0.0
3499,2.333333333333333,0.2,0.821917808219178,0.021505376344086,0.0
3500,3.127659574468085,0.3868852459016393,0.5410798122065728,0.0121268656716417,0.0102611940298507
3501,4.5,0.2708333333333333,0.6428571428571429,0.0056179775280898,0.0
3502,2.909090909090909,0.2394366197183098,0.6206896551724138,0.0163265306122449,0.0
3503,2.7777777777777777,0.2153846153846154,0.639344262295082,0.0135746606334841,0.004524886877828
3504,1.6666666666666667,0.360655737704918,0.4493670886075949,0.0,0.0
3505,3.0,0.1627906976744186,0.689922480620155,0.0795454545454545,0.0
3506,3.7,0.3333333333333333,0.6561085972850679,0.0217391304347826,0.0
3507,2.333333333333333,0.2727272727272727,0.628099173553719,0.0197368421052631,0.0
3508,4.083333333333333,0.1702127659574468,0.6387832699619772,0.0243161094224924,0.0091185410334346
3509,1.5555555555555556,0.2916666666666667,0.7671232876712328,0.108695652173913,0.0108695652173913
3510,2.15,0.1216216216216216,0.6065573770491803,0.00836820083682,0.00418410041841
3511,1.5714285714285714,0.12,0.7105263157894737,0.0155038759689922,0.0
3512,2.8,0.0597014925373134,0.5802469135802469,0.015,0.005
3513,1.818181818181818,0.3191489361702128,0.7218045112781954,0.0186335403726708,0.0062111801242236
3514,3.8666666666666663,0.1956521739130435,0.6300813008130082,0.00920245398773,0.0
3515,2.833333333333333,0.3836477987421384,0.571753986332574,0.0108499095840868,0.0
3516,1.0,0.1666666666666666,1.0,0.0,0.0
3517,3.2,0.2,0.8214285714285714,0.0133333333333333,0.0
3518,2.0,0.4,1.0,0.0476190476190476,0.0
3519,2.555555555555556,0.3529411764705882,0.7189542483660131,0.0105263157894736,0.0
3520,2.1333333333333333,0.1282051282051282,0.5986394557823129,0.0058651026392961,0.002932551319648
3521,1.0,0.2857142857142857,0.9444444444444444,0.05,0.0
3522,1.8333333333333333,0.217391304347826,0.86,0.03125,0.0
3523,2.6666666666666665,0.2,0.4721189591078067,0.0275229357798165,0.0030581039755351
3524,2.1875,0.101010101010101,0.5333333333333333,0.024390243902439,0.0
3525,1.95,0.2307692307692307,0.5674740484429066,0.0205882352941176,0.0
3526,2.363636363636364,0.2,0.6193181818181818,0.0047393364928909,0.0
3527,2.3,0.180327868852459,0.6148648648648649,0.005524861878453,0.005524861878453
3528,3.2,0.3197674418604651,0.4945652173913043,0.052863436123348,0.0014684287812041
3529,2.9,0.216,0.5709677419354838,0.0180878552971576,0.0025839793281653
3530,3.090909090909091,0.21,0.6440677966101694,0.0141342756183745,0.0035335689045936
3531,3.642857142857143,0.160377358490566,0.6230031948881789,0.015228426395939,0.0025380710659898
3532,3.4,0.1627906976744186,0.6415094339622641,0.0155642023346303,0.0038910505836575
3533,2.4444444444444446,0.1551724137931034,0.6688311688311688,0.021505376344086,0.0
3534,2.333333333333333,0.2333333333333333,0.7349397590361446,0.0098039215686274,0.0
3535,4.571428571428571,0.3432835820895522,0.6267281105990783,0.0267175572519083,0.0038167938931297
3536,2.9166666666666665,0.3,0.6838709677419355,0.0049261083743842,0.0049261083743842
3537,2.0,0.5652173913043478,0.7926829268292683,0.0,0.0
3538,4.0,0.1612903225806451,0.6447368421052632,0.0,0.0
3539,2.5,0.2,1.0,0.0,0.0
3540,2.642857142857143,0.2252252252252252,0.5610561056105611,0.0027472527472527,0.0
3541,2.1818181818181817,0.3595505617977528,0.5555555555555556,0.0427631578947368,0.0016447368421052
3542,1.9,0.1216216216216216,0.5794871794871795,0.0,0.0
3543,2.6875,0.1651376146788991,0.528052805280528,0.0054945054945054,0.0027472527472527
3544,3.210526315789474,0.2176870748299319,0.5674931129476584,0.0045454545454545,0.0045454545454545
3545,1.8636363636363635,0.2660550458715596,0.6332179930795848,0.0257879656160458,0.0
3546,1.5714285714285714,0.25,0.7761194029850746,0.024390243902439,0.0
3547,4.0,0.2671755725190839,0.5467836257309941,0.0162790697674418,0.0
3548,2.75,0.1836734693877551,0.625,0.0228571428571428,0.0
3549,2.4285714285714284,0.3111111111111111,0.664,0.0134228187919463,0.0
3550,1.5,0.0,1.0,0.0,0.0
3551,3.5,0.2235294117647059,0.5826086956521739,0.0102389078498293,0.0
3552,3.130434782608696,0.2158273381294964,0.5408970976253298,0.0210526315789473,0.0021052631578947
3553,3.0,0.3376623376623376,0.6411483253588517,0.0235294117647058,0.0
3554,2.0,0.1063829787234042,0.6981132075471698,0.024,0.0
3555,2.3125,0.3258426966292135,0.5865724381625441,0.0118694362017804,0.0059347181008902
3556,2.6,0.0975609756097561,0.6517857142857143,0.0078740157480314,0.0
3557,2.8181818181818183,0.3076923076923077,0.6482084690553745,0.0358974358974358,0.0025641025641025
3558,2.625,0.175,0.7684210526315789,0.0079365079365079,0.0
3559,1.9090909090909087,0.1184210526315789,0.5760869565217391,0.0092592592592592,0.0
3560,1.6,0.5833333333333334,0.7195121951219512,0.0192307692307692,0.0
3561,1.9090909090909087,0.1627906976744186,0.696969696969697,0.008,0.0
3562,5.090909090909091,0.264367816091954,0.6680672268907563,0.0092307692307692,0.0
3563,2.631578947368421,0.168141592920354,0.5525423728813559,0.0245901639344262,0.0
3564,3.1666666666666665,0.2033898305084746,0.6348314606741573,0.0193236714975845,0.0
3565,2.0,0.25,0.9,0.0,0.0
3566,2.6666666666666665,0.2058823529411764,0.631578947368421,0.0084033613445378,0.0
3567,2.727272727272727,0.2519083969465648,0.4809384164222874,0.0224438902743142,0.0
3568,2.0,0.3265306122448979,0.7368421052631579,0.0106951871657754,0.0
3569,3.3,0.21875,0.6103896103896104,0.0050761421319796,0.0
3570,2.8666666666666667,0.1685393258426966,0.6132075471698113,0.0,0.0
3571,3.5384615384615383,0.2948717948717949,0.6422018348623854,0.0106761565836298,0.0
3572,2.1818181818181817,0.15625,0.6358024691358025,0.0252525252525252,0.0
3573,1.3333333333333333,0.3673469387755102,0.6461538461538462,0.0133333333333333,0.0
3574,4.125,0.2647058823529412,0.6162790697674418,0.0182648401826484,0.0045662100456621
3575,1.8333333333333333,0.2439024390243902,0.6346153846153846,0.0,0.0
3576,4.75,0.2467532467532467,0.656084656084656,0.016,0.016
3577,2.0,0.1272727272727272,0.6746031746031746,0.0340136054421768,0.0
3578,2.3076923076923075,0.225,0.7383177570093458,0.0340136054421768,0.0
3579,3.0,0.2,0.8367346938775511,0.0,0.0
3580,3.9,0.2608695652173913,0.5808080808080808,0.003875968992248,0.003875968992248
3581,1.5,0.125,0.7666666666666667,0.0294117647058823,0.0
3582,5.0,0.238095238095238,0.628,0.0194174757281553,0.0032362459546925
3583,3.473684210526316,0.2765957446808511,0.5339805825242718,0.0050761421319796,0.0025380710659898
3584,2.571428571428572,0.1333333333333333,0.7738095238095238,0.0,0.0092592592592592
3585,3.5454545454545454,0.3529411764705882,0.671875,0.0082304526748971,0.0
3586,3.125,0.3137254901960784,0.7152317880794702,0.0108108108108108,0.0054054054054054
3587,5.2,0.0945945945945946,0.6410256410256411,0.0076628352490421,0.0
3588,2.8,0.3125,0.6014234875444839,0.0116618075801749,0.0
3589,3.1666666666666665,0.3125,0.7135416666666666,0.0,0.0
3590,4.333333333333333,0.3018867924528302,0.688622754491018,0.0147783251231527,0.0
3591,3.2,0.358974358974359,0.7241379310344828,0.0141843971631205,0.0
3592,4.75,0.2686567164179104,0.7016574585635359,0.0285714285714285,0.0081632653061224
3593,2.076923076923077,0.21875,0.6524822695035462,0.0,0.0
3594,3.888888888888889,0.0634920634920634,0.575,0.0528455284552845,0.0040650406504065
3595,2.56140350877193,0.2343234323432343,0.4079903147699757,0.0077745383867832,0.0019436345966958
3596,1.8823529411764703,0.3333333333333333,0.6462264150943396,0.0,0.0
3597,3.217391304347826,0.1111111111111111,0.5356371490280778,0.0344827586206896,0.0017241379310344
3598,2.833333333333333,0.2962962962962963,0.6494252873563219,0.0044642857142857,0.0
3599,2.1666666666666665,0.2597402597402597,0.5606694560669456,0.0219780219780219,0.0036630036630036
3600,2.1666666666666665,0.1388888888888889,0.6632653061224489,0.0,0.0
3601,2.1333333333333333,0.3389830508474576,0.6589595375722543,0.0047169811320754,0.0
3602,5.0,0.1323529411764706,0.5687022900763359,0.0290697674418604,0.0
1,3.333333333333333,0.1864406779661017,0.7027027027027027,0.0058479532163742,0.0
2,3.0,0.4205607476635514,0.5856164383561644,0.0,0.0
3,3.0,0.2222222222222222,0.6119402985074627,0.0079365079365079,0.0
4,2.875,0.1,0.6737588652482269,0.0239520958083832,0.0
5,2.5,0.075,0.6541353383458647,0.0472972972972973,0.0
6,2.5454545454545454,0.2133333333333333,0.6197916666666666,0.0045454545454545,0.0
7,2.125,0.2,0.594059405940594,0.0228310502283105,0.0
8,2.333333333333333,0.217391304347826,0.6648648648648648,0.0,0.0
9,2.8,0.0967741935483871,0.8080808080808081,0.0,0.0
10,3.466666666666667,0.4022988505747126,0.6299212598425197,0.0196078431372549,0.0
11,2.2,0.2456140350877192,0.5989010989010989,0.0,0.0
12,2.421052631578948,0.1368421052631579,0.5974025974025974,0.0252707581227436,0.0
13,3.071428571428572,0.2222222222222222,0.5546875,0.0234113712374581,0.0
14,2.8,0.1025641025641025,0.6,0.032258064516129,0.0
15,2.636363636363636,0.1666666666666666,0.7175572519083969,0.01875,0.0
16,2.4444444444444446,0.15,0.5,0.0164835164835164,0.0
17,2.774193548387097,0.2384615384615384,0.3167613636363636,0.0189873417721519,0.0
18,3.2222222222222223,0.109375,0.5869565217391305,0.0375586854460093,0.0
19,1.8695652173913044,0.2164179104477611,0.4119318181818182,0.0122850122850122,0.0
20,2.923076923076923,0.2189349112426035,0.5271493212669683,0.0212355212355212,0.0
21,2.1333333333333333,0.1475409836065573,0.6026490066225165,0.0,0.0
22,1.8,0.2156862745098039,0.483271375464684,0.0066006600660066,0.0
23,2.48,0.2838709677419355,0.5267857142857143,0.0196078431372549,0.0
24,2.96,0.2899408284023668,0.551063829787234,0.0107913669064748,0.0
25,2.6666666666666665,0.0754716981132075,0.549618320610687,0.0062893081761006,0.0
26,3.1,0.0760869565217391,0.5458937198067633,0.0,0.0
27,3.6,0.2913907284768212,0.5673758865248227,0.0188679245283018,0.0
28,3.357142857142857,0.2261904761904762,0.56,0.0202020202020202,0.0
29,2.1296296296296298,0.3725490196078431,0.5555555555555556,0.0052424639580602,0.0
30,3.75,0.1965811965811965,0.545751633986928,0.0028490028490028,0.0
31,2.933333333333333,0.1648351648351648,0.5596707818930041,0.0034246575342465,0.0
32,3.8,0.2878787878787879,0.6030927835051546,0.021551724137931,0.0
33,4.875,0.2857142857142857,0.6091954022988506,0.0140845070422535,0.0
34,3.0,0.2625,0.5863309352517986,0.0186335403726708,0.0
35,3.8333333333333335,0.4202898550724637,0.5414634146341464,0.0039840637450199,0.0
36,3.3043478260869565,0.3043478260869565,0.5521064301552107,0.0151802656546489,0.0
37,3.692307692307693,0.1610169491525423,0.5822368421052632,0.0170454545454545,0.0
38,2.361111111111111,0.2191011235955056,0.6077235772357723,0.0138648180242634,0.0
39,2.375,0.2241379310344827,0.657439446366782,0.0057803468208092,0.0
40,1.6833333333333331,0.3166023166023166,0.4752475247524752,0.0061881188118811,0.0
41,2.5454545454545454,0.131578947368421,0.5848214285714286,0.0307692307692307,0.0
42,3.066666666666667,0.2444444444444444,0.5226130653266332,0.0177383592017738,0.0
43,2.8,0.211864406779661,0.5606060606060606,0.0134408602150537,0.0
44,3.6666666666666665,0.1904761904761904,0.5085995085995086,0.0338266384778012,0.0
45,2.2,0.1515151515151515,0.6612903225806451,0.0144230769230769,0.0
46,3.2857142857142856,0.2395833333333333,0.6575875486381323,0.0132013201320132,0.0
47,2.925,0.2214285714285714,0.456,0.0149942329873125,0.0
48,2.7142857142857144,0.1235955056179775,0.5809128630705395,0.014336917562724,0.0
49,3.25,0.1910112359550561,0.5067114093959731,0.0326409495548961,0.0
50,4.0,0.4021739130434782,0.625,0.00625,0.0
51,1.8222222222222224,0.3157894736842105,0.5995575221238938,0.0093632958801498,0.0
52,2.642857142857143,0.3185840707964602,0.6482084690553745,0.0174418604651162,0.0
53,3.4166666666666665,0.160919540229885,0.5650224215246636,0.0151515151515151,0.0
54,3.272727272727273,0.1829268292682926,0.605,0.0127118644067796,0.0
55,4.0,0.2830188679245283,0.5151515151515151,0.0084507042253521,0.0
56,3.4545454545454546,0.2307692307692307,0.5810276679841897,0.0274914089347079,0.0
57,3.090909090909091,0.1978021978021978,0.5669291338582677,0.0208333333333333,0.0
58,4.066666666666666,0.2030075187969924,0.5396341463414634,0.0077120822622107,0.0
59,2.076923076923077,0.2048192771084337,0.5265486725663717,0.0079051383399209,0.0
60,3.022727272727273,0.3242320819112628,0.5033025099075297,0.0123595505617977,0.0
61,4.833333333333333,0.0681818181818181,0.7230769230769231,0.0245398773006134,0.0
62,2.8529411764705883,0.2365145228215767,0.466472303206997,0.0136986301369863,0.0
63,10.0,0.25,0.5196850393700787,0.0240641711229946,0.0
64,2.5384615384615383,0.2027972027972027,0.5860058309037901,0.0026595744680851,0.0
65,3.3,0.3008849557522124,0.5302593659942363,0.0193704600484261,0.0
66,2.5,0.203883495145631,0.5918367346938775,0.0121580547112462,0.0
67,2.75,0.1587301587301587,0.6061538461538462,0.0391061452513966,0.0
68,4.714285714285714,0.303030303030303,0.6397849462365591,0.0182648401826484,0.0
70,2.357142857142857,0.1735537190082644,0.5014164305949008,0.0190930787589498,0.0
71,2.7,0.1636363636363636,0.6420454545454546,0.0443349753694581,0.0
72,3.108108108108108,0.3110047846889952,0.5606557377049181,0.0234482758620689,0.0
73,3.125,0.2537313432835821,0.6255924170616114,0.0414937759336099,0.0
74,3.0,0.2427184466019417,0.5535055350553506,0.0225806451612903,0.0
75,2.526315789473684,0.2083333333333333,0.6276923076923077,0.0053619302949061,0.0
76,2.642857142857143,0.3131313131313131,0.6415094339622641,0.0033112582781456,0.0
77,4.333333333333333,0.238095238095238,0.5993377483443708,0.0169491525423728,0.0
78,3.8,0.2439024390243902,0.7622950819672131,0.0425531914893617,0.0
79,3.736842105263158,0.3738317757009345,0.6166666666666667,0.0107816711590296,0.0
80,3.111111111111111,0.1864406779661017,0.625,0.0227272727272727,0.0
81,1.9285714285714288,0.2911392405063291,0.591304347826087,0.0038910505836575,0.0
82,2.8823529411764706,0.1969696969696969,0.5156695156695157,0.0169082125603864,0.0
83,3.888888888888889,0.1643835616438356,0.5424528301886793,0.0080971659919028,0.0
84,2.6538461538461537,0.4142011834319526,0.6105032822757112,0.0,0.0
85,2.4285714285714284,0.1744186046511628,0.5767441860465117,0.0080321285140562,0.0
86,3.375,0.0909090909090909,0.6047904191616766,0.0206185567010309,0.0
87,3.2222222222222223,0.0806451612903225,0.6428571428571429,0.0331753554502369,0.0
88,2.272727272727273,0.3013698630136986,0.6724137931034483,0.0050251256281407,0.0
89,2.8125,0.4390243902439024,0.5466666666666666,0.0036231884057971,0.0
90,3.4444444444444446,0.2857142857142857,0.7058823529411765,0.0054347826086956,0.0
91,3.363636363636364,0.7894736842105263,0.6713615023474179,0.0,0.0
92,3.0,0.1666666666666666,0.5952380952380952,0.037037037037037,0.0
93,1.7037037037037035,0.2233502538071066,0.5067961165048543,0.0142602495543672,0.0
94,3.1818181818181817,0.1428571428571428,0.5707964601769911,0.0153256704980842,0.0
95,2.55,0.1666666666666666,0.5377643504531722,0.013089005235602,0.0
96,2.2857142857142856,0.0212765957446808,0.5987261146496815,0.0346820809248554,0.0
97,2.7058823529411766,0.2307692307692307,0.6236559139784946,0.0043103448275862,0.0
98,2.7916666666666665,0.1707317073170731,0.4875283446712018,0.0095969289827255,0.0
99,1.8571428571428568,0.1944444444444444,0.7023809523809523,0.0309278350515463,0.0
100,3.0,0.2209302325581395,0.5110294117647058,0.019108280254777,0.0
101,4.333333333333333,0.1555555555555555,0.5933333333333334,0.0625,0.0
102,2.125,0.1379310344827586,0.5844155844155844,0.0114285714285714,0.0
103,3.625,0.0757575757575757,0.6956521739130435,0.0263157894736842,0.0
104,2.8181818181818183,0.2222222222222222,0.45850622406639,0.052064631956912,0.0
105,4.481481481481482,0.2947761194029851,0.4796061884669479,0.0036057692307692,0.0
106,3.6,0.108433734939759,0.5625,0.0,0.0
107,3.615384615384616,0.2872340425531915,0.5666666666666667,0.0309597523219814,0.0
108,3.2222222222222223,0.109375,0.6166666666666667,0.0382775119617224,0.0
109,3.533333333333333,0.3666666666666666,0.5263157894736842,0.0115473441108545,0.0
110,4.0,0.28,0.7013888888888888,0.0119760479041916,0.0
111,2.1818181818181817,0.1170212765957446,0.5814977973568282,0.0278884462151394,0.0
112,2.75,0.2708333333333333,0.7482014388489209,0.0061349693251533,0.0
113,3.3529411764705883,0.2372881355932203,0.5258620689655172,0.0222222222222222,0.0
114,2.2857142857142856,0.3278688524590163,0.6048632218844985,0.002770083102493,0.0
115,2.8666666666666667,0.4166666666666667,0.680161943319838,0.0034482758620689,0.0
116,3.3157894736842106,0.2212389380530973,0.5492063492063493,0.0185185185185185,0.0
117,5.0,0.1951219512195122,0.6091205211726385,0.0138121546961325,0.0
118,4.714285714285714,0.4269662921348314,0.6386554621848739,0.014760147601476,0.0
119,2.1875,0.2307692307692307,0.6363636363636364,0.0189873417721519,0.0
120,3.0,0.5111111111111111,0.4991596638655462,0.0074626865671641,0.0
121,3.375,0.2574257425742574,0.5396341463414634,0.0104712041884816,0.0
122,3.8181818181818175,0.2054794520547945,0.6519607843137255,0.0203252032520325,0.0
123,4.705882352941177,0.2323943661971831,0.5580246913580247,0.0263157894736842,0.0
124,3.8666666666666663,0.1808510638297872,0.5907473309608541,0.0147492625368731,0.0
125,3.555555555555556,0.1756756756756756,0.5679611650485437,0.0210084033613445,0.0
126,4.136363636363637,0.2857142857142857,0.5236051502145923,0.0071813285457809,0.0
127,3.1052631578947367,0.2071005917159763,0.55125284738041,0.0100401606425702,0.0
128,3.631578947368421,0.3695652173913043,0.5955334987593052,0.0084745762711864,0.0
129,2.4285714285714284,0.184,0.5496688741721855,0.0059523809523809,0.0
130,4.153846153846154,0.2450980392156862,0.5595667870036101,0.0117302052785923,0.0
131,2.652173913043478,0.134453781512605,0.5667752442996743,0.0027173913043478,0.0
132,3.1,0.2210526315789473,0.592948717948718,0.0267379679144385,0.0
133,5.266666666666667,0.2469135802469135,0.5427872860635696,0.0079681274900398,0.0
134,3.0,0.2156862745098039,0.524904214559387,0.0,0.0
135,2.5,0.21,0.5533333333333333,0.0169014084507042,0.0
136,2.933333333333333,0.226890756302521,0.6146788990825688,0.0242587601078167,0.0
137,2.68,0.184931506849315,0.497787610619469,0.0385356454720616,0.0
138,3.5,0.2153846153846154,0.5755395683453237,0.0239520958083832,0.0
139,3.071428571428572,0.1081081081081081,0.627906976744186,0.0099667774086378,0.0
140,3.0,0.1833333333333333,0.7088607594936709,0.0104712041884816,0.0
141,2.588235294117647,0.2115384615384615,0.5951557093425606,0.027027027027027,0.0
142,5.285714285714286,0.3333333333333333,0.681592039800995,0.0336134453781512,0.0
143,3.5384615384615383,0.2,0.5391849529780565,0.0383561643835616,0.0
144,2.357142857142857,0.2584269662921348,0.5767790262172284,0.0233333333333333,0.0
145,4.666666666666667,0.2795275590551181,0.462707182320442,0.0033632286995515,0.0
146,6.4,0.1896551724137931,0.5359116022099447,0.036697247706422,0.0
147,3.117647058823529,0.1555555555555555,0.5732484076433121,0.0027247956403269,0.0
148,3.230769230769231,0.1607142857142857,0.4716981132075472,0.0157728706624605,0.0
149,3.7222222222222223,0.1794871794871795,0.497907949790795,0.0256880733944954,0.0
150,4.615384615384615,0.2352941176470588,0.608,0.0129032258064516,0.0
151,4.333333333333333,0.3225806451612903,0.6153846153846154,0.0085470085470085,0.0
152,3.2,0.2857142857142857,0.6357615894039735,0.0117647058823529,0.0
153,2.9444444444444446,0.3120567375886525,0.458628841607565,0.0228215767634854,0.0
154,2.833333333333333,0.1521739130434782,0.6689655172413793,0.037037037037037,0.0
155,1.4545454545454546,0.2054794520547945,0.5668449197860963,0.0,0.0
156,4.066666666666666,0.2734375,0.5418994413407822,0.0238663484486873,0.0
157,2.5294117647058822,0.3394495412844037,0.555956678700361,0.0,0.0
158,2.5,0.2413793103448276,0.6026200873362445,0.0231660231660231,0.0
159,3.928571428571429,0.2429906542056074,0.4916943521594684,0.0365168539325842,0.0
160,2.727272727272727,0.3879310344827586,0.5794392523364486,0.0104986876640419,0.0
161,2.8666666666666667,0.3770491803278688,0.5311203319502075,0.0105633802816901,0.0
162,4.3,0.1860465116279069,0.6475409836065574,0.0069686411149825,0.0
163,3.333333333333333,0.2597402597402597,0.5803921568627451,0.0070175438596491,0.0
164,2.4285714285714284,0.2670807453416149,0.469601677148847,0.0220183486238532,0.0
165,1.7142857142857142,0.15,0.5671641791044776,0.0171232876712328,0.0
166,3.0,0.1296296296296296,0.5180722891566265,0.0207792207792207,0.0
167,1.875,0.0576923076923076,0.5714285714285714,0.0,0.0
168,3.4545454545454546,0.1868131868131868,0.584070796460177,0.0113636363636363,0.0
169,3.857142857142857,0.2580645161290322,0.5375722543352601,0.0292682926829268,0.0
170,3.176470588235294,0.2191780821917808,0.5721649484536082,0.0,0.0
171,2.9285714285714284,0.221311475409836,0.5324675324675324,0.0028169014084507,0.0
172,3.7,0.1111111111111111,0.6022727272727273,0.0276497695852534,0.0
173,3.2222222222222223,0.21875,0.5606060606060606,0.0042918454935622,0.0
174,4.0,0.1590909090909091,0.5923076923076923,0.0124223602484472,0.0
175,1.9411764705882355,0.1777777777777777,0.572463768115942,0.0094936708860759,0.0
176,2.466666666666667,0.2849462365591398,0.4941634241245136,0.0051020408163265,0.0
177,2.95,0.3252032520325203,0.556786703601108,0.0142857142857142,0.0
178,3.0,0.2991452991452991,0.5632183908045977,0.025062656641604,0.0
179,2.375,0.0862068965517241,0.6071428571428571,0.0188679245283018,0.0
180,2.9166666666666665,0.2608695652173913,0.5037037037037037,0.0232558139534883,0.0
181,1.75,0.1486486486486486,0.54,0.0044444444444444,0.0
182,3.235294117647059,0.1889763779527559,0.4901408450704225,0.0073170731707317,0.0
183,3.1,0.1726618705035971,0.5068119891008175,0.0069930069930069,0.0
184,3.1,0.1176470588235294,0.5887850467289719,0.0,0.0
185,2.75,0.3238095238095238,0.5819397993311036,0.0141242937853107,0.0
186,3.083333333333333,0.1694915254237288,0.5895953757225434,0.0184331797235023,0.0
187,2.857142857142857,0.09375,0.6391752577319587,0.024793388429752,0.0
188,2.1818181818181817,0.1818181818181818,0.594017094017094,0.0152091254752851,0.0
189,2.071428571428572,0.2336448598130841,0.5488721804511278,0.0067796610169491,0.0
190,2.769230769230769,0.1463414634146341,0.5672268907563025,0.0036496350364963,0.0
191,2.75,0.1641791044776119,0.6021505376344086,0.0046948356807511,0.0
192,1.2352941176470589,0.2467532467532467,0.5463414634146342,0.0,0.0
193,2.4545454545454546,0.3260869565217391,0.6842105263157895,0.0,0.0
194,3.4444444444444446,0.1692307692307692,0.6091370558375635,0.0172413793103448,0.0
195,2.0357142857142856,0.2916666666666667,0.5958083832335329,0.0127877237851662,0.0
196,3.142857142857143,0.2698412698412698,0.5843023255813954,0.0077319587628865,0.0
197,5.0,0.2323232323232323,0.6431226765799256,0.0063694267515923,0.0
198,3.571428571428572,0.1320754716981132,0.6891891891891891,0.0173410404624277,0.0
199,7.5,0.2941176470588235,0.7021276595744681,0.0,0.0
200,2.9285714285714284,0.2948717948717949,0.5524193548387096,0.0173010380622837,0.0
201,2.333333333333333,0.5,0.7647058823529411,0.0,0.0
202,4.833333333333333,0.3392857142857143,0.6835443037974683,0.0053475935828877,0.0
203,3.0,0.2678571428571428,0.6346153846153846,0.0114942528735632,0.0
204,3.25,0.2539682539682539,0.5948717948717949,0.0226244343891402,0.0
205,3.1,0.180327868852459,0.6481481481481481,0.0,0.0
206,3.888888888888889,0.1428571428571428,0.5956284153005464,0.018348623853211,0.0
207,3.2857142857142856,0.1176470588235294,0.7062937062937062,0.0301204819277108,0.0
208,2.272727272727273,0.1066666666666666,0.6751269035532995,0.0225225225225225,0.0
209,4.666666666666667,0.22,0.753731343283582,0.0061728395061728,0.0
210,1.1666666666666667,0.2564102564102564,0.7142857142857143,0.0,0.0
211,1.5555555555555556,0.325,0.7520661157024794,0.0148148148148148,0.0
212,3.875,0.1764705882352941,0.7703703703703704,0.0,0.0
213,1.4166666666666667,0.3389830508474576,0.7071428571428572,0.0127388535031847,0.0
214,2.5454545454545454,0.3289473684210526,0.605,0.0263157894736842,0.0
215,3.0,0.2,0.6875,0.031578947368421,0.0
216,3.75,0.1714285714285714,0.6947368421052632,0.0181818181818181,0.0
217,2.8,0.032258064516129,0.6483516483516484,0.019047619047619,0.0
218,3.0,0.2307692307692307,0.6776859504132231,0.0,0.0
219,2.333333333333333,0.24,0.6619718309859155,0.0294117647058823,0.0
220,2.6666666666666665,0.2280701754385964,0.6178343949044586,0.0386740331491712,0.0
221,2.333333333333333,0.5,0.6807228915662651,0.0106951871657754,0.0
222,1.8333333333333333,0.0285714285714285,0.6593406593406593,0.0294117647058823,0.0
223,1.6666666666666667,0.1034482758620689,0.5555555555555556,0.0091743119266055,0.0
224,2.0,0.2,0.5859872611464968,0.0,0.0
225,5.5,0.2297297297297297,0.5515873015873016,0.0,0.0
226,4.8,0.0625,0.6057692307692307,0.0234375,0.0
227,2.2857142857142856,0.32,0.696969696969697,0.0067567567567567,0.0
228,2.2,0.1428571428571428,0.5870967741935483,0.0056497175141242,0.0
229,2.8181818181818183,0.2159090909090909,0.6243654822335025,0.0087719298245614,0.0
230,2.333333333333333,0.125,0.7411764705882353,0.0101010101010101,0.0
231,3.2857142857142856,0.3695652173913043,0.7049180327868853,0.0068965517241379,0.0
232,2.2,0.1707317073170731,0.77,0.0081967213114754,0.0
233,2.25,0.2075471698113207,0.7154471544715447,0.0070921985815602,0.0
234,2.0,0.1923076923076923,0.7441860465116279,0.03125,0.0
235,2.9166666666666665,0.2179487179487179,0.6616915422885572,0.0084745762711864,0.0
236,1.826086956521739,0.3333333333333333,0.5576923076923077,0.0021834061135371,0.0
237,3.4,0.3387096774193548,0.6134969325153374,0.0055555555555555,0.0
238,2.2222222222222223,0.2,0.5925925925925926,0.0127118644067796,0.0
239,1.4,0.1891891891891892,0.6509433962264151,0.0265486725663716,0.0
240,1.8333333333333333,0.1351351351351351,0.6842105263157895,0.0094339622641509,0.0
241,3.5,0.0571428571428571,0.6862745098039216,0.0344827586206896,0.0
242,1.25,0.1,0.6790123456790124,0.0465116279069767,0.0
243,3.0,0.1166666666666666,0.5578231292517006,0.0116959064327485,0.0
244,2.142857142857143,0.25,0.8085106382978723,0.0,0.0
245,2.2857142857142856,0.0175438596491228,0.5605095541401274,0.0346820809248554,0.0
246,2.0,0.1764705882352941,0.5816326530612245,0.0185185185185185,0.0
247,2.333333333333333,0.1666666666666666,0.5741935483870968,0.0177514792899408,0.0
248,1.875,0.0845070422535211,0.5652173913043478,0.050251256281407,0.0
249,3.888888888888889,0.1964285714285714,0.6162790697674418,0.0241545893719806,0.0
250,4.4,0.2413793103448276,0.7215189873417721,0.0198019801980198,0.0
251,1.5,0.2391304347826087,0.6929133858267716,0.0073529411764705,0.0
252,3.142857142857143,0.4210526315789473,0.5793103448275863,0.0419161676646706,0.0
253,1.6,0.1851851851851851,0.6392405063291139,0.0402298850574712,0.0
254,2.5,0.2203389830508474,0.6626506024096386,0.029126213592233,0.0
255,1.75,0.175,0.6792452830188679,0.0176991150442477,0.0
256,2.7142857142857144,0.1454545454545454,0.577639751552795,0.0222222222222222,0.0
257,5.75,0.1612903225806451,0.563265306122449,0.0103092783505154,0.0
258,2.0,0.2045454545454545,0.5514705882352942,0.006578947368421,0.0
259,2.75,0.2244897959183673,0.5704225352112676,0.0182926829268292,0.0
260,2.0,0.2777777777777778,0.6418918918918919,0.0125,0.0
261,2.066666666666667,0.238095238095238,0.5787234042553191,0.0075187969924812,0.0
262,3.272727272727273,0.2954545454545454,0.36875,0.054,0.0
263,2.7777777777777777,0.3064516129032258,0.7407407407407407,0.0,0.0
264,4.5,0.238095238095238,0.7428571428571429,0.008130081300813,0.0
265,3.0,0.1836734693877551,0.6159420289855072,0.0065359477124183,0.0
266,2.2,0.25625,0.5376044568245125,0.0138248847926267,0.0
267,2.3125,0.1844660194174757,0.5905511811023622,0.0034364261168384,0.0
268,2.5,0.1836734693877551,0.6982758620689655,0.0147058823529411,0.0
269,2.8181818181818183,0.2926829268292683,0.7355371900826446,0.0131578947368421,0.0
270,2.625,0.4454545454545454,0.5786163522012578,0.0166666666666666,0.0
271,2.7142857142857144,0.3777777777777777,0.6929824561403509,0.0,0.0
272,1.2727272727272727,0.1428571428571428,0.6618705035971223,0.0,0.0
273,3.7142857142857135,0.3720930232558139,0.5572519083969466,0.019108280254777,0.0
274,3.5,0.2531645569620253,0.3787878787878788,0.0,0.0
275,3.8333333333333335,0.3846153846153846,0.6666666666666666,0.0294117647058823,0.0
276,4.166666666666667,0.1367521367521367,0.5686274509803921,0.0112359550561797,0.0
277,1.9333333333333331,0.2903225806451613,0.6524390243902439,0.0,0.0
278,2.0,0.3095238095238095,0.708029197080292,0.0402684563758389,0.0
279,1.9166666666666667,0.1851851851851851,0.6787878787878788,0.0053191489361702,0.0
280,3.533333333333333,0.312,0.6,0.0,0.0
281,4.833333333333333,0.2222222222222222,0.6788321167883211,0.0119047619047619,0.0
282,2.857142857142857,0.135593220338983,0.5497076023391813,0.0104712041884816,0.0
283,2.4444444444444446,0.2105263157894736,0.5581395348837209,0.0206185567010309,0.0
284,2.5,0.16,0.5130890052356021,0.0277777777777777,0.0
285,3.333333333333333,0.3555555555555555,0.6136363636363636,0.0197368421052631,0.0
286,2.555555555555556,0.2786885245901639,0.6583850931677019,0.0108695652173913,0.0
287,2.555555555555556,0.1805555555555555,0.56,0.0224215246636771,0.0
288,4.5,0.1428571428571428,0.7307692307692307,0.0104166666666666,0.0
289,3.5,0.1509433962264151,0.6555555555555556,0.0186046511627906,0.0
290,3.525,0.3447293447293447,0.4989154013015184,0.0009407337723424,0.0
291,3.8333333333333335,0.23,0.5234657039711191,0.0154798761609907,0.0
292,2.4,0.1702127659574468,0.5490196078431373,0.0054945054945054,0.0
293,2.833333333333333,0.4823529411764706,0.6848249027237354,0.0032467532467532,0.0
294,2.875,0.2727272727272727,0.7164179104477612,0.0063694267515923,0.0
295,5.666666666666667,0.2592592592592592,0.563953488372093,0.0317460317460317,0.0
296,2.6666666666666665,0.2558139534883721,0.575,0.0147058823529411,0.0
297,1.5555555555555556,0.1052631578947368,0.6111111111111112,0.034090909090909,0.0
298,3.6666666666666665,0.1818181818181818,0.6517857142857143,0.0223880597014925,0.0
299,2.555555555555556,0.1568627450980392,0.5555555555555556,0.0239520958083832,0.0
300,3.142857142857143,0.074074074074074,0.6015037593984962,0.0,0.0
301,3.125,0.4615384615384615,0.7132352941176471,0.0186335403726708,0.0
302,1.7142857142857142,0.1875,0.5581395348837209,0.0070921985815602,0.0
303,0.8,0.3,0.9090909090909092,0.0208333333333333,0.0
304,2.526315789473684,0.3333333333333333,0.5393258426966292,0.0024752475247524,0.0
305,5.0,0.2352941176470588,0.6606060606060606,0.0105263157894736,0.0
306,2.142857142857143,0.225,0.7425742574257426,0.0086206896551724,0.0
307,3.2857142857142856,0.1333333333333333,0.6454545454545455,0.0300751879699248,0.0
308,2.75,0.2222222222222222,0.7433628318584071,0.0296296296296296,0.0
309,3.4444444444444446,0.1142857142857142,0.5722222222222222,0.0284360189573459,0.0
310,1.25,0.3928571428571428,0.7647058823529411,0.0105263157894736,0.0
311,2.375,0.303030303030303,0.6822429906542056,0.0079365079365079,0.0
312,2.727272727272727,0.303030303030303,0.5797101449275363,0.0042194092827004,0.0
313,0.3333333333333333,0.2857142857142857,0.875,0.0,0.0
314,2.2,0.1515151515151515,0.6257309941520468,0.0310880829015544,0.0
315,3.0,0.238095238095238,0.6290322580645161,0.0091324200913242,0.0
316,1.3333333333333333,0.3636363636363636,0.8181818181818182,0.0,0.0
317,2.888888888888889,0.2307692307692307,0.6586826347305389,0.0259067357512953,0.0
318,3.1538461538461537,0.3893805309734513,0.6592356687898089,0.0056338028169014,0.0
319,2.555555555555556,0.2857142857142857,0.6865671641791045,0.019108280254777,0.0
320,2.6666666666666665,0.3333333333333333,0.6470588235294118,0.0148148148148148,0.0
321,2.7777777777777777,0.0980392156862745,0.6137931034482759,0.0235294117647058,0.0
322,3.6,0.1071428571428571,0.7619047619047619,0.0,0.0
323,3.0,0.1463414634146341,0.7272727272727273,0.027027027027027,0.0
324,2.2857142857142856,0.2058823529411764,0.6226415094339622,0.0081967213114754,0.0
325,1.8333333333333333,0.1956521739130435,0.5528455284552846,0.0206896551724137,0.0
326,2.833333333333333,0.4433962264150943,0.6060606060606061,0.0072463768115942,0.0
327,2.8,0.1525423728813559,0.6785714285714286,0.0297619047619047,0.0
328,4.111111111111111,0.2738095238095238,0.5703422053231939,0.0233333333333333,0.0
329,2.0,0.12,0.873015873015873,0.0,0.0
330,1.875,0.0961538461538461,0.6259541984732825,0.0136986301369863,0.0
331,2.75,0.2708333333333333,0.6081081081081081,0.0058823529411764,0.0
332,4.0,0.1379310344827586,0.6263736263736264,0.0097087378640776,0.0
333,2.838709677419355,0.3032258064516129,0.6048034934497817,0.0384615384615384,0.0
334,2.625,0.2619047619047619,0.635593220338983,0.0071942446043165,0.0
335,2.857142857142857,0.1739130434782608,0.675,0.0,0.0
336,2.875,0.3888888888888889,0.5786516853932584,0.0149253731343283,0.0
337,2.2222222222222223,0.3829787234042553,0.6133333333333333,0.0176470588235294,0.0
338,2.272727272727273,0.2857142857142857,0.5797872340425532,0.0,0.0
339,2.1666666666666665,0.15,0.6964285714285714,0.008,0.0
340,3.2,0.5,0.6785714285714286,0.0108695652173913,0.0
341,3.6666666666666665,0.1956521739130435,0.6417910447761194,0.0192307692307692,0.0
342,2.391304347826087,0.2413793103448276,0.6240208877284595,0.002283105022831,0.0
343,2.4285714285714284,0.28,0.6403508771929824,0.0,0.0
344,2.0,0.3142857142857143,0.6947368421052632,0.0095238095238095,0.0
345,3.375,0.1,0.66875,0.0106951871657754,0.0
346,2.0,0.3364485981308411,0.5684210526315789,0.0056657223796034,0.0
347,2.4,0.1702127659574468,0.648,0.0145985401459854,0.0
348,2.75,0.3529411764705882,0.680672268907563,0.0076923076923076,0.0
349,2.0,0.2839506172839506,0.6413502109704642,0.018450184501845,0.0
350,2.333333333333333,0.2428571428571428,0.6850828729281768,0.0095693779904306,0.0
351,2.833333333333333,0.1920529801324503,0.5216216216216216,0.01187648456057,0.0
352,2.7777777777777777,0.2413793103448276,0.5786516853932584,0.0591133004926108,0.0
353,2.5,0.2916666666666667,0.7076923076923077,0.0,0.0
354,1.5,0.25,0.5370370370370371,0.0111111111111111,0.0
355,4.2,0.2950819672131147,0.6351351351351351,0.0492424242424242,0.0
356,3.4166666666666665,0.11,0.5757575757575758,0.0147058823529411,0.0
357,3.636363636363636,0.3513513513513513,0.4895397489539749,0.007168458781362,0.0
358,2.5,0.1929824561403508,0.5625,0.0094339622641509,0.0
359,2.3846153846153846,0.1967213114754098,0.6623376623376623,0.0,0.0
360,1.7142857142857142,0.2777777777777778,0.546875,0.0107142857142857,0.0
361,2.4,0.1538461538461538,0.7547169811320755,0.0,0.0
362,1.8333333333333333,0.2758620689655172,0.7590361445783133,0.0425531914893617,0.0
363,3.1666666666666665,0.3103448275862069,0.5688259109311741,0.0016977928692699,0.0
364,3.0,0.1818181818181818,0.7425742574257426,0.0353982300884955,0.0
365,3.0,0.0454545454545454,0.5697674418604651,0.0,0.0
366,2.0,0.2941176470588235,0.7604166666666666,0.0,0.0
367,5.0,0.1851851851851851,0.5668789808917197,0.0052083333333333,0.0
368,1.6,0.0,0.6911764705882353,0.0263157894736842,0.0
369,2.888888888888889,0.1904761904761904,0.6271186440677966,0.0208333333333333,0.0
370,2.0,0.1111111111111111,0.5944055944055944,0.0251572327044025,0.0
371,2.6666666666666665,0.2564102564102564,0.6585365853658537,0.0544217687074829,0.0
372,3.875,0.1666666666666666,0.6377551020408163,0.0352422907488986,0.0
373,2.75,0.0434782608695652,0.5822784810126582,0.0444444444444444,0.0
374,2.7142857142857144,0.1458333333333333,0.7410714285714286,0.0458015267175572,0.0
375,2.6923076923076925,0.2872340425531915,0.5992366412213741,0.0067340067340067,0.0
376,3.0,0.2,0.4679487179487179,0.0,0.0
377,2.5,0.3432835820895522,0.72,0.0047619047619047,0.0
378,2.625,0.1764705882352941,0.732824427480916,0.0,0.0
379,2.608695652173913,0.33125,0.5414847161572053,0.0038610038610038,0.0
380,3.857142857142857,0.3626373626373626,0.6236162361623616,0.0061538461538461,0.0
381,1.6666666666666667,0.1612903225806451,0.8591549295774648,0.0246913580246913,0.0
382,3.2857142857142856,0.1597633136094674,0.5625,0.0034965034965034,0.0
383,2.1,0.360655737704918,0.6909090909090909,0.0053763440860215,0.0
384,2.727272727272727,0.3734939759036144,0.6441441441441441,0.0039682539682539,0.0
385,3.333333333333333,0.2195121951219512,0.6328125,0.0405405405405405,0.0
386,3.0,0.1764705882352941,0.6148148148148148,0.0432098765432098,0.0
387,1.5384615384615383,0.3269230769230769,0.6809815950920245,0.0,0.0
388,4.714285714285714,0.3506493506493506,0.5684647302904564,0.0182481751824817,0.0
389,2.235294117647059,0.1416666666666666,0.5079872204472844,0.017094017094017,0.0
390,3.571428571428572,0.3571428571428571,0.6585365853658537,0.0202702702702702,0.0
391,4.444444444444445,0.0625,0.6639344262295082,0.0246913580246913,0.0
392,2.583333333333333,0.3210526315789473,0.4708904109589041,0.0073855243722304,0.0
393,2.125,0.1636363636363636,0.6721311475409836,0.0,0.0
394,2.75,0.2252252252252252,0.596551724137931,0.0029940119760479,0.0
395,1.6,0.3095238095238095,0.7166666666666667,0.0147058823529411,0.0
396,3.0,0.0526315789473684,0.610062893081761,0.0333333333333333,0.0
397,4.75,0.34375,0.6173913043478261,0.003731343283582,0.0
398,2.230769230769231,0.2533333333333333,0.6847290640394089,0.0129310344827586,0.0
399,2.3125,0.247191011235955,0.6561264822134387,0.0103448275862068,0.0
400,2.3157894736842106,0.2043010752688172,0.5836177474402731,0.0207715133531157,0.0
401,3.8666666666666663,0.5,0.6643598615916955,0.0115273775216138,0.0
402,2.8,0.1864406779661017,0.569620253164557,0.021505376344086,0.0
403,0.5,0.1111111111111111,0.7647058823529411,0.0555555555555555,0.0
404,2.6666666666666665,0.3392857142857143,0.643312101910828,0.011049723756906,0.0
405,3.363636363636364,0.2702702702702703,0.6735751295336787,0.0130434782608695,0.0
406,3.0,0.3333333333333333,0.7280701754385965,0.0074074074074074,0.0
407,4.333333333333333,0.3384615384615385,0.6312849162011173,0.0,0.0
408,3.25,0.2391304347826087,0.6842105263157895,0.0,0.0
409,2.7222222222222223,0.3092105263157895,0.5590200445434298,0.0140562248995983,0.0
410,2.7,0.2028985507246377,0.5858585858585859,0.0177777777777777,0.0
411,8.0,0.1782178217821782,0.6216216216216216,0.0,0.0
412,2.076923076923077,0.4444444444444444,0.7439024390243902,0.0,0.0
413,2.4,0.2777777777777778,0.75,0.0357142857142857,0.0
414,2.1,0.2063492063492063,0.6870748299319728,0.0059523809523809,0.0
415,2.083333333333333,0.234375,0.5879120879120879,0.0048309178743961,0.0
416,3.2916666666666665,0.3333333333333333,0.4814814814814814,0.0168918918918918,0.0
417,2.375,0.3243243243243243,0.635036496350365,0.0,0.0
418,1.9,0.1034482758620689,0.5909090909090909,0.0115606936416184,0.0
419,7.0,0.2391304347826087,0.6709677419354839,0.0170454545454545,0.0
420,3.0,0.1698113207547169,0.6111111111111112,0.021505376344086,0.0
421,1.818181818181818,0.1408450704225352,0.648936170212766,0.0192307692307692,0.0
422,1.8888888888888888,0.2325581395348837,0.6893939393939394,0.0067114093959731,0.0
423,2.2,0.2072072072072072,0.6419753086419753,0.0108695652173913,0.0
424,2.761904761904762,0.1782178217821782,0.6376811594202898,0.0089820359281437,0.0
425,0.6666666666666666,0.0833333333333333,0.8205128205128205,0.0,0.0
426,2.333333333333333,0.1975308641975308,0.6211453744493393,0.0078431372549019,0.0
427,2.5,0.064516129032258,0.6515151515151515,0.0,0.0
428,2.7222222222222223,0.3083333333333333,0.5013698630136987,0.0072463768115942,0.0
429,3.333333333333333,0.0895522388059701,0.5578947368421052,0.0909090909090909,0.0
430,2.3,0.2282608695652173,0.5657620041753654,0.0091240875912408,0.0
431,3.888888888888889,0.2597402597402597,0.5648535564853556,0.010948905109489,0.0
432,2.7142857142857144,0.2065217391304347,0.5179584120982986,0.0033057851239669,0.0
433,2.0,0.188235294117647,0.5951219512195122,0.0170212765957446,0.0
434,1.375,0.2666666666666666,0.7586206896551724,0.0204081632653061,0.0
435,2.75,0.2608695652173913,0.674074074074074,0.0063694267515923,0.0
436,1.9,0.2222222222222222,0.6337209302325582,0.031413612565445,0.0
437,2.333333333333333,0.1285714285714285,0.578125,0.0234741784037558,0.0
438,2.4285714285714284,0.2837837837837837,0.6699507389162561,0.0126582278481012,0.0
439,3.1666666666666665,0.3177570093457944,0.6385964912280702,0.0154798761609907,0.0
440,2.272727272727273,0.2894736842105263,0.6846153846153846,0.0193548387096774,0.0
441,2.5454545454545454,0.2921348314606741,0.6448979591836734,0.0036630036630036,0.0
442,2.0,0.2063492063492063,0.6545454545454545,0.0,0.0
443,2.8,0.1071428571428571,0.7021276595744681,0.0648148148148148,0.0
444,2.727272727272727,0.1379310344827586,0.6273291925465838,0.0261780104712041,0.0
445,2.5,0.3953488372093023,0.5900621118012422,0.0220994475138121,0.0
446,2.5,0.3,0.6703910614525139,0.0,0.0
447,2.4,0.2658227848101265,0.5919282511210763,0.027027027027027,0.0
448,1.5833333333333333,0.4042553191489361,0.6554054054054054,0.0239520958083832,0.0
449,2.6,0.0952380952380952,0.6378378378378379,0.0094786729857819,0.0
450,2.8181818181818183,0.2549019607843137,0.6770186335403726,0.0052083333333333,0.0
451,3.25,0.3157894736842105,0.6271186440677966,0.0036363636363636,0.0
452,4.428571428571429,0.0,0.8061224489795918,0.0310077519379844,0.0
453,2.833333333333333,0.4533333333333333,0.6041666666666666,0.0072992700729927,0.0
454,2.727272727272727,0.2564102564102564,0.6280193236714976,0.0042194092827004,0.0
455,3.0,0.3388429752066115,0.6136986301369863,0.0,0.0
456,1.7666666666666666,0.3486238532110092,0.5342857142857143,0.0024813895781637,0.0
457,2.7,0.1212121212121212,0.6809815950920245,0.0105263157894736,0.0
458,3.8333333333333335,0.3364485981308411,0.5718954248366013,0.0113636363636363,0.0
459,2.125,0.2711864406779661,0.6209150326797386,0.0176470588235294,0.0
460,4.909090909090909,0.2909090909090909,0.5322033898305085,0.0200573065902578,0.0
461,2.4,0.1914893617021276,0.726027397260274,0.0126582278481012,0.0
462,4.5,0.2083333333333333,0.7431192660550459,0.0,0.0
463,1.7142857142857142,0.2075471698113207,0.6351351351351351,0.0125,0.0
464,3.636363636363636,0.3541666666666667,0.6888888888888889,0.0,0.0
465,3.5,0.2432432432432432,0.5638297872340425,0.0046296296296296,0.0
466,3.333333333333333,0.2340425531914893,0.7787610619469026,0.0,0.0
467,3.142857142857143,0.2551020408163265,0.5515873015873016,0.0236486486486486,0.0
468,2.9285714285714284,0.1904761904761904,0.5946969696969697,0.0,0.0
469,3.933333333333333,0.3786407766990291,0.6228373702422145,0.0028735632183908,0.0
470,2.25,0.3082191780821918,0.5815217391304348,0.0024213075060532,0.0
471,2.9047619047619047,0.1517857142857142,0.5394736842105263,0.0054794520547945,0.0
472,3.0,0.2560975609756097,0.690677966101695,0.0179856115107913,0.0
473,2.2857142857142856,0.1184210526315789,0.6521739130434783,0.0167364016736401,0.0
474,2.0,0.1612903225806451,0.5828220858895705,0.0432432432432432,0.0
475,1.9411764705882355,0.4270833333333333,0.6561264822134387,0.0034965034965034,0.0
476,2.555555555555556,0.4745762711864407,0.6238095238095238,0.0085836909871244,0.0
477,3.0689655172413794,0.3478260869565217,0.7060702875399361,0.0248756218905472,0.0
478,2.857142857142857,0.2788461538461538,0.6390977443609023,0.0065359477124183,0.0
479,3.0,0.0384615384615384,0.6,0.0444444444444444,0.0
480,1.5,0.375,0.9583333333333334,0.0,0.0
481,2.2857142857142856,0.1739130434782608,0.6148148148148148,0.0,0.0
482,3.2,0.2363636363636363,0.7302631578947368,0.0,0.0
483,2.888888888888889,0.1351351351351351,0.6903553299492385,0.0269058295964125,0.0
484,3.25,0.3409090909090909,0.5833333333333334,0.0068493150684931,0.0
485,2.4705882352941178,0.324074074074074,0.6642335766423357,0.0031645569620253,0.0
486,4.0,0.2236842105263158,0.6053811659192825,0.0190114068441064,0.0
487,2.923076923076923,0.2352941176470588,0.5684647302904564,0.010752688172043,0.0
488,3.230769230769231,0.3947368421052631,0.5659574468085107,0.0288808664259927,0.0
489,3.7142857142857135,0.2666666666666666,0.7710843373493976,0.0,0.0
490,0.75,0.0,0.8571428571428571,0.0,0.0
491,3.111111111111111,0.1929824561403508,0.6574585635359116,0.0287081339712918,0.0
492,3.5,0.3165829145728643,0.5583941605839416,0.0031298904538341,0.0
493,2.7777777777777777,0.140625,0.5672514619883041,0.010204081632653,0.0
494,2.571428571428572,0.2456140350877192,0.7246376811594203,0.0,0.0
495,1.8333333333333333,0.2745098039215686,0.7096774193548387,0.0148148148148148,0.0
496,3.2,0.3636363636363636,0.660377358490566,0.0033670033670033,0.0
497,2.5,0.0,0.6864406779661016,0.0150375939849624,0.0
498,3.076923076923077,0.2446808510638297,0.5992647058823529,0.0032051282051282,0.0
499,2.5,0.1951219512195122,0.7909090909090909,0.023076923076923,0.0
500,2.5,0.3164556962025316,0.6535087719298246,0.0,0.0
501,3.25,0.2689075630252101,0.592814371257485,0.0207253886010362,0.0
502,2.090909090909091,0.2903225806451613,0.5980861244019139,0.0064655172413793,0.0
503,2.7,0.2407407407407407,0.7238805970149254,0.0124223602484472,0.0
504,1.8571428571428568,0.2340425531914893,0.6875,0.0212765957446808,0.0
505,2.6,0.05,0.6078431372549019,0.008695652173913,0.0
506,1.7647058823529411,0.1894736842105263,0.5949367088607594,0.0037453183520599,0.0
507,4.0,0.1777777777777777,0.6746031746031746,0.0266666666666666,0.0
508,3.4074074074074074,0.3761467889908257,0.5966101694915255,0.0,0.0
509,1.1538461538461535,0.1607142857142857,0.7368421052631579,0.0059880239520958,0.0
510,2.0526315789473686,0.237410071942446,0.5869565217391305,0.0,0.0
511,3.3,0.4047619047619047,0.5902061855670103,0.0044052863436123,0.0
512,2.333333333333333,0.1428571428571428,0.5824175824175825,0.0032467532467532,0.0
513,2.6785714285714284,0.4503816793893129,0.559322033898305,0.0040983606557377,0.0
514,3.230769230769231,0.5595238095238095,0.5777027027027027,0.0,0.0
515,2.6,0.3676470588235294,0.6268656716417911,0.0,0.0
516,2.6,0.1643835616438356,0.6041666666666666,0.018348623853211,0.0
517,2.6,0.3636363636363636,0.6098484848484849,0.0068965517241379,0.0
518,3.0,0.1654135338345864,0.5788043478260869,0.0070588235294117,0.0
519,2.111111111111111,0.3529411764705882,0.6038251366120219,0.0070921985815602,0.0
520,2.473684210526316,0.2193548387096774,0.5169082125603864,0.0021691973969631,0.0
521,3.391304347826087,0.1879194630872483,0.5264423076923077,0.0303643724696356,0.0
522,2.75,0.3191489361702128,0.6219512195121951,0.0,0.0
523,2.4444444444444446,0.1940298507462686,0.5229885057471264,0.0357142857142857,0.0
524,2.2666666666666666,0.2522522522522522,0.6441281138790036,0.0,0.0
525,3.3846153846153846,0.2234042553191489,0.673469387755102,0.0,0.0
526,2.571428571428572,0.5242718446601942,0.6466431095406361,0.0031347962382445,0.0
527,2.333333333333333,0.2105263157894736,0.7181208053691275,0.0058823529411764,0.0
528,1.8333333333333333,0.28125,0.75,0.0,0.0
529,2.5,0.35,0.6176470588235294,0.0,0.0
530,2.5,0.2794117647058823,0.5989847715736041,0.0045045045045045,0.0
531,2.303030303030303,0.2285714285714285,0.5,0.0064724919093851,0.0
532,3.0,0.1029411764705882,0.6490066225165563,0.0,0.0
533,2.857142857142857,0.0612244897959183,0.6744186046511628,0.0134228187919463,0.0
534,1.5,0.2205882352941176,0.6994219653179191,0.0,0.0
535,5.2,0.5384615384615384,0.7183098591549296,0.0,0.0
536,2.5,0.1911764705882352,0.7333333333333333,0.0105263157894736,0.0
537,1.25,0.35,0.8461538461538461,0.0175438596491228,0.0
538,4.2,0.3944954128440367,0.6230031948881789,0.0186170212765957,0.0
539,3.235294117647059,0.2587412587412587,0.5486486486486486,0.0094117647058823,0.0
540,3.111111111111111,0.28125,0.6463414634146342,0.0208333333333333,0.0
541,2.4,0.1612903225806451,0.5876288659793815,0.018348623853211,0.0
542,3.142857142857143,0.3666666666666666,0.5214592274678111,0.0056390977443609,0.0
543,3.2857142857142856,0.2608695652173913,0.5670731707317073,0.0427807486631016,0.0
544,2.0,0.358974358974359,0.6291666666666667,0.0,0.0
545,3.2857142857142856,0.2,0.5436893203883495,0.0,0.0
546,3.25,0.3793103448275862,0.6534090909090909,0.0,0.0
547,3.2857142857142856,0.1779661016949152,0.560126582278481,0.0248618784530386,0.0
548,2.142857142857143,0.1395348837209302,0.6692913385826772,0.0140845070422535,0.0
549,2.8,0.1705426356589147,0.5268456375838926,0.0028248587570621,0.0
550,2.642857142857143,0.4393939393939394,0.5069767441860465,0.0039682539682539,0.0
551,3.111111111111111,0.08,0.6115107913669064,0.0059880239520958,0.0
552,2.5,0.1525423728813559,0.6645161290322581,0.0058823529411764,0.0
553,2.1666666666666665,0.2051282051282051,0.7311827956989247,0.0,0.0
554,3.136363636363636,0.4339622641509434,0.6119402985074627,0.0074257425742574,0.0
555,2.272727272727273,0.3194444444444444,0.6585365853658537,0.0130434782608695,0.0
556,3.0,0.3195876288659793,0.5531135531135531,0.0339506172839506,0.0
557,2.0,0.0588235294117647,0.6382978723404256,0.0566037735849056,0.0
558,3.4,0.4482758620689655,0.62004662004662,0.00625,0.0
559,3.6666666666666665,0.1621621621621621,0.6666666666666666,0.017391304347826,0.0
560,1.7142857142857142,0.15,0.5965909090909091,0.0106382978723404,0.0
561,3.8181818181818175,0.3069306930693069,0.6349809885931559,0.0,0.0
562,1.0,0.2142857142857142,0.9117647058823528,0.0277777777777777,0.0
563,1.8333333333333333,0.5,0.7050359712230215,0.0062111801242236,0.0
564,2.259259259259259,0.2954545454545454,0.4844868735083532,0.00625,0.0
565,2.4545454545454546,0.1071428571428571,0.631578947368421,0.0,0.0
566,3.6666666666666665,0.3265306122448979,0.6619718309859155,0.0,0.0
567,3.090909090909091,0.4782608695652174,0.5819672131147541,0.0179856115107913,0.0
568,3.071428571428572,0.1443298969072164,0.5058823529411764,0.0201342281879194,0.0
569,1.7272727272727273,0.1590909090909091,0.6515837104072398,0.0041666666666666,0.0
570,2.636363636363636,0.360655737704918,0.631578947368421,0.0,0.0
571,2.119047619047619,0.326271186440678,0.5416666666666666,0.0025477707006369,0.0
572,3.230769230769231,0.2653061224489796,0.5836431226765799,0.0,0.0
573,2.8181818181818183,0.1176470588235294,0.4761904761904761,0.0082987551867219,0.0
574,3.0,0.2619047619047619,0.6640625,0.0033557046979865,0.0
575,2.388888888888889,0.3333333333333333,0.6171875,0.0033444816053511,0.0
576,3.2,0.3333333333333333,0.552,0.0,0.0
577,2.1538461538461537,0.1348314606741573,0.5637860082304527,0.033210332103321,0.0
578,3.1538461538461537,0.144927536231884,0.6173469387755102,0.0126582278481012,0.0
579,3.75,0.2105263157894736,0.7413793103448276,0.0273972602739726,0.0
580,2.555555555555556,0.3518518518518518,0.6099071207430341,0.005420054200542,0.0
581,3.727272727272727,0.3364485981308411,0.59375,0.0166204986149584,0.0
582,2.0,0.0357142857142857,0.7428571428571429,0.0128205128205128,0.0
583,3.8181818181818175,0.3676470588235294,0.6164383561643836,0.003831417624521,0.0
584,3.0869565217391304,0.3157894736842105,0.4924242424242424,0.006677796327212,0.0
585,2.583333333333333,0.1894736842105263,0.6153846153846154,0.0378006872852233,0.0
586,2.590909090909091,0.1366459627329192,0.4838709677419355,0.0023255813953488,0.0
587,3.0,0.3717948717948718,0.6058091286307054,0.0178571428571428,0.0
588,2.875,0.4561403508771929,0.6794871794871795,0.0167597765363128,0.0
589,3.0,0.0952380952380952,0.7096774193548387,0.027027027027027,0.0
590,2.571428571428572,0.35,0.6159695817490495,0.0167224080267558,0.0
591,2.958333333333333,0.2714285714285714,0.5354477611940298,0.0016474464579901,0.0
592,2.375,0.1447368421052631,0.6337209302325582,0.0052356020942408,0.0
593,2.111111111111111,0.1944444444444444,0.6321243523316062,0.0047169811320754,0.0
594,3.0588235294117645,0.2947368421052631,0.5760111576011158,0.0060901339829476,0.0
595,2.2857142857142856,0.3333333333333333,0.6403940886699507,0.0042553191489361,0.0
596,3.2,0.4444444444444444,0.5816618911174785,0.0,0.0
597,3.333333333333333,0.3057851239669421,0.5172413793103449,0.0183066361556064,0.0
598,2.2,0.5952380952380952,0.6344827586206897,0.0,0.0
599,1.0,0.3571428571428571,0.8974358974358975,0.0,0.0
600,2.636363636363636,0.0677966101694915,0.6231884057971014,0.0119760479041916,0.0
601,1.6666666666666667,0.2142857142857142,0.9655172413793104,0.0,0.0
602,1.6428571428571428,0.1333333333333333,0.5701357466063348,0.0081967213114754,0.0
603,2.411764705882353,0.3793103448275862,0.5703703703703704,0.045016077170418,0.0
604,2.5294117647058822,0.1643192488262911,0.6101083032490975,0.009375,0.0
605,1.0,0.0384615384615384,0.8028169014084507,0.0394736842105263,0.0
606,2.642857142857143,0.1386138613861386,0.5310077519379846,0.0644067796610169,0.0
607,2.2857142857142856,0.3225806451612903,0.5945945945945946,0.0149253731343283,0.0
608,3.75,0.40625,0.75,0.018018018018018,0.0
609,2.8095238095238093,0.3381294964028777,0.5278514588859416,0.0114678899082568,0.0
610,2.814814814814815,0.2293577981651376,0.5504273504273505,0.0166414523449319,0.0
611,3.4375,0.2427184466019417,0.6026490066225165,0.0028011204481792,0.0
612,1.3636363636363635,0.6333333333333333,0.7551020408163265,0.0,0.0
613,2.5,0.3246753246753247,0.49800796812749,0.0217391304347826,0.0
614,2.7142857142857144,0.2753623188405797,0.5909090909090909,0.0138248847926267,0.0
615,2.533333333333333,0.1910112359550561,0.5257352941176471,0.0129032258064516,0.0
616,2.7,0.3118279569892473,0.5801526717557252,0.0173010380622837,0.0
617,3.0,0.53125,0.5734265734265734,0.0030211480362537,0.0
618,2.2857142857142856,0.2790697674418604,0.7333333333333333,0.0082644628099173,0.0
619,3.090909090909091,0.5205479452054794,0.6153846153846154,0.0034013605442176,0.0
620,3.0,0.2567567567567567,0.6512820512820513,0.0133333333333333,0.0
621,3.0,0.3793103448275862,0.6820809248554913,0.015,0.0
622,4.777777777777778,0.3333333333333333,0.6933962264150944,0.0039215686274509,0.0
623,2.727272727272727,0.1630434782608695,0.5907172995780591,0.0037453183520599,0.0
624,1.8,0.1944444444444444,0.5333333333333333,0.0101010101010101,0.0
625,2.1666666666666665,0.3931623931623931,0.6217105263157895,0.0,0.0
626,4.4,0.1988304093567251,0.5353075170842825,0.0151802656546489,0.0
627,2.8,0.3185840707964602,0.6352201257861635,0.0083333333333333,0.0
628,2.9285714285714284,0.1744186046511628,0.6212765957446809,0.0108695652173913,0.0
629,2.583333333333333,0.2068965517241379,0.6158536585365854,0.0102564102564102,0.0
630,3.571428571428572,0.1698113207547169,0.6666666666666666,0.0,0.0
631,4.944444444444445,0.2592592592592592,0.5783365570599613,0.0033003300330033,0.0
632,3.75,0.4090909090909091,0.5595238095238095,0.0101010101010101,0.0
633,3.090909090909091,0.1813186813186813,0.527542372881356,0.0166666666666666,0.0
634,1.8461538461538465,0.3246753246753247,0.6359223300970874,0.0,0.0
635,2.7241379310344827,0.4031007751937984,0.5527522935779816,0.0058252427184466,0.0
636,3.0,0.2,0.8135593220338984,0.0135135135135135,0.0
637,3.692307692307693,0.2478632478632478,0.5408805031446541,0.0027322404371584,0.0
638,5.043478260869565,0.3351955307262569,0.4981060606060606,0.0093167701863354,0.0
639,1.9,0.2521008403361344,0.66996699669967,0.0146627565982404,0.0
640,1.4444444444444444,0.1089108910891089,0.5506607929515418,0.0079051383399209,0.0
641,1.8333333333333333,0.3,0.728,0.0147058823529411,0.0
642,2.8461538461538463,0.3260869565217391,0.607773851590106,0.025,0.0
643,1.736842105263158,0.3018867924528302,0.6451612903225806,0.0064102564102564,0.0
644,3.6666666666666665,0.1428571428571428,0.7794117647058824,0.0126582278481012,0.0
645,2.8461538461538463,0.2307692307692307,0.6048034934497817,0.0093984962406015,0.0
646,2.1538461538461537,0.2073170731707317,0.6157407407407407,0.0081967213114754,0.0
647,2.6666666666666665,0.3854166666666667,0.5825825825825826,0.0100755667506297,0.0
648,2.555555555555556,0.1894736842105263,0.7160493827160493,0.0173010380622837,0.0
649,3.857142857142857,0.3114754098360656,0.5978835978835979,0.0185185185185185,0.0
650,0.5,0.2222222222222222,1.0,0.0,0.0
651,2.2222222222222223,0.1,0.583011583011583,0.0033444816053511,0.0
652,3.8,0.3100775193798449,0.6485623003194888,0.0027027027027027,0.0
653,2.5,0.1521739130434782,0.6952380952380952,0.008695652173913,0.0
654,2.111111111111111,0.2264150943396226,0.6197183098591549,0.0248447204968944,0.0
655,3.571428571428572,0.375,0.6052631578947368,0.0,0.0
656,3.0,0.1964285714285714,0.6474820143884892,0.00625,0.0
657,3.136363636363636,0.2517482517482518,0.5745192307692307,0.0206185567010309,0.0
658,3.625,0.1428571428571428,0.65,0.0105820105820105,0.0
659,2.571428571428572,0.308411214953271,0.5866261398176292,0.0027397260273972,0.0
660,2.6,0.21875,0.6923076923076923,0.0109890109890109,0.0
661,2.7777777777777777,0.2714285714285714,0.7382198952879581,0.0138888888888888,0.0
662,3.071428571428572,0.4215686274509804,0.584192439862543,0.0,0.0
663,2.5,0.2222222222222222,0.5909090909090909,0.02,0.0
664,2.875,0.0869565217391304,0.6,0.0069930069930069,0.0
665,6.555555555555555,0.5691056910569106,0.6302083333333334,0.0,0.0
666,2.727272727272727,0.323943661971831,0.6296296296296297,0.0091324200913242,0.0
667,2.5625,0.2830188679245283,0.6590909090909091,0.0065573770491803,0.0
668,2.2777777777777777,0.5151515151515151,0.6028368794326241,0.0092879256965944,0.0
669,2.6904761904761907,0.3298245614035088,0.4832298136645963,0.0043572984749455,0.0
670,3.0,0.1111111111111111,0.6470588235294118,0.0066225165562913,0.0
671,2.823529411764706,0.2035398230088495,0.5917721518987342,0.0137362637362637,0.0
672,3.083333333333333,0.3176470588235294,0.5925925925925926,0.0107142857142857,0.0
673,3.272727272727273,0.2839506172839506,0.6923076923076923,0.0040983606557377,0.0
674,3.0,0.3108108108108108,0.5117773019271948,0.0018726591760299,0.0
675,2.75,0.1122448979591836,0.5807860262008734,0.0076335877862595,0.0
676,1.5,0.3026315789473684,0.6238532110091743,0.0167364016736401,0.0
677,2.75,0.360655737704918,0.6609195402298851,0.0,0.0
678,4.5,0.1555555555555555,0.6779661016949152,0.0294117647058823,0.0
679,2.272727272727273,0.3333333333333333,0.6168831168831169,0.0055865921787709,0.0
680,2.357142857142857,0.2625,0.6311111111111111,0.0116279069767441,0.0
681,2.111111111111111,0.2307692307692307,0.52,0.0059171597633136,0.0
682,2.3,0.2,0.6423357664233577,0.01875,0.0
683,2.1818181818181817,0.175438596491228,0.6959459459459459,0.0174418604651162,0.0
684,2.5454545454545454,0.3392857142857143,0.6878980891719745,0.0162162162162162,0.0
685,3.263157894736842,0.3958333333333333,0.5503355704697986,0.0083333333333333,0.0
686,2.25,0.05,0.6181818181818182,0.0,0.0
687,2.8095238095238093,0.2615384615384615,0.6274509803921569,0.0072115384615384,0.0
688,4.5,0.2916666666666667,0.6691729323308271,0.025,0.0
689,1.6666666666666667,0.25,0.609375,0.0559440559440559,0.0
690,2.7777777777777777,0.303030303030303,0.8202247191011236,0.0,0.0
691,4.125,0.2278481012658227,0.5096525096525096,0.0,0.0
692,2.933333333333333,0.2842105263157894,0.5163636363636364,0.0376175548589341,0.0
693,2.272727272727273,0.2622950819672131,0.6752577319587629,0.0228310502283105,0.0
694,3.9166666666666665,0.2839506172839506,0.5732217573221757,0.0209790209790209,0.0
695,4.571428571428571,0.2982456140350877,0.61875,0.015625,0.0
696,2.6,0.1111111111111111,0.5231481481481481,0.0,0.0
698,3.1,0.2539682539682539,0.6705202312138728,0.0294117647058823,0.0
699,3.090909090909091,0.3246753246753247,0.5990566037735849,0.0,0.0
700,3.5,0.140625,0.6458333333333334,0.039647577092511,0.0
701,2.5,0.1666666666666666,0.6240601503759399,0.0130718954248366,0.0
702,4.375,0.3392857142857143,0.6820809248554913,0.0048076923076923,0.0
703,3.2,0.1604938271604938,0.5668449197860963,0.009090909090909,0.0
704,2.6153846153846154,0.1262135922330097,0.509090909090909,0.0097087378640776,0.0
705,3.0,0.1842105263157894,0.7777777777777778,0.0,0.0
706,3.857142857142857,0.3429951690821256,0.507323568575233,0.0045146726862302,0.0
707,2.6842105263157894,0.2644628099173554,0.6158536585365854,0.0,0.0
708,2.375,0.4888888888888889,0.6887417218543046,0.0,0.0
709,2.357142857142857,0.4523809523809524,0.5809859154929577,0.0157728706624605,0.0
710,3.333333333333333,0.2954545454545454,0.5893854748603352,0.0047846889952153,0.0
711,4.142857142857143,0.2352941176470588,0.6756756756756757,0.0093457943925233,0.0
712,3.6666666666666665,0.0793650793650793,0.6,0.0116279069767441,0.0
713,2.5,0.4736842105263157,0.6962025316455697,0.0,0.0
714,2.235294117647059,0.3225806451612903,0.6666666666666666,0.0128617363344051,0.0
715,2.4545454545454546,0.373134328358209,0.7150259067357513,0.0045454545454545,0.0
716,3.5,0.293103448275862,0.6666666666666666,0.0,0.0
717,4.4375,0.4473684210526316,0.5837837837837838,0.0113378684807256,0.0
718,3.5,0.4444444444444444,0.5775862068965517,0.023076923076923,0.0
719,1.9230769230769231,0.3055555555555556,0.6027397260273972,0.0245901639344262,0.0
720,4.083333333333333,0.3541666666666667,0.5620915032679739,0.028169014084507,0.0
721,2.52,0.2950819672131147,0.5508474576271186,0.0239808153477218,0.0
722,1.6666666666666667,0.24,0.6097560975609756,0.0451127819548872,0.0
723,2.142857142857143,0.2980769230769231,0.5785953177257525,0.0091185410334346,0.0
724,3.2222222222222223,0.2909090909090909,0.6918604651162791,0.0149253731343283,0.0
725,3.5,0.2957746478873239,0.5659574468085107,0.0037037037037037,0.0
726,3.0,0.1846153846153846,0.6073298429319371,0.0091743119266055,0.0
727,1.625,0.3695652173913043,0.6962962962962963,0.0,0.0
728,3.235294117647059,0.4123711340206185,0.6007194244604317,0.015015015015015,0.0
729,2.9705882352941178,0.4299065420560747,0.5793528505392912,0.0066666666666666,0.0
730,2.333333333333333,0.1666666666666666,0.553072625698324,0.0096618357487922,0.0
731,4.586206896551724,0.2604166666666667,0.4544095665171898,0.0037406483790523,0.0
732,2.5,0.2253521126760563,0.5895953757225434,0.0025575447570332,0.0
733,3.0,0.1944444444444444,0.6988636363636364,0.0,0.0
734,2.473684210526316,0.2526315789473684,0.5324675324675324,0.0028169014084507,0.0
735,2.3684210526315788,0.2406015037593984,0.523121387283237,0.0051150895140664,0.0
736,2.8181818181818183,0.3571428571428571,0.6681222707423581,0.0153846153846153,0.0
737,3.0,0.3135593220338983,0.5258855585831063,0.0144578313253012,0.0
738,4.0,0.323943661971831,0.6311111111111111,0.0148698884758364,0.0
739,1.6923076923076923,0.140625,0.6,0.0050761421319796,0.0
740,2.1333333333333333,0.2676056338028169,0.587378640776699,0.0210084033613445,0.0
741,2.56,0.7745098039215687,0.5789473684210527,0.0045045045045045,0.0
742,2.625,0.2391304347826087,0.65,0.0248447204968944,0.0
743,2.4,0.196078431372549,0.6551724137931034,0.0078125,0.0
744,2.0,0.2592592592592592,0.4790419161676646,0.0218579234972677,0.0
745,3.333333333333333,0.3972602739726027,0.6267281105990783,0.0116731517509727,0.0
746,2.6,0.3432835820895522,0.553921568627451,0.0,0.0
747,3.2,0.2647058823529412,0.6513761467889908,0.024,0.0
748,3.0,0.2162162162162162,0.5417867435158501,0.0175879396984924,0.0
749,4.666666666666667,0.171875,0.6616915422885572,0.0131004366812227,0.0
750,1.9,0.4134615384615384,0.5545171339563862,0.0250696378830083,0.0
751,3.6666666666666665,0.3636363636363636,0.6016597510373444,0.0035087719298245,0.0
752,2.4285714285714284,0.1081081081081081,0.5754716981132075,0.0,0.0
753,4.636363636363637,0.3863636363636363,0.6104868913857678,0.0220125786163522,0.0
754,2.75,0.3099415204678362,0.5114068441064639,0.0182421227197346,0.0
755,1.5,0.15625,0.7160493827160493,0.0,0.0
756,3.235294117647059,0.3142857142857143,0.5420560747663551,0.0106382978723404,0.0
757,3.2,0.3707865168539326,0.6040955631399317,0.0146627565982404,0.0
758,2.2857142857142856,0.1869158878504672,0.5103857566765578,0.0103896103896103,0.0
759,2.3181818181818183,0.1447368421052631,0.5447368421052632,0.0023201856148491,0.0
760,3.0,0.2592592592592592,0.7804878048780488,0.0,0.0
761,3.25,0.2352941176470588,0.5903614457831325,0.015625,0.0
762,2.2857142857142856,0.3333333333333333,0.6554621848739496,0.0074074074074074,0.0
763,2.6666666666666665,0.2727272727272727,0.6846846846846847,0.0078740157480314,0.0
764,2.4285714285714284,0.2019230769230769,0.5797101449275363,0.0129032258064516,0.0
765,2.272727272727273,0.1176470588235294,0.6310160427807486,0.0141509433962264,0.0
766,3.25,0.1702127659574468,0.6258992805755396,0.006060606060606,0.0
767,4.0,0.5614035087719298,0.7165775401069518,0.0,0.0
768,2.7222222222222223,0.0945945945945946,0.632768361581921,0.0221238938053097,0.0
769,2.4,0.2631578947368421,0.7222222222222222,0.0303030303030303,0.0
770,4.0,0.2063492063492063,0.6117021276595744,0.0045454545454545,0.0
771,1.5,0.0476190476190476,0.7903225806451613,0.0,0.0
772,2.4,0.2068965517241379,0.7790697674418605,0.0408163265306122,0.0
773,3.571428571428572,0.4215686274509804,0.6408668730650154,0.0080428954423592,0.0
774,4.0,0.3174603174603174,0.6461538461538462,0.0044843049327354,0.0
775,4.0,0.3333333333333333,0.5806451612903226,0.0208333333333333,0.0
776,2.7142857142857144,0.08,0.646551724137931,0.0074074074074074,0.0
777,4.0,0.2,0.71,0.0241935483870967,0.0
778,1.5625,0.1176470588235294,0.5419354838709678,0.0111111111111111,0.0
779,3.2222222222222223,0.2790697674418604,0.5973154362416108,0.0561797752808988,0.0
780,3.111111111111111,0.2325581395348837,0.640495867768595,0.0037037037037037,0.0
781,2.6666666666666665,0.359375,0.5175,0.0175438596491228,0.0
782,3.1,0.2666666666666666,0.727810650887574,0.025,0.0
783,1.9,0.4,0.6594202898550725,0.0,0.0
784,3.555555555555556,0.0655737704918032,0.5956284153005464,0.0372093023255813,0.0
785,3.1666666666666665,0.358695652173913,0.5708812260536399,0.0234113712374581,0.0
786,2.090909090909091,0.3,0.6753246753246753,0.0056497175141242,0.0
787,2.8,0.2,0.7,0.0080645161290322,0.0
788,1.0,0.1428571428571428,0.95,0.25,0.0
789,1.4,0.1538461538461538,0.53,0.02803738317757,0.0
790,3.333333333333333,0.0769230769230769,0.6240601503759399,0.0326797385620915,0.0
791,3.25,0.0714285714285714,0.5073891625615764,0.0349344978165938,0.0
792,2.1666666666666665,0.2765957446808511,0.7909090909090909,0.0,0.0
793,3.75,0.3333333333333333,0.5631868131868132,0.0117924528301886,0.0
794,6.5,0.2558139534883721,0.6770186335403726,0.0267379679144385,0.0
795,2.8125,0.3116883116883117,0.6106194690265486,0.007380073800738,0.0
796,2.125,0.4603174603174603,0.7029702970297029,0.0042372881355932,0.0
797,3.0,0.4333333333333333,0.648936170212766,0.0090497737556561,0.0
798,3.0,0.1758241758241758,0.658008658008658,0.0036630036630036,0.0
799,3.4,0.217391304347826,0.7570093457943925,0.0161290322580645,0.0
800,2.111111111111111,0.4,0.6513761467889908,0.0,0.0
801,3.0,0.2758620689655172,0.611764705882353,0.013953488372093,0.0
802,1.3333333333333333,0.1764705882352941,0.711340206185567,0.0275229357798165,0.0
803,2.0,0.1428571428571428,0.6358024691358025,0.028735632183908,0.0
804,4.875,0.3544303797468354,0.5466666666666666,0.0075757575757575,0.0
805,2.0,0.0689655172413793,0.7261904761904762,0.0416666666666666,0.0
806,3.888888888888889,0.1666666666666666,0.5925925925925926,0.0133928571428571,0.0
807,2.5,0.34375,0.7206703910614525,0.0100502512562814,0.0
808,2.4705882352941178,0.3457943925233644,0.5913312693498453,0.010958904109589,0.0
809,1.8333333333333333,0.3157894736842105,0.6261682242990654,0.0254237288135593,0.0
810,2.833333333333333,0.5,0.7403846153846154,0.0,0.0
811,2.2,0.2543859649122807,0.620253164556962,0.0166666666666666,0.0
812,2.5,0.2,0.6260869565217392,0.0038461538461538,0.0
813,2.0,0.2571428571428571,0.723404255319149,0.0181818181818181,0.0
814,2.090909090909091,0.3375,0.5512820512820513,0.0116731517509727,0.0
815,2.875,0.0789473684210526,0.6982758620689655,0.0647482014388489,0.0
816,1.6666666666666667,0.2564102564102564,0.79,0.008695652173913,0.0
817,2.590909090909091,0.2717391304347826,0.6196078431372549,0.0192307692307692,0.0
818,2.9,0.3214285714285714,0.5776699029126213,0.0,0.0
819,3.0,0.0,0.6176470588235294,0.0263157894736842,0.0
820,3.1333333333333333,0.3608247422680412,0.6407766990291263,0.0028089887640449,0.0
821,2.5,0.1891891891891892,0.7281553398058253,0.0084745762711864,0.0
822,2.833333333333333,0.2682926829268293,0.6695652173913044,0.0227272727272727,0.0
823,4.571428571428571,0.2105263157894736,0.6179775280898876,0.0238095238095238,0.0
824,4.0,0.3333333333333333,0.6736842105263158,0.018018018018018,0.0
825,3.4545454545454546,0.367816091954023,0.6150943396226415,0.0066006600660066,0.0
826,2.2222222222222223,0.2272727272727272,0.6585365853658537,0.0559440559440559,0.0
827,2.8461538461538463,0.4698795180722891,0.5977859778597786,0.0259740259740259,0.0
828,2.8461538461538463,0.4193548387096774,0.6140350877192983,0.0186335403726708,0.0
829,2.6923076923076925,0.3577981651376147,0.5515151515151515,0.010958904109589,0.0
830,1.1111111111111112,0.28125,0.7945205479452054,0.0240963855421686,0.0
831,2.0,0.2,0.636734693877551,0.007168458781362,0.0
832,2.2,0.3043478260869565,0.5727699530516432,0.0040650406504065,0.0
833,2.3,0.2156862745098039,0.5421686746987951,0.0,0.0
834,3.0,0.1,0.64,0.0,0.0
835,2.576923076923077,0.2922077922077922,0.531062124248497,0.0088339222614841,0.0
836,2.5454545454545454,0.4210526315789473,0.5135135135135135,0.0151187904967602,0.0
837,2.0,0.189873417721519,0.6376811594202898,0.0212765957446808,0.0
838,3.272727272727273,0.2474226804123711,0.5421245421245421,0.0064724919093851,0.0
839,2.090909090909091,0.3205128205128205,0.6024590163934426,0.0037453183520599,0.0
840,2.272727272727273,0.2933333333333333,0.5458715596330275,0.0123456790123456,0.0
841,2.333333333333333,0.054054054054054,0.65625,0.0,0.0
842,1.2,0.1,0.8043478260869565,0.0192307692307692,0.0
843,2.2222222222222223,0.175,0.6698113207547169,0.0238095238095238,0.0
844,2.333333333333333,0.0,0.6595744680851063,0.0099009900990099,0.0
845,3.583333333333333,0.2777777777777778,0.7067307692307693,0.0079681274900398,0.0
846,2.833333333333333,0.2142857142857142,0.4662447257383966,0.018450184501845,0.0
847,2.5,0.3870967741935484,0.679144385026738,0.0048309178743961,0.0
848,3.5,0.4666666666666667,0.5948275862068966,0.0182481751824817,0.0
849,2.727272727272727,0.1447368421052631,0.6062176165803109,0.0134529147982062,0.0
850,2.1,0.4576271186440678,0.5747126436781609,0.0051282051282051,0.0
851,1.7142857142857142,0.2954545454545454,0.5655172413793104,0.019108280254777,0.0
852,3.1666666666666665,0.4473684210526316,0.6507936507936508,0.0344827586206896,0.0
853,2.823529411764706,0.53125,0.5246913580246914,0.0026881720430107,0.0
854,2.727272727272727,0.3428571428571428,0.5990566037735849,0.012396694214876,0.0
855,3.0,0.0566037735849056,0.6546762589928058,0.0368098159509202,0.0
856,2.625,0.1627906976744186,0.5933333333333334,0.0409356725146198,0.0
857,2.75,0.2857142857142857,0.711864406779661,0.0,0.0
858,3.2222222222222223,0.2457627118644068,0.6089743589743589,0.0,0.0
859,1.6666666666666667,0.1428571428571428,0.7401574803149606,0.0140845070422535,0.0
860,3.125,0.1041666666666666,0.5769230769230769,0.0,0.0
861,2.142857142857143,0.3376623376623376,0.6076555023923444,0.00836820083682,0.0
862,2.7142857142857144,0.5306122448979592,0.691358024691358,0.0,0.0
863,3.0,0.320754716981132,0.6644295302013423,0.0,0.0
864,2.875,0.3188405797101449,0.7085714285714285,0.005050505050505,0.0
865,3.333333333333333,0.0652173913043478,0.6095890410958904,0.0511363636363636,0.0
866,4.0,0.1392405063291139,0.4836448598130841,0.014,0.0
867,3.4285714285714284,0.4390243902439024,0.6029411764705882,0.00625,0.0
868,3.1,0.3333333333333333,0.5988023952095808,0.0353535353535353,0.0
869,4.25,0.0897435897435897,0.5707070707070707,0.0086206896551724,0.0
870,5.0,0.1111111111111111,0.6666666666666666,0.0123456790123456,0.0
871,4.444444444444445,0.3068181818181818,0.6766917293233082,0.0065359477124183,0.0
872,3.1,0.1052631578947368,0.5655737704918032,0.0065359477124183,0.0
873,2.0,0.25,0.8552631578947368,0.0111111111111111,0.0
874,3.769230769230769,0.3595505617977528,0.65,0.0151975683890577,0.0
875,3.2,0.1866666666666666,0.5824742268041238,0.0309734513274336,0.0
876,2.9411764705882355,0.2660550458715596,0.5288461538461539,0.0082872928176795,0.0
877,1.9,0.4565217391304347,0.7323943661971831,0.031055900621118,0.0
878,1.9166666666666667,0.1777777777777777,0.6141732283464567,0.0266666666666666,0.0
879,2.3,0.3283582089552239,0.6649214659685864,0.0046728971962616,0.0
880,3.2,0.2857142857142857,0.5491803278688525,0.0289855072463768,0.0
881,3.555555555555556,0.1846153846153846,0.5846153846153846,0.013215859030837,0.0
882,3.0,0.0869565217391304,0.7714285714285715,0.0365853658536585,0.0
883,1.7142857142857142,0.1764705882352941,0.5808823529411765,0.0202702702702702,0.0
884,1.5,0.2857142857142857,0.8846153846153846,0.0,0.0
885,2.9642857142857144,0.2606382978723404,0.5114068441064639,0.0197044334975369,0.0
886,2.833333333333333,0.125,0.7555555555555555,0.0,0.0
887,2.0,0.2857142857142857,0.7090909090909091,0.0083333333333333,0.0
888,2.9,0.24,0.6190476190476191,0.0177935943060498,0.0
889,2.8666666666666667,0.291970802919708,0.544973544973545,0.0043103448275862,0.0
890,1.5555555555555556,0.2941176470588235,0.6641221374045801,0.0,0.0
891,2.6666666666666665,0.1917808219178082,0.6439024390243903,0.0126582278481012,0.0
892,3.8333333333333335,0.25,0.5661764705882353,0.0188679245283018,0.0
893,2.7142857142857144,0.36,0.6691176470588235,0.0258064516129032,0.0
894,1.5,0.1139240506329113,0.587378640776699,0.0088105726872246,0.0
895,2.0,0.3661971830985915,0.6907216494845361,0.0,0.0
896,4.0,0.1428571428571428,0.6551724137931034,0.0101010101010101,0.0
897,2.5,0.3428571428571428,0.6062176165803109,0.0045351473922902,0.0
898,3.1,0.2916666666666667,0.6047619047619047,0.0082987551867219,0.0
899,4.1,0.1097560975609756,0.5514018691588785,0.0039215686274509,0.0
900,3.4375,0.3495145631067961,0.5551839464882943,0.0028248587570621,0.0
901,1.6666666666666667,0.0,0.7241379310344828,0.0,0.0
902,6.333333333333333,0.2615384615384615,0.6072607260726073,0.0055555555555555,0.0
903,3.111111111111111,0.3554216867469879,0.5736607142857143,0.0037593984962406,0.0
904,3.857142857142857,0.3333333333333333,0.7543859649122807,0.0101010101010101,0.0
905,2.555555555555556,0.1780821917808219,0.5743589743589743,0.0137614678899082,0.0
906,2.0,0.4545454545454545,0.7326732673267327,0.0186915887850467,0.0
907,2.207547169811321,0.3534743202416918,0.5220500595947557,0.002092050209205,0.0
908,2.7142857142857144,0.2988505747126437,0.6,0.0068259385665529,0.0
909,2.333333333333333,0.064516129032258,0.6428571428571429,0.0089285714285714,0.0
910,3.142857142857143,0.1481481481481481,0.5705882352941176,0.015625,0.0
911,2.0,0.2,0.8181818181818182,0.0,0.0
912,1.3125,0.375,0.7096774193548387,0.0048309178743961,0.0
913,1.9,0.2112676056338028,0.6758241758241759,0.0149253731343283,0.0
914,2.571428571428572,0.1538461538461538,0.5653846153846154,0.0101351351351351,0.0
915,3.583333333333333,0.3666666666666666,0.6829268292682927,0.0,0.0
916,3.5,0.2105263157894736,0.598159509202454,0.0101010101010101,0.0
917,1.6,0.3333333333333333,0.7941176470588235,0.0084745762711864,0.0
918,1.5454545454545454,0.3090909090909091,0.6713286713286714,0.0,0.0
919,3.0,0.1538461538461538,0.6666666666666666,0.0,0.0
920,2.7142857142857144,0.2125,0.6596638655462185,0.0033898305084745,0.0
921,2.75,0.3023255813953488,0.6106870229007634,0.0,0.0
922,1.1666666666666667,0.196078431372549,0.5897435897435898,0.0,0.0
923,5.8,0.2112676056338028,0.5502645502645502,0.0137614678899082,0.0
924,1.6923076923076923,0.234375,0.6223404255319149,0.0095238095238095,0.0
925,2.6666666666666665,0.2222222222222222,0.7241379310344828,0.0097087378640776,0.0
926,1.25,0.25,0.8133333333333334,0.0,0.0
927,2.7142857142857144,0.3048780487804878,0.5565819861431871,0.0019646365422396,0.0
928,2.4285714285714284,0.2571428571428571,0.6949152542372882,0.0,0.0
929,2.6875,0.3053435114503817,0.6012084592145015,0.0,0.0
930,1.25,0.125,0.7045454545454546,0.0,0.0
931,2.888888888888889,0.1847826086956521,0.6638655462184874,0.0189393939393939,0.0
932,3.227272727272727,0.1633986928104575,0.4878640776699029,0.0186335403726708,0.0
933,1.9545454545454544,0.3416666666666667,0.5205128205128206,0.0115473441108545,0.0
934,2.2,0.3947368421052631,0.65625,0.02,0.0
935,2.857142857142857,0.2298850574712643,0.6111111111111112,0.010948905109489,0.0
936,2.375,0.1147540983606557,0.7050359712230215,0.0126582278481012,0.0
937,2.4285714285714284,0.2058823529411764,0.7,0.0,0.0
938,1.7142857142857142,0.3142857142857143,0.7843137254901961,0.0175438596491228,0.0
939,1.3333333333333333,0.0909090909090909,0.7741935483870968,0.0,0.0
940,3.2857142857142856,0.3773584905660377,0.6783625730994152,0.0103092783505154,0.0
941,2.6,0.5,0.6222222222222222,0.0124223602484472,0.0
942,1.2857142857142858,0.3111111111111111,0.7129629629629629,0.0,0.0
943,2.764705882352941,0.2605042016806723,0.631578947368421,0.0,0.0
944,1.0,0.375,1.0,0.0476190476190476,0.0
945,2.9166666666666665,0.16,0.6372549019607843,0.00418410041841,0.0
946,2.0,0.1176470588235294,0.6666666666666666,0.0408163265306122,0.0
947,1.181818181818182,0.2307692307692307,0.6416666666666667,0.0150375939849624,0.0
948,3.571428571428572,0.3428571428571428,0.6299212598425197,0.0,0.0
949,3.6,0.3023255813953488,0.5766129032258065,0.0,0.0
950,2.0,0.3666666666666666,0.6494845360824743,0.0093457943925233,0.0
951,1.8125,0.2272727272727272,0.5869565217391305,0.0187793427230046,0.0
952,2.090909090909091,0.3584905660377358,0.5376884422110553,0.0045045045045045,0.0
953,2.0,0.2448979591836734,0.6333333333333333,0.023076923076923,0.0
954,3.125,0.1904761904761904,0.5953757225433526,0.0,0.0
955,3.5,0.2710843373493976,0.4552429667519181,0.0022675736961451,0.0
956,2.125,0.1886792452830188,0.536144578313253,0.0163043478260869,0.0
957,2.4,0.3469387755102041,0.6451612903225806,0.0,0.0
958,0.5,0.125,0.7391304347826086,0.04,0.0
959,2.6296296296296298,0.2908163265306122,0.5578947368421052,0.0031201248049922,0.0
960,3.4285714285714284,0.2040816326530612,0.671875,0.0,0.0
961,1.3333333333333333,0.0526315789473684,0.8,0.0,0.0
962,2.083333333333333,0.1780821917808219,0.6040609137055838,0.0045045045045045,0.0
963,4.142857142857143,0.2741935483870967,0.6540880503144654,0.0106382978723404,0.0
964,3.071428571428572,0.0919540229885057,0.5120772946859904,0.012,0.0
965,2.230769230769231,0.3018867924528302,0.6453900709219859,0.0,0.0
966,2.0,0.2985074626865671,0.6201117318435754,0.0,0.0
967,1.8571428571428568,0.4285714285714285,0.651685393258427,0.0,0.0
968,3.0,0.3142857142857143,0.75,0.0338983050847457,0.0
969,1.947368421052632,0.424,0.6253687315634219,0.0,0.0
970,1.5,0.288135593220339,0.6551724137931034,0.0,0.0
971,1.8823529411764703,0.4038461538461538,0.5993377483443708,0.0059880239520958,0.0
972,3.333333333333333,0.3541666666666667,0.688,0.0,0.0
973,2.3,0.1964285714285714,0.56875,0.0163934426229508,0.0
974,2.888888888888889,0.2452830188679245,0.7132867132867133,0.0177514792899408,0.0
975,2.1666666666666665,0.4336283185840708,0.5718654434250765,0.0105540897097625,0.0
976,2.7142857142857144,0.3076923076923077,0.6687898089171974,0.0113636363636363,0.0
977,2.4166666666666665,0.140625,0.6174496644295302,0.0112359550561797,0.0
978,1.5,0.0,0.9411764705882352,0.0,0.0
979,2.9,0.2435897435897435,0.6329113924050633,0.0075187969924812,0.0
980,2.526315789473684,0.231578947368421,0.636,0.0134228187919463,0.0
981,2.8,0.25,0.6434782608695652,0.0387596899224806,0.0
982,3.4285714285714284,0.3478260869565217,0.7265625,0.0328947368421052,0.0
983,2.2,0.0833333333333333,0.5319148936170213,0.0333333333333333,0.0
984,2.4,0.382716049382716,0.5529411764705883,0.0137457044673539,0.0
985,3.1666666666666665,0.1212121212121212,0.625,0.0287769784172661,0.0
986,3.7777777777777777,0.1411764705882353,0.599009900990099,0.0042372881355932,0.0
987,2.636363636363636,0.1481481481481481,0.5502392344497608,0.0294117647058823,0.0
988,1.8125,0.2666666666666666,0.5957446808510638,0.0046082949308755,0.0
989,5.25,0.2244897959183673,0.7364864864864865,0.0059171597633136,0.0
990,3.2,0.125,0.6509433962264151,0.0163934426229508,0.0
991,2.636363636363636,0.2967032967032967,0.5810276679841897,0.0,0.0
992,2.571428571428572,0.2352941176470588,0.5897435897435898,0.0114942528735632,0.0
993,1.5,0.25,0.7674418604651163,0.0108695652173913,0.0
994,3.5,0.375,0.8333333333333334,0.0625,0.0
995,3.142857142857143,0.1052631578947368,0.5950920245398773,0.0162162162162162,0.0
996,2.7142857142857144,0.1041666666666666,0.5939849624060151,0.006578947368421,0.0
997,2.75,0.1770833333333333,0.5688405797101449,0.0226537216828478,0.0
998,1.6,0.2894736842105263,0.7870370370370371,0.0161290322580645,0.0
999,3.8333333333333335,0.282051282051282,0.5452380952380952,0.0020449897750511,0.0
1000,4.05,0.2763819095477386,0.493006993006993,0.004594180704441,0.0
1001,3.6,0.3846153846153846,0.7565217391304347,0.0150375939849624,0.0
1002,2.0,0.3478260869565217,0.6344086021505376,0.0093457943925233,0.0
1003,1.0909090909090908,0.3076923076923077,0.6122448979591837,0.009090909090909,0.0
1004,3.5,0.417910447761194,0.6411483253588517,0.0,0.0
1005,1.7142857142857142,0.4333333333333333,0.7159090909090909,0.02,0.0
1006,3.2857142857142856,0.1212121212121212,0.6108108108108108,0.0528846153846153,0.0
1007,2.0416666666666665,0.2666666666666666,0.6254826254826255,0.0032467532467532,0.0
1008,2.363636363636364,0.1929824561403508,0.717948717948718,0.0274725274725274,0.0
1009,2.8181818181818183,0.54,0.6939890710382514,0.0,0.0
1010,3.142857142857143,0.1395348837209302,0.8247422680412371,0.0,0.0
1011,1.7413793103448276,0.3099630996309963,0.4324324324324324,0.0,0.0
1012,3.125,0.1587301587301587,0.5806451612903226,0.0094786729857819,0.0
1013,1.5714285714285714,0.2444444444444444,0.7037037037037037,0.0084033613445378,0.0
1014,2.75,0.34375,0.5708333333333333,0.0109890109890109,0.0
1015,2.909090909090909,0.2857142857142857,0.5714285714285714,0.0226244343891402,0.0
1016,2.2777777777777777,0.2222222222222222,0.5506607929515418,0.0111940298507462,0.0
1017,2.4,0.3125,0.6818181818181818,0.01,0.0
1018,1.875,0.1538461538461538,0.6976744186046512,0.0069444444444444,0.0
1019,3.333333333333333,0.5,0.7428571428571429,0.0102564102564102,0.0
1020,2.8,0.1451612903225806,0.5775401069518716,0.027906976744186,0.0
1021,3.176470588235294,0.2389380530973451,0.5983827493261455,0.0235294117647058,0.0
1022,2.7142857142857144,0.1224489795918367,0.5724137931034483,0.024390243902439,0.0
1023,2.076923076923077,0.1506849315068493,0.6069651741293532,0.0043859649122807,0.0
1024,3.0,0.1875,0.5979381443298969,0.0,0.0
1025,2.5,0.0869565217391304,0.6575342465753424,0.0,0.0
1026,1.8333333333333333,0.1578947368421052,0.6260504201680672,0.0192307692307692,0.0
1027,2.1666666666666665,0.088235294117647,0.5656565656565656,0.0,0.0
1028,2.6666666666666665,0.2222222222222222,0.56,0.0070921985815602,0.0
1029,5.333333333333333,0.1290322580645161,0.7,0.0377358490566037,0.0
1030,2.857142857142857,0.3,0.6630434782608695,0.0,0.0
1031,2.6,0.09375,0.7325581395348837,0.0101010101010101,0.0
1032,2.857142857142857,0.0476190476190476,0.6335877862595419,0.0331125827814569,0.0
1033,3.142857142857143,0.2857142857142857,0.6991869918699187,0.0068965517241379,0.0
1034,1.7142857142857142,0.1363636363636363,0.6130653266331658,0.0089686098654708,0.0
1035,6.0,0.21875,0.7272727272727273,0.01,0.0
1036,3.6666666666666665,0.1081081081081081,0.7920792079207921,0.032520325203252,0.0
1037,2.333333333333333,0.2888888888888888,0.5477941176470589,0.013029315960912,0.0
1038,2.0,0.15625,0.6842105263157895,0.019047619047619,0.0
1039,2.272727272727273,0.1509433962264151,0.56,0.0,0.0
1040,3.25,0.1470588235294117,0.6666666666666666,0.0091743119266055,0.0
1041,3.5,0.119047619047619,0.7745098039215687,0.0,0.0
1042,1.8,0.5263157894736842,0.8289473684210527,0.0117647058823529,0.0
1043,3.1818181818181817,0.0821917808219178,0.5405405405405406,0.0155642023346303,0.0
1044,1.8,0.45,0.7538461538461538,0.0135135135135135,0.0
1045,2.888888888888889,0.288135593220339,0.593939393939394,0.0,0.0
1046,2.095238095238096,0.2637362637362637,0.5119453924914675,0.0089020771513353,0.0
1047,4.0,0.2272727272727272,0.5670103092783505,0.0135135135135135,0.0
1048,2.4285714285714284,0.15625,0.5773195876288659,0.0087719298245614,0.0
1049,2.857142857142857,0.0512820512820512,0.6263736263736264,0.018018018018018,0.0
1050,3.2857142857142856,0.1632653061224489,0.6439393939393939,0.0129032258064516,0.0
1051,3.111111111111111,0.1333333333333333,0.5680473372781065,0.0203045685279187,0.0
1052,3.25,0.1666666666666666,0.6408839779005525,0.0096618357487922,0.0
1053,2.4545454545454546,0.2406417112299465,0.4724264705882353,0.0048,0.0
1054,2.6666666666666665,0.25,0.6451612903225806,0.023391812865497,0.0
1055,2.6666666666666665,0.25,0.7368421052631579,0.0,0.0
1056,2.272727272727273,0.2321428571428571,0.6867469879518072,0.0052356020942408,0.0
1057,2.933333333333333,0.3488372093023256,0.5374449339207048,0.011070110701107,0.0
1058,1.6,0.2142857142857142,0.6477272727272727,0.0208333333333333,0.0
1059,3.071428571428572,0.3689320388349514,0.5784313725490197,0.0028653295128939,0.0
1060,2.833333333333333,0.1489361702127659,0.6715328467153284,0.0519480519480519,0.0
1061,2.3157894736842106,0.4059405940594059,0.6711864406779661,0.0,0.0
1062,3.2,0.3243243243243243,0.6545454545454545,0.0070422535211267,0.0
1063,3.125,0.3396226415094339,0.7159090909090909,0.0099502487562189,0.0
1064,3.8333333333333335,0.4090909090909091,0.6666666666666666,0.0173410404624277,0.0
1065,2.875,0.2954545454545454,0.4853801169590643,0.0515463917525773,0.0
1066,2.9,0.1648351648351648,0.6752136752136753,0.0228136882129277,0.0
1067,3.6666666666666665,0.136986301369863,0.7039106145251397,0.0141509433962264,0.0
1068,3.4375,0.2613636363636363,0.5983263598326359,0.0136054421768707,0.0
1069,3.25,0.1186440677966101,0.6567164179104478,0.00625,0.0
1070,1.0,0.1666666666666666,1.0,0.0,0.0
1071,1.5,0.08,0.63,0.0137614678899082,0.0
1072,3.5,0.275,0.6680851063829787,0.0111111111111111,0.0
1073,2.6,0.1836734693877551,0.4552238805970149,0.00625,0.0
1074,6.0,0.2,0.6486486486486487,0.0526315789473684,0.0
1075,2.583333333333333,0.1530612244897959,0.5186721991701245,0.0147058823529411,0.0
1076,3.0,0.2105263157894736,0.723404255319149,0.0094339622641509,0.0
1077,2.9285714285714284,0.3209876543209876,0.5682656826568265,0.0192307692307692,0.0
1078,2.5,0.25,0.6296296296296297,0.0129032258064516,0.0
1079,3.3,0.1971830985915492,0.578125,0.0133333333333333,0.0
1080,2.2857142857142856,0.365079365079365,0.655,0.0086206896551724,0.0
1081,2.6,0.1875,0.6145833333333334,0.0091743119266055,0.0
1082,2.8,0.0652173913043478,0.6403508771929824,0.03125,0.0
1083,2.142857142857143,0.32,0.7171052631578947,0.0109890109890109,0.0
1084,2.25,0.2558139534883721,0.7659574468085106,0.0,0.0
1085,3.375,0.1458333333333333,0.635036496350365,0.0121951219512195,0.0
1086,2.769230769230769,0.25,0.6680851063829787,0.007380073800738,0.0
1087,3.3,0.2583333333333333,0.4952681388012618,0.0287206266318537,0.0
1088,2.7142857142857144,0.0434782608695652,0.5932203389830508,0.0291970802919708,0.0
1089,3.625,0.1111111111111111,0.6137931034482759,0.0172413793103448,0.0
1090,2.4166666666666665,0.1506849315068493,0.6161616161616161,0.0220264317180616,0.0
1091,2.1818181818181817,0.1384615384615384,0.5611111111111111,0.0294117647058823,0.0
1092,3.7,0.1166666666666666,0.5797872340425532,0.0311111111111111,0.0
1093,2.8,0.1818181818181818,0.6972477064220184,0.040650406504065,0.0
1094,3.75,0.024390243902439,0.514018691588785,0.0163934426229508,0.0
1095,0.3333333333333333,0.1666666666666666,0.8,0.0,0.0
1096,1.5714285714285714,0.3076923076923077,0.7647058823529411,0.0,0.0
1097,3.111111111111111,0.2463768115942029,0.5576036866359447,0.0163265306122449,0.0
1098,2.083333333333333,0.2236842105263158,0.57,0.0,0.0
1099,2.75,0.1521739130434782,0.5970149253731343,0.0128205128205128,0.0
1100,4.8,0.2647058823529412,0.5304347826086957,0.0287769784172661,0.0
1101,2.25,0.1153846153846153,0.6412213740458015,0.0134228187919463,0.0
1102,2.8,0.3855421686746988,0.6227758007117438,0.0029673590504451,0.0
1103,2.833333333333333,0.1666666666666666,0.5859872611464968,0.028735632183908,0.0
1104,2.2222222222222223,0.3076923076923077,0.6394557823129252,0.0,0.0
1105,1.5,0.1428571428571428,0.5950413223140496,0.0075187969924812,0.0
1106,3.8333333333333335,0.1645569620253164,0.6082949308755761,0.0304182509505703,0.0
1107,2.176470588235294,0.2857142857142857,0.5337837837837838,0.006006006006006,0.0
1108,3.6666666666666665,0.3333333333333333,0.582010582010582,0.009009009009009,0.0
1109,2.0,0.1929824561403508,0.624113475177305,0.0127388535031847,0.0
1110,4.111111111111111,0.2162162162162162,0.5096153846153846,0.0163265306122449,0.0
1111,3.4,0.2941176470588235,0.5865384615384616,0.0082644628099173,0.0
1112,4.75,0.3366336633663366,0.5628140703517588,0.0056258790436005,0.0
1113,2.4615384615384617,0.1506849315068493,0.627906976744186,0.0161943319838056,0.0
1114,4.0,0.3243243243243243,0.5979381443298969,0.0165289256198347,0.0
1115,3.619047619047619,0.1812080536912751,0.4901477832512315,0.0165975103734439,0.0
1116,1.7142857142857142,0.2065217391304347,0.6329588014981273,0.0095238095238095,0.0
1117,2.0,0.5789473684210527,0.6285714285714286,0.0,0.0
1118,2.782608695652174,0.3458646616541353,0.5636856368563685,0.0115473441108545,0.0
1119,1.875,0.25,0.6391752577319587,0.0089285714285714,0.0
1120,3.2,0.1538461538461538,0.5842105263157895,0.036036036036036,0.0
1121,3.4,0.22,0.6594202898550725,0.0064516129032258,0.0
1122,2.0,0.09375,0.6428571428571429,0.0212765957446808,0.0
1123,3.125,0.2307692307692307,0.6111111111111112,0.0053475935828877,0.0
1124,2.4444444444444446,0.24,0.5092838196286472,0.0451306413301662,0.0
1125,2.142857142857143,0.3,0.6115107913669064,0.0194805194805194,0.0
1126,4.0,0.3584905660377358,0.6505376344086021,0.018018018018018,0.0
1127,3.0,0.4333333333333333,0.7628865979381443,0.0,0.0
1128,2.4166666666666665,0.2258064516129032,0.6581632653061225,0.0044444444444444,0.0
1129,3.1818181818181817,0.2340425531914893,0.5607843137254902,0.0137931034482758,0.0
1130,2.8461538461538463,0.1372549019607843,0.4638783269961977,0.0066666666666666,0.0
1131,3.111111111111111,0.0389610389610389,0.555,0.0394736842105263,0.0
1132,2.5,0.04,0.7727272727272727,0.028169014084507,0.0
1133,3.6666666666666665,0.2022471910112359,0.5672268907563025,0.022140221402214,0.0
1134,2.857142857142857,0.0847457627118644,0.5608108108108109,0.0357142857142857,0.0
1135,2.857142857142857,0.1,0.6532258064516129,0.0208333333333333,0.0
1136,3.0,0.1690140845070422,0.5628415300546448,0.0096618357487922,0.0
1137,4.166666666666667,0.2,0.6262626262626263,0.032258064516129,0.0
1138,2.6,0.2051282051282051,0.6545454545454545,0.008130081300813,0.0
1139,2.0,0.1052631578947368,0.6460176991150443,0.0458015267175572,0.0
1140,3.0,0.2894736842105263,0.5642857142857143,0.0559006211180124,0.0
1141,2.6666666666666665,0.2244897959183673,0.5777777777777777,0.0198675496688741,0.0
1142,0.5,0.0,0.8333333333333334,0.0,0.0
1143,3.857142857142857,0.1333333333333333,0.5297619047619048,0.0307692307692307,0.0
1144,2.6666666666666665,0.2037037037037037,0.5923566878980892,0.0165745856353591,0.0
1145,1.0,0.25,0.8928571428571429,0.0333333333333333,0.0
1146,2.8,0.1632653061224489,0.6466165413533834,0.0124223602484472,0.0
1147,3.142857142857143,0.2406015037593984,0.6231884057971014,0.0,0.0
1148,4.5,0.1612903225806451,0.5225806451612903,0.0231213872832369,0.0
1149,2.555555555555556,0.323943661971831,0.6062176165803109,0.0138888888888888,0.0
1150,3.727272727272727,0.08,0.5868544600938967,0.0275590551181102,0.0
1151,2.625,0.1111111111111111,0.5555555555555556,0.0380952380952381,0.0
1152,1.6666666666666667,0.25,0.8666666666666667,0.0285714285714285,0.0
1153,1.875,0.5,0.7570093457943925,0.0327868852459016,0.0
1154,3.142857142857143,0.3333333333333333,0.6666666666666666,0.0,0.0
1155,2.9,0.1272727272727272,0.6730769230769231,0.0324324324324324,0.0
1156,4.857142857142857,0.15,0.7142857142857143,0.057471264367816,0.0
1157,4.2105263157894735,0.1834319526627219,0.509090909090909,0.0139130434782608,0.0
1158,3.888888888888889,0.0961538461538461,0.5367965367965368,0.0150375939849624,0.0
1159,3.6,0.2236842105263158,0.5343137254901961,0.0208333333333333,0.0
1160,1.4285714285714286,0.0666666666666666,0.5353535353535354,0.0,0.0
1161,1.7692307692307692,0.2,0.6496350364963503,0.025,0.0
1162,4.625,0.25,0.6049382716049383,0.0050251256281407,0.0
1163,3.7777777777777777,0.3174603174603174,0.6416184971098265,0.0241545893719806,0.0
1164,2.0,0.0888888888888888,0.5625,0.00625,0.0
1165,5.75,0.4960629921259842,0.599483204134367,0.0041753653444676,0.0
1166,2.5,0.12,0.5408805031446541,0.0167597765363128,0.0
1167,2.8,0.1489361702127659,0.7258064516129032,0.0217391304347826,0.0
1168,1.6666666666666667,0.217391304347826,0.6923076923076923,0.0142857142857142,0.0
1169,3.4615384615384617,0.2028985507246377,0.5578512396694215,0.0383275261324041,0.0
1170,2.625,0.1481481481481481,0.6333333333333333,0.0175438596491228,0.0
1171,4.2,0.1147540983606557,0.7028985507246377,0.0062893081761006,0.0
1172,4.0,0.2340425531914893,0.703125,0.0,0.0
1173,3.1666666666666665,0.3287671232876712,0.5961538461538461,0.016260162601626,0.0
1174,2.5,0.0285714285714285,0.5950413223140496,0.0367647058823529,0.0
1175,3.235294117647059,0.1590909090909091,0.56640625,0.0160771704180064,0.0
1176,2.571428571428572,0.16,0.6231884057971014,0.0192307692307692,0.0
1177,2.375,0.2857142857142857,0.6241610738255033,0.0297619047619047,0.0
1178,3.375,0.3387096774193548,0.6473684210526316,0.0230414746543778,0.0
1179,3.4,0.2391304347826087,0.6845637583892618,0.0,0.0
1180,2.833333333333333,0.0303030303030303,0.6344086021505376,0.0818181818181818,0.0
1181,3.142857142857143,0.2121212121212121,0.7102272727272727,0.005050505050505,0.0
1182,2.0588235294117645,0.2112676056338028,0.573394495412844,0.0158102766798418,0.0
1183,2.333333333333333,0.1052631578947368,0.813953488372093,0.02,0.0
1184,1.9166666666666667,0.2058823529411764,0.7116564417177914,0.0053763440860215,0.0
1185,2.4444444444444446,0.1904761904761904,0.5849056603773585,0.0276243093922651,0.0
1186,2.4615384615384617,0.2238805970149253,0.6419213973799127,0.0114942528735632,0.0
1187,1.875,0.1875,0.6610169491525424,0.0,0.0
1188,5.2,0.1395348837209302,0.6397058823529411,0.0246913580246913,0.0
1189,5.375,0.3452380952380952,0.5674603174603174,0.0169491525423728,0.0
1190,3.0,0.2131147540983606,0.6,0.0185185185185185,0.0
1191,2.8,0.25,0.6785714285714286,0.0194805194805194,0.0
1192,2.0,0.0892857142857142,0.647887323943662,0.0308641975308641,0.0
1193,3.25,0.1666666666666666,0.7216494845360825,0.009090909090909,0.0
1194,2.0,0.1764705882352941,0.6041666666666666,0.0,0.0
1195,8.0,0.2777777777777778,0.8333333333333334,0.0777777777777777,0.0
1196,3.071428571428572,0.2266666666666666,0.6060606060606061,0.0290456431535269,0.0
1197,4.0,0.1071428571428571,0.76,0.025,0.0
1198,2.0,0.1470588235294117,0.7078651685393258,0.0097087378640776,0.0
1199,2.25,0.3103448275862069,0.6627218934911243,0.0267379679144385,0.0
1200,2.5,0.2222222222222222,0.7901234567901234,0.0208333333333333,0.0
1201,4.25,0.4761904761904761,0.7,0.0072992700729927,0.0
1202,1.9333333333333331,0.1621621621621621,0.6145833333333334,0.0135746606334841,0.0
1203,3.0,0.2045454545454545,0.5661764705882353,0.01875,0.0
1204,2.111111111111111,0.1089108910891089,0.5490196078431373,0.0364963503649635,0.0
1205,3.7,0.2835820895522388,0.6285714285714286,0.048582995951417,0.0
1206,1.5,0.0588235294117647,0.875,0.0434782608695652,0.0
1207,4.0,0.2222222222222222,0.5959595959595959,0.0168067226890756,0.0
1208,2.076923076923077,0.1343283582089552,0.601063829787234,0.0232558139534883,0.0
1209,2.272727272727273,0.203125,0.5393258426966292,0.0197044334975369,0.0
1210,2.8461538461538463,0.1702127659574468,0.5108695652173914,0.0351437699680511,0.0
1211,3.7777777777777777,0.1558441558441558,0.63,0.0555555555555555,0.0
1212,3.333333333333333,0.0857142857142857,0.6634615384615384,0.032258064516129,0.0
1213,1.818181818181818,0.2962962962962963,0.7266666666666667,0.0117647058823529,0.0
1214,4.6,0.0909090909090909,0.6057692307692307,0.0472440944881889,0.0
1215,4.125,0.2790697674418604,0.5811965811965812,0.0066666666666666,0.0
1216,2.363636363636364,0.2459016393442623,0.6346153846153846,0.0054945054945054,0.0
1217,2.1,0.1267605633802817,0.6043956043956044,0.0147783251231527,0.0
1218,2.5,0.1290322580645161,0.5405405405405406,0.0238095238095238,0.0
1219,2.0,0.1875,0.648854961832061,0.0070921985815602,0.0
1220,3.333333333333333,0.2564102564102564,0.6230769230769231,0.0333333333333333,0.0
1221,2.8,0.2333333333333333,0.7386363636363636,0.0196078431372549,0.0
1222,2.6923076923076925,0.1707317073170731,0.639269406392694,0.0236220472440944,0.0
1223,2.6923076923076925,0.1325301204819277,0.5550847457627118,0.033210332103321,0.0
1224,2.090909090909091,0.3064516129032258,0.7430555555555556,0.0,0.0
1225,4.5,0.1509433962264151,0.5806451612903226,0.0274725274725274,0.0
1226,2.5789473684210527,0.3736263736263736,0.6366906474820144,0.0,0.0
1227,2.888888888888889,0.0851063829787234,0.6433566433566433,0.0650887573964497,0.0
1228,8.5,0.0,0.8666666666666667,0.0389610389610389,0.0
1229,3.0,0.0425531914893617,0.6320754716981132,0.0165289256198347,0.0
1230,3.0,0.2068965517241379,0.5084745762711864,0.005050505050505,0.0
1231,2.833333333333333,0.1538461538461538,0.6386554621848739,0.0661764705882353,0.0
1232,2.5,0.1764705882352941,0.6741573033707865,0.0303030303030303,0.0
1233,1.0,0.0,0.88,0.0357142857142857,0.0
1234,2.6,0.0606060606060606,0.6333333333333333,0.029126213592233,0.0
1235,1.75,0.1111111111111111,0.680672268907563,0.0225563909774436,0.0
1236,4.166666666666667,0.1,0.5813953488372093,0.0064935064935064,0.0
1237,2.3846153846153846,0.09375,0.6079545454545454,0.0289855072463768,0.0
1238,1.181818181818182,0.1,0.6033057851239669,0.1044776119402985,0.0
1239,2.2857142857142856,0.1041666666666666,0.6071428571428571,0.0192307692307692,0.0
1240,3.555555555555556,0.1333333333333333,0.5310734463276836,0.062200956937799,0.0
1241,1.0,0.0,1.0,0.0909090909090909,0.0
1242,2.0,0.3333333333333333,0.6976744186046512,0.01,0.0
1243,0.0,0.25,0.9090909090909092,0.0909090909090909,0.0
1244,2.2857142857142856,0.1851851851851851,0.6333333333333333,0.0060240963855421,0.0
1245,1.9285714285714288,0.3209876543209876,0.6619047619047619,0.0,0.0
1246,1.375,0.4,0.6470588235294118,0.0076923076923076,0.0
1247,2.4615384615384617,0.2755102040816326,0.5833333333333334,0.0162337662337662,0.0
1248,3.083333333333333,0.1097560975609756,0.5720338983050848,0.0293040293040293,0.0
1249,1.7272727272727273,0.3398058252427184,0.59,0.0059171597633136,0.0
1250,2.0,0.21875,0.75,0.0192307692307692,0.0
1251,2.25,0.1739130434782608,0.6923076923076923,0.0248447204968944,0.0
1252,3.333333333333333,0.1739130434782608,0.4811594202898551,0.0049382716049382,0.0
1253,2.9,0.3050847457627119,0.5970149253731343,0.0127226463104325,0.0
1254,2.4,0.1403508771929824,0.6441717791411042,0.0695187165775401,0.0
1255,2.6,0.1875,0.7821782178217822,0.0,0.0
1256,2.1666666666666665,0.0909090909090909,0.6635514018691588,0.0416666666666666,0.0
1257,2.4545454545454546,0.209090909090909,0.5379746835443038,0.0162162162162162,0.0
1258,2.3846153846153846,0.345679012345679,0.5086505190311419,0.040625,0.0
1259,1.6875,0.2857142857142857,0.6326530612244898,0.0089686098654708,0.0
1260,2.25,0.1272727272727272,0.6111111111111112,0.0061728395061728,0.0
1261,2.25,0.2465753424657534,0.601063829787234,0.0325581395348837,0.0
1262,2.8823529411764706,0.4716981132075472,0.598159509202454,0.0106666666666666,0.0
1263,1.5714285714285714,0.1702127659574468,0.7889908256880734,0.0083333333333333,0.0
1264,2.1,0.4736842105263157,0.5364963503649635,0.0158227848101265,0.0
1265,1.9285714285714288,0.2439024390243902,0.6137339055793991,0.0076923076923076,0.0
1266,2.7333333333333334,0.4361702127659574,0.6231884057971014,0.0,0.0
1267,2.571428571428572,0.2195121951219512,0.6347826086956522,0.0,0.0
1268,2.0,0.2195121951219512,0.6388888888888888,0.025,0.0
1269,3.25,0.0677966101694915,0.5224719101123596,0.0,0.0
1270,3.4,0.3548387096774194,0.7325581395348837,0.0194174757281553,0.0
1271,3.142857142857143,0.3953488372093023,0.6142857142857143,0.0185185185185185,0.0
1272,1.75,0.1886792452830188,0.5947712418300654,0.0119760479041916,0.0
1273,2.8,0.3055555555555556,0.6538461538461539,0.0254237288135593,0.0
1274,3.1904761904761907,0.3770491803278688,0.5572139303482587,0.0106609808102345,0.0
1275,3.6,0.2692307692307692,0.5816326530612245,0.0172413793103448,0.0
1276,2.9411764705882355,0.3092783505154639,0.5275862068965518,0.0088235294117647,0.0
1277,2.6666666666666665,0.4059405940594059,0.553314121037464,0.010126582278481,0.0
1278,3.125,0.3411764705882353,0.5217391304347826,0.00920245398773,0.0
1279,3.0,0.293103448275862,0.6073619631901841,0.0103626943005181,0.0
1280,2.7,0.1764705882352941,0.5852272727272727,0.0295566502463054,0.0
1281,2.0,0.288135593220339,0.610062893081761,0.0169491525423728,0.0
1282,4.111111111111111,0.1818181818181818,0.5159574468085106,0.0177777777777777,0.0
1283,3.1666666666666665,0.2682926829268293,0.6535433070866141,0.0205479452054794,0.0
1284,2.6923076923076925,0.4,0.539568345323741,0.0159744408945686,0.0
1285,2.2222222222222223,0.3484848484848485,0.5931372549019608,0.0044642857142857,0.0
1286,1.7272727272727273,0.1428571428571428,0.6666666666666666,0.0171428571428571,0.0
1287,2.533333333333333,0.4831460674157303,0.6195652173913043,0.0063694267515923,0.0
1288,2.375,0.3333333333333333,0.6807228915662651,0.0,0.0
1289,2.0,0.1842105263157894,0.5981308411214953,0.0,0.0
1290,2.333333333333333,0.1951219512195122,0.6692913385826772,0.0,0.0
1291,2.238095238095238,0.2952380952380952,0.6007067137809188,0.006060606060606,0.0
1292,2.2857142857142856,0.3173076923076923,0.5548387096774193,0.0058479532163742,0.0
1293,3.0,0.3125,0.7738095238095238,0.0208333333333333,0.0
1294,0.6666666666666666,0.4285714285714285,1.0,0.0,0.0
1295,3.2222222222222223,0.2241379310344827,0.5570469798657718,0.0112359550561797,0.0
1296,4.75,0.2666666666666666,0.5614035087719298,0.0075187969924812,0.0
1297,2.782608695652174,0.2046783625730994,0.5529953917050692,0.0140562248995983,0.0
1298,2.5,0.1304347826086956,0.6153846153846154,0.0232558139534883,0.0
1299,2.125,0.0983606557377049,0.6805555555555556,0.0124223602484472,0.0
1300,2.333333333333333,0.0816326530612244,0.5371900826446281,0.0074074074074074,0.0
1301,3.333333333333333,0.5294117647058824,0.7004830917874396,0.0042194092827004,0.0
1302,3.9,0.3421052631578947,0.555045871559633,0.0038910505836575,0.0
1303,2.0454545454545454,0.1848739495798319,0.610062893081761,0.0165289256198347,0.0
1304,3.2857142857142856,0.2413793103448276,0.6458333333333334,0.029940119760479,0.0
1305,1.8888888888888888,0.2272727272727272,0.8,0.0070422535211267,0.0
1306,2.0,0.5416666666666666,0.6335403726708074,0.0171428571428571,0.0
1307,2.7777777777777777,0.0689655172413793,0.6346153846153846,0.0165745856353591,0.0
1308,2.25,0.4,0.6776859504132231,0.0215827338129496,0.0
1309,2.2,0.2,0.7096774193548387,0.0056497175141242,0.0
1310,2.1333333333333333,0.2826086956521739,0.5368421052631579,0.018018018018018,0.0
1311,3.25,0.4888888888888889,0.6376811594202898,0.0182926829268292,0.0
1312,4.666666666666667,0.3571428571428571,0.8076923076923077,0.0,0.0
1313,3.9166666666666665,0.3098591549295774,0.6383928571428571,0.014760147601476,0.0
1314,2.75,0.2871287128712871,0.6101083032490975,0.0062305295950155,0.0
1315,3.25,0.2,0.8082191780821918,0.0,0.0
1316,3.2857142857142856,0.4076433121019108,0.5462555066079295,0.011472275334608,0.0
1317,2.0,0.2058823529411764,0.7156862745098039,0.0084745762711864,0.0
1318,2.0,0.2333333333333333,0.6091954022988506,0.0206185567010309,0.0
1319,2.636363636363636,0.2686567164179104,0.5721925133689839,0.0138888888888888,0.0
1320,3.0,0.3939393939393939,0.6666666666666666,0.0,0.0
1321,1.6,0.25,0.6588785046728972,0.0126050420168067,0.0
1322,3.7142857142857135,0.0384615384615384,0.5921052631578947,0.0168539325842696,0.0
1323,2.75,0.2222222222222222,0.75,0.0109890109890109,0.0
1324,3.111111111111111,0.32,0.6681818181818182,0.0161290322580645,0.0
1325,2.75,0.4318181818181818,0.6086956521739131,0.0161812297734627,0.0
1326,2.1,0.144927536231884,0.5721925133689839,0.0144230769230769,0.0
1327,3.0,0.1836734693877551,0.7054794520547946,0.0235294117647058,0.0
1328,3.4545454545454546,0.25,0.5416666666666666,0.0122324159021406,0.0
1329,2.833333333333333,0.2075471698113207,0.6158940397350994,0.0357142857142857,0.0
1330,2.0,0.1818181818181818,0.6598639455782312,0.0061349693251533,0.0
1331,2.0,0.1777777777777777,0.6347826086956522,0.0076335877862595,0.0
1332,3.1,0.423728813559322,0.5621890547263682,0.0129310344827586,0.0
1333,2.3076923076923075,0.1485148514851485,0.5037593984962406,0.0101351351351351,0.0
1334,3.375,0.3018867924528302,0.5819209039548022,0.0049019607843137,0.0
1335,1.875,0.1951219512195122,0.6788990825688074,0.0080645161290322,0.0
1336,2.2222222222222223,0.2352941176470588,0.6923076923076923,0.0,0.0
1337,1.3333333333333333,0.1481481481481481,0.7580645161290323,0.0142857142857142,0.0
1338,4.142857142857143,0.1309523809523809,0.6623376623376623,0.0276816608996539,0.0
1339,3.2,0.3571428571428571,0.7086092715231788,0.0059880239520958,0.0
1340,1.0,0.1111111111111111,0.7666666666666667,0.03125,0.0
1341,2.7777777777777777,0.3536585365853658,0.6738197424892703,0.0077519379844961,0.0
1342,3.5294117647058822,0.3233082706766917,0.5742857142857143,0.0121951219512195,0.0
1343,2.142857142857143,0.4444444444444444,0.6410256410256411,0.0151515151515151,0.0
1344,2.875,0.3061224489795918,0.546583850931677,0.0054347826086956,0.0
1345,3.2,0.3720930232558139,0.6642857142857143,0.0064102564102564,0.0
1346,4.166666666666667,0.4339622641509434,0.5932203389830508,0.0099009900990099,0.0
1347,4.285714285714286,0.3148148148148148,0.5675675675675675,0.0186046511627906,0.0
1348,2.6666666666666665,0.1129032258064516,0.6513157894736842,0.0059523809523809,0.0
1349,2.5,0.1,0.6336633663366337,0.0172413793103448,0.0
1350,2.1666666666666665,0.25,0.6923076923076923,0.0051282051282051,0.0
1351,2.625,0.2280701754385964,0.656441717791411,0.0217391304347826,0.0
1352,3.8666666666666663,0.1979166666666666,0.6133828996282528,0.0061162079510703,0.0
1353,3.083333333333333,0.2816901408450704,0.4928909952606635,0.0120967741935483,0.0
1354,2.7142857142857144,0.2285714285714285,0.5597826086956522,0.0197044334975369,0.0
1355,1.875,0.34,0.7580645161290323,0.0071942446043165,0.0
1356,4.0,0.2352941176470588,0.5785123966942148,0.0344827586206896,0.0
1357,2.5,0.2151898734177215,0.569620253164557,0.0112359550561797,0.0
1358,0.8,0.2631578947368421,0.7464788732394366,0.0133333333333333,0.0
1359,3.090909090909091,0.5774647887323944,0.6092436974789915,0.0036764705882352,0.0
1360,3.0,0.3076923076923077,0.6140350877192983,0.0099502487562189,0.0
1361,3.375,0.2352941176470588,0.6986301369863014,0.0057803468208092,0.0
1362,4.111111111111111,0.391304347826087,0.5930735930735931,0.0074626865671641,0.0
1363,2.0,0.2040816326530612,0.5770750988142292,0.0106007067137809,0.0
1364,3.631578947368421,0.2533333333333333,0.5360824742268041,0.0,0.0
1365,3.1,0.3125,0.6504854368932039,0.0084388185654008,0.0
1366,2.875,0.3023255813953488,0.6962962962962963,0.0189873417721519,0.0
1367,2.25,0.44,0.7019867549668874,0.0177514792899408,0.0
1368,3.1,0.2037037037037037,0.5777777777777777,0.0284360189573459,0.0
1369,2.75,0.1351351351351351,0.6532258064516129,0.0136986301369863,0.0
1370,2.125,0.1224489795918367,0.7317073170731707,0.0214285714285714,0.0
1371,2.555555555555556,0.2413793103448276,0.6688311688311688,0.0112994350282485,0.0
1372,1.9444444444444444,0.4166666666666667,0.6462882096069869,0.0189393939393939,0.0
1373,2.333333333333333,0.2361111111111111,0.6436781609195402,0.0102564102564102,0.0
1374,2.9,0.3125,0.6127450980392157,0.0085836909871244,0.0
1375,4.75,0.1555555555555555,0.696,0.0069444444444444,0.0
1376,3.0,0.2733333333333333,0.5509708737864077,0.0,0.0
1377,1.9166666666666667,0.4727272727272727,0.6549707602339181,0.0257731958762886,0.0
1378,3.0,0.2678571428571428,0.6566265060240963,0.0160427807486631,0.0
1379,2.8,0.4642857142857143,0.6206896551724138,0.0099009900990099,0.0
1380,1.4,0.2142857142857142,0.5615384615384615,0.0,0.0
1381,1.0,0.0,0.9166666666666666,0.0384615384615384,0.0
1382,3.2857142857142856,0.1296296296296296,0.7032258064516129,0.0168539325842696,0.0
1383,3.2857142857142856,0.2857142857142857,0.5517241379310345,0.0101522842639593,0.0
1384,2.833333333333333,0.2342342342342342,0.5319767441860465,0.0126582278481012,0.0
1385,3.3076923076923075,0.28,0.6428571428571429,0.0118577075098814,0.0
1386,3.25,0.3174603174603174,0.5490196078431373,0.0246913580246913,0.0
1387,2.5,0.4081632653061224,0.6358024691358025,0.0260416666666666,0.0
1388,2.6666666666666665,0.2826086956521739,0.5514705882352942,0.006578947368421,0.0
1389,2.555555555555556,0.3770491803278688,0.6797752808988764,0.0,0.0
1390,3.142857142857143,0.15,0.6976744186046512,0.0198675496688741,0.0
1391,3.25,0.2666666666666666,0.6367521367521367,0.0256410256410256,0.0
1392,4.7,0.1707317073170731,0.524904214559387,0.0162337662337662,0.0
1393,1.0,0.0,1.0,0.0,0.0
1394,2.125,0.1951219512195122,0.5491803278688525,0.0287769784172661,0.0
1395,2.571428571428572,0.1666666666666666,0.5686274509803921,0.0350877192982456,0.0
1396,5.25,0.2962962962962963,0.7407407407407407,0.0392156862745098,0.0
1397,0.3333333333333333,0.0,1.0,0.0,0.0
1398,4.4,0.073170731707317,0.5169491525423728,0.05,0.0
1399,2.6666666666666665,0.0434782608695652,0.6344827586206897,0.0124223602484472,0.0
1400,2.333333333333333,0.2236842105263158,0.5688073394495413,0.0355731225296442,0.0
1401,1.875,0.0655737704918032,0.6644295302013423,0.0304878048780487,0.0
1402,2.6666666666666665,0.2,0.6136363636363636,0.0067567567567567,0.0
1403,2.9375,0.2212389380530973,0.5601374570446735,0.0059171597633136,0.0
1404,1.9,0.1969696969696969,0.5911949685534591,0.0056179775280898,0.0
1405,1.8333333333333333,0.1111111111111111,0.59375,0.0560747663551401,0.0
1406,6.0,0.1666666666666666,0.5508474576271186,0.0337837837837837,0.0
1407,1.5,0.2333333333333333,0.7564102564102564,0.0229885057471264,0.0
1408,3.5,0.0727272727272727,0.563953488372093,0.0362694300518134,0.0
1409,1.1428571428571428,0.125,0.7159090909090909,0.0104166666666666,0.0
1410,2.142857142857143,0.4186046511627907,0.7028985507246377,0.0059523809523809,0.0
1411,2.125,0.171875,0.6413043478260869,0.0099502487562189,0.0
1412,1.9090909090909087,0.2666666666666666,0.6118421052631579,0.0231213872832369,0.0
1413,5.0,0.4166666666666667,0.630188679245283,0.0161290322580645,0.0
1414,2.7142857142857144,0.2133333333333333,0.7058823529411765,0.0,0.0
1415,6.666666666666667,0.1481481481481481,0.6911764705882353,0.0128205128205128,0.0
1416,4.0,0.1964285714285714,0.558282208588957,0.0205128205128205,0.0
1417,2.6666666666666665,0.2317073170731707,0.5966386554621849,0.0111111111111111,0.0
1418,3.4545454545454546,0.2575757575757575,0.5577889447236181,0.0084388185654008,0.0
1419,2.0,0.1627906976744186,0.5126353790613718,0.0323624595469255,0.0
1420,2.071428571428572,0.196078431372549,0.5432525951557093,0.0251572327044025,0.0
1421,2.875,0.0862068965517241,0.6470588235294118,0.0314465408805031,0.0
1422,1.5714285714285714,0.1470588235294117,0.8271604938271605,0.0,0.0
1423,1.7777777777777777,0.081967213114754,0.6802721088435374,0.0245398773006134,0.0
1424,3.111111111111111,0.171875,0.7134146341463414,0.0052083333333333,0.0
1425,1.75,0.125,0.7446808510638298,0.074074074074074,0.0
1426,2.0416666666666665,0.1913043478260869,0.5921985815602837,0.0030211480362537,0.0
1427,3.0,0.3584905660377358,0.6335403726708074,0.0054054054054054,0.0
1428,2.6666666666666665,0.2571428571428571,0.7068965517241379,0.0303030303030303,0.0
1429,3.0,0.4827586206896552,0.5841584158415841,0.0086206896551724,0.0
1430,3.1666666666666665,0.2553191489361702,0.7058823529411765,0.0144927536231884,0.0
1431,3.1666666666666665,0.3684210526315789,0.6258503401360545,0.0060240963855421,0.0
1432,2.0,0.1363636363636363,0.7971014492753623,0.050632911392405,0.0
1433,1.875,0.3260869565217391,0.5578231292517006,0.0061728395061728,0.0
1434,2.8095238095238093,0.1946902654867256,0.5233644859813084,0.0131578947368421,0.0
1435,2.363636363636364,0.1549295774647887,0.5851063829787234,0.0186915887850467,0.0
1436,2.933333333333333,0.2592592592592592,0.5165289256198347,0.0034965034965034,0.0
1437,1.4444444444444444,0.2745098039215686,0.6666666666666666,0.0140845070422535,0.0
1438,3.6666666666666665,0.2631578947368421,0.6875,0.0155440414507772,0.0
1439,2.5384615384615383,0.1384615384615384,0.5314285714285715,0.0288461538461538,0.0
1440,2.625,0.081081081081081,0.6637931034482759,0.0145985401459854,0.0
1441,2.0,0.180327868852459,0.6162790697674418,0.0212765957446808,0.0
1442,3.333333333333333,0.3055555555555556,0.580441640378549,0.0168067226890756,0.0
1443,2.5,0.21875,0.5923076923076923,0.0133333333333333,0.0
1444,3.0,0.2295081967213114,0.6021505376344086,0.0405405405405405,0.0
1445,2.75,0.1136363636363636,0.6614173228346457,0.0402684563758389,0.0
1446,1.5555555555555556,0.15,0.6111111111111112,0.0285714285714285,0.0
1447,2.5,0.1951219512195122,0.6274509803921569,0.0,0.0
1448,2.583333333333333,0.2535211267605634,0.5677083333333334,0.0,0.0
1449,2.571428571428572,0.1428571428571428,0.6722689075630253,0.0,0.0
1450,2.625,0.2115384615384615,0.668918918918919,0.0,0.0
1451,2.4285714285714284,0.1739130434782608,0.6460905349794238,0.0108303249097472,0.0
1452,4.142857142857143,0.14,0.6122448979591837,0.0284090909090909,0.0
1453,2.769230769230769,0.3875,0.6519823788546255,0.0038022813688212,0.0
1454,2.1666666666666665,0.1842105263157894,0.5824742268041238,0.0045454545454545,0.0
1455,4.222222222222222,0.265625,0.5573770491803278,0.0135746606334841,0.0
1456,3.4285714285714284,0.2352941176470588,0.7074829931972789,0.023391812865497,0.0
1457,2.0869565217391304,0.3892617449664429,0.6505263157894737,0.0494752623688155,0.0
1458,2.6666666666666665,0.3,0.6836734693877551,0.043859649122807,0.0
1459,2.2666666666666666,0.3493975903614458,0.6405529953917051,0.0199203187250996,0.0
1460,1.3333333333333333,0.0454545454545454,0.6634615384615384,0.0267857142857142,0.0
1461,2.857142857142857,0.2833333333333333,0.7305389221556886,0.0213903743315508,0.0
1462,2.571428571428572,0.1632653061224489,0.5526315789473685,0.0235294117647058,0.0
1463,3.4,0.2333333333333333,0.5789473684210527,0.0357142857142857,0.0
1464,2.7,0.3709677419354839,0.6483516483516484,0.0047846889952153,0.0
1465,2.2142857142857144,0.2926829268292683,0.5983263598326359,0.0074074074074074,0.0
1466,4.6,0.0816326530612244,0.6493506493506493,0.0282485875706214,0.0
1467,3.1666666666666665,0.1395348837209302,0.6370967741935484,0.0139860139860139,0.0
1469,2.5,0.0632911392405063,0.5619047619047619,0.0340425531914893,0.0
1470,2.6923076923076925,0.1948051948051948,0.5509259259259259,0.0039840637450199,0.0
1471,1.6875,0.160919540229885,0.5158730158730159,0.010752688172043,0.0
1472,2.625,0.1052631578947368,0.589041095890411,0.0239520958083832,0.0
1473,4.1,0.0925925925925925,0.5282258064516129,0.0207612456747404,0.0
1474,2.333333333333333,0.1276595744680851,0.6031746031746031,0.0214285714285714,0.0
1475,2.555555555555556,0.0958904109589041,0.6089385474860335,0.0495049504950495,0.0
1476,2.4,0.0689655172413793,0.6785714285714286,0.0208333333333333,0.0
1477,1.9,0.2,0.593103448275862,0.0182926829268292,0.0
1478,6.571428571428571,0.2222222222222222,0.7925925925925926,0.0552486187845303,0.0
1479,3.3076923076923075,0.1388888888888889,0.5138888888888888,0.0151057401812688,0.0
1480,2.0,0.0571428571428571,0.7362637362637363,0.019047619047619,0.0
1481,2.4,0.1944444444444444,0.6896551724137931,0.0,0.0
1482,3.25,0.0666666666666666,0.6216216216216216,0.0229885057471264,0.0
1483,2.4166666666666665,0.288135593220339,0.6123595505617978,0.0048309178743961,0.0
1484,3.8,0.2894736842105263,0.7394957983193278,0.0217391304347826,0.0
1485,2.75,0.1111111111111111,0.553030303030303,0.0194805194805194,0.0
1486,2.0,0.3170731707317073,0.5808823529411765,0.0194805194805194,0.0
1487,1.9375,0.2142857142857142,0.5756457564575646,0.0,0.0
1488,2.8181818181818183,0.2647058823529412,0.6524064171122995,0.0137614678899082,0.0
1489,3.272727272727273,0.2156862745098039,0.5853658536585366,0.01,0.0
1490,1.0,0.4375,0.9333333333333332,0.0196078431372549,0.0
1491,3.333333333333333,0.1224489795918367,0.616,0.0206896551724137,0.0
1492,2.6,0.125,0.6818181818181818,0.024390243902439,0.0
1493,3.6666666666666665,0.0666666666666666,0.6356589147286822,0.0198675496688741,0.0
1494,2.611111111111111,0.2688172043010752,0.5315985130111525,0.0094936708860759,0.0
1495,2.8,0.3157894736842105,0.6776859504132231,0.0,0.0
1496,3.375,0.180722891566265,0.632,0.0216606498194945,0.0
1497,3.636363636363636,0.2758620689655172,0.6265560165975104,0.0355871886120996,0.0
1498,3.5,0.2022471910112359,0.5714285714285714,0.0150375939849624,0.0
1499,2.0,0.4489795918367347,0.7142857142857143,0.0063694267515923,0.0
1500,2.4444444444444446,0.0869565217391304,0.6187845303867403,0.0344827586206896,0.0
1501,1.8888888888888888,0.2,0.7272727272727273,0.0,0.0
1502,1.5789473684210529,0.175,0.5907590759075908,0.015015015015015,0.0
1503,3.111111111111111,0.1971830985915492,0.6923076923076923,0.0089686098654708,0.0
1504,3.0,0.2083333333333333,0.6521739130434783,0.0617283950617283,0.0
1505,3.076923076923077,0.3516483516483517,0.6117216117216118,0.0031948881789137,0.0
1506,2.125,0.1923076923076923,0.538961038961039,0.0116959064327485,0.0
1507,2.6666666666666665,0.3584905660377358,0.7046979865771812,0.0121212121212121,0.0
1508,2.857142857142857,0.1481481481481481,0.7320261437908496,0.0,0.0
1509,4.8,0.3235294117647059,0.7155172413793104,0.0,0.0
1510,3.555555555555556,0.1864406779661017,0.66,0.0329670329670329,0.0
1511,1.9,0.238095238095238,0.762962962962963,0.0259740259740259,0.0
1512,3.1,0.1860465116279069,0.5232067510548524,0.0,0.0
1513,1.7777777777777777,0.075,0.6260162601626016,0.0215827338129496,0.0
1514,2.263157894736842,0.2537313432835821,0.6346153846153846,0.0056338028169014,0.0
1515,3.8461538461538463,0.1717171717171717,0.5574324324324325,0.0173410404624277,0.0
1516,2.25,0.2777777777777778,0.6791044776119403,0.0263157894736842,0.0
1517,1.3333333333333333,0.25,1.0,0.0,0.0
1518,2.4,0.2682926829268293,0.6141732283464567,0.0071942446043165,0.0
1519,3.4166666666666665,0.2619047619047619,0.5374449339207048,0.0,0.0
1520,1.7777777777777777,0.217391304347826,0.7666666666666667,0.0147058823529411,0.0
1521,3.2222222222222223,0.1551724137931034,0.5950920245398773,0.0260416666666666,0.0
1522,3.2142857142857144,0.144578313253012,0.4939759036144578,0.0034013605442176,0.0
1523,2.4444444444444446,0.2,0.5365853658536586,0.0068965517241379,0.0
1524,4.2727272727272725,0.1621621621621621,0.6198347107438017,0.0622837370242214,0.0
1525,3.125,0.2626262626262626,0.5666666666666667,0.0114285714285714,0.0
1526,2.071428571428572,0.196078431372549,0.6402877697841727,0.0059523809523809,0.0
1527,1.75,0.074074074074074,0.7205882352941176,0.0266666666666666,0.0
1528,3.0,0.1428571428571428,0.5447154471544715,0.007168458781362,0.0
1529,3.1,0.16,0.6485148514851485,0.0128755364806866,0.0
1530,3.888888888888889,0.1969696969696969,0.6304347826086957,0.0228310502283105,0.0
1531,2.375,0.1458333333333333,0.6466666666666666,0.0059171597633136,0.0
1532,3.333333333333333,0.1186440677966101,0.6956521739130435,0.0392156862745098,0.0
1533,2.571428571428572,0.25,0.753968253968254,0.0,0.0
1534,2.375,0.1951219512195122,0.5960264900662252,0.0117647058823529,0.0
1535,3.625,0.1666666666666666,0.6050955414012739,0.0161290322580645,0.0
1536,4.0,0.1707317073170731,0.668918918918919,0.0170454545454545,0.0
1537,1.6,0.1904761904761904,0.686046511627907,0.0425531914893617,0.0
1538,2.1818181818181817,0.1309523809523809,0.6,0.0182648401826484,0.0
1539,2.466666666666667,0.2413793103448276,0.6312292358803987,0.0,0.0
1540,3.083333333333333,0.4320987654320987,0.6589861751152074,0.0039370078740157,0.0
1541,5.2,0.1956521739130435,0.7341040462427746,0.0100502512562814,0.0
1542,2.5,0.1923076923076923,0.7674418604651163,0.0104166666666666,0.0
1543,2.357142857142857,0.25,0.6041666666666666,0.0133333333333333,0.0
1544,4.0,0.1034482758620689,0.7901234567901234,0.021505376344086,0.0
1545,2.1538461538461537,0.2328767123287671,0.6138613861386139,0.008695652173913,0.0
1546,1.9411764705882355,0.1780821917808219,0.572289156626506,0.0,0.0
1547,1.3333333333333333,0.2,0.6984126984126984,0.0149253731343283,0.0
1548,2.75,0.1975308641975308,0.6079295154185022,0.0200803212851405,0.0
1549,2.1333333333333333,0.1546391752577319,0.5983935742971888,0.0106761565836298,0.0
1550,6.0,0.1034482758620689,0.6478260869565218,0.0071942446043165,0.0
1551,3.1666666666666665,0.4090909090909091,0.732484076433121,0.0,0.0
1552,13.0,0.3333333333333333,0.7844827586206896,0.0140845070422535,0.0
1553,3.25,0.3333333333333333,0.6946107784431138,0.0103626943005181,0.0
1554,2.6,0.2692307692307692,0.6883116883116883,0.0055555555555555,0.0
1555,4.333333333333333,0.2777777777777778,0.6241610738255033,0.0106382978723404,0.0
1556,2.0,0.4102564102564102,0.7028985507246377,0.0256410256410256,0.0
1557,2.25,0.3478260869565217,0.6782608695652174,0.0300751879699248,0.0
1558,3.0,0.4634146341463415,0.7164179104477612,0.0189873417721519,0.0
1559,1.3,0.3555555555555555,0.7350427350427351,0.0,0.0
1560,3.0,0.1521739130434782,0.6727272727272727,0.0,0.0
1561,1.9090909090909087,0.3283582089552239,0.640625,0.0140845070422535,0.0
1562,2.5,0.1470588235294117,0.6701030927835051,0.0,0.0
1563,1.9047619047619049,0.2393162393162393,0.6293706293706294,0.0061349693251533,0.0
1564,2.3,0.072463768115942,0.5608465608465608,0.0283018867924528,0.0
1565,3.230769230769231,0.1489361702127659,0.6129032258064516,0.0308880308880308,0.0
1566,2.7857142857142856,0.2469135802469135,0.5213675213675214,0.0183150183150183,0.0
1567,2.6666666666666665,0.2962962962962963,0.6993006993006993,0.0,0.0
1568,4.375,0.1666666666666666,0.6459627329192547,0.0153061224489795,0.0
1569,3.526315789473684,0.1192660550458715,0.5147540983606558,0.0456989247311828,0.0
1570,2.25,0.2571428571428571,0.5882352941176471,0.0,0.0
1571,2.75,0.1836734693877551,0.6935483870967742,0.0273972602739726,0.0
1572,2.75,0.2272727272727272,0.6511627906976745,0.0331125827814569,0.0
1573,2.75,0.1875,0.5783132530120482,0.026595744680851,0.0
1574,1.8,0.064516129032258,0.868421052631579,0.0,0.0
1575,2.875,0.2244897959183673,0.5866666666666667,0.0,0.0
1576,3.0,0.1358024691358024,0.6161137440758294,0.0126050420168067,0.0
1577,3.0,0.0697674418604651,0.6416666666666667,0.036231884057971,0.0
1578,1.8125,0.1923076923076923,0.5891089108910891,0.0129870129870129,0.0
1579,2.909090909090909,0.1428571428571428,0.6065573770491803,0.0093023255813953,0.0
1580,2.857142857142857,0.1272727272727272,0.5815602836879432,0.0186335403726708,0.0
1581,1.9166666666666667,0.2258064516129032,0.6120218579234973,0.0145631067961165,0.0
1582,3.142857142857143,0.3478260869565217,0.7101449275362319,0.00625,0.0
1583,5.333333333333333,0.0571428571428571,0.7478260869565218,0.015267175572519,0.0
1584,6.428571428571429,0.1728395061728395,0.6023166023166023,0.0328947368421052,0.0
1585,2.909090909090909,0.3620689655172414,0.6059113300492611,0.0127659574468085,0.0
1586,2.571428571428572,0.1525423728813559,0.6639344262295082,0.0071428571428571,0.0
1587,3.888888888888889,0.3061224489795918,0.6753731343283582,0.0132013201320132,0.0
1588,2.142857142857143,0.1764705882352941,0.7078651685393258,0.0096153846153846,0.0
1589,3.2857142857142856,0.1525423728813559,0.5352941176470588,0.0207253886010362,0.0
1590,2.333333333333333,0.3116883116883117,0.616,0.0140350877192982,0.0
1591,3.8,0.0746268656716417,0.5728643216080402,0.0337552742616033,0.0
1592,3.6666666666666665,0.1395348837209302,0.7105263157894737,0.0073529411764705,0.0
1593,1.4,0.375,0.8,0.0,0.0
1594,2.0,0.2040816326530612,0.7391304347826086,0.0,0.0
1595,1.5,0.1111111111111111,0.7580645161290323,0.0,0.0
1596,2.9444444444444446,0.2658227848101265,0.5982142857142857,0.0108303249097472,0.0
1597,3.75,0.1612903225806451,0.5421052631578948,0.0227272727272727,0.0
1598,3.25,0.0425531914893617,0.6102941176470589,0.0185185185185185,0.0
1599,0.8,0.131578947368421,0.71875,0.0288461538461538,0.0
1600,3.0,0.1111111111111111,0.65,0.0254237288135593,0.0
1601,0.75,0.1764705882352941,0.7777777777777778,0.0208333333333333,0.0
1602,2.3076923076923075,0.2765957446808511,0.6511627906976745,0.0062893081761006,0.0
1603,3.2857142857142856,0.1707317073170731,0.6451612903225806,0.0612244897959183,0.0
1604,3.466666666666667,0.1953125,0.5989583333333334,0.0114678899082568,0.0
1605,4.25,0.2857142857142857,0.6204379562043796,0.0173160173160173,0.0
1606,2.111111111111111,0.2894736842105263,0.6056910569105691,0.0211267605633802,0.0
1607,2.5625,0.1984732824427481,0.4845360824742268,0.0069767441860465,0.0
1608,2.769230769230769,0.4696969696969697,0.5972850678733032,0.0077821011673151,0.0
1609,2.25,0.282051282051282,0.7606837606837606,0.0148148148148148,0.0
1610,3.8333333333333335,0.1304347826086956,0.6,0.0103626943005181,0.0
1611,3.75,0.3461538461538461,0.7261904761904762,0.0404040404040404,0.0
1612,3.375,0.2258064516129032,0.6385542168674698,0.0155440414507772,0.0
1613,3.5,0.1071428571428571,0.689873417721519,0.0053763440860215,0.0
1614,2.25,0.0576923076923076,0.6026490066225165,0.0,0.0
1615,5.0,0.3,0.746031746031746,0.0136986301369863,0.0
1616,3.0,0.1515151515151515,0.7575757575757576,0.0256410256410256,0.0
1617,3.75,0.3513513513513513,0.6220472440944882,0.0254777070063694,0.0
1618,2.5454545454545454,0.32,0.5294117647058824,0.0353535353535353,0.0
1619,3.217391304347826,0.1643835616438356,0.5222437137330754,0.0253807106598984,0.0
1620,3.0,0.4090909090909091,0.7160493827160493,0.032258064516129,0.0
1621,2.875,0.18,0.5748031496062992,0.02,0.0
1622,2.1,0.2159090909090909,0.6,0.0136986301369863,0.0
1623,1.0,0.0,1.0,0.0,0.0
1624,2.6666666666666665,0.1764705882352941,0.7222222222222222,0.0,0.0
1625,2.0,0.1458333333333333,0.5669291338582677,0.0275862068965517,0.0
1626,3.8333333333333335,0.088235294117647,0.7228915662650602,0.0283018867924528,0.0
1627,2.583333333333333,0.1168831168831168,0.5221238938053098,0.0233463035019455,0.0
1628,2.6,0.282051282051282,0.7413793103448276,0.0155038759689922,0.0
1629,3.2,0.25,0.594059405940594,0.0512820512820512,0.0
1630,2.3,0.3,0.6715328467153284,0.025,0.0
1631,3.5,0.1034482758620689,0.6336633663366337,0.0,0.0
1632,3.0,0.1842105263157894,0.6031746031746031,0.0,0.0
1633,3.125,0.1475409836065573,0.5961538461538461,0.0,0.0
1634,2.7,0.2835820895522388,0.6944444444444444,0.0144927536231884,0.0
1635,1.9166666666666667,0.1515151515151515,0.6043956043956044,0.0,0.0
1636,8.0,0.2285714285714285,0.6698113207547169,0.0163934426229508,0.0
1637,2.6875,0.1862745098039215,0.6068702290076335,0.0295081967213114,0.0
1638,3.5,0.1818181818181818,0.7142857142857143,0.0408163265306122,0.0
1639,1.8333333333333333,0.2439024390243902,0.5862068965517241,0.0236220472440944,0.0
1640,3.888888888888889,0.3174603174603174,0.6505376344086021,0.0090497737556561,0.0
1641,2.571428571428572,0.2444444444444444,0.6454545454545455,0.0,0.0
1642,1.5,0.2452830188679245,0.6111111111111112,0.0188679245283018,0.0
1643,4.0,0.1587301587301587,0.6091954022988506,0.0151515151515151,0.0
1644,1.625,0.2272727272727272,0.71875,0.0,0.0
1645,3.555555555555556,0.4893617021276595,0.6126760563380281,0.0172413793103448,0.0
1646,3.333333333333333,0.2205882352941176,0.6666666666666666,0.0084033613445378,0.0
1647,2.2,0.1481481481481481,0.6588235294117647,0.0208333333333333,0.0
1648,1.6,0.25,0.7777777777777778,0.0224719101123595,0.0
1649,1.4,0.1379310344827586,0.6515151515151515,0.0136986301369863,0.0
1650,2.238095238095238,0.2564102564102564,0.5871886120996441,0.0030487804878048,0.0
1651,1.75,0.1162790697674418,0.6422764227642277,0.0437956204379562,0.0
1652,2.4,0.2093023255813953,0.6851851851851852,0.0083333333333333,0.0
1653,4.857142857142857,0.2888888888888888,0.6783216783216783,0.0282485875706214,0.0
1654,3.1,0.1896551724137931,0.6294416243654822,0.0219298245614035,0.0
1655,2.111111111111111,0.1951219512195122,0.5897435897435898,0.0147058823529411,0.0
1656,2.4444444444444446,0.28125,0.6262135922330098,0.0087719298245614,0.0
1657,3.0,0.3214285714285714,0.6794871794871795,0.0163934426229508,0.0
1658,2.142857142857143,0.1666666666666666,0.6422018348623854,0.0,0.0
1659,2.5,0.0909090909090909,0.8709677419354839,0.0277777777777777,0.0
1660,2.0,0.1851851851851851,0.6555555555555556,0.0,0.0
1661,2.571428571428572,0.1304347826086956,0.473170731707317,0.0207468879668049,0.0
1662,3.7,0.2916666666666667,0.580952380952381,0.0161943319838056,0.0
1663,1.625,0.1388888888888889,0.6907216494845361,0.0,0.0
1664,3.0,0.1777777777777777,0.6590909090909091,0.0251572327044025,0.0
1665,2.6666666666666665,0.3255813953488372,0.7222222222222222,0.0161290322580645,0.0
1666,4.2,0.2790697674418604,0.7117117117117117,0.0378787878787878,0.0
1667,2.875,0.0769230769230769,0.6268656716417911,0.019108280254777,0.0
1668,3.0,0.22,0.6144578313253012,0.0210526315789473,0.0
1669,4.285714285714286,0.1860465116279069,0.6825396825396826,0.032051282051282,0.0
1670,2.7777777777777777,0.2109375,0.6330532212885154,0.0171990171990172,0.0
1671,2.7142857142857144,0.4857142857142857,0.688,0.0138888888888888,0.0
1672,2.6666666666666665,0.1818181818181818,0.873015873015873,0.0140845070422535,0.0
1673,2.625,0.2,0.5801526717557252,0.0,0.0
1674,2.375,0.1546391752577319,0.6051502145922747,0.003690036900369,0.0
1675,4.8,0.1,0.5922330097087378,0.0629921259842519,0.0
1676,3.333333333333333,0.1052631578947368,0.6842105263157895,0.0074626865671641,0.0
1677,2.4444444444444446,0.171875,0.6397849462365591,0.0048076923076923,0.0
1678,2.125,0.3,0.6796116504854369,0.0,0.0
1679,2.4,0.037037037037037,0.5393258426966292,0.0,0.0
1680,2.888888888888889,0.1739130434782608,0.6298342541436464,0.0,0.0
1681,2.333333333333333,0.1071428571428571,0.6710526315789473,0.0240963855421686,0.0
1682,2.7142857142857144,0.2941176470588235,0.7464788732394366,0.0124223602484472,0.0
1683,1.8571428571428568,0.0232558139534883,0.6299212598425197,0.0285714285714285,0.0
1684,1.5,0.2448979591836734,0.6,0.0075757575757575,0.0
1685,4.5,0.12,0.6046511627906976,0.0,0.0
1686,3.4,0.2105263157894736,0.6201923076923077,0.012396694214876,0.0
1687,3.6666666666666665,0.0,0.7534246575342466,0.0421052631578947,0.0
1688,3.375,0.2,0.6190476190476191,0.0065359477124183,0.0
1689,2.25,0.1379310344827586,0.6043956043956044,0.02,0.0
1690,1.8,0.5,0.6422764227642277,0.0,0.0
1691,2.4166666666666665,0.3015873015873015,0.6491228070175439,0.005,0.0
1692,2.571428571428572,0.1724137931034483,0.6915887850467289,0.048,0.0
1693,3.909090909090909,0.1864406779661017,0.7088607594936709,0.0298507462686567,0.0
1694,2.5,0.175,0.5867768595041323,0.0141843971631205,0.0
1695,3.142857142857143,0.1666666666666666,0.6666666666666666,0.0127388535031847,0.0
1696,2.555555555555556,0.2653061224489796,0.6666666666666666,0.0,0.0
1697,2.2,0.1142857142857142,0.6744186046511628,0.0206185567010309,0.0
1698,3.5,0.3333333333333333,0.9166666666666666,0.0232558139534883,0.0
1699,2.2222222222222223,0.5581395348837209,0.7669172932330827,0.0,0.0
1700,2.076923076923077,0.46875,0.712707182320442,0.0,0.0
1701,2.2,0.3529411764705882,0.76,0.009009009009009,0.0
1702,1.7142857142857142,0.3333333333333333,0.6767676767676768,0.027027027027027,0.0
1703,2.1818181818181817,0.2459016393442623,0.6444444444444445,0.034313725490196,0.0
1704,3.8333333333333335,0.0869565217391304,0.5806451612903226,0.0204081632653061,0.0
1705,2.125,0.0833333333333333,0.8181818181818182,0.0,0.0
1706,1.7272727272727273,0.1486486486486486,0.6686746987951807,0.0054054054054054,0.0
1707,2.857142857142857,0.125,0.5648854961832062,0.0132450331125827,0.0
1708,3.642857142857143,0.3442622950819672,0.5686900958466453,0.0082417582417582,0.0
1709,1.0,0.0,0.9523809523809524,0.0,0.0
1710,2.4,0.3088235294117647,0.654639175257732,0.0412844036697247,0.0
1711,4.375,0.144927536231884,0.6097560975609756,0.0201005025125628,0.0
1712,2.5,0.2142857142857142,0.7192982456140351,0.0,0.0
1713,2.230769230769231,0.1860465116279069,0.5506607929515418,0.0,0.0
1714,3.3,0.2727272727272727,0.6564102564102564,0.0043859649122807,0.0
1715,3.0,0.125,0.5751295336787565,0.0393013100436681,0.0
1716,1.7692307692307692,0.2658227848101265,0.5285714285714286,0.0085836909871244,0.0
1717,2.111111111111111,0.25,0.7152777777777778,0.0,0.0
1718,2.6,0.2153846153846154,0.6703910614525139,0.0195121951219512,0.0
1719,2.0,0.2916666666666667,0.6944444444444444,0.0,0.0
1720,3.0,0.1616161616161616,0.5698529411764706,0.0128617363344051,0.0
1721,4.25,0.25,0.5825242718446602,0.0,0.0
1722,2.272727272727273,0.3214285714285714,0.6344827586206897,0.0117647058823529,0.0
1723,3.2,0.3972602739726027,0.5972850678733032,0.0079051383399209,0.0
1724,1.3636363636363635,0.425531914893617,0.7299270072992701,0.0131578947368421,0.0
1725,6.5,0.1666666666666666,0.7419354838709677,0.0,0.0
1726,2.7,0.1212121212121212,0.5925925925925926,0.0138888888888888,0.0
1727,4.0,0.14,0.6274509803921569,0.03954802259887,0.0
1728,1.4285714285714286,0.3571428571428571,0.656,0.0074074074074074,0.0
1729,2.0,0.2444444444444444,0.7339449541284404,0.0082644628099173,0.0
1730,3.0,0.3125,0.71,0.0,0.0
1731,6.5,0.1940298507462686,0.6534090909090909,0.0,0.0
1732,2.55,0.1969696969696969,0.5348837209302325,0.0075949367088607,0.0
1733,2.0,0.320754716981132,0.6821192052980133,0.0242424242424242,0.0
1734,2.6,0.15625,0.6989247311827957,0.0,0.0
1735,2.583333333333333,0.2571428571428571,0.6961325966850829,0.0141509433962264,0.0
1736,3.6,0.1818181818181818,0.6607142857142857,0.0384615384615384,0.0
1737,2.875,0.2432432432432432,0.6190476190476191,0.0067114093959731,0.0
1738,1.75,0.2830188679245283,0.7111111111111111,0.0128205128205128,0.0
1739,2.4,0.1388888888888889,0.6041666666666666,0.0185185185185185,0.0
1740,3.3125,0.2795031055900621,0.6031390134529148,0.0160320641282565,0.0
1741,2.5,0.64,0.6842105263157895,0.0,0.0
1742,2.5,0.2790697674418604,0.7589285714285714,0.0,0.0
1743,2.857142857142857,0.1698113207547169,0.6038961038961039,0.0,0.0
1744,3.4285714285714284,0.1111111111111111,0.5984848484848485,0.0064102564102564,0.0
1745,2.333333333333333,0.2448979591836734,0.6853146853146853,0.0,0.0
1746,2.7777777777777777,0.2716763005780346,0.4750593824228028,0.002016129032258,0.0
1747,3.0,0.2,0.5647058823529412,0.01,0.0
1748,3.1818181818181817,0.1944444444444444,0.6318181818181818,0.0235294117647058,0.0
1749,2.636363636363636,0.1149425287356321,0.601010101010101,0.0,0.0
1750,1.3333333333333333,0.3333333333333333,0.7391304347826086,0.02,0.0
1751,2.6,0.0571428571428571,0.5673076923076923,0.0256410256410256,0.0
1752,2.2,0.3333333333333333,0.6338028169014085,0.0060975609756097,0.0
1753,4.4,0.1555555555555555,0.5575221238938053,0.0,0.0
1754,1.5,0.2884615384615384,0.6126760563380281,0.0129870129870129,0.0
1755,1.3333333333333333,0.325,0.7247706422018348,0.0,0.0
1756,3.933333333333333,0.1194029850746268,0.6571428571428571,0.0185873605947955,0.0
1757,2.2857142857142856,0.1351351351351351,0.7291666666666666,0.0089285714285714,0.0
1758,4.0,0.2654867256637168,0.5722713864306784,0.0025839793281653,0.0
1759,2.75,0.2926829268292683,0.6909090909090909,0.0330578512396694,0.0
1760,3.2,0.09375,0.7578947368421053,0.018018018018018,0.0
1761,3.2222222222222223,0.2307692307692307,0.6783625730994152,0.02,0.0
1762,2.5384615384615383,0.3655913978494624,0.6456692913385826,0.0069686411149825,0.0
1763,2.1666666666666665,0.125,0.6181818181818182,0.016260162601626,0.0
1764,1.619047619047619,0.1685393258426966,0.6083333333333333,0.0145985401459854,0.0
1765,5.333333333333333,0.2637362637362637,0.6739130434782609,0.0035971223021582,0.0
1766,2.6666666666666665,0.0606060606060606,0.6296296296296297,0.0309278350515463,0.0
1767,3.230769230769231,0.1625,0.5420560747663551,0.0,0.0
1768,2.7777777777777777,0.4081632653061224,0.6329113924050633,0.0054644808743169,0.0
1769,3.142857142857143,0.25,0.650887573964497,0.0104712041884816,0.0
1770,3.0,0.0888888888888888,0.7128712871287128,0.0442477876106194,0.0
1771,1.6,0.1568627450980392,0.6230769230769231,0.0068493150684931,0.0
1772,4.75,0.303030303030303,0.6284153005464481,0.0,0.0
1773,3.3,0.1444444444444444,0.5708154506437768,0.0075187969924812,0.0
1774,1.875,0.1470588235294117,0.7222222222222222,0.0,0.0
1775,2.888888888888889,0.1470588235294117,0.5833333333333334,0.047945205479452,0.0
1776,2.1818181818181817,0.1428571428571428,0.6517412935323383,0.0222222222222222,0.0
1777,2.583333333333333,0.2352941176470588,0.6792452830188679,0.0210526315789473,0.0
1778,2.571428571428572,0.2083333333333333,0.6357142857142857,0.0063291139240506,0.0
1779,2.0,0.1666666666666666,0.7560975609756098,0.0,0.0
1780,3.8,0.1724137931034483,0.6577181208053692,0.0357142857142857,0.0
1781,2.55,0.2566371681415929,0.5918367346938775,0.0028985507246376,0.0
1782,3.0,0.4583333333333333,0.8026315789473685,0.0117647058823529,0.0
1783,2.2142857142857144,0.2,0.6118721461187214,0.02,0.0
1784,1.75,0.208955223880597,0.6797752808988764,0.0050251256281407,0.0
1785,3.0,0.2058823529411764,0.7731958762886598,0.0357142857142857,0.0
1786,1.25,0.25,0.7735849056603774,0.0,0.0
1787,2.333333333333333,0.0444444444444444,0.6148148148148148,0.0335570469798657,0.0
1788,3.2,0.1739130434782608,0.7310924369747899,0.0148148148148148,0.0
1789,1.8,0.1029411764705882,0.558974358974359,0.0516431924882629,0.0
1790,4.0,0.15625,0.6835443037974683,0.0105263157894736,0.0
1791,2.76,0.1963190184049079,0.5161290322580645,0.0238568588469184,0.0
1792,3.5,0.0555555555555555,0.8095238095238095,0.0,0.0
1793,1.8571428571428568,0.1025641025641025,0.648936170212766,0.02803738317757,0.0
1794,2.7777777777777777,0.3086419753086419,0.6015625,0.0213523131672597,0.0
1795,2.5,0.3333333333333333,0.5487465181058496,0.0093240093240093,0.0
1796,1.6666666666666667,0.2608695652173913,0.6031746031746031,0.0,0.0
1797,3.055555555555556,0.3623188405797101,0.6564245810055865,0.0024213075060532,0.0
1798,2.1818181818181817,0.3076923076923077,0.6354166666666666,0.0231481481481481,0.0
1799,0.8,0.0625,0.5967741935483871,0.0,0.0
1800,3.0,0.1627906976744186,0.6605504587155964,0.0236220472440944,0.0
1801,2.909090909090909,0.3173913043478261,0.4264264264264264,0.0183727034120734,0.0
1802,1.875,0.1323529411764706,0.5660377358490566,0.0172413793103448,0.0
1803,2.333333333333333,0.1764705882352941,0.6666666666666666,0.0119047619047619,0.0
1804,1.3333333333333333,0.2727272727272727,0.693069306930693,0.036697247706422,0.0
1805,2.1,0.1777777777777777,0.6299212598425197,0.0067567567567567,0.0
1806,2.7142857142857144,0.3095238095238095,0.7142857142857143,0.015267175572519,0.0
1807,3.6666666666666665,0.1566265060240964,0.6170212765957447,0.0373134328358208,0.0
1808,4.125,0.1914893617021276,0.5740740740740741,0.041025641025641,0.0
1809,2.1666666666666665,0.0625,0.5982142857142857,0.048,0.0
1810,5.0,0.2352941176470588,0.810126582278481,0.0224719101123595,0.0
1811,2.5,0.1521739130434782,0.5929203539823009,0.015625,0.0
1812,3.2222222222222223,0.3492063492063492,0.6492890995260664,0.0083333333333333,0.0
1813,2.2,0.1475409836065573,0.7086092715231788,0.0173410404624277,0.0
1814,1.4285714285714286,0.3461538461538461,0.7564102564102564,0.0,0.0
1815,1.7,0.2702702702702703,0.8172043010752689,0.0181818181818181,0.0
1816,3.6666666666666665,0.2307692307692307,0.8313253012048193,0.0106382978723404,0.0
1817,3.125,0.296875,0.6751592356687898,0.0,0.0
1818,2.357142857142857,0.1415094339622641,0.55625,0.0056657223796034,0.0
1819,2.25,0.3,0.7058823529411765,0.0,0.0
1820,1.5,0.2727272727272727,0.88,0.0,0.0
1821,3.2222222222222223,0.1578947368421052,0.6688311688311688,0.0218579234972677,0.0
1822,3.0,0.1627906976744186,0.6481481481481481,0.0166666666666666,0.0
1823,2.875,0.0555555555555555,0.5877862595419847,0.0324675324675324,0.0
1824,3.0,0.1923076923076923,0.6166666666666667,0.0241545893719806,0.0
1825,2.4,0.0,0.6753246753246753,0.0337078651685393,0.0
1826,0.5,0.0,0.8333333333333334,0.0,0.0
1827,1.5,0.125,0.7959183673469388,0.0181818181818181,0.0
1828,2.0,0.1698113207547169,0.6845637583892618,0.0613496932515337,0.0
1829,1.0,0.0666666666666666,0.8918918918918919,0.025,0.0
1830,6.0,0.1891891891891892,0.6896551724137931,0.015625,0.0
1831,3.5,0.2647058823529412,0.6061776061776062,0.0031746031746031,0.0
1832,2.333333333333333,0.2307692307692307,0.7625,0.0,0.0
1833,2.5,0.3137254901960784,0.7151515151515152,0.0263157894736842,0.0
1834,4.833333333333333,0.2375,0.526813880126183,0.0373333333333333,0.0
1835,1.6666666666666667,0.0,0.7884615384615384,0.0,0.0
1836,2.4375,0.1458333333333333,0.5807692307692308,0.0133779264214046,0.0
1837,3.8333333333333335,0.3186813186813186,0.5708333333333333,0.0069930069930069,0.0
1838,2.7,0.1639344262295081,0.5878787878787879,0.0,0.0
1839,4.666666666666667,0.1851851851851851,0.72,0.0718954248366013,0.0
1840,3.4166666666666665,0.2673267326732673,0.6136363636363636,0.0065573770491803,0.0
1841,1.0,0.4285714285714285,1.0,0.05,0.0
1842,2.6,0.3333333333333333,0.8157894736842105,0.0,0.0
1843,2.6666666666666665,0.2045454545454545,0.673469387755102,0.0409356725146198,0.0
1844,8.333333333333334,0.203125,0.6373626373626373,0.0048309178743961,0.0
1845,1.2857142857142858,0.2105263157894736,0.7058823529411765,0.009009009009009,0.0
1846,3.5,0.1025641025641025,0.7157894736842105,0.0,0.0
1847,3.3,0.3174603174603174,0.6284153005464481,0.0046296296296296,0.0
1848,3.6666666666666665,0.1489361702127659,0.6554621848739496,0.0283687943262411,0.0
1849,4.333333333333333,0.2325581395348837,0.5882352941176471,0.0482758620689655,0.0
1850,1.8888888888888888,0.0869565217391304,0.6929824561403509,0.0076335877862595,0.0
1851,2.75,0.125,0.5704697986577181,0.0643274853801169,0.0
1852,2.0,0.2153846153846154,0.6724137931034483,0.0154639175257731,0.0
1853,3.333333333333333,0.1627906976744186,0.6106194690265486,0.0150375939849624,0.0
1854,2.4444444444444446,0.4024390243902439,0.6460905349794238,0.0069686411149825,0.0
1855,4.4,0.2258064516129032,0.6020408163265306,0.0333333333333333,0.0
1856,6.0,0.225,0.5371900826446281,0.0264900662251655,0.0
1857,3.8181818181818175,0.1789473684210526,0.5798319327731093,0.025,0.0
1858,1.5,0.0,0.8571428571428571,0.0,0.0
1859,2.333333333333333,0.1034482758620689,0.6753246753246753,0.0219780219780219,0.0
1860,2.8,0.1,0.4825870646766169,0.0,0.0
1861,2.0,0.4761904761904761,0.8082191780821918,0.0120481927710843,0.0
1862,2.2,0.5333333333333333,0.7263157894736842,0.0188679245283018,0.0
1863,2.805555555555556,0.3891625615763547,0.5243243243243243,0.0015243902439024,0.0
1864,4.666666666666667,0.0,0.7192982456140351,0.0422535211267605,0.0
1865,2.636363636363636,0.2280701754385964,0.6451612903225806,0.0,0.0
1866,2.555555555555556,0.1111111111111111,0.7622950819672131,0.0137931034482758,0.0
1867,1.7692307692307692,0.1833333333333333,0.7019867549668874,0.0114942528735632,0.0
1868,7.0,0.1333333333333333,0.7857142857142857,0.0267857142857142,0.0
1869,4.166666666666667,0.1694915254237288,0.6028368794326241,0.036144578313253,0.0
1870,3.0,0.25,0.7666666666666667,0.0222222222222222,0.0
1871,2.2857142857142856,0.2,0.576036866359447,0.0120481927710843,0.0
1872,1.3333333333333333,0.0,0.902439024390244,0.0,0.0
1873,3.333333333333333,0.3490566037735849,0.6411042944785276,0.0,0.0
1874,2.5,0.2222222222222222,0.6756756756756757,0.0238095238095238,0.0
1875,4.625,0.3898305084745763,0.6883116883116883,0.0104712041884816,0.0
1876,2.0,0.131578947368421,0.7555555555555555,0.0,0.0
1877,2.0,0.1428571428571428,0.620253164556962,0.0,0.0
1878,2.6,0.1910112359550561,0.6071428571428571,0.018018018018018,0.0
1879,1.5,0.2083333333333333,0.8392857142857143,0.0,0.0
1880,3.0,0.0555555555555555,0.5797101449275363,0.0123456790123456,0.0
1881,2.0,0.2307692307692307,0.6068111455108359,0.0166204986149584,0.0
1882,3.6666666666666665,0.265625,0.5428571428571428,0.0144230769230769,0.0
1883,2.111111111111111,0.1219512195121951,0.6581196581196581,0.0588235294117647,0.0
1884,6.0,0.1515151515151515,0.7589285714285714,0.0220588235294117,0.0
1885,2.8260869565217392,0.2869565217391304,0.6038961038961039,0.0,0.0
1886,2.272727272727273,0.2234042553191489,0.6007905138339921,0.0,0.0
1887,3.0,0.0526315789473684,0.6818181818181818,0.02,0.0
1888,0.6666666666666666,0.1904761904761904,0.7916666666666666,0.0,0.0
1889,2.5,0.1470588235294117,0.6666666666666666,0.0294117647058823,0.0
1890,3.75,0.088235294117647,0.7702702702702703,0.0224719101123595,0.0
1891,2.6666666666666665,0.0588235294117647,0.7272727272727273,0.0576923076923076,0.0
1892,3.625,0.3461538461538461,0.6666666666666666,0.02,0.0
1893,3.25,0.1111111111111111,0.7323943661971831,0.0119047619047619,0.0
1894,2.0,0.2884615384615384,0.7443609022556391,0.0198675496688741,0.0
1895,2.7,0.2,0.6147186147186147,0.003875968992248,0.0
1896,4.75,0.1333333333333333,0.6867469879518072,0.0196078431372549,0.0
1897,1.6666666666666667,0.0,0.6666666666666666,0.0153846153846153,0.0
1898,2.5454545454545454,0.3653846153846153,0.6011904761904762,0.010204081632653,0.0
1899,4.166666666666667,0.06,0.5821917808219178,0.0292397660818713,0.0
1900,2.0,0.1632653061224489,0.6258503401360545,0.0,0.0
1901,2.4285714285714284,0.1044776119402985,0.630057803468208,0.0434782608695652,0.0
1902,1.1111111111111112,0.5641025641025641,0.6785714285714286,0.0,0.0
1903,2.375,0.0961538461538461,0.6259541984732825,0.0333333333333333,0.0
1904,2.2857142857142856,0.5833333333333334,0.7526881720430108,0.0091743119266055,0.0
1905,3.0,0.0714285714285714,0.5094339622641509,0.0161290322580645,0.0
1906,2.8,0.09375,0.5813953488372093,0.01,0.0
1907,2.5,0.2368421052631578,0.7549019607843137,0.0,0.0
1908,2.75,0.4347826086956521,0.75,0.0120481927710843,0.0
1909,2.6666666666666665,0.4318181818181818,0.8211382113821138,0.0071942446043165,0.0
1910,2.4,0.1212121212121212,0.8089887640449438,0.0,0.0
1911,4.0,0.4210526315789473,0.7264957264957265,0.0,0.0
1912,3.0,0.15625,0.6089743589743589,0.0057471264367816,0.0
1913,2.2,0.25,0.7708333333333334,0.0169491525423728,0.0
1914,2.6666666666666665,0.293103448275862,0.6903225806451613,0.0160427807486631,0.0
1915,3.1666666666666665,0.2549019607843137,0.6328125,0.0068027210884353,0.0
1916,1.75,0.1153846153846153,0.7142857142857143,0.0,0.0
1917,3.1666666666666665,0.1428571428571428,0.6111111111111112,0.0254237288135593,0.0
1918,4.6,0.1521739130434782,0.6363636363636364,0.0138888888888888,0.0
1919,2.909090909090909,0.2727272727272727,0.6633663366336634,0.0085470085470085,0.0
1920,8.333333333333334,0.3191489361702128,0.7851851851851852,0.00625,0.0
1921,1.75,0.125,0.8108108108108109,0.0246913580246913,0.0
1922,1.8461538461538465,0.1458333333333333,0.6797385620915033,0.0056497175141242,0.0
1923,3.1666666666666665,0.1428571428571428,0.5785714285714286,0.0062893081761006,0.0
1924,3.4285714285714284,0.0701754385964912,0.5793650793650794,0.0066666666666666,0.0
1925,3.0,0.325,0.6653225806451613,0.0183823529411764,0.0
1926,1.818181818181818,0.2790697674418604,0.7480314960629921,0.0,0.0
1927,2.0,0.0666666666666666,0.7078651685393258,0.0505050505050505,0.0
1928,2.142857142857143,0.2156862745098039,0.5944055944055944,0.0126582278481012,0.0
1929,4.6,0.1475409836065573,0.6325301204819277,0.0105820105820105,0.0
1930,3.25,0.2432432432432432,0.7263157894736842,0.0277777777777777,0.0
1931,3.4615384615384617,0.1636363636363636,0.5993589743589743,0.0028011204481792,0.0
1932,2.7142857142857144,0.1551724137931034,0.6791044776119403,0.0,0.0
1933,2.260869565217391,0.3388429752066115,0.5705128205128205,0.0109890109890109,0.0
1934,2.5405405405405403,0.3314917127071823,0.5318761384335154,0.0031104199066874,0.0
1935,2.5,0.1818181818181818,0.6019417475728155,0.0043290043290043,0.0
1936,1.8,0.3877551020408163,0.697986577181208,0.0,0.0
1937,2.6,0.1904761904761904,0.6885245901639344,0.0,0.0
1938,4.0,0.1186440677966101,0.6121212121212121,0.005181347150259,0.0
1939,2.111111111111111,0.1111111111111111,0.5694444444444444,0.0061349693251533,0.0
1940,1.5714285714285714,0.25,0.7570093457943925,0.0,0.0
1941,2.4285714285714284,0.3157894736842105,0.6942148760330579,0.0217391304347826,0.0
1942,3.4705882352941178,0.2342342342342342,0.5548387096774193,0.024390243902439,0.0
1943,2.083333333333333,0.375,0.6701570680628273,0.0046296296296296,0.0
1944,2.4285714285714284,0.1891891891891892,0.6981132075471698,0.040650406504065,0.0
1945,4.0,0.3076923076923077,0.618421052631579,0.0,0.0
1946,1.5,0.28,0.8055555555555556,0.0256410256410256,0.0
1947,2.0,0.2203389830508474,0.6194029850746269,0.0205479452054794,0.0
1948,1.9090909090909087,0.2051282051282051,0.7637795275590551,0.027027027027027,0.0
1949,3.272727272727273,0.1442307692307692,0.5527272727272727,0.0096463022508038,0.0
1950,2.2142857142857144,0.2093023255813953,0.6068376068376068,0.0150943396226415,0.0
1951,3.25,0.0930232558139534,0.6116504854368932,0.0258620689655172,0.0
1952,1.8333333333333333,0.2539682539682539,0.635,0.018018018018018,0.0
1953,2.75,0.1836734693877551,0.6234567901234568,0.0108695652173913,0.0
1954,3.333333333333333,0.2222222222222222,0.6950354609929078,0.0248447204968944,0.0
1955,3.0,0.1688311688311688,0.5335820895522388,0.013029315960912,0.0
1956,2.4,0.1176470588235294,0.5620689655172414,0.0214723926380368,0.0
1957,3.0,0.0526315789473684,0.8260869565217391,0.0,0.0
1958,2.8947368421052637,0.3370786516853932,0.5454545454545454,0.0,0.0
1959,2.3,0.1351351351351351,0.6228571428571429,0.0101010101010101,0.0
1960,2.6666666666666665,0.125,0.6707317073170732,0.0306122448979591,0.0
1961,2.1666666666666665,0.225,0.6039603960396039,0.0087719298245614,0.0
1962,0.8,0.16,0.8,0.0169491525423728,0.0
1963,3.25,0.2321428571428571,0.7,0.0170454545454545,0.0
1964,3.8,0.2982456140350877,0.6716417910447762,0.0261437908496732,0.0
1965,2.0,0.2727272727272727,0.5906040268456376,0.0,0.0
1966,2.4,0.46875,0.6666666666666666,0.0232558139534883,0.0
1967,2.4705882352941178,0.291044776119403,0.5956873315363881,0.0217917675544794,0.0
1968,1.25,0.1428571428571428,0.6935483870967742,0.0,0.0
1969,3.0,0.3076923076923077,0.7280701754385965,0.0155038759689922,0.0
1970,5.6,0.3181818181818182,0.635036496350365,0.0363636363636363,0.0
1971,3.736842105263158,0.3043478260869565,0.5361050328227571,0.0037878787878787,0.0
1972,2.0476190476190474,0.3125,0.5875370919881305,0.0052631578947368,0.0
1973,2.3157894736842106,0.4054054054054054,0.5925925925925926,0.0,0.0
1974,2.388888888888889,0.37,0.5845697329376854,0.0,0.0
1975,4.166666666666667,0.1509433962264151,0.572463768115942,0.0184049079754601,0.0
1976,2.625,0.0784313725490196,0.6260162601626016,0.0069444444444444,0.0
1977,3.0,0.1318681318681318,0.5919282511210763,0.0158102766798418,0.0
1978,3.3846153846153846,0.2456140350877192,0.7256637168141593,0.037037037037037,0.0
1979,2.0,0.2580645161290322,0.7530864197530864,0.010752688172043,0.0
1980,3.6666666666666665,0.2372881355932203,0.6772151898734177,0.0209424083769633,0.0
1981,3.375,0.0895522388059701,0.6292134831460674,0.0146341463414634,0.0
1982,1.75,0.1666666666666666,0.7738095238095238,0.0204081632653061,0.0
1983,3.0,0.2333333333333333,0.75,0.0105263157894736,0.0
1984,2.6,0.2788461538461538,0.6857142857142857,0.0060240963855421,0.0
1985,1.625,0.3846153846153846,0.8481012658227848,0.0,0.0
1986,2.7142857142857144,0.2195121951219512,0.6747967479674797,0.0352112676056338,0.0
1987,3.217391304347826,0.1295336787564766,0.4512428298279158,0.0184254606365159,0.0
1988,1.7142857142857142,0.3265306122448979,0.7647058823529411,0.0067567567567567,0.0
1989,1.5714285714285714,0.3448275862068966,0.7083333333333334,0.0,0.0
1990,2.6666666666666665,0.125,0.5483870967741935,0.0071428571428571,0.0
1991,2.7,0.3137254901960784,0.6066666666666667,0.0169491525423728,0.0
1992,2.75,0.3777777777777777,0.6556291390728477,0.0057803468208092,0.0
1993,3.2,0.1052631578947368,0.5377358490566038,0.0081967213114754,0.0
1994,2.2,0.2647058823529412,0.6136363636363636,0.0505050505050505,0.0
1995,2.6666666666666665,0.2307692307692307,0.6909090909090909,0.0158730158730158,0.0
1996,2.0,0.2,0.7070707070707071,0.0,0.0
1997,3.4444444444444446,0.2222222222222222,0.6045197740112994,0.0,0.0
1998,1.9130434782608696,0.1953125,0.5914285714285714,0.0177664974619289,0.0
1999,0.8571428571428571,0.3478260869565217,0.835820895522388,0.0273972602739726,0.0
2000,2.6,0.2758620689655172,0.759493670886076,0.0,0.0
2001,2.0,0.2333333333333333,0.6823529411764706,0.0,0.0
2002,2.6923076923076925,0.1744186046511628,0.6317991631799164,0.0291970802919708,0.0
2003,2.6666666666666665,0.225,0.7165354330708661,0.0209790209790209,0.0
2004,2.8,0.1153846153846153,0.647887323943662,0.0588235294117647,0.0
2005,2.0588235294117645,0.2340425531914893,0.6050420168067226,0.0073260073260073,0.0
2006,2.8,0.2702702702702703,0.5739130434782609,0.0465116279069767,0.0
2007,3.0,0.1818181818181818,0.8793103448275862,0.0,0.0
2008,1.6666666666666667,0.1038961038961039,0.5384615384615384,0.0203045685279187,0.0
2009,1.8,0.1666666666666666,0.696969696969697,0.0,0.0
2010,2.272727272727273,0.3333333333333333,0.52,0.0,0.0
2011,3.2222222222222223,0.373134328358209,0.6542553191489362,0.0276497695852534,0.0
2012,3.333333333333333,0.1521739130434782,0.6417910447761194,0.0064935064935064,0.0
2013,3.857142857142857,0.140625,0.6282722513089005,0.0045871559633027,0.0
2014,2.125,0.2325581395348837,0.5955882352941176,0.0130718954248366,0.0
2015,3.2222222222222223,0.1785714285714285,0.6060606060606061,0.0824742268041237,0.0
2016,2.375,0.0625,0.6869565217391305,0.0298507462686567,0.0
2017,2.6666666666666665,0.2794117647058823,0.6411764705882353,0.0049504950495049,0.0
2018,1.5555555555555556,0.225,0.6759259259259259,0.0081967213114754,0.0
2019,3.6666666666666665,0.2291666666666666,0.5662650602409639,0.0159574468085106,0.0
2020,4.0,0.4117647058823529,0.7792207792207793,0.021505376344086,0.0
2021,2.625,0.05,0.5900621118012422,0.0274725274725274,0.0
2022,4.4,0.1428571428571428,0.6781609195402298,0.0458715596330275,0.0
2023,2.85,0.5,0.6529850746268657,0.003076923076923,0.0
2024,1.9,0.1632653061224489,0.6397058823529411,0.0064516129032258,0.0
2025,3.2,0.2278481012658227,0.5981308411214953,0.0121951219512195,0.0
2026,2.2857142857142856,0.2105263157894736,0.6859504132231405,0.0145985401459854,0.0
2027,2.25,0.0909090909090909,0.6371681415929203,0.0163934426229508,0.0
2028,4.6,0.1956521739130435,0.5891472868217055,0.0328947368421052,0.0
2029,4.9,0.2253521126760563,0.5485436893203883,0.0196078431372549,0.0
2030,3.5,0.2127659574468085,0.5798319327731093,0.0071428571428571,0.0
2031,2.857142857142857,0.1379310344827586,0.6942675159235668,0.0056497175141242,0.0
2032,2.75,0.2337662337662337,0.5720720720720721,0.0156862745098039,0.0
2033,2.2,0.0833333333333333,0.6533333333333333,0.0116279069767441,0.0
2034,0.5,0.0,0.9,0.0909090909090909,0.0
2035,4.3,0.3292682926829268,0.6294820717131474,0.010204081632653,0.0
2036,2.727272727272727,0.21875,0.6227544910179641,0.0101522842639593,0.0
2037,3.0,0.1132075471698113,0.7109375,0.0069930069930069,0.0
2038,2.6666666666666665,0.3466666666666667,0.6747572815533981,0.0,0.0
2039,1.9090909090909087,0.1166666666666666,0.6754966887417219,0.005813953488372,0.0
2040,3.4444444444444446,0.2222222222222222,0.5919540229885057,0.0194174757281553,0.0
2041,2.7142857142857144,0.0789473684210526,0.5943396226415094,0.016,0.0
2042,1.8333333333333333,0.0625,0.6145833333333334,0.0093457943925233,0.0
2043,1.8888888888888888,0.2592592592592592,0.6923076923076923,0.0057803468208092,0.0
2044,2.909090909090909,0.2666666666666666,0.7077922077922078,0.0,0.0
2045,3.4,0.2156862745098039,0.6645569620253164,0.0171428571428571,0.0
2046,3.0,0.2580645161290322,0.6428571428571429,0.0353982300884955,0.0
2047,2.3076923076923075,0.2388059701492537,0.6436170212765957,0.0137614678899082,0.0
2048,3.4705882352941178,0.2524271844660194,0.5637583892617449,0.0056022408963585,0.0
2049,2.2479338842975207,0.3052837573385518,0.4126637554585153,0.0048602673147023,0.0
2050,1.7142857142857142,0.2121212121212121,0.7228915662650602,0.0421052631578947,0.0
2051,2.1666666666666665,0.2,0.5813953488372093,0.0101010101010101,0.0
2052,3.1,0.4545454545454545,0.6209150326797386,0.0163043478260869,0.0
2053,1.0,0.3142857142857143,0.6739130434782609,0.0204081632653061,0.0
2054,1.6666666666666667,0.1351351351351351,0.719626168224299,0.0256410256410256,0.0
2055,8.0,0.074074074074074,0.7666666666666667,0.0377358490566037,0.0
2056,3.6,0.4583333333333333,0.7530864197530864,0.0101010101010101,0.0
2057,3.5,0.0384615384615384,0.684931506849315,0.0229885057471264,0.0
2058,2.272727272727273,0.136986301369863,0.5330396475770925,0.0119047619047619,0.0
2059,2.375,0.0833333333333333,0.5571428571428572,0.0314465408805031,0.0
2060,2.5,0.12,0.7377049180327869,0.0422535211267605,0.0
2061,2.8,0.0625,0.6941176470588235,0.0,0.0
2062,2.8,0.1666666666666666,0.609375,0.0140845070422535,0.0
2063,2.142857142857143,0.2564102564102564,0.7227722772277227,0.0086206896551724,0.0
2064,4.833333333333333,0.3518518518518518,0.6618705035971223,0.0,0.0
2065,2.6,0.2666666666666666,0.6881720430107527,0.0,0.0
2066,2.25,0.3333333333333333,0.6951219512195121,0.0,0.0
2067,2.3076923076923075,0.2413793103448276,0.6081871345029239,0.0248756218905472,0.0
2068,2.0,0.3111111111111111,0.6484375,0.0068493150684931,0.0
2069,2.0,0.3035714285714285,0.5796178343949044,0.0231213872832369,0.0
2070,3.5,0.1463414634146341,0.6774193548387096,0.0217391304347826,0.0
2071,2.2857142857142856,0.0975609756097561,0.675,0.0147058823529411,0.0
2072,3.0,0.1923076923076923,0.7380952380952381,0.0202020202020202,0.0
2073,3.125,0.3541666666666667,0.6804123711340206,0.0273972602739726,0.0
2074,3.25,0.6206896551724138,0.7157894736842105,0.0092592592592592,0.0
2075,3.095238095238096,0.3068181818181818,0.5787037037037037,0.0080482897384305,0.0
2076,2.75,0.1509433962264151,0.5063291139240507,0.0388888888888888,0.0
2077,1.5714285714285714,0.2166666666666666,0.6571428571428571,0.0253807106598984,0.0
2078,6.0,0.1568627450980392,0.6864406779661016,0.0,0.0
2079,2.5,0.2195121951219512,0.5948717948717949,0.0956521739130434,0.0
2080,4.333333333333333,0.1666666666666666,0.6858974358974359,0.0549450549450549,0.0
2081,3.25,0.0833333333333333,0.6804123711340206,0.0454545454545454,0.0
2082,2.8461538461538463,0.25,0.6424870466321243,0.0043478260869565,0.0
2083,3.5,0.0909090909090909,0.7878787878787878,0.0273972602739726,0.0
2084,2.571428571428572,0.0714285714285714,0.5759493670886076,0.0056818181818181,0.0
2085,1.6666666666666667,0.3902439024390244,0.6964285714285714,0.0,0.0
2086,2.2857142857142856,0.2666666666666666,0.7692307692307693,0.0,0.0
2087,2.333333333333333,0.1627906976744186,0.6370967741935484,0.0072463768115942,0.0
2088,2.75,0.1111111111111111,0.7419354838709677,0.0547945205479452,0.0
2089,4.0,0.1833333333333333,0.5857988165680473,0.0149253731343283,0.0
2090,2.9166666666666665,0.3272727272727272,0.6785714285714286,0.0,0.0
2091,2.5,0.1095890410958904,0.6204819277108434,0.010752688172043,0.0
2092,2.555555555555556,0.0483870967741935,0.630057803468208,0.010204081632653,0.0
2093,2.7,0.2,0.6,0.0109890109890109,0.0
2094,3.5,0.2631578947368421,0.6756756756756757,0.0454545454545454,0.0
2095,2.6923076923076925,0.2266666666666666,0.610655737704918,0.003584229390681,0.0
2096,2.8,0.0555555555555555,0.576271186440678,0.0151515151515151,0.0
2097,1.5714285714285714,0.1923076923076923,0.726027397260274,0.0,0.0
2098,4.545454545454546,0.1964285714285714,0.5231607629427792,0.0335731414868105,0.0
2099,2.5,0.25,0.9148936170212766,0.0,0.0
2100,3.9166666666666665,0.2065217391304347,0.6611570247933884,0.0346020761245674,0.0
2101,2.111111111111111,0.48,0.7553956834532374,0.0,0.0
2102,5.666666666666667,0.064516129032258,0.5588235294117647,0.0252100840336134,0.0
2103,2.1,0.1228070175438596,0.6666666666666666,0.006060606060606,0.0
2104,3.5,0.3703703703703703,0.7395833333333334,0.0181818181818181,0.0
2105,2.5,0.2391304347826087,0.6666666666666666,0.0173410404624277,0.0
2106,2.8181818181818183,0.2083333333333333,0.5420560747663551,0.0204081632653061,0.0
2107,2.2857142857142856,0.2307692307692307,0.7310924369747899,0.0222222222222222,0.0
2108,1.8,0.1621621621621621,0.74,0.0091743119266055,0.0
2109,1.8571428571428568,0.1142857142857142,0.6391752577319587,0.0272727272727272,0.0
2110,1.6,0.2758620689655172,0.7428571428571429,0.0,0.0
2111,3.0,0.1481481481481481,0.6506024096385542,0.0,0.0
2112,3.0,0.2413793103448276,0.7,0.0,0.0
2113,3.6666666666666665,0.1764705882352941,0.5806451612903226,0.0228310502283105,0.0
2114,1.5,0.1818181818181818,0.6056338028169014,0.0,0.0
2115,1.5555555555555556,0.2857142857142857,0.7304347826086957,0.0155038759689922,0.0
2116,2.0,0.0625,0.6119402985074627,0.0,0.0
2117,2.5,0.19,0.6076388888888888,0.014792899408284,0.0
2118,2.6666666666666665,0.1666666666666666,0.7,0.0,0.0
2119,3.333333333333333,0.1896551724137931,0.5373563218390804,0.0128865979381443,0.0
2120,2.333333333333333,0.2,0.7230769230769231,0.0555555555555555,0.0
2121,2.4444444444444446,0.2857142857142857,0.5988023952095808,0.0158730158730158,0.0
2122,2.5,0.5,0.8,0.0266666666666666,0.0
2123,2.0,0.2413793103448276,0.6829268292682927,0.0111111111111111,0.0
2124,2.6,0.0869565217391304,0.6282051282051282,0.0,0.0
2125,3.6666666666666665,0.0606060606060606,0.7945205479452054,0.0119047619047619,0.0
2126,2.2142857142857144,0.2954545454545454,0.6666666666666666,0.0076335877862595,0.0
2127,3.5625,0.1392405063291139,0.6074074074074074,0.0244648318042813,0.0
2128,2.333333333333333,0.1081081081081081,0.6213592233009708,0.0256410256410256,0.0
2129,2.0,0.4242424242424242,0.8764044943820225,0.0194174757281553,0.0
2130,3.6666666666666665,0.1818181818181818,0.7045454545454546,0.0101010101010101,0.0
2131,2.6,0.2,0.7254901960784313,0.0347826086956521,0.0
2132,3.9166666666666665,0.1375,0.6103896103896104,0.0503597122302158,0.0
2133,3.333333333333333,0.2340425531914893,0.6644295302013423,0.0059171597633136,0.0
2134,2.333333333333333,0.0952380952380952,0.8169014084507042,0.0128205128205128,0.0
2135,3.5,0.064516129032258,0.7596153846153846,0.0,0.0
2136,3.5,0.1739130434782608,0.5350877192982456,0.0152091254752851,0.0
2137,3.888888888888889,0.1590909090909091,0.6564885496183206,0.0240963855421686,0.0
2138,1.7142857142857142,0.325,0.6666666666666666,0.0,0.0
2139,2.857142857142857,0.2063492063492063,0.6352201257861635,0.0055865921787709,0.0
2140,4.5,0.2894736842105263,0.768595041322314,0.0215827338129496,0.0
2141,4.307692307692308,0.325,0.6694560669456067,0.0271186440677966,0.0
2142,2.0,0.4444444444444444,0.8767123287671232,0.0235294117647058,0.0
2143,1.8,0.12,0.6753246753246753,0.0232558139534883,0.0
2144,3.571428571428572,0.1904761904761904,0.7090909090909091,0.0,0.0
2145,3.272727272727273,0.2028985507246377,0.6371308016877637,0.0402930402930402,0.0
2146,3.0,0.4047619047619047,0.4676258992805755,0.0122699386503067,0.0
2147,1.75,0.2291666666666666,0.7327586206896551,0.0307692307692307,0.0
2148,5.0,0.2391304347826087,0.639344262295082,0.0070422535211267,0.0
2149,2.4,0.3076923076923077,0.686046511627907,0.0204081632653061,0.0
2150,2.6,0.054054054054054,0.6272727272727273,0.0147058823529411,0.0
2151,3.333333333333333,0.1967213114754098,0.593103448275862,0.0121212121212121,0.0
2152,3.342857142857143,0.4136363636363636,0.583203732503888,0.0052631578947368,0.0
2153,3.5,0.0652173913043478,0.6774193548387096,0.0,0.0
2154,2.8947368421052637,0.1862745098039215,0.6677852348993288,0.0416666666666666,0.0
2155,6.25,0.2,0.8017241379310345,0.0141843971631205,0.0
2156,2.090909090909091,0.2545454545454545,0.6462585034013606,0.0058823529411764,0.0
2157,2.571428571428572,0.0952380952380952,0.6483516483516484,0.0091743119266055,0.0
2158,2.4285714285714284,0.1025641025641025,0.651685393258427,0.0094339622641509,0.0
2159,1.2,0.0909090909090909,0.7272727272727273,0.0240963855421686,0.0
2160,2.25,0.074074074074074,0.5631067961165048,0.0267857142857142,0.0
2161,4.0,0.073170731707317,0.7722772277227723,0.0427350427350427,0.0
2162,1.6666666666666667,0.1956521739130435,0.736,0.0285714285714285,0.0
2163,2.4285714285714284,0.3243243243243243,0.6666666666666666,0.0142857142857142,0.0
2164,3.769230769230769,0.1363636363636363,0.5702247191011236,0.0148148148148148,0.0
2165,4.666666666666667,0.16,0.6753246753246753,0.0219780219780219,0.0
2166,3.5,0.0952380952380952,0.6030534351145038,0.006578947368421,0.0
2167,2.2,0.1666666666666666,0.6444444444444445,0.0297029702970297,0.0
2168,3.888888888888889,0.2096774193548387,0.6534090909090909,0.0047393364928909,0.0
2169,2.8,0.125,0.704225352112676,0.0,0.0
2170,2.125,0.2647058823529412,0.717391304347826,0.018348623853211,0.0
2171,2.111111111111111,0.15,0.6111111111111112,0.0068965517241379,0.0
2172,2.8666666666666667,0.4347826086956521,0.6436781609195402,0.0276497695852534,0.0
2173,0.6666666666666666,0.125,0.6507936507936508,0.0147058823529411,0.0
2174,2.125,0.0588235294117647,0.6083333333333333,0.0218978102189781,0.0
2175,3.076923076923077,0.1956521739130435,0.6153846153846154,0.0069686411149825,0.0
2176,3.2,0.0980392156862745,0.5833333333333334,0.0135135135135135,0.0
2177,2.5454545454545454,0.0675675675675675,0.5105263157894737,0.0137614678899082,0.0
2178,2.6666666666666665,0.1724137931034483,0.8105263157894737,0.009009009009009,0.0
2179,2.2,0.0434782608695652,0.7285714285714285,0.0493827160493827,0.0
2180,1.0909090909090908,0.18,0.6050420168067226,0.0,0.0
2181,2.333333333333333,0.0689655172413793,0.6625,0.0,0.0
2182,2.5,0.5526315789473685,0.6846153846153846,0.0,0.0
2183,2.375,0.2666666666666666,0.6185567010309279,0.0344827586206896,0.0
2184,3.0,0.3703703703703703,0.60431654676259,0.0127388535031847,0.0
2185,2.066666666666667,0.2837837837837837,0.6359223300970874,0.0126582278481012,0.0
2186,2.125,0.217391304347826,0.7372881355932204,0.0,0.0
2187,3.5,0.2,0.6065573770491803,0.0139860139860139,0.0
2188,2.583333333333333,0.1636363636363636,0.6491228070175439,0.0148514851485148,0.0
2189,3.142857142857143,0.1395348837209302,0.6510067114093959,0.0292397660818713,0.0
2190,1.9,0.1764705882352941,0.7378640776699029,0.040983606557377,0.0
2191,5.428571428571429,0.2077922077922078,0.6244897959183674,0.0247349823321554,0.0
2192,3.8333333333333335,0.1111111111111111,0.6616541353383458,0.0512820512820512,0.0
2193,3.071428571428572,0.1619047619047619,0.4952681388012618,0.025,0.0
2194,4.428571428571429,0.140625,0.5613207547169812,0.0411522633744856,0.0
2195,4.333333333333333,0.3,0.5308641975308642,0.0,0.0
2196,1.6666666666666667,0.24,0.8360655737704918,0.0151515151515151,0.0
2197,2.8181818181818183,0.359375,0.6698564593301436,0.0083333333333333,0.0
2198,2.833333333333333,0.0892857142857142,0.6290322580645161,0.0141843971631205,0.0
2199,2.0,0.25,0.6454545454545455,0.0,0.0
2200,3.0,0.1294117647058823,0.5152838427947598,0.0377358490566037,0.0
2201,2.333333333333333,0.0588235294117647,0.6533333333333333,0.024390243902439,0.0
2202,4.142857142857143,0.2692307692307692,0.6331360946745562,0.0202020202020202,0.0
2203,2.6666666666666665,0.054054054054054,0.686046511627907,0.0098039215686274,0.0
2204,2.8,0.2037037037037037,0.5988023952095808,0.0051282051282051,0.0
2205,2.1666666666666665,0.25,0.7222222222222222,0.0330578512396694,0.0
2206,3.375,0.3409090909090909,0.6290322580645161,0.0066225165562913,0.0
2207,2.5,0.1923076923076923,0.6515151515151515,0.0131578947368421,0.0
2208,3.4285714285714284,0.2682926829268293,0.7155172413793104,0.0214285714285714,0.0
2209,4.571428571428571,0.135593220338983,0.5921052631578947,0.0108695652173913,0.0
2210,2.555555555555556,0.1666666666666666,0.6333333333333333,0.0419580419580419,0.0
2211,1.3333333333333333,0.1951219512195122,0.6229508196721312,0.0373134328358208,0.0
2212,2.6,0.3695652173913043,0.6815286624203821,0.0117647058823529,0.0
2213,2.1666666666666665,0.1666666666666666,0.7203389830508474,0.015267175572519,0.0
2214,2.0,0.08,0.7272727272727273,0.0229885057471264,0.0
2215,7.666666666666667,0.1212121212121212,0.7053571428571429,0.0518518518518518,0.0
2216,2.4285714285714284,0.1509433962264151,0.75,0.0120481927710843,0.0
2217,3.4166666666666665,0.2647058823529412,0.6855670103092784,0.0127659574468085,0.0
2218,1.7777777777777777,0.2352941176470588,0.7651515151515151,0.0135135135135135,0.0
2219,2.7777777777777777,0.2333333333333333,0.6845238095238095,0.0103626943005181,0.0
2220,4.0,0.1228070175438596,0.4671052631578947,0.0111111111111111,0.0
2221,2.8095238095238093,0.2340425531914893,0.5664335664335665,0.0143442622950819,0.0
2222,3.125,0.2115384615384615,0.7407407407407407,0.00625,0.0
2223,1.8333333333333333,0.1282051282051282,0.6052631578947368,0.0,0.0
2224,3.0,0.25,0.6470588235294118,0.0049261083743842,0.0
2225,3.0,0.1272727272727272,0.7007299270072993,0.032258064516129,0.0
2226,2.142857142857143,0.1764705882352941,0.6428571428571429,0.0236220472440944,0.0
2227,1.6,0.3409090909090909,0.6571428571428571,0.0384615384615384,0.0
2228,2.6923076923076925,0.2087912087912088,0.4609375,0.0137457044673539,0.0
2229,2.0,0.140625,0.5314285714285715,0.005181347150259,0.0
2230,2.5,0.1176470588235294,0.8103448275862069,0.0,0.0
2231,2.4285714285714284,0.1081081081081081,0.7835051546391752,0.0,0.0
2232,2.0,0.2222222222222222,0.7349397590361446,0.0329670329670329,0.0
2233,2.888888888888889,0.1964285714285714,0.7368421052631579,0.0441176470588235,0.0
2234,2.571428571428572,0.3,0.6483516483516484,0.018348623853211,0.0
2235,1.8333333333333333,0.4166666666666667,0.8169014084507042,0.0,0.0
2236,2.75,0.1,0.6617647058823529,0.0632911392405063,0.0
2237,2.6666666666666665,0.1212121212121212,0.74,0.0,0.0
2238,2.0,0.2608695652173913,0.8275862068965517,0.0,0.0
2239,3.857142857142857,0.32,0.6457399103139013,0.0,0.0
2240,2.75,0.1363636363636363,0.6231884057971014,0.0,0.0
2241,2.142857142857143,0.21875,0.673469387755102,0.0,0.0
2242,2.5,0.2222222222222222,0.5774647887323944,0.0246913580246913,0.0
2243,3.75,0.3333333333333333,0.75,0.02803738317757,0.0
2244,2.5,0.3888888888888889,0.4919093851132686,0.0372492836676217,0.0
2245,2.6153846153846154,0.1612903225806451,0.5668016194331984,0.0284697508896797,0.0
2246,1.8333333333333333,0.3333333333333333,0.6813186813186813,0.0098039215686274,0.0
2247,1.7142857142857142,0.2307692307692307,0.864406779661017,0.0,0.0
2248,2.0,0.1666666666666666,0.6626506024096386,0.0105263157894736,0.0
2249,1.875,0.3714285714285714,0.7127659574468085,0.0,0.0
2250,2.25,0.1052631578947368,0.6526315789473685,0.0288461538461538,0.0
2251,3.5,0.15625,0.7415730337078652,0.0097087378640776,0.0
2252,3.333333333333333,0.1071428571428571,0.7283950617283951,0.0,0.0
2253,1.6,0.1463414634146341,0.75,0.0,0.0
2254,3.4,0.2432432432432432,0.75,0.036697247706422,0.0
2255,4.333333333333333,0.15,0.7384615384615385,0.0128205128205128,0.0
2256,1.8333333333333333,0.2580645161290322,0.7023809523809523,0.031578947368421,0.0
2257,3.5,0.1702127659574468,0.6090909090909091,0.0,0.0
2258,2.25,0.1666666666666666,0.7010309278350515,0.0188679245283018,0.0
2259,3.2,0.2941176470588235,0.7380952380952381,0.0,0.0
2260,1.4,0.282051282051282,0.8021978021978022,0.0,0.0
2261,1.25,0.2962962962962963,0.71875,0.0,0.0
2262,3.0,0.2786885245901639,0.6909090909090909,0.010752688172043,0.0
2263,2.4,0.1142857142857142,0.6494845360824743,0.0458715596330275,0.0
2264,4.090909090909091,0.2333333333333333,0.5597826086956522,0.0480349344978165,0.0
2265,3.4,0.5151515151515151,0.7368421052631579,0.0,0.0
2266,1.8571428571428568,0.34375,0.7291666666666666,0.055045871559633,0.0
2267,2.1666666666666665,0.1176470588235294,0.6947368421052632,0.037037037037037,0.0
2268,2.0,0.217391304347826,0.7058823529411765,0.0327868852459016,0.0
2269,2.333333333333333,0.1956521739130435,0.5702479338842975,0.0074074074074074,0.0
2270,1.3333333333333333,0.3243243243243243,0.8041237113402062,0.018348623853211,0.0
2271,2.888888888888889,0.1267605633802817,0.5502392344497608,0.0170212765957446,0.0
2272,3.333333333333333,0.3725490196078431,0.6242424242424243,0.0358974358974358,0.0
2273,2.7142857142857144,0.15625,0.6457142857142857,0.0309278350515463,0.0
2274,2.7142857142857144,0.1296296296296296,0.6258503401360545,0.0120481927710843,0.0
2275,3.0,0.1186440677966101,0.5481927710843374,0.0351758793969849,0.0
2276,2.6666666666666665,0.1836734693877551,0.7272727272727273,0.0057142857142857,0.0
2277,5.0,0.3972602739726027,0.6637554585152838,0.021505376344086,0.0
2278,3.4444444444444446,0.5806451612903226,0.7672413793103449,0.0,0.0
2279,2.142857142857143,0.4848484848484848,0.6862745098039216,0.017094017094017,0.0
2280,2.0,0.1304347826086956,0.6692307692307692,0.0067567567567567,0.0
2281,3.066666666666667,0.3369565217391304,0.565068493150685,0.014792899408284,0.0
2282,1.5384615384615383,0.1159420289855072,0.5051546391752577,0.0841121495327102,0.0
2283,1.818181818181818,0.2741935483870967,0.6506024096385542,0.010752688172043,0.0
2284,2.9,0.425,0.636986301369863,0.0342857142857142,0.0
2285,2.2,0.4,0.7222222222222222,0.0198019801980198,0.0
2286,3.5,0.21875,0.6774193548387096,0.0373831775700934,0.0
2287,4.4,0.2,0.6788990825688074,0.0381679389312977,0.0
2288,3.2,0.1590909090909091,0.6,0.0079365079365079,0.0
2289,3.230769230769231,0.2117647058823529,0.5537848605577689,0.0170648464163822,0.0
2290,2.0,0.4482758620689655,0.8170731707317073,0.0212765957446808,0.0
2291,4.857142857142857,0.2328767123287671,0.6244343891402715,0.0117647058823529,0.0
2292,2.857142857142857,0.3773584905660377,0.6666666666666666,0.0,0.0
2293,2.5454545454545454,0.2133333333333333,0.6462264150943396,0.0083333333333333,0.0
2294,2.2,0.1538461538461538,0.6445783132530121,0.0106382978723404,0.0
2295,1.8461538461538465,0.2435897435897435,0.6320754716981132,0.0211864406779661,0.0
2296,2.2857142857142856,0.25,0.72,0.0070921985815602,0.0
2297,2.75,0.1428571428571428,0.6597938144329897,0.0092592592592592,0.0
2298,2.3125,0.14,0.582089552238806,0.0032786885245901,0.0
2299,1.6666666666666667,0.2558139534883721,0.6623376623376623,0.00390625,0.0
2300,2.090909090909091,0.2307692307692307,0.6505376344086021,0.0287081339712918,0.0
2301,3.571428571428572,0.1956521739130435,0.7323943661971831,0.029940119760479,0.0
2302,3.142857142857143,0.3625,0.5903083700440529,0.011070110701107,0.0
2303,1.5,0.2727272727272727,0.6506849315068494,0.0,0.0
2304,3.571428571428572,0.2830188679245283,0.6622516556291391,0.0,0.0
2305,2.9375,0.2105263157894736,0.6047430830039525,0.02,0.0
2306,2.5416666666666665,0.288135593220339,0.558282208588957,0.0051679586563307,0.0
2307,3.25,0.1818181818181818,0.5898617511520737,0.0205761316872428,0.0
2308,7.5,0.2372881355932203,0.7018633540372671,0.0052356020942408,0.0
2309,2.333333333333333,0.1034482758620689,0.7468354430379747,0.0,0.0
2310,2.375,0.2325581395348837,0.7857142857142857,0.0068965517241379,0.0
2311,3.25,0.1125,0.6183574879227053,0.0040650406504065,0.0
2312,2.4375,0.1538461538461538,0.5737704918032787,0.018018018018018,0.0
2313,1.5833333333333333,0.1071428571428571,0.6687898089171974,0.0056818181818181,0.0
2314,3.0,0.1428571428571428,0.813953488372093,0.0217391304347826,0.0
2315,2.7142857142857144,0.2337662337662337,0.6339285714285714,0.0076335877862595,0.0
2316,2.3846153846153846,0.3396226415094339,0.5773809523809523,0.0,0.0
2317,2.6,0.4137931034482758,0.7634408602150538,0.0471698113207547,0.0
2318,2.2857142857142856,0.2285714285714285,0.7321428571428571,0.03125,0.0
2319,2.1818181818181817,0.1538461538461538,0.527363184079602,0.0133333333333333,0.0
2320,1.4,0.1904761904761904,0.6866666666666666,0.0060975609756097,0.0
2321,4.0,0.1590909090909091,0.632,0.0206896551724137,0.0
2322,1.0,0.0869565217391304,0.5714285714285714,0.0,0.0
2323,0.3333333333333333,0.125,0.9333333333333332,0.0,0.0
2324,2.4444444444444446,0.1886792452830188,0.6289308176100629,0.005524861878453,0.0
2325,3.8181818181818175,0.2,0.6030927835051546,0.0084745762711864,0.0
2326,1.5,0.2142857142857142,0.7222222222222222,0.0,0.0
2327,2.4615384615384617,0.2666666666666666,0.5368852459016393,0.0217391304347826,0.0
2328,4.125,0.2678571428571428,0.625,0.0191387559808612,0.0
2329,2.1818181818181817,0.3584905660377358,0.6378378378378379,0.0143540669856459,0.0
2330,4.125,0.1343283582089552,0.6,0.0046948356807511,0.0
2331,4.4,0.3513513513513513,0.631578947368421,0.0085470085470085,0.0
2332,3.0,0.1923076923076923,0.5806451612903226,0.037037037037037,0.0
2333,2.333333333333333,0.0256410256410256,0.7019230769230769,0.0169491525423728,0.0
2334,3.888888888888889,0.3292682926829268,0.6352459016393442,0.007168458781362,0.0
2335,3.0,0.2068965517241379,0.5568862275449101,0.0,0.0
2336,1.7647058823529411,0.2967032967032967,0.5503597122302158,0.0129870129870129,0.0
2337,2.5,0.1925925925925926,0.5476923076923077,0.0027027027027027,0.0
2338,2.533333333333333,0.1794871794871795,0.4816849816849817,0.0016077170418006,0.0
2339,2.857142857142857,0.2666666666666666,0.6371681415929203,0.0,0.0
2340,3.555555555555556,0.1066666666666666,0.5325670498084292,0.030716723549488,0.0
2341,2.625,0.1690140845070422,0.5854922279792746,0.0186915887850467,0.0
2342,2.333333333333333,0.2317073170731707,0.6051502145922747,0.0118110236220472,0.0
2343,1.9375,0.2957746478873239,0.6447368421052632,0.0154440154440154,0.0
2344,2.142857142857143,0.21875,0.5930232558139535,0.0099009900990099,0.0
2345,1.875,0.1142857142857142,0.8061224489795918,0.0619469026548672,0.0
2346,4.333333333333333,0.0972222222222222,0.5545851528384279,0.0261194029850746,0.0
2347,2.6666666666666665,0.0909090909090909,0.6758620689655173,0.0177514792899408,0.0
2348,2.8125,0.2815533980582524,0.5391304347826087,0.0435897435897435,0.0
2349,2.0,0.2068965517241379,0.7019867549668874,0.0236686390532544,0.0
2350,1.0,0.5,0.8125,0.0,0.0
2351,2.142857142857143,0.0833333333333333,0.5384615384615384,0.0168067226890756,0.0
2352,2.1666666666666665,0.2708333333333333,0.6829268292682927,0.0,0.0
2353,1.375,0.3333333333333333,0.7383177570093458,0.0169491525423728,0.0
2354,3.142857142857143,0.1282051282051282,0.6237623762376238,0.0,0.0
2355,2.5789473684210527,0.2916666666666667,0.6875,0.0146520146520146,0.0
2356,2.555555555555556,0.2777777777777778,0.5051546391752577,0.0356083086053412,0.0
2357,2.333333333333333,0.1290322580645161,0.7469879518072289,0.0103092783505154,0.0
2358,3.125,0.087719298245614,0.63125,0.0324324324324324,0.0
2359,4.0,0.2666666666666666,0.6666666666666666,0.0209424083769633,0.0
2360,2.375,0.2280701754385964,0.656,0.0,0.0
2361,3.5,0.2083333333333333,0.5497382198952879,0.0136986301369863,0.0
2362,3.875,0.1304347826086956,0.6214953271028038,0.0122448979591836,0.0
2363,2.0,0.2307692307692307,0.6186046511627907,0.0040160642570281,0.0
2364,2.6842105263157894,0.1958762886597938,0.5595667870036101,0.0091463414634146,0.0
2365,2.2857142857142856,0.074074074074074,0.75,0.037037037037037,0.0
2366,2.571428571428572,0.1764705882352941,0.576,0.0349650349650349,0.0
2367,2.5,0.3061224489795918,0.5448717948717948,0.034090909090909,0.0
2368,1.6,0.1774193548387097,0.7320261437908496,0.0059171597633136,0.0
2369,3.473684210526316,0.3269230769230769,0.5861344537815126,0.0092250922509225,0.0
2370,2.6666666666666665,0.2391304347826087,0.7272727272727273,0.032051282051282,0.0
2371,2.6,0.3636363636363636,0.6569767441860465,0.005050505050505,0.0
2372,2.75,0.2033898305084746,0.7070063694267515,0.0111731843575419,0.0
2373,1.875,0.1176470588235294,0.7444444444444445,0.0,0.0
2374,3.75,0.3137254901960784,0.7647058823529411,0.02,0.0
2375,1.2857142857142858,0.1617647058823529,0.6381578947368421,0.0248447204968944,0.0
2376,2.5,0.2666666666666666,0.5897435897435898,0.053030303030303,0.0
2377,2.571428571428572,0.0833333333333333,0.6785714285714286,0.0,0.0
2378,3.6666666666666665,0.0689655172413793,0.6632653061224489,0.0416666666666666,0.0
2379,2.571428571428572,0.1714285714285714,0.6796116504854369,0.0578512396694214,0.0
2380,5.5,0.2580645161290322,0.7215189873417721,0.0055555555555555,0.0
2381,2.1666666666666665,0.2207792207792207,0.5674300254452926,0.0067415730337078,0.0
2382,2.4444444444444446,0.4310344827586206,0.6149732620320856,0.0191387559808612,0.0
2383,2.125,0.2,0.6132075471698113,0.048780487804878,0.0
2384,2.5384615384615383,0.1818181818181818,0.6237113402061856,0.0220264317180616,0.0
2385,2.2222222222222223,0.2244897959183673,0.6,0.0258064516129032,0.0
2386,2.0,0.32,0.7039473684210527,0.0119047619047619,0.0
2387,2.2222222222222223,0.1372549019607843,0.5609756097560976,0.0271739130434782,0.0
2388,2.823529411764706,0.1444444444444444,0.531496062992126,0.0165562913907284,0.0
2389,3.2,0.1688311688311688,0.5822222222222222,0.0194552529182879,0.0
2390,2.333333333333333,0.2727272727272727,0.5619834710743802,0.0216606498194945,0.0
2391,2.8,0.0833333333333333,0.5253456221198156,0.0040816326530612,0.0
2392,2.857142857142857,0.1587301587301587,0.6442953020134228,0.0355029585798816,0.0
2393,1.875,0.119047619047619,0.7254901960784313,0.0085470085470085,0.0
2394,2.090909090909091,0.1538461538461538,0.6569767441860465,0.0,0.0
2395,2.458333333333333,0.2978056426332288,0.5052410901467506,0.0121268656716417,0.0
2396,3.0625,0.2636363636363636,0.4894894894894895,0.0052356020942408,0.0
2397,4.5,0.1447368421052631,0.6531531531531531,0.0116279069767441,0.0
2398,4.25,0.1971830985915492,0.6268656716417911,0.0,0.0
2399,1.7333333333333334,0.1938775510204081,0.551948051948052,0.0089820359281437,0.0
2400,2.8,0.2352941176470588,0.601010101010101,0.0088495575221238,0.0
2401,2.9047619047619047,0.2442748091603053,0.6355685131195336,0.0099009900990099,0.0
2402,2.1818181818181817,0.3015873015873015,0.6724137931034483,0.005050505050505,0.0
2403,2.1,0.2763157894736842,0.6057692307692307,0.0305676855895196,0.0
2404,3.1666666666666665,0.3265306122448979,0.6770186335403726,0.0,0.0
2405,3.2,0.2340425531914893,0.6854838709677419,0.0428571428571428,0.0
2406,2.2222222222222223,0.4081632653061224,0.6666666666666666,0.0054054054054054,0.0
2407,2.1818181818181817,0.0757575757575757,0.6132596685082873,0.0195121951219512,0.0
2408,2.7142857142857144,0.1111111111111111,0.5773195876288659,0.0086206896551724,0.0
2409,3.0,0.073170731707317,0.6470588235294118,0.0382165605095541,0.0
2410,2.6,0.225,0.5888888888888889,0.0032362459546925,0.0
2411,3.1818181818181817,0.1111111111111111,0.6666666666666666,0.0091743119266055,0.0
2412,2.909090909090909,0.328125,0.6666666666666666,0.0050761421319796,0.0
2413,2.5,0.3333333333333333,0.6708074534161491,0.010752688172043,0.0
2414,3.2,0.2592592592592592,0.7634408602150538,0.0091743119266055,0.0
2415,1.9,0.2063492063492063,0.5963855421686747,0.0,0.0
2416,3.5,0.2368421052631578,0.6179245283018868,0.0083333333333333,0.0
2417,3.0,0.2156862745098039,0.6375,0.0441988950276243,0.0
2418,1.875,0.2121212121212121,0.5838150289017341,0.0053191489361702,0.0
2419,2.125,0.1904761904761904,0.6101694915254238,0.0,0.0
2420,5.166666666666667,0.36,0.6352201257861635,0.0105263157894736,0.0
2421,2.8181818181818183,0.1134020618556701,0.6,0.0174825174825174,0.0
2422,4.285714285714286,0.0847457627118644,0.6740331491712708,0.0047393364928909,0.0
2423,2.8,0.1714285714285714,0.6568627450980392,0.0086206896551724,0.0
2424,1.625,0.175438596491228,0.6904761904761905,0.0,0.0
2425,2.0,0.3375,0.5615942028985508,0.0,0.0
2426,3.1666666666666665,0.2735849056603773,0.6266666666666667,0.014792899408284,0.0
2427,0.5,0.0,1.0,0.0,0.0
2428,1.4285714285714286,0.3703703703703703,0.8571428571428571,0.0,0.0
2429,4.0,0.1470588235294117,0.648936170212766,0.0087719298245614,0.0
2430,2.0,0.1860465116279069,0.6944444444444444,0.0,0.0
2431,3.625,0.2285714285714285,0.762589928057554,0.0178571428571428,0.0
2432,2.75,0.0975609756097561,0.6206896551724138,0.0072463768115942,0.0
2433,1.2,0.0465116279069767,0.5918367346938775,0.0288461538461538,0.0
2434,2.5,0.1551724137931034,0.6139240506329114,0.0,0.0
2435,2.0,0.2407407407407407,0.7619047619047619,0.0175438596491228,0.0
2436,2.833333333333333,0.303030303030303,0.6282722513089005,0.0088888888888888,0.0
2437,3.5,0.26,0.5514705882352942,0.0,0.0
2438,1.8333333333333333,0.0714285714285714,0.7706422018348624,0.0083333333333333,0.0
2439,1.3333333333333333,0.2424242424242424,0.6551724137931034,0.0105263157894736,0.0
2440,3.1666666666666665,0.1891891891891892,0.6330275229357798,0.0,0.0
2441,1.8888888888888888,0.2682926829268293,0.6339285714285714,0.0,0.0
2442,2.833333333333333,0.0681818181818181,0.6808510638297872,0.0253164556962025,0.0
2443,2.363636363636364,0.4032258064516129,0.5759162303664922,0.0092165898617511,0.0
2444,2.888888888888889,0.1639344262295081,0.6178343949044586,0.0109289617486338,0.0
2445,2.7142857142857144,0.1666666666666666,0.6494845360824743,0.0258620689655172,0.0
2446,3.142857142857143,0.1698113207547169,0.7404580152671756,0.0130718954248366,0.0
2447,1.0,0.0,0.8888888888888888,0.0,0.0
2448,2.7777777777777777,0.1052631578947368,0.5506329113924051,0.0163934426229508,0.0
2449,2.142857142857143,0.5238095238095238,0.8016528925619835,0.0,0.0
2450,2.333333333333333,0.2641509433962264,0.6335877862595419,0.0137931034482758,0.0
2451,1.5714285714285714,0.2325581395348837,0.5948275862068966,0.0,0.0
2452,2.1666666666666665,0.1818181818181818,0.746268656716418,0.0,0.0
2453,2.75,0.1428571428571428,0.6842105263157895,0.0147058823529411,0.0
2454,1.75,0.4,0.75,0.0196078431372549,0.0
2455,1.4375,0.1794871794871795,0.5583756345177665,0.0136363636363636,0.0
2456,6.25,0.1272727272727272,0.6705202312138728,0.0252525252525252,0.0
2457,2.6666666666666665,0.2978723404255319,0.6571428571428571,0.0128205128205128,0.0
2458,1.7142857142857142,0.25,0.8072289156626506,0.0,0.0
2459,2.333333333333333,0.4090909090909091,0.6377551020408163,0.0092165898617511,0.0
2460,2.7142857142857144,0.2702702702702703,0.6796116504854369,0.0081967213114754,0.0
2461,2.0,0.24,0.84,0.0246913580246913,0.0
2462,1.8571428571428568,0.2391304347826087,0.7168141592920354,0.0,0.0
2463,2.25,0.2142857142857142,0.6324110671936759,0.0207612456747404,0.0
2464,3.0,0.3829787234042553,0.7086614173228346,0.0068965517241379,0.0
2465,1.6666666666666667,0.2,0.7311827956989247,0.0462962962962962,0.0
2466,1.9166666666666667,0.2288135593220339,0.4738461538461538,0.013477088948787,0.0
2467,1.5,0.171875,0.6580645161290323,0.0,0.0
2468,3.25,0.3225806451612903,0.5622119815668203,0.0,0.0
2469,3.7,0.2307692307692307,0.5902439024390244,0.012396694214876,0.0
2470,3.4285714285714284,0.1632653061224489,0.7704918032786885,0.0205479452054794,0.0
2471,2.2,0.1690140845070422,0.6195652173913043,0.0242718446601941,0.0
2472,2.625,0.2631578947368421,0.5897435897435898,0.0289855072463768,0.0
2473,2.555555555555556,0.4047619047619047,0.6598639455782312,0.1,0.0
2474,1.7222222222222223,0.2330827067669172,0.5798816568047337,0.008130081300813,0.0
2475,4.555555555555555,0.1518987341772152,0.6088888888888889,0.0075187969924812,0.0
2476,3.6,0.3243243243243243,0.5789473684210527,0.0151515151515151,0.0
2477,5.2,0.3333333333333333,0.7894736842105263,0.0071428571428571,0.0
2478,2.789473684210526,0.325,0.6310975609756098,0.0078740157480314,0.0
2479,2.0,0.293103448275862,0.6611570247933884,0.0,0.0
2480,5.2,0.6206896551724138,0.6886792452830188,0.0075757575757575,0.0
2481,3.2,0.2,0.5384615384615384,0.0166666666666666,0.0
2482,1.7142857142857142,0.2717391304347826,0.5526315789473685,0.0235294117647058,0.0
2483,3.4,0.375,0.88,0.0,0.0
2484,1.875,0.3472222222222222,0.6351931330472103,0.0152091254752851,0.0
2485,1.5,0.0784313725490196,0.5985401459854015,0.0201342281879194,0.0
2486,3.857142857142857,0.4222222222222222,0.7121212121212122,0.0,0.0
2487,3.5,0.2178217821782178,0.5774647887323944,0.0214723926380368,0.0
2488,2.4,0.2929292929292929,0.6380597014925373,0.0126582278481012,0.0
2489,5.333333333333333,0.3888888888888889,0.6833333333333333,0.0147058823529411,0.0
2490,3.3,0.2241379310344827,0.6073619631901841,0.0051020408163265,0.0
2491,2.0,0.3846153846153846,0.7277227722772277,0.0088495575221238,0.0
2492,2.8421052631578947,0.2959183673469387,0.5935483870967742,0.0274725274725274,0.0
2493,3.125,0.2758620689655172,0.6481481481481481,0.0160427807486631,0.0
2494,2.8181818181818183,0.2027027027027027,0.6401869158878505,0.0122448979591836,0.0
2495,2.3076923076923075,0.2753623188405797,0.6453488372093024,0.0049504950495049,0.0
2496,1.6666666666666667,0.2564102564102564,0.6466165413533834,0.0419580419580419,0.0
2497,1.4545454545454546,0.1911764705882352,0.6394557823129252,0.0245398773006134,0.0
2498,2.0,0.2205882352941176,0.6473684210526316,0.0,0.0
2499,0.5,0.125,0.875,0.0,0.0
2500,2.8181818181818183,0.2025316455696202,0.5702127659574469,0.0112781954887218,0.0
2501,2.363636363636364,0.1875,0.6089743589743589,0.0164835164835164,0.0
2502,4.285714285714286,0.1972789115646258,0.4688796680497925,0.0174825174825174,0.0
2503,3.6,0.2419354838709677,0.5773809523809523,0.0049019607843137,0.0
2504,2.333333333333333,0.25,0.8125,0.0079365079365079,0.0
2505,1.8333333333333333,0.2597402597402597,0.6588785046728972,0.0,0.0
2506,2.833333333333333,0.275,0.6,0.0352112676056338,0.0
2507,4.0,0.1333333333333333,0.7407407407407407,0.0,0.0
2508,4.1,0.1451612903225806,0.612565445026178,0.0258620689655172,0.0
2509,2.4545454545454546,0.1746031746031746,0.6331360946745562,0.010204081632653,0.0
2510,2.0,0.2333333333333333,0.6513761467889908,0.0165289256198347,0.0
2511,1.7,0.6666666666666666,0.7452830188679245,0.008130081300813,0.0
2512,2.333333333333333,0.1333333333333333,0.6636363636363637,0.0161290322580645,0.0
2513,2.391304347826087,0.2794117647058823,0.5969387755102041,0.0156599552572706,0.0
2514,3.0,0.2321428571428571,0.6524390243902439,0.005,0.0
2515,1.8333333333333333,0.1846153846153846,0.5769230769230769,0.0,0.0
2516,3.0,0.1666666666666666,0.6029411764705882,0.019108280254777,0.0
2517,3.5454545454545454,0.2073170731707317,0.549645390070922,0.0311526479750778,0.0
2518,3.0,0.1896551724137931,0.6580645161290323,0.0170454545454545,0.0
2519,2.9444444444444446,0.1666666666666666,0.5976095617529881,0.0098684210526315,0.0
2520,1.4,0.1875,0.7532467532467533,0.0,0.0
2521,2.857142857142857,0.2040816326530612,0.6204379562043796,0.0063694267515923,0.0
2522,2.875,0.3,0.7083333333333334,0.0279720279720279,0.0
2523,1.6666666666666667,0.3043478260869565,0.7102803738317757,0.0,0.0
2524,1.8333333333333333,0.2,0.5604395604395604,0.0049019607843137,0.0
2525,2.7777777777777777,0.1794871794871795,0.6194029850746269,0.0377358490566037,0.0
2526,4.166666666666667,0.3333333333333333,0.7560975609756098,0.0135135135135135,0.0
2527,1.8333333333333333,0.1351351351351351,0.5882352941176471,0.0076923076923076,0.0
2528,2.0,0.196078431372549,0.68,0.0071942446043165,0.0
2529,3.0,0.1555555555555555,0.6271186440677966,0.0147058823529411,0.0
2530,3.7777777777777777,0.131578947368421,0.5953488372093023,0.0240963855421686,0.0
2531,1.3333333333333333,0.1578947368421052,0.6595744680851063,0.0392156862745098,0.0
2532,2.923076923076923,0.1688311688311688,0.6794871794871795,0.0367647058823529,0.0
2533,2.571428571428572,0.0222222222222222,0.6636363636363637,0.0234375,0.0
2534,2.7,0.0704225352112676,0.6424242424242425,0.0104166666666666,0.0
2535,1.8333333333333333,0.3055555555555556,0.7821782178217822,0.0,0.0
2536,3.5,0.28,0.5252100840336135,0.018796992481203,0.0
2537,2.8461538461538463,0.2068965517241379,0.6235294117647059,0.0289855072463768,0.0
2538,4.285714285714286,0.1272727272727272,0.6428571428571429,0.0108695652173913,0.0
2539,1.8333333333333333,0.1886792452830188,0.5906040268456376,0.0125,0.0
2540,2.333333333333333,0.2222222222222222,0.7912087912087912,0.019047619047619,0.0
2541,3.6666666666666665,0.2027027027027027,0.5732217573221757,0.0147058823529411,0.0
2542,1.5714285714285714,0.2352941176470588,0.6629213483146067,0.0,0.0
2543,3.333333333333333,0.3050847457627119,0.6540880503144654,0.0105820105820105,0.0
2544,2.230769230769231,0.1111111111111111,0.6521739130434783,0.0,0.0
2545,3.0,0.1886792452830188,0.6618705035971223,0.0064935064935064,0.0
2546,2.260869565217391,0.2153846153846154,0.5828877005347594,0.0164319248826291,0.0
2547,3.0,0.1016949152542373,0.7054263565891473,0.0069444444444444,0.0
2548,3.333333333333333,0.1818181818181818,0.8409090909090909,0.0277777777777777,0.0
2549,1.9166666666666667,0.391304347826087,0.616580310880829,0.0277777777777777,0.0
2550,1.5454545454545454,0.2653061224489796,0.6666666666666666,0.0134228187919463,0.0
2551,2.1666666666666665,0.0975609756097561,0.5728155339805825,0.0,0.0
2552,2.636363636363636,0.131578947368421,0.5507246376811594,0.0,0.0
2553,3.8333333333333335,0.1698113207547169,0.6475409836065574,0.0137931034482758,0.0
2554,1.6666666666666667,0.175,0.603448275862069,0.0317460317460317,0.0
2555,2.9285714285714284,0.1702127659574468,0.5899280575539568,0.0031347962382445,0.0
2556,1.8461538461538465,0.106060606060606,0.7045454545454546,0.01,0.0
2557,2.5,0.2916666666666667,0.8115942028985508,0.0253164556962025,0.0
2558,2.071428571428572,0.1846153846153846,0.5942857142857143,0.0,0.0
2559,2.2222222222222223,0.265625,0.6526946107784432,0.0213903743315508,0.0
2560,2.0,0.2631578947368421,0.7,0.0326086956521739,0.0
2561,4.428571428571429,0.1071428571428571,0.6547619047619048,0.0201005025125628,0.0
2562,3.0,0.1333333333333333,0.6283185840707964,0.0390625,0.0
2563,2.9,0.4035087719298245,0.6758241758241759,0.0142180094786729,0.0
2564,4.166666666666667,0.1555555555555555,0.5208333333333334,0.029585798816568,0.0
2565,1.1666666666666667,0.34375,0.7307692307692307,0.0117647058823529,0.0
2566,6.666666666666667,0.2195121951219512,0.6830985915492958,0.0164835164835164,0.0
2567,2.2,0.1913043478260869,0.5746753246753247,0.0146627565982404,0.0
2568,1.8,0.0909090909090909,0.6073619631901841,0.0331491712707182,0.0
2569,1.7692307692307692,0.4081632653061224,0.7083333333333334,0.0,0.0
2570,1.7777777777777777,0.2352941176470588,0.6413793103448275,0.0559006211180124,0.0
2571,2.142857142857143,0.2340425531914893,0.6147540983606558,0.0510948905109489,0.0
2572,1.9090909090909087,0.180327868852459,0.5483870967741935,0.0397727272727272,0.0
2573,4.142857142857143,0.2641509433962264,0.6625,0.0211640211640211,0.0
2574,3.0,0.3186813186813186,0.6046511627906976,0.0239520958083832,0.0
2575,1.6,0.2391304347826087,0.7,0.0,0.0
2576,3.4,0.3867924528301887,0.5799373040752351,0.0054054054054054,0.0
2577,2.117647058823529,0.3061224489795918,0.63,0.0089285714285714,0.0
2578,3.5,0.2666666666666666,0.7788461538461539,0.0169491525423728,0.0
2579,3.2,0.1621621621621621,0.6796116504854369,0.0252100840336134,0.0
2580,3.0,0.1585365853658536,0.675,0.0044052863436123,0.0
2581,3.0,0.1034482758620689,0.5668202764976958,0.008,0.0
2582,2.7,0.2807017543859649,0.7025316455696202,0.0108108108108108,0.0
2583,2.5,0.0285714285714285,0.7096774193548387,0.037037037037037,0.0
2584,2.2857142857142856,0.108695652173913,0.6610169491525424,0.0,0.0
2585,1.9,0.4130434782608695,0.7348484848484849,0.0,0.0
2586,4.0,0.1153846153846153,0.7068965517241379,0.0202020202020202,0.0
2587,3.5,0.2222222222222222,0.7222222222222222,0.0272108843537414,0.0
2588,2.8095238095238093,0.3178294573643411,0.576530612244898,0.0221729490022172,0.0
2589,4.0,0.0,0.7027027027027027,0.0581395348837209,0.0
2590,2.5,0.0857142857142857,0.6015037593984962,0.0392156862745098,0.0
2591,4.5,0.1129032258064516,0.6606334841628959,0.0472727272727272,0.0
2592,2.0,0.1639344262295081,0.6821705426356589,0.0,0.0
2593,3.0,0.5769230769230769,0.6868686868686869,0.0175438596491228,0.0
2594,3.0,0.2083333333333333,0.7745098039215687,0.016260162601626,0.0
2595,2.0,0.2,0.6589147286821705,0.087248322147651,0.0
2596,3.75,0.3125,0.6627906976744186,0.0099009900990099,0.0
2597,2.363636363636364,0.196078431372549,0.7194244604316546,0.0,0.0
2598,3.375,0.1132075471698113,0.6923076923076923,0.0176470588235294,0.0
2599,2.75,0.2545454545454545,0.5757575757575758,0.0058027079303675,0.0
2600,1.8333333333333333,0.4827586206896552,0.7857142857142857,0.0210526315789473,0.0
2601,2.363636363636364,0.06,0.5724137931034483,0.0409356725146198,0.0
2602,3.75,0.1041666666666666,0.6309523809523809,0.0202020202020202,0.0
2603,1.7777777777777777,0.1052631578947368,0.6923076923076923,0.0416666666666666,0.0
2604,1.7777777777777777,0.175,0.6984126984126984,0.0140845070422535,0.0
2605,3.5,0.2142857142857142,0.6568627450980392,0.016260162601626,0.0
2606,4.666666666666667,0.1034482758620689,0.65625,0.0272727272727272,0.0
2607,3.5454545454545454,0.2045454545454545,0.5336134453781513,0.0324909747292418,0.0
2608,3.375,0.2166666666666666,0.610062893081761,0.021505376344086,0.0
2609,4.0,0.2702702702702703,0.65,0.0073529411764705,0.0
2610,1.8571428571428568,0.3090909090909091,0.6423357664233577,0.0133333333333333,0.0
2611,2.6153846153846154,0.2133333333333333,0.6059113300492611,0.0084388185654008,0.0
2612,2.875,0.1428571428571428,0.6078431372549019,0.0568181818181818,0.0
2613,2.363636363636364,0.2542372881355932,0.6046511627906976,0.005050505050505,0.0
2614,1.7142857142857142,0.0526315789473684,0.5522388059701493,0.0,0.0
2615,2.5,0.1206896551724138,0.591715976331361,0.0309278350515463,0.0
2616,4.25,0.1538461538461538,0.7641509433962265,0.024390243902439,0.0
2617,2.272727272727273,0.0945945945945946,0.5489130434782609,0.0095693779904306,0.0
2618,3.375,0.2619047619047619,0.6183206106870229,0.0189873417721519,0.0
2619,2.6,0.0789473684210526,0.6697247706422018,0.0163934426229508,0.0
2620,2.111111111111111,0.2156862745098039,0.6131386861313869,0.0,0.0
2621,4.6,0.2093023255813953,0.625,0.0523560209424083,0.0
2622,3.5,0.1016949152542373,0.6418918918918919,0.0177514792899408,0.0
2623,4.285714285714286,0.1176470588235294,0.5513513513513514,0.055813953488372,0.0
2624,3.4444444444444446,0.3166666666666666,0.6386138613861386,0.0171673819742489,0.0
2625,2.6,0.1206896551724138,0.5476190476190477,0.0154639175257731,0.0
2626,3.625,0.1666666666666666,0.5859872611464968,0.0376344086021505,0.0
2627,3.071428571428572,0.2272727272727272,0.5411392405063291,0.0278551532033426,0.0
2628,1.9,0.0697674418604651,0.6753246753246753,0.0231213872832369,0.0
2629,1.5454545454545454,0.2954545454545454,0.6711409395973155,0.0,0.0
2630,4.5,0.2448979591836734,0.5918367346938775,0.0301724137931034,0.0
2631,3.8333333333333335,0.2888888888888888,0.5985401459854015,0.0,0.0
2632,4.777777777777778,0.1320754716981132,0.5885167464114832,0.0238095238095238,0.0
2633,4.6923076923076925,0.1909090909090909,0.5618279569892473,0.0138568129330254,0.0
2634,2.055555555555556,0.1650485436893204,0.5655737704918032,0.0035587188612099,0.0
2635,3.0,0.2542372881355932,0.5392670157068062,0.0091743119266055,0.0
2636,3.571428571428572,0.119047619047619,0.5703703703703704,0.0125,0.0
2637,2.571428571428572,0.2203389830508474,0.6424242424242425,0.0054644808743169,0.0
2638,2.125,0.2758620689655172,0.6459627329192547,0.0112359550561797,0.0
2639,2.363636363636364,0.2115384615384615,0.75,0.0,0.0
2640,2.6666666666666665,0.2264150943396226,0.6330935251798561,0.0,0.0
2641,3.0,0.2272727272727272,0.6051282051282051,0.0222222222222222,0.0
2642,3.25,0.2295081967213114,0.6217948717948718,0.0054945054945054,0.0
2643,3.0,0.0888888888888888,0.6119402985074627,0.0193548387096774,0.0
2644,2.357142857142857,0.3008849557522124,0.5830618892508144,0.0117647058823529,0.0
2645,1.9230769230769231,0.3725490196078431,0.6993006993006993,0.0059523809523809,0.0
2646,1.4,0.1818181818181818,0.5229357798165137,0.0344827586206896,0.0
2647,2.625,0.1481481481481481,0.6826347305389222,0.0159574468085106,0.0
2648,3.0,0.2325581395348837,0.6861313868613139,0.0124223602484472,0.0
2649,3.5,0.1578947368421052,0.6142857142857143,0.0476190476190476,0.0
2650,2.5,0.1235955056179775,0.6650717703349283,0.00836820083682,0.0
2651,3.5,0.1136363636363636,0.574468085106383,0.0061728395061728,0.0
2652,2.4,0.1168831168831168,0.5402298850574713,0.0101010101010101,0.0
2653,2.5,0.0909090909090909,0.6165413533834586,0.0337837837837837,0.0
2654,2.1666666666666665,0.3076923076923077,0.6875,0.024,0.0
2655,1.5789473684210529,0.2976190476190476,0.6875,0.0,0.0
2656,3.25,0.1527777777777778,0.5508982035928144,0.0,0.0
2657,2.571428571428572,0.2558139534883721,0.5714285714285714,0.0291970802919708,0.0
2658,2.7,0.2424242424242424,0.6486486486486487,0.0094339622641509,0.0
2659,4.2,0.3018867924528302,0.6546762589928058,0.0125,0.0
2660,3.8181818181818175,0.1886792452830188,0.5610687022900763,0.0098684210526315,0.0
2661,2.8,0.2058823529411764,0.725,0.0,0.0
2662,3.8333333333333335,0.1176470588235294,0.6811594202898551,0.031055900621118,0.0
2663,2.2,0.1428571428571428,0.7068965517241379,0.0236220472440944,0.0
2664,3.3846153846153846,0.1948051948051948,0.5789473684210527,0.0197628458498023,0.0
2665,2.75,0.1833333333333333,0.59375,0.0274725274725274,0.0
2666,6.0,0.25,0.7662337662337663,0.031578947368421,0.0
2667,5.2,0.4509803921568627,0.7471910112359551,0.0098039215686274,0.0
2668,3.75,0.1454545454545454,0.5961538461538461,0.032258064516129,0.0
2669,2.4615384615384617,0.1326530612244898,0.5551020408163265,0.0252707581227436,0.0
2670,2.769230769230769,0.4545454545454545,0.574468085106383,0.007380073800738,0.0
2671,3.2857142857142856,0.1666666666666666,0.6394557823129252,0.0235294117647058,0.0
2672,2.4545454545454546,0.2542372881355932,0.664804469273743,0.0145631067961165,0.0
2673,2.642857142857143,0.4,0.5643153526970954,0.0035971223021582,0.0
2674,1.6666666666666667,0.1964285714285714,0.5878378378378378,0.0184049079754601,0.0
2675,5.5,0.2083333333333333,0.7738095238095238,0.0421052631578947,0.0
2676,2.1,0.3846153846153846,0.5606060606060606,0.0130718954248366,0.0
2677,3.142857142857143,0.0980392156862745,0.5785123966942148,0.0349650349650349,0.0
2678,2.8095238095238093,0.0921052631578947,0.5404157043879908,0.0121951219512195,0.0
2679,3.5,0.1927710843373494,0.5815899581589958,0.0284697508896797,0.0
2680,2.833333333333333,0.2,0.7037037037037037,0.0263157894736842,0.0
2681,3.857142857142857,0.0588235294117647,0.6256983240223464,0.0145631067961165,0.0
2682,2.833333333333333,0.2653061224489796,0.6621621621621622,0.0242424242424242,0.0
2683,2.5,0.1304347826086956,0.5507246376811594,0.0,0.0
2684,3.6666666666666665,0.0952380952380952,0.7215189873417721,0.0157068062827225,0.0
2685,2.2,0.1733333333333333,0.5482456140350878,0.0114942528735632,0.0
2686,3.0,0.1639344262295081,0.5523255813953488,0.050251256281407,0.0
2687,4.375,0.0875,0.6682464454976303,0.0121951219512195,0.0
2688,3.333333333333333,0.1851851851851851,0.5625,0.0113636363636363,0.0
2689,2.571428571428572,0.1470588235294117,0.5841584158415841,0.0336134453781512,0.0
2690,2.25,0.2452830188679245,0.6380368098159509,0.0368421052631578,0.0
2691,2.5,0.1702127659574468,0.6666666666666666,0.0141843971631205,0.0
2692,2.5,0.1,0.5483870967741935,0.0,0.0
2693,3.208333333333333,0.2234042553191489,0.4889705882352941,0.0064412238325281,0.0
2694,2.2857142857142856,0.108695652173913,0.6754385964912281,0.023076923076923,0.0
2695,3.8333333333333335,0.1,0.5714285714285714,0.032051282051282,0.0
2696,2.333333333333333,0.2121212121212121,0.51875,0.0057471264367816,0.0
2697,3.4,0.1923076923076923,0.5436241610738255,0.0240963855421686,0.0
2698,3.25,0.22,0.6098901098901099,0.0144230769230769,0.0
2699,2.8,0.073170731707317,0.6587301587301587,0.0,0.0
2700,2.8,0.1176470588235294,0.6697247706422018,0.008130081300813,0.0
2701,2.2857142857142856,0.1428571428571428,0.719626168224299,0.016260162601626,0.0
2702,2.555555555555556,0.1818181818181818,0.6296296296296297,0.0063291139240506,0.0
2703,3.25,0.3838383838383838,0.60062893081761,0.0027027027027027,0.0
2704,2.363636363636364,0.1509433962264151,0.6666666666666666,0.0216216216216216,0.0
2705,1.9,0.1964285714285714,0.6387096774193548,0.0172413793103448,0.0
2706,4.166666666666667,0.1428571428571428,0.6493506493506493,0.0,0.0
2707,2.6,0.2673267326732673,0.4783427495291902,0.0016077170418006,0.0
2708,2.5,0.1428571428571428,0.5964912280701754,0.0310077519379844,0.0
2709,5.0,0.1379310344827586,0.7415730337078652,0.0,0.0
2710,3.125,0.175,0.5984251968503937,0.0328947368421052,0.0
2711,2.6666666666666665,0.1842105263157894,0.6176470588235294,0.0,0.0
2712,1.5,0.2941176470588235,0.4816753926701571,0.0697674418604651,0.0
2713,2.5,0.2291666666666666,0.6814814814814815,0.0451612903225806,0.0
2714,3.75,0.2,0.5555555555555556,0.0269360269360269,0.0
2715,2.555555555555556,0.5,0.5436893203883495,0.0,0.0
2716,2.1666666666666665,0.2465753424657534,0.5915492957746479,0.00836820083682,0.0
2717,1.6923076923076923,0.2539682539682539,0.6764705882352942,0.0052083333333333,0.0
2718,1.6,0.1860465116279069,0.5826086956521739,0.0458015267175572,0.0
2719,1.875,0.1020408163265306,0.6851851851851852,0.008130081300813,0.0
2720,2.7142857142857144,0.15,0.6777777777777778,0.0150753768844221,0.0
2721,1.1428571428571428,0.3,0.6938775510204082,0.0,0.0
2722,4.75,0.0408163265306122,0.6666666666666666,0.0220588235294117,0.0
2723,2.0,0.2553191489361702,0.7172413793103448,0.006060606060606,0.0
2724,4.2,0.2888888888888888,0.6376811594202898,0.0377358490566037,0.0
2725,2.625,0.1904761904761904,0.6103896103896104,0.0057142857142857,0.0
2726,3.1666666666666665,0.125,0.6339285714285714,0.0381679389312977,0.0
2727,2.6666666666666665,0.1794871794871795,0.648854961832061,0.0272108843537414,0.0
2728,2.4285714285714284,0.2333333333333333,0.6198347107438017,0.0,0.0
2729,1.5454545454545454,0.2424242424242424,0.6684782608695652,0.0398009950248756,0.0
2730,3.5,0.21,0.6062992125984252,0.0101351351351351,0.0
2731,3.7777777777777777,0.1951219512195122,0.6328502415458938,0.0041493775933609,0.0
2732,2.0,0.3235294117647059,0.7207207207207207,0.0078740157480314,0.0
2733,2.25,0.2289156626506024,0.5324675324675324,0.0037453183520599,0.0
2734,2.0,0.18,0.7377049180327869,0.0,0.0
2735,2.4,0.1,0.6555555555555556,0.034313725490196,0.0
2736,3.8,0.1012658227848101,0.5490196078431373,0.0206611570247933,0.0
2737,3.5,0.0975609756097561,0.6238532110091743,0.008130081300813,0.0
2738,3.2,0.1219512195121951,0.7878787878787878,0.008695652173913,0.0
2739,1.6,0.2888888888888888,0.7560975609756098,0.0,0.0
2740,2.363636363636364,0.1343283582089552,0.592391304347826,0.0285714285714285,0.0
2741,5.428571428571429,0.2156862745098039,0.6136363636363636,0.0271317829457364,0.0
2742,2.0,0.1388888888888889,0.6554621848739496,0.0310077519379844,0.0
2743,2.2,0.38,0.6369426751592356,0.0111731843575419,0.0
2744,5.714285714285714,0.1518987341772152,0.572139303482587,0.0456431535269709,0.0
2745,2.8,0.131578947368421,0.5707317073170731,0.0214592274678111,0.0
2746,2.5,0.275,0.6492537313432836,0.0,0.0
2747,2.6,0.054054054054054,0.631578947368421,0.0092592592592592,0.0
2748,4.375,0.3809523809523809,0.6652719665271967,0.0036496350364963,0.0
2749,1.75,0.1538461538461538,0.7538461538461538,0.0,0.0
2750,3.4285714285714284,0.0350877192982456,0.6783216783216783,0.029940119760479,0.0
2751,2.7777777777777777,0.3278688524590163,0.6149732620320856,0.0047169811320754,0.0
2752,1.7777777777777777,0.1914893617021276,0.6518518518518519,0.0198675496688741,0.0
2753,2.111111111111111,0.1509433962264151,0.6442953020134228,0.0297619047619047,0.0
2754,2.421052631578948,0.1775700934579439,0.6237942122186495,0.0168067226890756,0.0
2755,3.111111111111111,0.1917808219178082,0.5693069306930693,0.008695652173913,0.0
2756,3.4,0.1136363636363636,0.7295081967213115,0.0215827338129496,0.0
2757,2.4,0.0967741935483871,0.625,0.0241935483870967,0.0
2758,3.0,0.2638888888888889,0.6575342465753424,0.0151515151515151,0.0
2759,3.0,0.0869565217391304,0.5538461538461539,0.0355555555555555,0.0
2760,0.5,0.1428571428571428,0.9444444444444444,0.0526315789473684,0.0
2761,3.0,0.2261904761904762,0.6068702290076335,0.0166112956810631,0.0
2762,3.8,0.2666666666666666,0.4973544973544973,0.0088105726872246,0.0
2763,2.6666666666666665,0.3333333333333333,0.7888888888888889,0.0,0.0
2764,2.4,0.1351351351351351,0.7469879518072289,0.0210526315789473,0.0
2765,5.2,0.1025641025641025,0.7217391304347827,0.0283687943262411,0.0
2766,2.9047619047619047,0.287037037037037,0.5343283582089552,0.0202020202020202,0.0
2767,3.0,0.1333333333333333,0.689873417721519,0.027027027027027,0.0
2768,3.6,0.25,0.6106194690265486,0.0229007633587786,0.0
2769,4.285714285714286,0.1346153846153846,0.5962732919254659,0.0261780104712041,0.0
2770,3.5,0.2083333333333333,0.6940298507462687,0.0129032258064516,0.0
2771,3.0,0.1428571428571428,0.5655172413793104,0.014792899408284,0.0
2772,2.116279069767442,0.2115384615384615,0.694006309148265,0.0269607843137254,0.0
2773,5.0,0.16,0.6710526315789473,0.0329670329670329,0.0
2774,4.0,0.1538461538461538,0.7361963190184049,0.0050251256281407,0.0
2775,2.5294117647058822,0.1442307692307692,0.5254901960784314,0.0067114093959731,0.0
2776,2.857142857142857,0.2777777777777778,0.7647058823529411,0.0578034682080924,0.0
2777,3.75,0.2702702702702703,0.7355371900826446,0.0220588235294117,0.0
2778,2.6,0.1282051282051282,0.5841584158415841,0.0087719298245614,0.0
2779,2.1538461538461537,0.3181818181818182,0.6714975845410628,0.0170212765957446,0.0
2780,2.571428571428572,0.2083333333333333,0.725,0.0144927536231884,0.0
2781,4.111111111111111,0.25,0.6079545454545454,0.0328638497652582,0.0
2782,2.1,0.2295081967213114,0.644808743169399,0.0098039215686274,0.0
2783,2.6666666666666665,0.2063492063492063,0.5443786982248521,0.005181347150259,0.0
2784,2.2857142857142856,0.1555555555555555,0.6147540983606558,0.0144927536231884,0.0
2785,3.2222222222222223,0.2040816326530612,0.6276595744680851,0.0460829493087557,0.0
2786,1.7857142857142858,0.1139240506329113,0.5812807881773399,0.0,0.0
2787,2.9,0.0547945205479452,0.5977011494252874,0.0197044334975369,0.0
2788,3.571428571428572,0.1320754716981132,0.6645962732919255,0.0161290322580645,0.0
2789,1.6666666666666667,0.2727272727272727,0.71900826446281,0.0,0.0
2790,3.727272727272727,0.3088235294117647,0.634020618556701,0.0170212765957446,0.0
2791,3.888888888888889,0.119047619047619,0.5514705882352942,0.022801302931596,0.0
2792,2.75,0.2129629629629629,0.625,0.0123762376237623,0.0
2793,3.375,0.0185185185185185,0.6418918918918919,0.0057142857142857,0.0
2794,2.75,0.1981981981981982,0.516320474777448,0.0078740157480314,0.0
2795,1.7272727272727273,0.2063492063492063,0.5978260869565217,0.0591133004926108,0.0
2796,3.6,0.6333333333333333,0.7833333333333333,0.0072463768115942,0.0
2797,3.4285714285714284,0.1864406779661017,0.5786516853932584,0.0198019801980198,0.0
2798,3.25,0.203125,0.6289308176100629,0.0216216216216216,0.0
2799,2.2,0.4230769230769231,0.6621621621621622,0.0,0.0
2800,2.6,0.2051282051282051,0.6534653465346535,0.0,0.0
2801,1.7777777777777777,0.3888888888888889,0.6727272727272727,0.0,0.0
2802,2.4285714285714284,0.1645569620253164,0.6375545851528385,0.0152091254752851,0.0
2803,2.1666666666666665,0.1111111111111111,0.6956521739130435,0.0380952380952381,0.0
2804,2.6,0.2037037037037037,0.6180555555555556,0.0176470588235294,0.0
2805,2.333333333333333,0.0833333333333333,0.6176470588235294,0.0344827586206896,0.0
2806,6.0,0.2077922077922078,0.618421052631579,0.0253623188405797,0.0
2807,3.7142857142857135,0.0606060606060606,0.7377049180327869,0.0135135135135135,0.0
2808,2.0,0.2195121951219512,0.6699029126213593,0.0782608695652174,0.0
2809,3.25,0.1132075471698113,0.6879432624113475,0.0389610389610389,0.0
2810,3.1818181818181817,0.2253521126760563,0.5714285714285714,0.0079365079365079,0.0
2811,1.625,0.3611111111111111,0.7169811320754716,0.0,0.0
2812,3.857142857142857,0.0833333333333333,0.5766871165644172,0.0157894736842105,0.0
2813,2.3,0.2745098039215686,0.5342465753424658,0.029585798816568,0.0
2814,2.25,0.1,0.6428571428571429,0.0307692307692307,0.0
2815,2.333333333333333,0.2911392405063291,0.5380952380952381,0.0040816326530612,0.0
2816,2.125,0.3783783783783784,0.7596153846153846,0.024793388429752,0.0
2817,1.6666666666666667,0.1578947368421052,0.7647058823529411,0.0105263157894736,0.0
2818,1.6666666666666667,0.2258064516129032,0.5670103092783505,0.0186915887850467,0.0
2819,1.875,0.1627906976744186,0.6299212598425197,0.0140845070422535,0.0
2820,2.571428571428572,0.1851851851851851,0.6226415094339622,0.0112994350282485,0.0
2821,1.6666666666666667,0.2857142857142857,0.7333333333333333,0.01,0.0
2822,3.625,0.1166666666666666,0.6797385620915033,0.0109890109890109,0.0
2823,1.8,0.4166666666666667,0.9,0.0126582278481012,0.0
2824,1.7777777777777777,0.3414634146341463,0.75,0.0073529411764705,0.0
2825,2.8,0.2666666666666666,0.5955056179775281,0.0,0.0
2826,1.8,0.2396694214876033,0.6261398176291794,0.0136986301369863,0.0
2827,3.1666666666666665,0.3243243243243243,0.6363636363636364,0.0142857142857142,0.0
2828,3.2,0.24,0.6666666666666666,0.0206185567010309,0.0
2829,3.0,0.2686567164179104,0.6685393258426966,0.0192307692307692,0.0
2830,2.333333333333333,0.0888888888888888,0.5982905982905983,0.0229007633587786,0.0
2831,1.7,0.2,0.7431192660550459,0.0158730158730158,0.0
2832,1.0,0.0714285714285714,0.8787878787878788,0.0285714285714285,0.0
2833,1.1111111111111112,0.45,0.7155963302752294,0.0,0.0
2834,3.857142857142857,0.1833333333333333,0.6408450704225352,0.029585798816568,0.0
2835,3.4285714285714284,0.1886792452830188,0.6388888888888888,0.0178571428571428,0.0
2836,2.7777777777777777,0.135593220338983,0.5179856115107914,0.0121951219512195,0.0
2837,3.6,0.1764705882352941,0.6039603960396039,0.042016806722689,0.0
2838,3.6666666666666665,0.0833333333333333,0.5877192982456141,0.0294117647058823,0.0
2839,3.9,0.2533333333333333,0.5964125560538116,0.0229007633587786,0.0
2840,4.0,0.1463414634146341,0.7431192660550459,0.0225563909774436,0.0
2841,4.2,0.1521739130434782,0.5546218487394958,0.0,0.0
2842,3.6,0.1224489795918367,0.6384615384615384,0.0337837837837837,0.0
2843,2.2857142857142856,0.0833333333333333,0.5423728813559322,0.0373134328358208,0.0
2844,2.125,0.2,0.8260869565217391,0.0454545454545454,0.0
2845,2.0,0.1212121212121212,0.6626506024096386,0.021505376344086,0.0
2846,3.2,0.1818181818181818,0.6538461538461539,0.0,0.0
2847,3.1666666666666665,0.1,0.5757575757575758,0.0054347826086956,0.0
2848,2.117647058823529,0.1964285714285714,0.5862068965517241,0.0084507042253521,0.0
2849,3.125,0.2131147540983606,0.6871165644171779,0.026595744680851,0.0
2850,2.25,0.2037037037037037,0.5862068965517241,0.0245398773006134,0.0
2851,3.333333333333333,0.1142857142857142,0.6893203883495146,0.032520325203252,0.0
2852,2.2857142857142856,0.3076923076923077,0.6052631578947368,0.0217391304347826,0.0
2853,1.6666666666666667,0.074074074074074,0.7681159420289855,0.0126582278481012,0.0
2854,2.142857142857143,0.0789473684210526,0.6057692307692307,0.0252100840336134,0.0
2855,2.4545454545454546,0.1744186046511628,0.588495575221239,0.0118577075098814,0.0
2856,2.3076923076923075,0.2906976744186046,0.6111111111111112,0.0121951219512195,0.0
2857,1.5714285714285714,0.3333333333333333,0.7339449541284404,0.0083333333333333,0.0
2858,2.7142857142857144,0.196078431372549,0.644927536231884,0.0063694267515923,0.0
2859,2.75,0.1860465116279069,0.6888888888888889,0.0382165605095541,0.0
2860,3.5,0.1384615384615384,0.615819209039548,0.0146341463414634,0.0
2861,3.5,0.1212121212121212,0.6875,0.028169014084507,0.0
2862,2.0,0.1052631578947368,0.632183908045977,0.0206185567010309,0.0
2863,2.8,0.1489361702127659,0.6416666666666667,0.0,0.0
2864,3.375,0.4807692307692308,0.7272727272727273,0.0,0.0
2865,3.111111111111111,0.2191780821917808,0.6198830409356725,0.0050251256281407,0.0
2866,2.4,0.0833333333333333,0.6276595744680851,0.0188679245283018,0.0
2867,2.4285714285714284,0.2388059701492537,0.5944700460829493,0.0079681274900398,0.0
2868,4.4,0.1666666666666666,0.6302521008403361,0.0283687943262411,0.0
2869,1.8571428571428568,0.0625,0.5948275862068966,0.0542635658914728,0.0
2870,2.833333333333333,0.1666666666666666,0.5546218487394958,0.0073529411764705,0.0
2871,3.125,0.2083333333333333,0.5942028985507246,0.0061349693251533,0.0
2872,3.2857142857142856,0.1395348837209302,0.6666666666666666,0.0629370629370629,0.0
2873,2.111111111111111,0.3541666666666667,0.7394957983193278,0.0217391304347826,0.0
2874,4.666666666666667,0.2439024390243902,0.6370967741935484,0.0394736842105263,0.0
2875,4.0625,0.4625,0.6236559139784946,0.0290697674418604,0.0
2876,3.2857142857142856,0.2459016393442623,0.6506024096385542,0.0052910052910052,0.0
2877,3.6,0.1176470588235294,0.6370967741935484,0.0492957746478873,0.0
2878,1.625,0.5263157894736842,0.6146788990825688,0.0327868852459016,0.0
2879,2.2857142857142856,0.2222222222222222,0.6538461538461539,0.0,0.0
2880,2.0,0.2037037037037037,0.7071428571428572,0.0063291139240506,0.0
2881,2.25,0.123076923076923,0.6351351351351351,0.0240963855421686,0.0
2882,6.75,0.1333333333333333,0.7087378640776699,0.0305343511450381,0.0
2883,1.8571428571428568,0.28,0.8333333333333334,0.0126582278481012,0.0
2884,2.0,0.3111111111111111,0.7014925373134329,0.02,0.0
2885,3.857142857142857,0.2033898305084746,0.6526946107784432,0.0154639175257731,0.0
2886,2.4444444444444446,0.2105263157894736,0.7102803738317757,0.0077519379844961,0.0
2887,2.1666666666666665,0.1081081081081081,0.6564102564102564,0.004524886877828,0.0
2888,2.142857142857143,0.2,0.7403846153846154,0.0252100840336134,0.0
2889,2.8,0.3015873015873015,0.6231155778894473,0.0308370044052863,0.0
2890,3.142857142857143,0.1238095238095238,0.5255474452554745,0.0094339622641509,0.0
2891,3.0,0.1724137931034483,0.5206611570247934,0.0,0.0
2892,2.4,0.2413793103448276,0.7951807228915663,0.0210526315789473,0.0
2893,2.2,0.2096774193548387,0.5663265306122449,0.0688073394495412,0.0
2894,4.0,0.2181818181818181,0.6091954022988506,0.0101010101010101,0.0
2895,2.1666666666666665,0.0526315789473684,0.6407766990291263,0.0,0.0
2896,2.142857142857143,0.1388888888888889,0.5371900826446281,0.088235294117647,0.0
2897,1.6666666666666667,0.1621621621621621,0.625,0.0518518518518518,0.0
2898,1.5,0.217391304347826,0.577922077922078,0.0,0.0
2899,3.272727272727273,0.4678899082568807,0.6555555555555556,0.0075757575757575,0.0
2900,1.8,0.3125,0.7333333333333333,0.0144927536231884,0.0
2901,2.0,0.3181818181818182,0.7605633802816901,0.0253164556962025,0.0
2902,3.111111111111111,0.0961538461538461,0.5780346820809249,0.0149253731343283,0.0
2903,3.75,0.1346153846153846,0.6326530612244898,0.0169491525423728,0.0
2904,2.5,0.0769230769230769,0.7099236641221374,0.0136986301369863,0.0
2905,3.75,0.4423076923076923,0.6912751677852349,0.0055865921787709,0.0
2906,2.25,0.2553191489361702,0.7304347826086957,0.0225563909774436,0.0
2907,3.0,0.1587301587301587,0.592391304347826,0.0094786729857819,0.0
2908,2.473684210526316,0.2907801418439716,0.5706521739130435,0.0096385542168674,0.0
2909,1.5,0.1428571428571428,1.0,0.0555555555555555,0.0
2910,3.8,0.325,0.7066666666666667,0.0177514792899408,0.0
2911,3.111111111111111,0.171875,0.582010582010582,0.032258064516129,0.0
2912,2.75,0.4807692307692308,0.6777777777777778,0.0093896713615023,0.0
2913,3.0,0.12,0.6410256410256411,0.0333333333333333,0.0
2914,2.5,0.1,0.6101694915254238,0.037593984962406,0.0
2915,2.333333333333333,0.3809523809523809,0.7192982456140351,0.0,0.0
2916,1.9166666666666667,0.1111111111111111,0.5270935960591133,0.0265486725663716,0.0
2917,3.8333333333333335,0.1818181818181818,0.6950354609929078,0.0121951219512195,0.0
2918,2.2857142857142856,0.1276595744680851,0.6933333333333334,0.0120481927710843,0.0
2919,3.0,0.05,0.6615384615384615,0.0259740259740259,0.0
2920,2.0,0.1666666666666666,0.6111111111111112,0.0081967213114754,0.0
2921,2.375,0.0943396226415094,0.5244755244755245,0.037037037037037,0.0
2922,2.5,0.1428571428571428,0.6708860759493671,0.0337078651685393,0.0
2923,1.5714285714285714,0.0,0.67,0.027027027027027,0.0
2924,4.0,0.0,0.8222222222222222,0.0526315789473684,0.0
2925,2.4285714285714284,0.1764705882352941,0.6804123711340206,0.0087719298245614,0.0
2926,3.571428571428572,0.1521739130434782,0.5813953488372093,0.0324675324675324,0.0
2927,2.0,0.0789473684210526,0.648936170212766,0.0,0.0
2928,1.75,0.303030303030303,0.78125,0.0181818181818181,0.0
2929,1.2857142857142858,0.1363636363636363,0.7352941176470589,0.0259740259740259,0.0
2930,2.4,0.3333333333333333,0.6944444444444444,0.0,0.0
2931,2.25,0.3571428571428571,0.7818181818181819,0.015625,0.0
2932,1.5,0.2647058823529412,0.7789473684210526,0.0093457943925233,0.0
2933,2.142857142857143,0.1538461538461538,0.6630434782608695,0.0,0.0
2934,2.4285714285714284,0.217391304347826,0.5882352941176471,0.0073529411764705,0.0
2935,2.111111111111111,0.3947368421052631,0.7692307692307693,0.016260162601626,0.0
2936,2.0,0.2105263157894736,0.7407407407407407,0.0161290322580645,0.0
2937,2.0,0.1621621621621621,0.6116504854368932,0.008695652173913,0.0
2938,2.125,0.024390243902439,0.5185185185185185,0.0,0.0
2939,2.4545454545454546,0.2025316455696202,0.5961538461538461,0.0042553191489361,0.0
2940,2.5,0.0769230769230769,0.6911764705882353,0.0128205128205128,0.0
2941,2.5,0.1363636363636363,0.7012987012987013,0.0108695652173913,0.0
2942,4.5,0.2830188679245283,0.7544910179640718,0.0103092783505154,0.0
2943,2.3,0.1636363636363636,0.6621621621621622,0.0116959064327485,0.0
2944,2.1818181818181817,0.2830188679245283,0.6710526315789473,0.0113636363636363,0.0
2945,3.0,0.25,0.6614173228346457,0.0140845070422535,0.0
2946,2.625,0.2,0.6692913385826772,0.0135135135135135,0.0
2947,3.4285714285714284,0.1186440677966101,0.6770186335403726,0.0108108108108108,0.0
2948,2.4285714285714284,0.0681818181818181,0.6,0.0340136054421768,0.0
2949,4.6,0.1794871794871795,0.7191780821917808,0.029585798816568,0.0
2950,3.142857142857143,0.0416666666666666,0.5109489051094891,0.0377358490566037,0.0
2951,2.0,0.36,0.8194444444444444,0.0,0.0
2952,2.0,0.24,0.7560975609756098,0.0111111111111111,0.0
2953,4.0,0.1454545454545454,0.6271186440677966,0.0076923076923076,0.0
2954,1.6,0.2162162162162162,0.660377358490566,0.0263157894736842,0.0
2955,1.8,0.1818181818181818,0.6857142857142857,0.0,0.0
2956,3.75,0.2777777777777778,0.7272727272727273,0.0189873417721519,0.0
2957,1.4444444444444444,0.2244897959183673,0.7589285714285714,0.016,0.0
2958,1.5,0.0625,0.675,0.0,0.0
2959,4.833333333333333,0.2702702702702703,0.6434782608695652,0.0069444444444444,0.0
2960,2.2222222222222223,0.1333333333333333,0.7295081967213115,0.0140845070422535,0.0
2961,2.6,0.0491803278688524,0.5912408759124088,0.0368098159509202,0.0
2962,1.9,0.1632653061224489,0.6209150326797386,0.0174418604651162,0.0
2963,2.4166666666666665,0.2580645161290322,0.5675675675675675,0.0093457943925233,0.0
2964,2.833333333333333,0.1224489795918367,0.608,0.0422535211267605,0.0
2965,4.153846153846154,0.202020202020202,0.5636363636363636,0.0234375,0.0
2966,2.9,0.2957746478873239,0.6231884057971014,0.0042372881355932,0.0
2967,2.1666666666666665,0.1666666666666666,0.6947368421052632,0.0092592592592592,0.0
2968,3.4285714285714284,0.2884615384615384,0.6458333333333334,0.0,0.0
2969,2.875,0.1463414634146341,0.5929203539823009,0.0147058823529411,0.0
2970,1.75,0.1833333333333333,0.5526315789473685,0.034313725490196,0.0
2971,2.6875,0.2688172043010752,0.5075757575757576,0.019543973941368,0.0
2972,4.0,0.1666666666666666,0.5666666666666667,0.0138888888888888,0.0
2973,2.75,0.2545454545454545,0.6839080459770115,0.010204081632653,0.0
2974,2.333333333333333,0.225,0.6462264150943396,0.0041666666666666,0.0
2975,2.571428571428572,0.2232142857142857,0.5792880258899676,0.017391304347826,0.0
2976,2.833333333333333,0.119047619047619,0.6666666666666666,0.0136986301369863,0.0
2977,2.375,0.0697674418604651,0.6610169491525424,0.0072992700729927,0.0
2978,2.375,0.2666666666666666,0.6869158878504673,0.0128755364806866,0.0
2979,2.333333333333333,0.2758620689655172,0.7125,0.0,0.0
2980,3.857142857142857,0.2459016393442623,0.6231155778894473,0.0176991150442477,0.0
2981,2.25,0.1666666666666666,0.7222222222222222,0.0,0.0
2982,3.25,0.1363636363636363,0.803030303030303,0.0379746835443038,0.0
2983,4.111111111111111,0.1692307692307692,0.6019417475728155,0.0329218106995884,0.0
2984,1.5714285714285714,0.1206896551724138,0.577922077922078,0.0909090909090909,0.0
2985,2.4285714285714284,0.1282051282051282,0.603448275862069,0.0,0.0
2986,2.375,0.1818181818181818,0.7272727272727273,0.0169491525423728,0.0
2987,2.2,0.3333333333333333,0.6666666666666666,0.0080971659919028,0.0
2988,2.12,0.324074074074074,0.5377643504531722,0.0078125,0.0
2989,4.166666666666667,0.38,0.7243243243243244,0.0095238095238095,0.0
2990,1.4545454545454546,0.2037037037037037,0.7709923664122137,0.0,0.0
2991,5.0,0.3023255813953488,0.6064981949458483,0.0288184438040345,0.0
2992,3.0,0.2083333333333333,0.5909090909090909,0.0,0.0
2993,3.1,0.1833333333333333,0.6198830409356725,0.0099009900990099,0.0
2994,2.2222222222222223,0.238095238095238,0.7301587301587301,0.0342465753424657,0.0
2995,2.333333333333333,0.217391304347826,0.5526315789473685,0.0047393364928909,0.0
2996,3.642857142857143,0.1686746987951807,0.6027397260273972,0.0185185185185185,0.0
2997,3.333333333333333,0.1590909090909091,0.6101694915254238,0.0,0.0
2998,2.6,0.0588235294117647,0.5957446808510638,0.0093457943925233,0.0
2999,3.083333333333333,0.1904761904761904,0.6292134831460674,0.0093023255813953,0.0
3000,3.0,0.0666666666666666,0.6951219512195121,0.0,0.0
3001,1.4444444444444444,0.2363636363636363,0.7642857142857142,0.0065359477124183,0.0
3002,1.5,0.3181818181818182,0.7899159663865546,0.0,0.0
3003,3.555555555555556,0.18,0.5960264900662252,0.0163934426229508,0.0
3004,1.625,0.3611111111111111,0.7894736842105263,0.0,0.0
3005,4.333333333333333,0.0666666666666666,0.6818181818181818,0.0,0.0
3006,2.423076923076923,0.2957746478873239,0.5225653206650831,0.0206611570247933,0.0
3007,3.1,0.1829268292682926,0.589041095890411,0.036,0.0
3008,1.8214285714285716,0.2340425531914893,0.5789473684210527,0.0330788804071246,0.0
3009,2.7777777777777777,0.1020408163265306,0.6271186440677966,0.0139860139860139,0.0
3010,1.6666666666666667,0.088235294117647,0.6875,0.0,0.0
3011,2.2857142857142856,0.1891891891891892,0.6018518518518519,0.032258064516129,0.0
3012,2.5,0.2,0.5945945945945946,0.015267175572519,0.0
3013,4.8,0.1,0.6732673267326733,0.024,0.0
3014,1.25,0.125,0.6078431372549019,0.0714285714285714,0.0
3015,2.9285714285714284,0.1666666666666666,0.5719424460431655,0.012539184952978,0.0
3016,2.571428571428572,0.0909090909090909,0.5555555555555556,0.0555555555555555,0.0
3017,2.1666666666666665,0.17,0.5273972602739726,0.0,0.0
3018,3.5,0.1238938053097345,0.5361842105263158,0.0115606936416184,0.0
3019,2.1666666666666665,0.0857142857142857,0.6116504854368932,0.0258620689655172,0.0
3020,5.333333333333333,0.037037037037037,0.5392156862745098,0.0084745762711864,0.0
3021,2.5,0.2142857142857142,0.7012987012987013,0.0326086956521739,0.0
3022,2.7,0.2222222222222222,0.5421052631578948,0.0092165898617511,0.0
3023,2.888888888888889,0.2602739726027397,0.6296296296296297,0.0082644628099173,0.0
3024,2.0,0.14,0.6370370370370371,0.0326797385620915,0.0
3025,3.142857142857143,0.2790697674418604,0.69375,0.0384615384615384,0.0
3026,5.333333333333333,0.125,0.768595041322314,0.0218978102189781,0.0
3027,2.0,0.1111111111111111,0.66,0.0,0.0
3028,3.0,0.198019801980198,0.5121212121212121,0.043360433604336,0.0
3029,2.888888888888889,0.2037037037037037,0.64375,0.0,0.0
3030,3.769230769230769,0.1666666666666666,0.5859375,0.0262295081967213,0.0
3031,3.1666666666666665,0.25,0.7007874015748031,0.0273972602739726,0.0
3032,4.0,0.075,0.6645161290322581,0.0335195530726257,0.0
3033,1.8571428571428568,0.0754716981132075,0.6363636363636364,0.0112359550561797,0.0
3034,2.333333333333333,0.1071428571428571,0.5740740740740741,0.0218579234972677,0.0
3035,2.111111111111111,0.1698113207547169,0.6148648648648649,0.0419161676646706,0.0
3036,4.0,0.2456140350877192,0.6082474226804123,0.0378151260504201,0.0
3037,1.896551724137931,0.3903743315508021,0.5056603773584906,0.0,0.0
3038,3.333333333333333,0.1521739130434782,0.632,0.0,0.0
3039,3.0,0.2272727272727272,0.68125,0.0108695652173913,0.0
3040,1.5454545454545454,0.2622950819672131,0.6728395061728395,0.0111731843575419,0.0
3041,3.4285714285714284,0.1228070175438596,0.5802469135802469,0.0053763440860215,0.0
3042,3.1666666666666665,0.173076923076923,0.6544117647058824,0.0516129032258064,0.0
3043,2.111111111111111,0.1951219512195122,0.6031746031746031,0.0068965517241379,0.0
3044,4.0,0.1785714285714285,0.6857142857142857,0.024793388429752,0.0
3045,2.5454545454545454,0.1830985915492957,0.5700934579439252,0.0289256198347107,0.0
3046,2.6,0.1388888888888889,0.5347826086956522,0.015625,0.0
3047,2.0,0.025,0.59,0.0263157894736842,0.0
3048,1.8333333333333333,0.074074074074074,0.6296296296296297,0.0326086956521739,0.0
3049,4.0,0.3235294117647059,0.6956521739130435,0.0,0.0
3050,2.888888888888889,0.265625,0.7320261437908496,0.0055865921787709,0.0
3051,2.555555555555556,0.2205882352941176,0.6167664670658682,0.0105263157894736,0.0
3052,1.7142857142857142,0.2972972972972973,0.7857142857142857,0.009090909090909,0.0
3053,3.571428571428572,0.1694915254237288,0.5740740740740741,0.0053475935828877,0.0
3054,2.6666666666666665,0.0652173913043478,0.6637931034482759,0.0,0.0
3055,4.0,0.1272727272727272,0.5424836601307189,0.0282485875706214,0.0
3056,4.0,0.125,0.6538461538461539,0.0333333333333333,0.0
3057,1.7142857142857142,0.2307692307692307,0.6451612903225806,0.0380952380952381,0.0
3058,2.727272727272727,0.3538461538461538,0.6255506607929515,0.0233463035019455,0.0
3059,4.0,0.1896551724137931,0.5878378378378378,0.0277777777777777,0.0
3060,2.411764705882353,0.160919540229885,0.5737704918032787,0.0140350877192982,0.0
3061,1.6666666666666667,0.2142857142857142,0.7410714285714286,0.0,0.0
3062,3.4444444444444446,0.2941176470588235,0.6641221374045801,0.0061728395061728,0.0
3063,6.25,0.03125,0.6055045871559633,0.0597014925373134,0.0
3064,3.0,0.2121212121212121,0.6,0.0093457943925233,0.0
3065,2.2857142857142856,0.1020408163265306,0.5483870967741935,0.0292397660818713,0.0
3066,4.571428571428571,0.1458333333333333,0.6962025316455697,0.0210526315789473,0.0
3067,2.0,0.1923076923076923,0.6451612903225806,0.0,0.0
3068,4.0,0.2,0.6835443037974683,0.0210526315789473,0.0
3069,3.466666666666667,0.2123287671232876,0.6091370558375635,0.0112107623318385,0.0
3070,3.25,0.1129032258064516,0.6428571428571429,0.0135135135135135,0.0
3071,2.9,0.2978723404255319,0.6912751677852349,0.0056179775280898,0.0
3072,2.5,0.2727272727272727,0.7115384615384616,0.0336134453781512,0.0
3073,2.6666666666666665,0.1363636363636363,0.8472222222222222,0.0125,0.0
3074,1.5714285714285714,0.2142857142857142,0.6071428571428571,0.0,0.0
3075,3.375,0.0784313725490196,0.5939849624060151,0.00625,0.0
3076,2.2,0.2307692307692307,0.7066666666666667,0.0116279069767441,0.0
3077,2.8,0.1025641025641025,0.6326530612244898,0.0357142857142857,0.0
3078,3.0,0.6551724137931034,0.6764705882352942,0.0085470085470085,0.0
3079,4.5,0.15,0.7777777777777778,0.0341880341880341,0.0
3080,2.2857142857142856,0.2765957446808511,0.6887417218543046,0.0059880239520958,0.0
3081,2.5,0.03125,0.651685393258427,0.0202020202020202,0.0
3082,4.4,0.265625,0.6040609137055838,0.0136986301369863,0.0
3083,2.142857142857143,0.1521739130434782,0.5915492957746479,0.019108280254777,0.0
3084,3.0,0.2444444444444444,0.7153284671532847,0.0129032258064516,0.0
3085,3.0,0.0851063829787234,0.5517241379310345,0.0421686746987951,0.0
3086,2.2857142857142856,0.0714285714285714,0.6595744680851063,0.0272727272727272,0.0
3087,1.6,0.1363636363636363,0.9056603773584906,0.0163934426229508,0.0
3088,1.8571428571428568,0.2923076923076923,0.672316384180791,0.0049261083743842,0.0
3089,3.2222222222222223,0.1304347826086956,0.6666666666666666,0.0231213872832369,0.0
3090,2.0,0.1304347826086956,0.5617021276595745,0.0308880308880308,0.0
3091,3.75,0.2926829268292683,0.6985294117647058,0.0066225165562913,0.0
3092,2.6666666666666665,0.1846153846153846,0.6823529411764706,0.0309278350515463,0.0
3093,2.5,0.1282051282051282,0.6260869565217392,0.0444444444444444,0.0
3094,2.6666666666666665,0.2954545454545454,0.5507246376811594,0.0308641975308641,0.0
3095,5.25,0.3571428571428571,0.6774193548387096,0.0350877192982456,0.0
3096,3.7,0.1927710843373494,0.5670498084291188,0.023489932885906,0.0
3097,5.25,0.1818181818181818,0.6936936936936937,0.0909090909090909,0.0
3098,3.1,0.1764705882352941,0.6549295774647887,0.0462427745664739,0.0
3099,1.6666666666666667,0.2631578947368421,0.6260869565217392,0.016,0.0
3100,2.111111111111111,0.275,0.7,0.0055865921787709,0.0
3101,4.75,0.1578947368421052,0.6605504587155964,0.0234375,0.0
3102,2.6666666666666665,0.025,0.6074766355140186,0.008130081300813,0.0
3103,3.6666666666666665,0.1777777777777777,0.4959016393442623,0.0277777777777777,0.0
3104,1.8571428571428568,0.0227272727272727,0.5945945945945946,0.0161290322580645,0.0
3105,1.4,0.1162790697674418,0.7545454545454545,0.0161290322580645,0.0
3106,2.083333333333333,0.352112676056338,0.6162162162162163,0.0047619047619047,0.0
3107,2.363636363636364,0.3829787234042553,0.6789473684210526,0.0046296296296296,0.0
3108,3.1666666666666665,0.2307692307692307,0.4630969609261939,0.0097087378640776,0.0
3109,1.7272727272727273,0.3653846153846153,0.7651006711409396,0.0,0.0
3110,2.0,0.2115384615384615,0.6229508196721312,0.0142857142857142,0.0
3111,3.4,0.2,0.6477272727272727,0.0380952380952381,0.0
3112,2.4,0.3137254901960784,0.684931506849315,0.0253164556962025,0.0
3113,2.7777777777777777,0.2291666666666666,0.5735294117647058,0.0186335403726708,0.0
3114,7.5,0.1551724137931034,0.5846153846153846,0.0177777777777777,0.0
3115,4.818181818181818,0.1481481481481481,0.6026490066225165,0.0169014084507042,0.0
3116,2.909090909090909,0.3793103448275862,0.5406360424028268,0.0095238095238095,0.0
3117,2.1666666666666665,0.171875,0.5852272727272727,0.0049504950495049,0.0
3118,3.230769230769231,0.1707317073170731,0.6024096385542169,0.0206185567010309,0.0
3119,2.833333333333333,0.1923076923076923,0.6382978723404256,0.0379746835443038,0.0
3120,2.142857142857143,0.0869565217391304,0.5314685314685315,0.0126582278481012,0.0
3121,2.375,0.1428571428571428,0.6324786324786325,0.0147058823529411,0.0
3122,3.083333333333333,0.1194029850746268,0.5945945945945946,0.009009009009009,0.0
3123,1.9565217391304348,0.209090909090909,0.5478260869565217,0.0179487179487179,0.0
3124,3.375,0.1186440677966101,0.6644736842105263,0.0223463687150838,0.0
3125,2.0,0.2037037037037037,0.553072625698324,0.0100502512562814,0.0
3126,5.6,0.1632653061224489,0.632258064516129,0.0054644808743169,0.0
3127,2.8,0.2372881355932203,0.5510204081632653,0.0103896103896103,0.0
3128,4.75,0.1,0.6666666666666666,0.0194174757281553,0.0
3129,1.2307692307692308,0.2266666666666666,0.6119402985074627,0.0,0.0
3130,4.833333333333333,0.2658227848101265,0.6417322834645669,0.0106007067137809,0.0
3131,2.4444444444444446,0.25,0.5028901734104047,0.0051282051282051,0.0
3132,2.6,0.048780487804878,0.7222222222222222,0.0,0.0
3133,2.6666666666666665,0.2142857142857142,0.732824427480916,0.0,0.0
3134,2.0,0.0,0.7291666666666666,0.0357142857142857,0.0
3135,3.745762711864407,0.2220039292730845,0.3941558441558441,0.0198750709823963,0.0
3136,3.583333333333333,0.2371134020618556,0.5413533834586466,0.0161812297734627,0.0
3137,3.142857142857143,0.1282051282051282,0.6446280991735537,0.0139860139860139,0.0
3138,3.0,0.2162162162162162,0.7326732673267327,0.0086206896551724,0.0
3139,5.5,0.3285714285714285,0.6544502617801047,0.0223214285714285,0.0
3140,1.5,0.3214285714285714,0.8243243243243243,0.0240963855421686,0.0
3141,1.8333333333333333,0.2105263157894736,0.6521739130434783,0.0388349514563106,0.0
3142,2.333333333333333,0.073170731707317,0.6379310344827587,0.0153846153846153,0.0
3143,2.25,0.2448979591836734,0.5401459854014599,0.0193548387096774,0.0
3144,2.833333333333333,0.1224489795918367,0.6809815950920245,0.0333333333333333,0.0
3145,3.6,0.3333333333333333,0.7698412698412699,0.0,0.0
3146,3.571428571428572,0.3428571428571428,0.5361702127659574,0.0140350877192982,0.0
3147,2.6,0.1212121212121212,0.7127659574468085,0.0093457943925233,0.0
3148,2.5,0.0769230769230769,0.5786516853932584,0.005050505050505,0.0
3149,3.235294117647059,0.16,0.48125,0.032,0.0
3150,3.2,0.1833333333333333,0.6646341463414634,0.0166666666666666,0.0
3151,1.8,0.3,0.639344262295082,0.0214285714285714,0.0
3152,3.2,0.2115384615384615,0.7172413793103448,0.0282485875706214,0.0
3153,2.75,0.2051282051282051,0.680672268907563,0.0153846153846153,0.0
3154,2.5,0.1551724137931034,0.5302013422818792,0.0177514792899408,0.0
3155,1.5555555555555556,0.1818181818181818,0.6598639455782312,0.031055900621118,0.0
3156,3.8333333333333335,0.1276595744680851,0.5731225296442688,0.0167224080267558,0.0
3157,2.583333333333333,0.2054794520547945,0.5876777251184834,0.012396694214876,0.0
3158,2.142857142857143,0.2619047619047619,0.6694915254237288,0.0075187969924812,0.0
3159,3.2,0.1428571428571428,0.6047904191616766,0.0,0.0
3160,2.8666666666666667,0.2894736842105263,0.5673469387755102,0.0138888888888888,0.0
3161,2.8,0.25,0.6746987951807228,0.0309278350515463,0.0
3162,5.0,0.0833333333333333,0.8222222222222222,0.02,0.0
3163,8.2,0.1587301587301587,0.6223404255319149,0.0174672489082969,0.0
3164,4.666666666666667,0.2391304347826087,0.6058394160583942,0.0363636363636363,0.0
3165,3.2857142857142856,0.2307692307692307,0.6370967741935484,0.0068027210884353,0.0
3166,2.571428571428572,0.0961538461538461,0.6014492753623188,0.0128205128205128,0.0
3167,3.4285714285714284,0.173076923076923,0.6900584795321637,0.0256410256410256,0.0
3168,3.0,0.2105263157894736,0.6290322580645161,0.0287769784172661,0.0
3169,2.857142857142857,0.2765957446808511,0.7152777777777778,0.0121951219512195,0.0
3170,3.076923076923077,0.25,0.5875370919881305,0.0026525198938992,0.0
3171,3.583333333333333,0.240506329113924,0.5693950177935944,0.0277777777777777,0.0
3172,2.7,0.3043478260869565,0.6515151515151515,0.0,0.0
3173,4.428571428571429,0.18,0.6187845303867403,0.0141509433962264,0.0
3174,3.0,0.1698113207547169,0.6791044776119403,0.0063291139240506,0.0
3175,3.0,0.3090909090909091,0.6826347305389222,0.0054054054054054,0.0
3176,2.6,0.2297297297297297,0.6619047619047619,0.0169491525423728,0.0
3177,3.4,0.225,0.6666666666666666,0.0068493150684931,0.0
3178,3.0,0.2698412698412698,0.6402439024390244,0.0106382978723404,0.0
3179,1.7,0.2051282051282051,0.7378640776699029,0.0166666666666666,0.0
3180,4.8,0.15,0.6,0.0546218487394958,0.0
3181,2.5,0.3863636363636363,0.751937984496124,0.0402684563758389,0.0
3182,3.125,0.2911392405063291,0.5909090909090909,0.0134529147982062,0.0
3183,2.333333333333333,0.2857142857142857,0.9142857142857144,0.0,0.0
3184,5.8,0.1594202898550724,0.5470085470085471,0.0190114068441064,0.0
3185,3.071428571428572,0.1772151898734177,0.5845410628019324,0.008,0.0
3186,2.1666666666666665,0.0666666666666666,0.7111111111111111,0.0388349514563106,0.0
3187,1.7777777777777777,0.2222222222222222,0.6724137931034483,0.0157894736842105,0.0
3188,3.6,0.2,0.7192982456140351,0.0151515151515151,0.0
3189,2.2857142857142856,0.0975609756097561,0.652542372881356,0.0223880597014925,0.0
3190,3.1666666666666665,0.1346153846153846,0.676829268292683,0.0273224043715847,0.0
3191,3.0,0.1392405063291139,0.6869565217391305,0.0,0.0
3192,5.0,0.1232876712328767,0.5879828326180258,0.0141342756183745,0.0
3193,4.0,0.25,0.5566037735849056,0.0317460317460317,0.0
3194,3.0,0.25,0.6151419558359621,0.0083565459610027,0.0
3195,2.3,0.175438596491228,0.5783132530120482,0.0211640211640211,0.0
3196,1.8235294117647056,0.5666666666666667,0.5906040268456376,0.0,0.0
3197,3.1,0.1884057971014492,0.6197916666666666,0.0044843049327354,0.0
3198,1.8888888888888888,0.2307692307692307,0.6888888888888889,0.0263157894736842,0.0
3199,2.8666666666666667,0.2018348623853211,0.6415094339622641,0.0064935064935064,0.0
3200,2.0,0.3513513513513513,0.7425742574257426,0.0176991150442477,0.0
3201,2.111111111111111,0.12,0.5769230769230769,0.0171428571428571,0.0
3202,2.0,0.12,0.696,0.014388489208633,0.0
3203,3.625,0.0941176470588235,0.5471698113207547,0.0041493775933609,0.0
3204,4.1,0.2826086956521739,0.5925925925925926,0.0105633802816901,0.0
3205,3.875,0.2816901408450704,0.6333333333333333,0.0,0.0
3206,3.272727272727273,0.2258064516129032,0.6588235294117647,0.0194174757281553,0.0
3207,2.1666666666666665,0.24,0.7142857142857143,0.0,0.0
3208,2.176470588235294,0.1290322580645161,0.6167400881057269,0.0265151515151515,0.0
3209,2.0,0.2153846153846154,0.6435643564356436,0.0363636363636363,0.0
3210,2.2,0.1714285714285714,0.6792452830188679,0.0256410256410256,0.0
3211,3.2,0.1935483870967742,0.6610169491525424,0.0047846889952153,0.0
3212,5.4,0.1372549019607843,0.6081081081081081,0.0171428571428571,0.0
3213,3.0,0.1428571428571428,0.625,0.040983606557377,0.0
3214,3.142857142857143,0.3194444444444444,0.6519337016574586,0.0049261083743842,0.0
3215,2.333333333333333,0.0571428571428571,0.7578947368421053,0.0,0.0
3216,3.1875,0.3152173913043478,0.587360594795539,0.01875,0.0
3217,2.6,0.3103448275862069,0.638095238095238,0.0254237288135593,0.0
3218,1.6666666666666667,0.1666666666666666,0.6363636363636364,0.0222222222222222,0.0
3219,3.25,0.0833333333333333,0.6891891891891891,0.0229885057471264,0.0
3220,2.583333333333333,0.1896551724137931,0.55,0.0058479532163742,0.0
3221,2.8181818181818183,0.2704918032786885,0.5218579234972678,0.0116822429906542,0.0
3222,2.4,0.125,0.7355371900826446,0.0075187969924812,0.0
3223,2.1666666666666665,0.0851063829787234,0.6690140845070423,0.032258064516129,0.0
3224,4.333333333333333,0.196078431372549,0.6870748299319728,0.0,0.0
3225,2.2777777777777777,0.2545454545454545,0.6378205128205128,0.0,0.0
3226,4.75,0.0677966101694915,0.6022099447513812,0.0136986301369863,0.0
3227,3.083333333333333,0.0845070422535211,0.5060240963855421,0.0174825174825174,0.0
3228,0.5,0.1428571428571428,1.0,0.0,0.0
3229,3.125,0.1428571428571428,0.6650717703349283,0.0128205128205128,0.0
3230,3.2,0.2337662337662337,0.6606334841628959,0.0592885375494071,0.0
3231,3.2,0.4430379746835443,0.5860655737704918,0.0034246575342465,0.0
3232,1.25,0.1636363636363636,0.753968253968254,0.0,0.0
3233,2.8181818181818183,0.15,0.6535947712418301,0.0163043478260869,0.0
3234,2.15,0.2871287128712871,0.6035714285714285,0.0,0.0
3235,3.7777777777777777,0.2666666666666666,0.6338797814207651,0.0184331797235023,0.0
3236,3.6666666666666665,0.2068965517241379,0.6193181818181818,0.0101010101010101,0.0
3237,0.5,0.125,0.9473684210526316,0.05,0.0
3238,3.2,0.1282051282051282,0.7256637168141593,0.0387596899224806,0.0
3239,4.5,0.1538461538461538,0.6396396396396397,0.0310077519379844,0.0
3240,2.9375,0.1911764705882352,0.5965665236051502,0.0357142857142857,0.0
3241,2.5,0.0714285714285714,0.726027397260274,0.036144578313253,0.0
3242,3.0,0.1617647058823529,0.5882352941176471,0.0051546391752577,0.0
3243,2.333333333333333,0.1923076923076923,0.7692307692307693,0.0117647058823529,0.0
3244,2.4166666666666665,0.0975609756097561,0.6033057851239669,0.011070110701107,0.0
3245,4.0,0.0465116279069767,0.6517857142857143,0.0234375,0.0
3246,1.5714285714285714,0.0357142857142857,0.6132075471698113,0.0,0.0
3247,2.5,0.1666666666666666,0.627906976744186,0.0052083333333333,0.0
3248,1.5,0.0689655172413793,0.7088607594936709,0.0235294117647058,0.0
3249,3.5,0.0816326530612244,0.5918367346938775,0.0297619047619047,0.0
3250,3.2857142857142856,0.2631578947368421,0.7448275862068966,0.0059523809523809,0.0
3251,3.6666666666666665,0.1717171717171717,0.5993031358885017,0.0204678362573099,0.0
3252,3.272727272727273,0.1166666666666666,0.6188118811881188,0.0042016806722689,0.0
3253,4.083333333333333,0.2150537634408602,0.5777027027027027,0.0115942028985507,0.0
3254,2.875,0.3035714285714285,0.7575757575757576,0.026595744680851,0.0
3255,3.1,0.0816326530612244,0.6884057971014492,0.0355029585798816,0.0
3256,3.692307692307693,0.3688524590163934,0.528,0.0047281323877068,0.0
3257,2.5,0.202020202020202,0.6208333333333333,0.0254545454545454,0.0
3258,2.090909090909091,0.328125,0.6745562130177515,0.0,0.0
3259,2.272727272727273,0.3026315789473684,0.5494505494505495,0.0144927536231884,0.0
3260,1.6666666666666667,0.1630434782608695,0.5502008032128514,0.0072992700729927,0.0
3261,3.333333333333333,0.2448979591836734,0.6617647058823529,0.0128205128205128,0.0
3262,3.0,0.1951219512195122,0.7741935483870968,0.0095238095238095,0.0
3263,1.6,0.0869565217391304,0.7777777777777778,0.0140845070422535,0.0
3264,1.7894736842105263,0.2584269662921348,0.6555555555555556,0.0032894736842105,0.0
3265,3.25,0.2280701754385964,0.6686746987951807,0.0260416666666666,0.0
3266,3.3076923076923075,0.41,0.6773162939297125,0.0,0.0
3267,2.375,0.1958762886597938,0.6317829457364341,0.0202702702702702,0.0
3268,2.6923076923076925,0.4024390243902439,0.6875,0.0036363636363636,0.0
3269,1.3333333333333333,0.2592592592592592,0.725925925925926,0.0,0.0
3270,3.333333333333333,0.3636363636363636,0.7777777777777778,0.01,0.0
3271,2.833333333333333,0.3846153846153846,0.5656565656565656,0.021551724137931,0.0
3272,5.0,0.1973684210526315,0.6,0.0196078431372549,0.0
3273,1.7142857142857142,0.2878787878787879,0.6910112359550562,0.0099009900990099,0.0
3274,2.7777777777777777,0.3095238095238095,0.631578947368421,0.0,0.0
3275,1.9166666666666667,0.3050847457627119,0.6900584795321637,0.0206185567010309,0.0
3276,2.4545454545454546,0.1842105263157894,0.6108108108108108,0.0047169811320754,0.0
3277,2.363636363636364,0.4482758620689655,0.6705882352941176,0.0,0.0
3278,4.142857142857143,0.2241379310344827,0.632768361581921,0.029126213592233,0.0
3279,1.6666666666666667,0.2105263157894736,0.8076923076923077,0.0175438596491228,0.0
3280,2.6666666666666665,0.125,0.669683257918552,0.0204081632653061,0.0
3281,2.6,0.1911764705882352,0.5795454545454546,0.0099009900990099,0.0
3282,4.5,0.2272727272727272,0.6640316205533597,0.0069204152249134,0.0
3283,2.1,0.1621621621621621,0.6071428571428571,0.0434782608695652,0.0
3284,3.875,0.4782608695652174,0.5576923076923077,0.0034364261168384,0.0
3285,2.2,0.2121212121212121,0.7619047619047619,0.0,0.0
3286,4.3,0.173076923076923,0.4849624060150376,0.0129449838187702,0.0
3287,2.875,0.2413793103448276,0.5892857142857143,0.0209424083769633,0.0
3288,2.2666666666666666,0.2650602409638554,0.6437246963562753,0.0462633451957295,0.0
3289,3.1,0.2105263157894736,0.5603448275862069,0.0380228136882129,0.0
3290,2.5526315789473686,0.2566371681415929,0.4883116883116883,0.0051890289103039,0.0
3291,1.625,0.1951219512195122,0.7604166666666666,0.0,0.0
3292,3.0,0.0983606557377049,0.6341463414634146,0.0104712041884816,0.0
3293,3.4,0.2252252252252252,0.5579268292682927,0.005524861878453,0.0
3294,2.8,0.1555555555555555,0.6184738955823293,0.0252707581227436,0.0
3295,2.76,0.2258064516129032,0.5230414746543779,0.0079522862823061,0.0
3296,2.9444444444444446,0.2523364485981308,0.4967741935483871,0.0055096418732782,0.0
3297,1.5714285714285714,0.25,0.6463414634146342,0.043010752688172,0.0
3298,2.2,0.2985074626865671,0.5567567567567567,0.0241545893719806,0.0
3299,3.8,0.0862068965517241,0.6793893129770993,0.0,0.0
3300,0.5,0.1666666666666666,0.9411764705882352,0.0555555555555555,0.0
3301,2.4,0.3066666666666666,0.5587044534412956,0.0106007067137809,0.0
3302,2.1052631578947367,0.2015503875968992,0.4892086330935252,0.024070021881838,0.0
3303,1.0,0.2352941176470588,0.7,0.0185185185185185,0.0
3304,1.3333333333333333,0.3,0.8285714285714286,0.0256410256410256,0.0
3305,2.5454545454545454,0.1641791044776119,0.5586592178770949,0.0144927536231884,0.0
3306,2.611111111111111,0.188235294117647,0.68,0.0367647058823529,0.0
3307,1.7333333333333334,0.131578947368421,0.7150837988826816,0.0048780487804878,0.0
3308,2.6,0.2083333333333333,0.583710407239819,0.0283400809716599,0.0
3309,2.466666666666667,0.375,0.5401069518716578,0.0491071428571428,0.0
3310,0.5,0.0,0.9473684210526316,0.0,0.0
3311,4.2,0.3333333333333333,0.612565445026178,0.0134831460674157,0.0
3312,2.083333333333333,0.1875,0.592156862745098,0.0285714285714285,0.0
3313,2.6666666666666665,0.2077922077922078,0.5925925925925926,0.0161290322580645,0.0
3314,3.0,0.1944444444444444,0.7407407407407407,0.008130081300813,0.0
3315,2.636363636363636,0.0925925925925925,0.5933333333333334,0.0502793296089385,0.0
3316,3.4,0.15,0.6902654867256637,0.0538461538461538,0.0
3317,3.6,0.1891891891891892,0.5958333333333333,0.0108695652173913,0.0
3318,2.6666666666666665,0.225,0.6611570247933884,0.0583941605839416,0.0
3319,2.7142857142857144,0.2439024390243902,0.6111111111111112,0.0344827586206896,0.0
3320,2.84,0.3700787401574803,0.5555555555555556,0.0159090909090909,0.0
3321,3.3181818181818183,0.4220183486238532,0.5130434782608696,0.0191387559808612,0.0
3322,1.0,0.2592592592592592,0.7887323943661971,0.0,0.0
3323,3.363636363636364,0.136986301369863,0.6079295154185022,0.0265151515151515,0.0
3324,2.294117647058824,0.2719298245614035,0.5957446808510638,0.0093457943925233,0.0
3325,2.727272727272727,0.2833333333333333,0.7132867132867133,0.0115606936416184,0.0
3326,3.0,0.1951219512195122,0.6509433962264151,0.0161290322580645,0.0
3327,2.333333333333333,0.2527472527472527,0.6540084388185654,0.0110294117647058,0.0
3328,4.0,0.2692307692307692,0.8202247191011236,0.0103092783505154,0.0
3329,3.333333333333333,0.3333333333333333,0.7055837563451777,0.0161943319838056,0.0
3330,2.6153846153846154,0.2209302325581395,0.6517857142857143,0.0193798449612403,0.0
3331,2.727272727272727,0.1884057971014492,0.5695652173913044,0.0115384615384615,0.0
3332,3.6,0.2054794520547945,0.6123348017621145,0.0114068441064638,0.0
3333,2.4,0.1690140845070422,0.6855345911949685,0.0,0.0
3334,2.8,0.2580645161290322,0.6041666666666666,0.0,0.0
3335,3.9,0.180722891566265,0.5755102040816327,0.0246478873239436,0.0
3336,1.6666666666666667,0.1818181818181818,0.7719298245614035,0.0161290322580645,0.0
3337,2.6666666666666665,0.2393162393162393,0.5607476635514018,0.0113314447592068,0.0
3338,3.4444444444444446,0.1896551724137931,0.4708860759493671,0.0415754923413566,0.0
3339,2.6,0.1860465116279069,0.5943396226415094,0.0084033613445378,0.0
3340,2.875,0.2285714285714285,0.5483870967741935,0.0143540669856459,0.0
3341,2.4,0.0909090909090909,0.6482758620689655,0.0509554140127388,0.0
3342,2.272727272727273,0.1948051948051948,0.6267942583732058,0.0256410256410256,0.0
3343,2.090909090909091,0.21875,0.6666666666666666,0.0091743119266055,0.0
3344,4.230769230769231,0.2105263157894736,0.5625,0.0,0.0
3345,3.4,0.1058823529411764,0.5259515570934256,0.0185758513931888,0.0
3346,2.4285714285714284,0.134453781512605,0.5340909090909091,0.0297766749379652,0.0
3347,2.333333333333333,0.2181818181818181,0.603448275862069,0.0,0.0
3348,1.7727272727272727,0.1639344262295081,0.5943396226415094,0.0056022408963585,0.0
3349,1.0,0.2272727272727272,0.8181818181818182,0.0,0.0
3350,3.7777777777777777,0.2698412698412698,0.6596858638743456,0.0088888888888888,0.0
3351,4.1,0.3434343434343434,0.6666666666666666,0.003012048192771,0.0
3352,2.125,0.3170731707317073,0.5225806451612903,0.005813953488372,0.0
3353,2.2666666666666666,0.3513513513513513,0.6857142857142857,0.0245901639344262,0.0
3354,1.5,0.09375,0.796875,0.0,0.0
3355,3.9,0.1428571428571428,0.5877192982456141,0.0112359550561797,0.0
3356,3.4705882352941178,0.2919254658385093,0.5724465558194775,0.0083333333333333,0.0
3357,3.25,0.1470588235294117,0.7619047619047619,0.0206185567010309,0.0
3358,2.156862745098039,0.296398891966759,0.5559400230680508,0.0020470829068577,0.0
3359,2.230769230769231,0.3064516129032258,0.6276595744680851,0.0230414746543778,0.0
3360,2.0,0.2,0.6636363636363637,0.0163934426229508,0.0
3361,2.7,0.375,0.6914285714285714,0.0,0.0
3362,2.9,0.25,0.6735751295336787,0.045045045045045,0.0
3363,2.571428571428572,0.25,0.5736434108527132,0.0340136054421768,0.0
3364,1.25,0.1851851851851851,0.7761194029850746,0.0,0.0
3365,2.25,0.1764705882352941,0.8,0.0202020202020202,0.0
3366,2.4,0.0192307692307692,0.6601941747572816,0.008695652173913,0.0
3367,3.466666666666667,0.1263157894736842,0.5250737463126843,0.0306905370843989,0.0
3368,2.4,0.175438596491228,0.6352201257861635,0.0273224043715847,0.0
3369,2.7058823529411766,0.2254901960784313,0.5259515570934256,0.0059701492537313,0.0
3370,3.1,0.0983606557377049,0.5637254901960784,0.0297872340425531,0.0
3371,2.933333333333333,0.2906976744186046,0.4801444043321299,0.0373831775700934,0.0
3372,1.5,0.2941176470588235,0.8837209302325582,0.0408163265306122,0.0
3373,1.75,0.21875,0.8484848484848485,0.0,0.0
3374,5.125,0.3492063492063492,0.6448598130841121,0.0078431372549019,0.0
3375,2.6666666666666665,0.1886792452830188,0.676923076923077,0.0068493150684931,0.0
3376,2.555555555555556,0.2016129032258064,0.555858310626703,0.0091743119266055,0.0
3377,3.083333333333333,0.2352941176470588,0.5639810426540285,0.0201612903225806,0.0
3378,2.0,0.4090909090909091,0.6967741935483871,0.0,0.0
3379,2.25,0.0416666666666666,0.8135593220338984,0.0147058823529411,0.0
3380,4.166666666666667,0.196078431372549,0.6511627906976745,0.0101522842639593,0.0
3381,3.2857142857142856,0.2448979591836734,0.564748201438849,0.0185185185185185,0.0
3382,1.0,0.25,0.8918918918918919,0.025,0.0
3383,1.0,0.0952380952380952,0.7294117647058823,0.0,0.0
3384,2.0,0.1290322580645161,0.7195121951219512,0.0,0.0
3385,3.076923076923077,0.2935779816513761,0.5460992907801419,0.0186335403726708,0.0
3386,0.5,0.2,1.0,0.0769230769230769,0.0
3387,2.7777777777777777,0.1617647058823529,0.5352941176470588,0.0051282051282051,0.0
3388,2.0,0.2289156626506024,0.6016949152542372,0.0698529411764705,0.0
3389,2.083333333333333,0.3676470588235294,0.6217616580310881,0.0137614678899082,0.0
3390,1.8888888888888888,0.0909090909090909,0.6509433962264151,0.0,0.0
3391,3.8,0.2929292929292929,0.5346187554776511,0.0099085365853658,0.0
3392,2.333333333333333,0.1219512195121951,0.6548672566371682,0.0078740157480314,0.0
3393,2.8461538461538463,0.2784810126582278,0.6308411214953271,0.0119521912350597,0.0
3394,2.2,0.04,0.6883116883116883,0.034090909090909,0.0
3395,2.75,0.1846153846153846,0.5751295336787565,0.0176991150442477,0.0
3396,2.3846153846153846,0.16,0.5318181818181819,0.0239043824701195,0.0
3397,2.647058823529412,0.2352941176470588,0.5993150684931506,0.0148367952522255,0.0
3398,2.333333333333333,0.2564102564102564,0.6139534883720931,0.0164609053497942,0.0
3399,4.714285714285714,0.3815789473684211,0.6722689075630253,0.007380073800738,0.0
3400,2.857142857142857,0.1666666666666666,0.6549295774647887,0.0061728395061728,0.0
3401,2.076923076923077,0.1964285714285714,0.5980861244019139,0.0254237288135593,0.0
3402,2.625,0.4038461538461538,0.6441717791411042,0.0054347826086956,0.0
3403,1.4285714285714286,0.3235294117647059,0.8414634146341463,0.0108695652173913,0.0
3404,2.235294117647059,0.1698113207547169,0.5688405797101449,0.0127388535031847,0.0
3405,3.4,0.1777777777777777,0.6666666666666666,0.0179640718562874,0.0
3406,2.571428571428572,0.1395348837209302,0.6062992125984252,0.0275862068965517,0.0
3407,2.5,0.0857142857142857,0.5,0.0289855072463768,0.0
3408,2.0,0.25,0.7727272727272727,0.0135135135135135,0.0
3409,3.4,0.1818181818181818,0.6704545454545454,0.019047619047619,0.0
3410,3.0,0.2444444444444444,0.5529411764705883,0.0272108843537414,0.0
3411,3.1818181818181817,0.2448979591836734,0.683982683982684,0.018796992481203,0.0
3412,0.6666666666666666,0.0,0.8846153846153846,0.0357142857142857,0.0
3413,1.7777777777777777,0.3720930232558139,0.7322834645669292,0.0279720279720279,0.0
3414,2.453703703703704,0.4447476125511596,0.3386243386243386,0.0008532423208191,0.0
3415,2.1,0.2452830188679245,0.6538461538461539,0.03954802259887,0.0
3416,3.0,0.2857142857142857,0.6245353159851301,0.019108280254777,0.0
3417,1.75,0.1538461538461538,0.6161971830985915,0.0512820512820512,0.0
3418,2.583333333333333,0.2432432432432432,0.6585365853658537,0.0,0.0
3419,3.090909090909091,0.0941176470588235,0.5441176470588235,0.0084033613445378,0.0
3420,3.2857142857142856,0.3191489361702128,0.7162162162162162,0.0058479532163742,0.0
3421,2.0,0.0833333333333333,0.6901408450704225,0.0,0.0
3422,2.857142857142857,0.2597402597402597,0.59765625,0.0101351351351351,0.0
3423,1.5714285714285714,0.1590909090909091,0.6981132075471698,0.0085470085470085,0.0
3424,2.6153846153846154,0.1973684210526315,0.5953307392996109,0.0137457044673539,0.0
3425,5.0,0.3424657534246575,0.6375,0.0350877192982456,0.0
3426,4.25,0.2222222222222222,0.74,0.0769230769230769,0.0
3427,4.125,0.2222222222222222,0.5224719101123596,0.0142180094786729,0.0
3428,2.3076923076923075,0.2159090909090909,0.5473251028806584,0.0146520146520146,0.0
3429,3.7857142857142856,0.3009708737864077,0.553314121037464,0.0225,0.0
3430,2.4285714285714284,0.2608695652173913,0.7328767123287672,0.0,0.0
3431,2.031746031746032,0.2680722891566265,0.4467592592592592,0.0090725806451612,0.0
3432,2.25,0.4117647058823529,0.7758620689655172,0.0,0.0
3433,1.3333333333333333,0.1538461538461538,0.8709677419354839,0.0571428571428571,0.0
3434,2.1875,0.2954545454545454,0.6060606060606061,0.0180722891566265,0.0
3435,1.5,0.0714285714285714,0.8333333333333334,0.0238095238095238,0.0
3436,3.5,0.1764705882352941,0.643979057591623,0.0221238938053097,0.0
3437,1.75,0.1111111111111111,0.6201550387596899,0.0069930069930069,0.0
3438,3.034482758620689,0.2032967032967033,0.5066964285714286,0.0074626865671641,0.0
3439,1.25,0.4166666666666667,0.9090909090909092,0.0,0.0
3440,3.4444444444444446,0.2307692307692307,0.5324074074074074,0.0,0.0
3441,1.7857142857142858,0.3157894736842105,0.6391304347826087,0.0078431372549019,0.0
3442,3.2142857142857144,0.1794871794871795,0.5344262295081967,0.0057142857142857,0.0
3443,0.75,0.1,0.9411764705882352,0.0,0.0
3444,3.625,0.1551724137931034,0.5911602209944752,0.0380952380952381,0.0
3445,3.3846153846153846,0.3296703296703296,0.6340579710144928,0.025,0.0
3446,1.7142857142857142,0.2692307692307692,0.6162162162162163,0.0101522842639593,0.0
3447,3.333333333333333,0.2162162162162162,0.6195652173913043,0.0093457943925233,0.0
3448,2.6666666666666665,0.1351351351351351,0.5918367346938775,0.0175438596491228,0.0
3449,3.2,0.1509433962264151,0.7086092715231788,0.0179640718562874,0.0
3450,3.7777777777777777,0.1551724137931034,0.5679012345679012,0.0051020408163265,0.0
3451,2.833333333333333,0.2222222222222222,0.7311827956989247,0.0181818181818181,0.0
3452,4.625,0.1142857142857142,0.5907172995780591,0.0072992700729927,0.0
3453,2.833333333333333,0.5,0.7654320987654321,0.0306122448979591,0.0
3454,1.25,0.1764705882352941,0.8863636363636364,0.0204081632653061,0.0
3455,3.375,0.0416666666666666,0.6618705035971223,0.0542168674698795,0.0
3456,5.0,0.1129032258064516,0.6433566433566433,0.0178571428571428,0.0
3457,2.2857142857142856,0.2,0.548,0.0283687943262411,0.0
3458,2.857142857142857,0.0727272727272727,0.535483870967742,0.0057142857142857,0.0
3459,2.0,0.0,0.7368421052631579,0.0,0.0
3460,2.0,0.3454545454545454,0.7583892617449665,0.0,0.0
3461,1.181818181818182,0.1388888888888889,0.5794392523364486,0.075,0.0
3462,2.0,0.2222222222222222,0.8666666666666667,0.0135135135135135,0.0
3463,2.2,0.0697674418604651,0.6,0.0,0.0
3464,5.2,0.2307692307692307,0.6531365313653137,0.0278637770897832,0.0
3465,4.0,0.2553191489361702,0.6528925619834711,0.0145985401459854,0.0
3466,3.357142857142857,0.1826086956521739,0.522911051212938,0.0406698564593301,0.0
3467,2.4,0.3943661971830985,0.6045454545454545,0.01953125,0.0
3468,2.75,0.2866666666666667,0.6422287390029325,0.0129870129870129,0.0
3469,3.2857142857142856,0.3,0.7081081081081081,0.0144230769230769,0.0
3470,2.4,0.146788990825688,0.4968152866242038,0.0257142857142857,0.0
3471,2.8666666666666667,0.160377358490566,0.642570281124498,0.0205479452054794,0.0
3472,3.2,0.1842105263157894,0.6875,0.0178571428571428,0.0
3473,2.619047619047619,0.2371134020618556,0.5448717948717948,0.0108991825613079,0.0
3474,4.142857142857143,0.2619047619047619,0.7272727272727273,0.0062111801242236,0.0
3475,4.642857142857143,0.2409638554216867,0.5627118644067797,0.0194444444444444,0.0
3476,1.1428571428571428,0.0555555555555555,0.7586206896551724,0.0,0.0
3477,2.6923076923076925,0.2542372881355932,0.66,0.0162162162162162,0.0
3478,3.636363636363636,0.175,0.5465587044534413,0.0209059233449477,0.0
3479,3.473684210526316,0.2222222222222222,0.601078167115903,0.0,0.0
3480,2.333333333333333,0.2608695652173913,0.8157894736842105,0.0111111111111111,0.0
3481,2.833333333333333,0.4358974358974359,0.6535433070866141,0.0138888888888888,0.0
3482,2.411764705882353,0.2358974358974359,0.5202108963093146,0.0061443932411674,0.0
3483,2.8666666666666667,0.0594059405940594,0.5079365079365079,0.0169491525423728,0.0
3484,2.333333333333333,0.3235294117647059,0.624,0.0431654676258992,0.0
3485,3.2857142857142856,0.4177215189873418,0.6208333333333333,0.0034965034965034,0.0
3486,2.736842105263158,0.2314814814814814,0.5521472392638037,0.0079365079365079,0.0
3487,3.7142857142857135,0.2045454545454545,0.5785714285714286,0.0180722891566265,0.0
3488,3.8333333333333335,0.119047619047619,0.6140350877192983,0.0291970802919708,0.0
3489,3.5,0.1372549019607843,0.6645161290322581,0.0113636363636363,0.0
3490,2.4,0.2884615384615384,0.5704697986577181,0.0173410404624277,0.0
3491,1.8,0.1875,0.7530864197530864,0.0222222222222222,0.0
3492,2.0,0.2642487046632124,0.5641476274165202,0.0106221547799696,0.0
3493,1.75,0.3015873015873015,0.6627218934911243,0.0210526315789473,0.0
3494,2.727272727272727,0.1702127659574468,0.569672131147541,0.0145985401459854,0.0
3495,4.0,0.1666666666666666,1.0,0.0,0.0
3496,2.4166666666666665,0.2475247524752475,0.6102941176470589,0.0299003322259136,0.0
3497,3.8333333333333335,0.1388888888888889,0.6685082872928176,0.0044052863436123,0.0
3498,2.583333333333333,0.2096774193548387,0.5609756097560976,0.0338983050847457,0.0
3499,3.0,0.1428571428571428,0.7702702702702703,0.072289156626506,0.0
3500,3.4871794871794872,0.3890675241157556,0.5023310023310024,0.0070422535211267,0.0
3501,4.4,0.3265306122448979,0.6126760563380281,0.0060975609756097,0.0
3502,2.4444444444444446,0.3857142857142857,0.6019417475728155,0.0131578947368421,0.0
3503,2.333333333333333,0.3333333333333333,0.5683060109289617,0.0,0.0
3504,2.2,0.2321428571428571,0.6226415094339622,0.0,0.0
3505,2.7142857142857144,0.320754716981132,0.6029411764705882,0.0064516129032258,0.0
3506,2.235294117647059,0.4927536231884058,0.581081081081081,0.0384615384615384,0.0
3507,1.8333333333333333,0.3414634146341463,0.5983606557377049,0.0,0.0
3508,2.111111111111111,0.1590909090909091,0.4904942965779467,0.0232558139534883,0.0
3509,3.0,0.3448275862068966,0.8,0.0,0.0
3510,2.5454545454545454,0.2388059701492537,0.5882352941176471,0.0186046511627906,0.0
3511,2.2,0.0888888888888888,0.5701754385964912,0.016,0.0
3512,2.6,0.2461538461538461,0.6975308641975309,0.0159574468085106,0.0
3513,4.4,0.2068965517241379,0.8120300751879699,0.0,0.0
3514,2.909090909090909,0.2345679012345679,0.5506072874493927,0.032258064516129,0.0
3515,2.655172413793104,0.3973509933774834,0.5942350332594235,0.0,0.0
3516,1.5,0.0,1.0,0.0526315789473684,0.0
3517,4.0,0.1666666666666666,0.7586206896551724,0.0675675675675675,0.0
3518,1.0,0.1111111111111111,1.0,0.0,0.0
3519,2.5,0.0638297872340425,0.6387096774193548,0.0171428571428571,0.0
3520,4.0,0.1826923076923076,0.5924657534246576,0.0203488372093023,0.0
3521,2.5,0.5,0.95,0.0,0.0
3522,2.25,0.1764705882352941,0.803921568627451,0.0,0.0
3523,4.777777777777778,0.3785310734463277,0.5685185185185185,0.0047923322683706,0.0
3524,4.0,0.1710526315789473,0.6527196652719666,0.0218181818181818,0.0
3525,2.0588235294117645,0.4020618556701031,0.6193771626297578,0.015432098765432,0.0
3526,2.375,0.4137931034482758,0.6497175141242938,0.0,0.0
3527,1.8888888888888888,0.1311475409836065,0.5866666666666667,0.0059880239520958,0.0
3528,2.708333333333333,0.2760416666666667,0.5451263537906137,0.0080775444264943,0.0
3529,3.1333333333333333,0.4150943396226415,0.5796178343949044,0.0083102493074792,0.0
3530,3.125,0.527027027027027,0.6541666666666667,0.0,0.0
3531,2.411764705882353,0.1,0.5414012738853503,0.0084507042253521,0.0
3532,2.3846153846153846,0.3563218390804598,0.5509259259259259,0.020242914979757,0.0
3533,3.142857142857143,0.2727272727272727,0.7077922077922078,0.0170454545454545,0.0
3534,2.8,0.2285714285714285,0.7738095238095238,0.0306122448979591,0.0
3535,2.3076923076923075,0.1584158415841584,0.5945945945945946,0.0277777777777777,0.0
3536,3.1666666666666665,0.1351351351351351,0.6163522012578616,0.0280898876404494,0.0
3537,1.8333333333333333,0.1379310344827586,0.5783132530120482,0.0106382978723404,0.0
3538,2.4,0.1290322580645161,0.7974683544303798,0.0329670329670329,0.0
3539,0.5,0.1666666666666666,0.9444444444444444,0.0526315789473684,0.0
3540,2.9,0.2972972972972973,0.680921052631579,0.011049723756906,0.0
3541,3.5454545454545454,0.2210526315789473,0.5461689587426326,0.0051107325383304,0.0
3542,2.2857142857142856,0.2837837837837837,0.6871794871794872,0.013215859030837,0.0
3543,3.2142857142857144,0.1030927835051546,0.5294117647058824,0.0113960113960113,0.0
3544,2.7058823529411766,0.3247863247863248,0.5824175824175825,0.0024390243902439,0.0
3545,3.0,0.1875,0.5172413793103449,0.0029585798816568,0.0
3546,2.1666666666666665,0.08,0.7205882352941176,0.0123456790123456,0.0
3547,3.8,0.3076923076923077,0.5626822157434402,0.0025,0.0
3548,4.2,0.0666666666666666,0.593103448275862,0.0301204819277108,0.0
3549,3.0,0.3255813953488372,0.584,0.0,0.0
3550,0.0,0.0,0.8571428571428571,0.0,0.0
3551,3.083333333333333,0.1956521739130435,0.5854700854700855,0.007380073800738,0.0
3552,3.615384615384616,0.380281690140845,0.6243523316062176,0.0,0.0
3553,2.8181818181818183,0.1125,0.6095238095238096,0.0165975103734439,0.0
3554,3.1666666666666665,0.119047619047619,0.6153846153846154,0.024390243902439,0.0
3555,3.4,0.2254901960784313,0.5,0.0149253731343283,0.0
3556,2.2,0.3142857142857143,0.6902654867256637,0.0080645161290322,0.0
3557,4.25,0.2946428571428571,0.6516129032258065,0.002906976744186,0.0
3558,2.125,0.2222222222222222,0.673469387755102,0.0347826086956521,0.0
3559,2.833333333333333,0.125,0.6756756756756757,0.0502283105022831,0.0
3560,1.8888888888888888,0.3103448275862069,0.8117647058823529,0.0098039215686274,0.0
3561,2.2,0.119047619047619,0.7058823529411765,0.0176991150442477,0.0
3562,4.0,0.1666666666666666,0.5614754098360656,0.0243055555555555,0.0
3563,2.6666666666666665,0.1869158878504672,0.5296052631578947,0.0238095238095238,0.0
3564,2.363636363636364,0.3064516129032258,0.6629213483146067,0.0147058823529411,0.0
3565,1.0,0.3636363636363636,0.9032258064516128,0.0277777777777777,0.0
3566,2.4,0.1351351351351351,0.625,0.0092592592592592,0.0
3567,2.347826086956522,0.2214285714285714,0.5059171597633136,0.010178117048346,0.0
3568,6.2,0.2564102564102564,0.7352941176470589,0.0179640718562874,0.0
3569,2.230769230769231,0.288135593220339,0.7337662337662337,0.0054644808743169,0.0
3570,2.7,0.2068965517241379,0.6350710900473934,0.0084033613445378,0.0
3571,2.583333333333333,0.2278481012658227,0.6238532110091743,0.0160642570281124,0.0
3572,3.4285714285714284,0.4912280701754385,0.7168674698795181,0.0,0.0
3573,3.142857142857143,0.5,0.7651515151515151,0.0,0.0
3574,2.1818181818181817,0.3114754098360656,0.6046511627906976,0.0153061224489795,0.0
3575,2.6,0.2,0.7075471698113207,0.0252100840336134,0.0
3576,2.888888888888889,0.1470588235294117,0.5473684210526316,0.0,0.0
3577,2.2222222222222223,0.2307692307692307,0.6535433070866141,0.0408163265306122,0.0
3578,2.2857142857142856,0.3243243243243243,0.7757009345794392,0.008130081300813,0.0
3579,1.75,0.1111111111111111,0.7592592592592593,0.0163934426229508,0.0
3580,3.7,0.2222222222222222,0.7236180904522613,0.0254237288135593,0.0
3581,0.5,0.1428571428571428,0.8709677419354839,0.0,0.0
3582,1.9230769230769231,0.2987012987012987,0.5657370517928287,0.0144927536231884,0.0
3583,2.2777777777777777,0.3203883495145631,0.6258064516129033,0.0256410256410256,0.0
3584,1.6666666666666667,0.25,0.6966292134831461,0.0,0.0
3585,2.0,0.4193548387096774,0.6113989637305699,0.0047393364928909,0.0
3586,2.1,0.180327868852459,0.6842105263157895,0.0231213872832369,0.0
3587,3.571428571428572,0.2876712328767123,0.6479591836734694,0.0316742081447963,0.0
3588,2.55,0.4021739130434782,0.5406360424028268,0.0029940119760479,0.0
3589,2.6,0.1527777777777778,0.634020618556701,0.0136363636363636,0.0
3590,3.2857142857142856,0.3773584905660377,0.7023809523809523,0.0,0.0
3591,2.4,0.3846153846153846,0.7435897435897436,0.0,0.0
3592,2.555555555555556,0.1527777777777778,0.5243243243243243,0.0288461538461538,0.0
3593,2.4,0.3454545454545454,0.7241379310344828,0.0059171597633136,0.0
3594,2.833333333333333,0.1525423728813559,0.5792079207920792,0.0932203389830508,0.0
3595,2.764705882352941,0.3136531365313653,0.4359903381642512,0.0206073752711496,0.0
3596,2.2666666666666666,0.2542372881355932,0.6074766355140186,0.0241935483870967,0.0
3597,3.5789473684210527,0.2027027027027027,0.5534188034188035,0.0223880597014925,0.0
3598,2.888888888888889,0.2388059701492537,0.7068965517241379,0.02,0.0
3599,2.933333333333333,0.2077922077922078,0.5625,0.028169014084507,0.0
3600,5.333333333333333,0.28,0.4747474747474747,0.0,0.0
3601,2.333333333333333,0.3088235294117647,0.6741573033707865,0.0,0.0
3602,4.090909090909091,0.2,0.5075757575757576,0.0258899676375404,0.0
