id_noticia,trunc_verb_density,trunc_noun_density,trunc_adj_density,trunc_adv_density,trunc_pron_density
1,0.132183908045977,0.132183908045977,0.028735632183908,0.0632183908045977,0.0862068965517241
2,0.1350574712643678,0.1810344827586207,0.0373563218390804,0.0660919540229885,0.0747126436781609
3,0.110204081632653,0.1551020408163265,0.0408163265306122,0.0612244897959183,0.0326530612244898
4,0.10828025477707,0.2038216560509554,0.0127388535031847,0.019108280254777,0.0445859872611464
5,0.1212121212121212,0.1575757575757575,0.0545454545454545,0.0606060606060606,0.0424242424242424
6,0.1206896551724138,0.1551724137931034,0.0474137931034482,0.0387931034482758,0.0948275862068965
7,0.1212121212121212,0.2077922077922078,0.0346320346320346,0.0129870129870129,0.0389610389610389
8,0.085201793721973,0.1524663677130044,0.0403587443946188,0.085201793721973,0.0179372197309417
9,0.1238938053097345,0.1858407079646017,0.0265486725663716,0.0265486725663716,0.0088495575221238
10,0.1530612244897959,0.1802721088435374,0.0408163265306122,0.0714285714285714,0.0442176870748299
11,0.0990566037735849,0.1933962264150943,0.0424528301886792,0.0235849056603773,0.0283018867924528
12,0.1301115241635687,0.1412639405204461,0.0223048327137546,0.0631970260223048,0.070631970260223
13,0.1428571428571428,0.1707317073170731,0.0278745644599303,0.0174216027874564,0.0278745644599303
14,0.1240310077519379,0.1627906976744186,0.0310077519379844,0.0310077519379844,0.0542635658914728
15,0.0967741935483871,0.1354838709677419,0.0129032258064516,0.0451612903225806,0.0709677419354838
16,0.1349862258953168,0.1707988980716253,0.0358126721763085,0.046831955922865,0.0688705234159779
17,0.1430363864491844,0.2245922208281054,0.0313676286072772,0.0439146800501882,0.0514429109159347
18,0.1578947368421052,0.1770334928229665,0.0143540669856459,0.0191387559808612,0.0478468899521531
19,0.0960591133004926,0.2561576354679803,0.0591133004926108,0.0197044334975369,0.0270935960591133
20,0.088235294117647,0.1647058823529411,0.0392156862745098,0.0274509803921568,0.0176470588235294
21,0.108433734939759,0.1867469879518072,0.0240963855421686,0.036144578313253,0.0180722891566265
22,0.1145510835913312,0.2105263157894736,0.0712074303405572,0.0309597523219814,0.0185758513931888
23,0.0828625235404896,0.1864406779661017,0.0470809792843691,0.0451977401129943,0.032015065913371
24,0.0802919708029197,0.1806569343065693,0.0620437956204379,0.0383211678832116,0.0474452554744525
25,0.1038961038961039,0.1883116883116883,0.0324675324675324,0.0324675324675324,0.0259740259740259
26,0.1373390557939914,0.2145922746781116,0.0128755364806866,0.0257510729613733,0.0429184549356223
27,0.0887949260042283,0.1839323467230444,0.0507399577167019,0.0338266384778012,0.0274841437632135
28,0.0897009966777408,0.1827242524916943,0.0332225913621262,0.0299003322259136,0.0332225913621262
29,0.0988296488946684,0.165149544863459,0.0390117035110533,0.0416124837451235,0.0520156046814044
30,0.0862068965517241,0.1954022988505747,0.0603448275862069,0.0316091954022988,0.0201149425287356
31,0.0978260869565217,0.1775362318840579,0.036231884057971,0.0289855072463768,0.0289855072463768
32,0.1125541125541125,0.1688311688311688,0.0389610389610389,0.0216450216450216,0.0303030303030303
33,0.1116504854368932,0.1941747572815534,0.0436893203883495,0.0242718446601941,0.029126213592233
34,0.1107692307692307,0.1969230769230769,0.0246153846153846,0.0553846153846153,0.043076923076923
35,0.146551724137931,0.1810344827586207,0.0474137931034482,0.0387931034482758,0.0689655172413793
36,0.1457943925233644,0.1682242990654205,0.0336448598130841,0.0392523364485981,0.0691588785046729
37,0.1093333333333333,0.1813333333333333,0.0426666666666666,0.032,0.0373333333333333
38,0.1205673758865248,0.1648936170212765,0.051418439716312,0.0531914893617021,0.0336879432624113
39,0.1198830409356725,0.2105263157894736,0.0467836257309941,0.0467836257309941,0.0380116959064327
40,0.1253012048192771,0.1554216867469879,0.0518072289156626,0.0481927710843373,0.0831325301204819
41,0.1206225680933852,0.2101167315175097,0.0428015564202334,0.046692607003891,0.0311284046692607
42,0.0884353741496598,0.1927437641723356,0.0521541950113378,0.0476190476190476,0.0453514739229024
43,0.1143617021276595,0.1728723404255319,0.0319148936170212,0.0239361702127659,0.0212765957446808
44,0.1206140350877193,0.2105263157894736,0.0416666666666666,0.0285087719298245,0.0175438596491228
45,0.1272727272727272,0.1772727272727272,0.0545454545454545,0.05,0.0318181818181818
46,0.1023102310231023,0.1683168316831683,0.0297029702970297,0.0099009900990099,0.0231023102310231
47,0.1032110091743119,0.1972477064220183,0.0458715596330275,0.0378440366972477,0.018348623853211
48,0.0880281690140845,0.1725352112676056,0.056338028169014,0.0140845070422535,0.028169014084507
49,0.1333333333333333,0.1768115942028985,0.008695652173913,0.0434782608695652,0.0318840579710144
50,0.1129568106312292,0.1727574750830564,0.0664451827242525,0.0531561461794019,0.0531561461794019
51,0.1085271317829457,0.1686046511627907,0.0484496124031007,0.0484496124031007,0.0368217054263565
52,0.1428571428571428,0.1648351648351648,0.0357142857142857,0.0329670329670329,0.0604395604395604
53,0.115079365079365,0.2103174603174603,0.0396825396825396,0.0357142857142857,0.0238095238095238
54,0.0884955752212389,0.1592920353982301,0.0398230088495575,0.0486725663716814,0.0353982300884955
55,0.1114285714285714,0.1942857142857142,0.0314285714285714,0.02,0.0285714285714285
56,0.1152542372881356,0.2203389830508474,0.0305084745762711,0.0203389830508474,0.0135593220338983
57,0.1352313167259786,0.2170818505338078,0.0249110320284697,0.0142348754448398,0.0427046263345195
58,0.1032745591939546,0.2317380352644836,0.0755667506297229,0.017632241813602,0.0151133501259445
59,0.1312741312741312,0.2084942084942085,0.0424710424710424,0.0308880308880308,0.0231660231660231
60,0.1111111111111111,0.1995464852607709,0.0453514739229024,0.0510204081632653,0.0532879818594104
61,0.0921052631578947,0.1578947368421052,0.0526315789473684,0.0328947368421052,0.0131578947368421
62,0.0841708542713567,0.1884422110552764,0.0276381909547738,0.0251256281407035,0.0238693467336683
63,0.053072625698324,0.1256983240223463,0.0391061452513966,0.0083798882681564,0.0139664804469273
64,0.0957178841309823,0.2443324937027707,0.0604534005037783,0.0302267002518891,0.0201511335012594
65,0.1070559610705596,0.1873479318734793,0.048661800486618,0.0413625304136253,0.0413625304136253
66,0.0737463126843657,0.2212389380530973,0.0324483775811209,0.0353982300884955,0.023598820058997
67,0.0869565217391304,0.1560102301790281,0.0562659846547314,0.0332480818414322,0.0460358056265984
68,0.1221719457013574,0.2081447963800905,0.0271493212669683,0.0316742081447963,0.0135746606334841
70,0.089058524173028,0.2162849872773536,0.0458015267175572,0.0330788804071246,0.015267175572519
71,0.1317073170731707,0.1609756097560975,0.0536585365853658,0.0390243902439024,0.0195121951219512
72,0.1205962059620596,0.1260162601626016,0.024390243902439,0.05420054200542,0.0907859078590785
73,0.0836820083682008,0.209205020920502,0.0167364016736401,0.0,0.0125523012552301
74,0.1047619047619047,0.1904761904761904,0.0412698412698412,0.0158730158730158,0.0158730158730158
75,0.1015625,0.1875,0.0572916666666666,0.0442708333333333,0.0182291666666666
76,0.132013201320132,0.1815181518151815,0.0264026402640264,0.0099009900990099,0.0429042904290429
77,0.1213017751479289,0.1715976331360946,0.044378698224852,0.0384615384615384,0.0414201183431952
78,0.1151079136690647,0.1942446043165467,0.0287769784172661,0.0287769784172661,0.0287769784172661
79,0.0911680911680911,0.1766381766381766,0.0455840455840455,0.0683760683760683,0.0455840455840455
80,0.0837004405286343,0.2026431718061674,0.0308370044052863,0.0176211453744493,0.013215859030837
81,0.099236641221374,0.2061068702290076,0.0419847328244274,0.0076335877862595,0.0305343511450381
82,0.0946291560102301,0.1815856777493606,0.0409207161125319,0.0306905370843989,0.0383631713554987
83,0.0590717299578059,0.1983122362869198,0.050632911392405,0.0337552742616033,0.0210970464135021
84,0.074487895716946,0.180633147113594,0.0540037243947858,0.0353817504655493,0.0353817504655493
85,0.1214574898785425,0.2105263157894736,0.0404858299595141,0.0242914979757085,0.0404858299595141
86,0.0858585858585858,0.1565656565656565,0.0353535353535353,0.0151515151515151,0.0151515151515151
87,0.1121951219512195,0.1756097560975609,0.0195121951219512,0.0634146341463414,0.0341463414634146
88,0.1134020618556701,0.2371134020618556,0.0824742268041237,0.0051546391752577,0.0309278350515463
89,0.100418410041841,0.2259414225941422,0.0543933054393305,0.0167364016736401,0.0292887029288702
90,0.0806451612903225,0.1827956989247312,0.0483870967741935,0.0161290322580645,0.0053763440860215
91,0.1020408163265306,0.1918367346938775,0.0285714285714285,0.0448979591836734,0.0408163265306122
92,0.1034482758620689,0.167487684729064,0.0246305418719211,0.0394088669950738,0.083743842364532
93,0.0996503496503496,0.2202797202797203,0.0629370629370629,0.0332167832167832,0.0192307692307692
94,0.104,0.172,0.048,0.048,0.024
95,0.1012658227848101,0.1772151898734177,0.0455696202531645,0.0253164556962025,0.030379746835443
96,0.0837988826815642,0.2122905027932961,0.0391061452513966,0.0446927374301676,0.0223463687150838
97,0.1130434782608695,0.1739130434782608,0.0347826086956521,0.0347826086956521,0.0652173913043478
98,0.1094619666048237,0.2059369202226345,0.0408163265306122,0.0445269016697588,0.0371057513914656
99,0.0816326530612244,0.1938775510204081,0.0204081632653061,0.0,0.0204081632653061
100,0.1182108626198083,0.194888178913738,0.0319488817891373,0.0255591054313099,0.0447284345047923
101,0.1215469613259668,0.1988950276243093,0.0276243093922651,0.011049723756906,0.011049723756906
102,0.1085714285714285,0.2,0.0628571428571428,0.0057142857142857,0.0285714285714285
103,0.1299435028248587,0.192090395480226,0.0169491525423728,0.0282485875706214,0.0225988700564971
104,0.1359404096834264,0.180633147113594,0.0521415270018622,0.0540037243947858,0.0763500931098696
105,0.0839160839160839,0.1736596736596736,0.0198135198135198,0.0337995337995338,0.0291375291375291
106,0.1058020477815699,0.1911262798634812,0.0170648464163822,0.0238907849829351,0.0341296928327645
107,0.1346153846153846,0.1955128205128205,0.0448717948717948,0.0416666666666666,0.0256410256410256
108,0.154228855721393,0.154228855721393,0.0149253731343283,0.0547263681592039,0.044776119402985
109,0.081081081081081,0.1824324324324324,0.018018018018018,0.0247747747747747,0.0202702702702702
110,0.1169590643274853,0.1637426900584795,0.0058479532163742,0.0175438596491228,0.0175438596491228
111,0.1304347826086956,0.2015810276679842,0.0316205533596837,0.0711462450592885,0.0355731225296442
112,0.0939597315436241,0.2348993288590604,0.0738255033557047,0.0536912751677852,0.0268456375838926
113,0.0839895013123359,0.1968503937007874,0.0577427821522309,0.0262467191601049,0.0446194225721784
114,0.1076923076923077,0.1923076923076923,0.0307692307692307,0.0256410256410256,0.023076923076923
115,0.1095406360424028,0.1802120141342756,0.0212014134275618,0.0212014134275618,0.0494699646643109
116,0.1218836565096952,0.1523545706371191,0.0277008310249307,0.0664819944598338,0.0498614958448753
117,0.072463768115942,0.2028985507246377,0.0289855072463768,0.0260869565217391,0.0202898550724637
118,0.0942028985507246,0.2282608695652173,0.0760869565217391,0.0253623188405797,0.0144927536231884
119,0.0817610062893081,0.1949685534591195,0.0440251572327044,0.0251572327044025,0.0471698113207547
120,0.1034985422740524,0.1836734693877551,0.0335276967930029,0.0495626822157434,0.0393586005830903
121,0.1294765840220385,0.18732782369146,0.0523415977961432,0.0413223140495867,0.0385674931129476
122,0.0739130434782608,0.2043478260869565,0.0956521739130434,0.017391304347826,0.017391304347826
123,0.1278026905829596,0.2174887892376681,0.0336322869955156,0.0448430493273542,0.0627802690582959
124,0.0722543352601156,0.1734104046242774,0.0173410404624277,0.0260115606936416,0.0202312138728323
125,0.0646551724137931,0.2155172413793103,0.0387931034482758,0.0129310344827586,0.0172413793103448
126,0.1101083032490974,0.1913357400722021,0.0505415162454873,0.0451263537906137,0.0451263537906137
127,0.1024096385542168,0.2108433734939759,0.0421686746987951,0.038152610441767,0.038152610441767
128,0.0968421052631579,0.191578947368421,0.0189473684210526,0.0357894736842105,0.0505263157894736
129,0.1239193083573487,0.239193083573487,0.0518731988472622,0.0172910662824207,0.0288184438040345
130,0.103125,0.153125,0.05,0.034375,0.015625
131,0.1239193083573487,0.2190201729106628,0.0374639769452449,0.0086455331412103,0.0403458213256484
132,0.0954907161803713,0.1936339522546419,0.0318302387267904,0.0318302387267904,0.0371352785145888
133,0.1364605543710021,0.2046908315565032,0.0298507462686567,0.0533049040511727,0.0852878464818763
134,0.1052631578947368,0.2210526315789473,0.0491228070175438,0.0245614035087719,0.0280701754385964
135,0.067251461988304,0.1812865497076023,0.0614035087719298,0.0350877192982456,0.023391812865497
136,0.0831099195710455,0.2010723860589812,0.0294906166219839,0.0080428954423592,0.0134048257372654
137,0.0722021660649819,0.1895306859205776,0.0180505415162454,0.0234657039711191,0.0162454873646209
138,0.1277533039647577,0.1923641703377386,0.0455212922173274,0.0308370044052863,0.0352422907488986
139,0.1028368794326241,0.2163120567375886,0.0283687943262411,0.0460992907801418,0.0212765957446808
140,0.1135135135135135,0.1783783783783784,0.027027027027027,0.0378378378378378,0.0162162162162162
141,0.0955223880597015,0.1791044776119403,0.0656716417910447,0.0388059701492537,0.026865671641791
142,0.1095890410958904,0.1872146118721461,0.0502283105022831,0.0547945205479452,0.0365296803652968
143,0.0981432360742705,0.2175066312997347,0.013262599469496,0.0344827586206896,0.0106100795755968
144,0.0838926174496644,0.1711409395973154,0.0536912751677852,0.0335570469798657,0.0268456375838926
145,0.1208665906499429,0.1664766248574686,0.0478905359179019,0.0456100342075256,0.0535917901938426
146,0.0714285714285714,0.1607142857142857,0.0446428571428571,0.0178571428571428,0.0044642857142857
147,0.106267029972752,0.2343324250681198,0.0435967302452316,0.0381471389645776,0.0136239782016348
148,0.0934579439252336,0.1744548286604361,0.02803738317757,0.0093457943925233,0.0249221183800623
149,0.1129629629629629,0.1944444444444444,0.0166666666666666,0.0296296296296296,0.0444444444444444
150,0.1168831168831168,0.1688311688311688,0.0162337662337662,0.0454545454545454,0.0324675324675324
151,0.0924369747899159,0.1932773109243697,0.042016806722689,0.042016806722689,0.0336134453781512
152,0.1052631578947368,0.2163742690058479,0.0116959064327485,0.023391812865497,0.023391812865497
153,0.1755102040816326,0.1551020408163265,0.0204081632653061,0.0551020408163265,0.0959183673469387
154,0.1025641025641025,0.2435897435897435,0.0833333333333333,0.0384615384615384,0.032051282051282
155,0.110576923076923,0.1826923076923076,0.0192307692307692,0.0096153846153846,0.0096153846153846
156,0.1105882352941176,0.1929411764705882,0.04,0.0305882352941176,0.04
157,0.1174603174603174,0.219047619047619,0.0253968253968253,0.0253968253968253,0.0349206349206349
158,0.1081081081081081,0.2393822393822393,0.0347490347490347,0.0308880308880308,0.027027027027027
159,0.125,0.2275280898876404,0.0660112359550561,0.0575842696629213,0.0379213483146067
160,0.0714285714285714,0.1709183673469387,0.0459183673469387,0.0204081632653061,0.0178571428571428
161,0.1245674740484429,0.1799307958477508,0.0207612456747404,0.0138408304498269,0.0449826989619377
162,0.1043771043771043,0.1885521885521885,0.0235690235690235,0.0639730639730639,0.0572390572390572
163,0.0875420875420875,0.1818181818181818,0.0235690235690235,0.0303030303030303,0.0168350168350168
164,0.0881834215167548,0.2116402116402116,0.0282186948853615,0.0529100529100529,0.0317460317460317
165,0.0662251655629139,0.2185430463576159,0.0231788079470198,0.0198675496688741,0.0364238410596026
166,0.0895140664961636,0.2046035805626598,0.0230179028132992,0.0204603580562659,0.0204603580562659
167,0.1468531468531468,0.2447552447552447,0.0419580419580419,0.0349650349650349,0.0419580419580419
168,0.0881226053639846,0.2413793103448276,0.0613026819923371,0.0153256704980842,0.0153256704980842
169,0.0952380952380952,0.2116402116402116,0.0687830687830687,0.0423280423280423,0.0211640211640211
170,0.0811965811965812,0.2051282051282051,0.0555555555555555,0.0085470085470085,0.0256410256410256
171,0.1432664756446991,0.1948424068767908,0.0200573065902578,0.0458452722063037,0.0716332378223495
172,0.078125,0.2135416666666666,0.0729166666666666,0.03125,0.015625
173,0.1339285714285714,0.2276785714285714,0.0178571428571428,0.0625,0.03125
174,0.0967741935483871,0.2193548387096774,0.032258064516129,0.0129032258064516,0.0193548387096774
175,0.1147540983606557,0.2098360655737705,0.0262295081967213,0.0393442622950819,0.0426229508196721
176,0.0955518945634266,0.2257001647446458,0.0247116968698517,0.0197693574958813,0.0197693574958813
177,0.117096018735363,0.2084309133489461,0.0257611241217798,0.018735362997658,0.0257611241217798
178,0.0774818401937046,0.1815980629539951,0.0411622276029055,0.0242130750605326,0.0338983050847457
179,0.0981595092024539,0.2208588957055214,0.0613496932515337,0.0122699386503067,0.0061349693251533
180,0.1100478468899521,0.1738437001594896,0.0318979266347687,0.0526315789473684,0.0414673046251993
181,0.1521739130434782,0.1782608695652174,0.0565217391304347,0.0434782608695652,0.0782608695652174
182,0.1144278606965174,0.1865671641791045,0.0348258706467661,0.0547263681592039,0.0696517412935323
183,0.1195121951219512,0.1609756097560975,0.0707317073170731,0.0560975609756097,0.0439024390243902
184,0.1133603238866396,0.1983805668016194,0.0283400809716599,0.0566801619433198,0.0566801619433198
185,0.1225626740947075,0.1643454038997214,0.0445682451253481,0.0501392757660167,0.0306406685236768
186,0.1522842639593908,0.1624365482233502,0.015228426395939,0.0,0.0456852791878172
187,0.0854700854700854,0.2051282051282051,0.0341880341880341,0.0256410256410256,0.0256410256410256
188,0.1058394160583941,0.1751824817518248,0.0583941605839416,0.0255474452554744,0.0328467153284671
189,0.1059602649006622,0.2350993377483443,0.043046357615894,0.0364238410596026,0.0165562913907284
190,0.1037037037037037,0.174074074074074,0.074074074074074,0.0407407407407407,0.037037037037037
191,0.1382488479262673,0.2211981566820276,0.0230414746543778,0.0599078341013824,0.0092165898617511
192,0.0836820083682008,0.1966527196652719,0.0962343096234309,0.0334728033472803,0.0125523012552301
193,0.1048689138576779,0.2247191011235955,0.048689138576779,0.0112359550561797,0.0149812734082397
194,0.1068376068376068,0.2179487179487179,0.0128205128205128,0.0598290598290598,0.0128205128205128
195,0.0959595959595959,0.1666666666666666,0.0227272727272727,0.0353535353535353,0.0505050505050505
196,0.0906862745098039,0.196078431372549,0.0588235294117647,0.0147058823529411,0.017156862745098
197,0.0917721518987341,0.2215189873417721,0.0949367088607595,0.0316455696202531,0.0158227848101265
198,0.088235294117647,0.1529411764705882,0.0294117647058823,0.0411764705882352,0.0470588235294117
199,0.1619047619047619,0.1619047619047619,0.0571428571428571,0.0285714285714285,0.0
200,0.1198630136986301,0.1986301369863013,0.0308219178082191,0.0273972602739726,0.0205479452054794
201,0.1073170731707317,0.2146341463414634,0.048780487804878,0.0195121951219512,0.0292682926829268
202,0.1170731707317073,0.1268292682926829,0.0341463414634146,0.024390243902439,0.0341463414634146
203,0.1179487179487179,0.0871794871794871,0.041025641025641,0.0307692307692307,0.082051282051282
204,0.0826086956521739,0.2,0.0260869565217391,0.0347826086956521,0.0565217391304347
205,0.1263736263736263,0.1428571428571428,0.0329670329670329,0.0549450549450549,0.0989010989010989
206,0.1132075471698113,0.1556603773584905,0.0330188679245283,0.0330188679245283,0.0613207547169811
207,0.1213872832369942,0.1618497109826589,0.0404624277456647,0.0520231213872832,0.0462427745664739
208,0.1367521367521367,0.1452991452991453,0.0555555555555555,0.0641025641025641,0.0769230769230769
209,0.0833333333333333,0.2307692307692307,0.0576923076923076,0.0384615384615384,0.0256410256410256
210,0.134453781512605,0.1848739495798319,0.0588235294117647,0.0588235294117647,0.0168067226890756
211,0.1489361702127659,0.1276595744680851,0.0496453900709219,0.0638297872340425,0.0212765957446808
212,0.1217948717948717,0.2243589743589743,0.0576923076923076,0.0448717948717948,0.0512820512820512
213,0.1647058823529411,0.2,0.0352941176470588,0.0529411764705882,0.0176470588235294
214,0.0772357723577235,0.1910569105691057,0.0609756097560975,0.024390243902439,0.024390243902439
215,0.0947368421052631,0.2210526315789473,0.0631578947368421,0.0105263157894736,0.0210526315789473
216,0.0973451327433628,0.1415929203539823,0.0265486725663716,0.0353982300884955,0.0176991150442477
217,0.1346153846153846,0.2211538461538461,0.0576923076923076,0.0288461538461538,0.0384615384615384
218,0.1489361702127659,0.1631205673758865,0.0212765957446808,0.0212765957446808,0.0070921985815602
219,0.1058823529411764,0.1352941176470588,0.0352941176470588,0.0294117647058823,0.0470588235294117
220,0.1459459459459459,0.1297297297297297,0.0378378378378378,0.0486486486486486,0.0702702702702702
221,0.1435897435897435,0.1487179487179487,0.0307692307692307,0.0512820512820512,0.082051282051282
222,0.1037735849056603,0.1981132075471698,0.0283018867924528,0.0660377358490566,0.0566037735849056
223,0.079646017699115,0.2123893805309734,0.0619469026548672,0.0176991150442477,0.0707964601769911
224,0.1358695652173913,0.125,0.0326086956521739,0.0760869565217391,0.1195652173913043
225,0.1237785016286645,0.1596091205211726,0.0488599348534201,0.0456026058631921,0.0456026058631921
226,0.1065573770491803,0.2295081967213114,0.0573770491803278,0.0163934426229508,0.0245901639344262
227,0.1038961038961039,0.2272727272727272,0.0324675324675324,0.0324675324675324,0.0389610389610389
228,0.1073446327683615,0.2090395480225988,0.0508474576271186,0.0225988700564971,0.0282485875706214
229,0.0970464135021097,0.1940928270042194,0.0632911392405063,0.0379746835443038,0.0210970464135021
230,0.1559633027522936,0.146788990825688,0.055045871559633,0.036697247706422,0.0275229357798165
231,0.1608391608391608,0.1048951048951049,0.0419580419580419,0.0699300699300699,0.0489510489510489
232,0.059322033898305,0.2372881355932203,0.0508474576271186,0.0254237288135593,0.0169491525423728
233,0.1088435374149659,0.1496598639455782,0.0408163265306122,0.0408163265306122,0.0272108843537414
234,0.1089108910891089,0.1881188118811881,0.0099009900990099,0.0297029702970297,0.0396039603960396
235,0.1327800829875518,0.1452282157676348,0.0331950207468879,0.0497925311203319,0.0705394190871369
236,0.1062992125984252,0.2125984251968504,0.0748031496062992,0.0492125984251968,0.0275590551181102
237,0.1497584541062802,0.1400966183574879,0.0289855072463768,0.0241545893719806,0.0676328502415458
238,0.112781954887218,0.206766917293233,0.0639097744360902,0.037593984962406,0.0300751879699248
239,0.1370967741935483,0.1693548387096774,0.0725806451612903,0.0403225806451612,0.0483870967741935
240,0.1727272727272727,0.1909090909090909,0.0272727272727272,0.0636363636363636,0.0272727272727272
241,0.0806451612903225,0.2177419354838709,0.0403225806451612,0.0403225806451612,0.032258064516129
242,0.1182795698924731,0.2150537634408602,0.064516129032258,0.021505376344086,0.0
243,0.1270718232044199,0.154696132596685,0.011049723756906,0.0497237569060773,0.0497237569060773
244,0.0956521739130434,0.2,0.0347826086956521,0.017391304347826,0.0347826086956521
245,0.1436170212765957,0.1808510638297872,0.0425531914893617,0.0425531914893617,0.0638297872340425
246,0.1452991452991453,0.1794871794871795,0.0341880341880341,0.0683760683760683,0.0427350427350427
247,0.0952380952380952,0.164021164021164,0.0529100529100529,0.037037037037037,0.0317460317460317
248,0.0884955752212389,0.2035398230088495,0.0353982300884955,0.0221238938053097,0.0176991150442477
249,0.0895522388059701,0.1492537313432835,0.044776119402985,0.0398009950248756,0.044776119402985
250,0.13,0.17,0.03,0.08,0.02
251,0.1301369863013698,0.1712328767123287,0.0410958904109589,0.0136986301369863,0.0684931506849315
252,0.1326530612244898,0.096938775510204,0.0357142857142857,0.0153061224489795,0.086734693877551
253,0.1231527093596059,0.1231527093596059,0.0246305418719211,0.0541871921182266,0.0788177339901477
254,0.13,0.175,0.055,0.05,0.035
255,0.096,0.144,0.096,0.016,0.008
256,0.0842105263157894,0.2052631578947368,0.0421052631578947,0.0368421052631578,0.0263157894736842
257,0.1342281879194631,0.1946308724832214,0.046979865771812,0.0604026845637583,0.0369127516778523
258,0.1761006289308176,0.1132075471698113,0.0377358490566037,0.0691823899371069,0.0880503144654088
259,0.095505617977528,0.1179775280898876,0.0505617977528089,0.0337078651685393,0.0561797752808988
260,0.0952380952380952,0.1964285714285714,0.0535714285714285,0.0595238095238095,0.0357142857142857
261,0.1163636363636363,0.1563636363636363,0.0545454545454545,0.069090909090909,0.0727272727272727
262,0.1072386058981233,0.163538873994638,0.064343163538874,0.0402144772117962,0.032171581769437
263,0.0804020100502512,0.1507537688442211,0.0150753768844221,0.0150753768844221,0.0301507537688442
264,0.1322314049586777,0.1735537190082644,0.0413223140495867,0.0578512396694214,0.0082644628099173
265,0.11875,0.15625,0.0375,0.05625,0.01875
266,0.0975609756097561,0.2390243902439024,0.1121951219512195,0.0341463414634146,0.0219512195121951
267,0.1241610738255033,0.1778523489932885,0.0503355704697986,0.0436241610738255,0.0771812080536912
268,0.1151079136690647,0.158273381294964,0.0431654676258992,0.0359712230215827,0.0287769784172661
269,0.1560283687943262,0.1560283687943262,0.0638297872340425,0.0354609929078014,0.0851063829787234
270,0.1170212765957446,0.1888297872340425,0.0851063829787234,0.026595744680851,0.026595744680851
271,0.0875912408759124,0.2043795620437956,0.0145985401459854,0.0218978102189781,0.0145985401459854
272,0.1118012422360248,0.1801242236024844,0.0683229813664596,0.0434782608695652,0.031055900621118
273,0.0955414012738853,0.1783439490445859,0.0636942675159235,0.0509554140127388,0.0254777070063694
274,0.1313559322033898,0.1822033898305084,0.0169491525423728,0.0254237288135593,0.0381355932203389
275,0.0930232558139534,0.1860465116279069,0.0116279069767441,0.0523255813953488,0.0174418604651162
276,0.1104815864022662,0.1841359773371104,0.0566572237960339,0.0424929178470254,0.0169971671388102
277,0.1377551020408163,0.1887755102040816,0.0204081632653061,0.0408163265306122,0.0510204081632653
278,0.0949367088607595,0.2088607594936709,0.0569620253164556,0.0253164556962025,0.0632911392405063
279,0.0904522613065326,0.2311557788944723,0.0402010050251256,0.050251256281407,0.0351758793969849
280,0.1111111111111111,0.245014245014245,0.0455840455840455,0.0227920227920227,0.0484330484330484
281,0.1265822784810126,0.2215189873417721,0.0379746835443038,0.0253164556962025,0.0569620253164556
282,0.165,0.17,0.02,0.02,0.065
283,0.1519607843137254,0.196078431372549,0.0245098039215686,0.0294117647058823,0.0294117647058823
284,0.1171171171171171,0.1756756756756756,0.0225225225225225,0.0675675675675675,0.0225225225225225
285,0.0636942675159235,0.1528662420382165,0.0700636942675159,0.0318471337579617,0.0063694267515923
286,0.0989583333333333,0.1979166666666666,0.0625,0.0364583333333333,0.0364583333333333
287,0.1327800829875518,0.1867219917012448,0.0414937759336099,0.0207468879668049,0.0373443983402489
288,0.1122448979591836,0.1530612244897959,0.0204081632653061,0.0510204081632653,0.0816326530612244
289,0.118942731277533,0.1629955947136563,0.0352422907488986,0.0440528634361233,0.0484581497797356
290,0.1064030131826742,0.1864406779661017,0.0376647834274952,0.027306967984934,0.0244821092278719
291,0.120253164556962,0.180379746835443,0.0537974683544303,0.0284810126582278,0.050632911392405
292,0.0989010989010989,0.1813186813186813,0.0219780219780219,0.0329670329670329,0.0219780219780219
293,0.119205298013245,0.2119205298013245,0.0463576158940397,0.0397350993377483,0.0132450331125827
294,0.1719745222929936,0.1464968152866242,0.0445859872611464,0.0318471337579617,0.0955414012738853
295,0.1188118811881188,0.1732673267326732,0.0495049504950495,0.0198019801980198,0.0297029702970297
296,0.1489361702127659,0.1702127659574468,0.0283687943262411,0.0425531914893617,0.0212765957446808
297,0.053475935828877,0.2085561497326203,0.0427807486631016,0.0267379679144385,0.0213903743315508
298,0.1510791366906475,0.1438848920863309,0.0503597122302158,0.0431654676258992,0.0503597122302158
299,0.1345029239766081,0.1695906432748538,0.0409356725146198,0.0818713450292397,0.023391812865497
300,0.1483870967741935,0.1741935483870967,0.0516129032258064,0.0709677419354838,0.0451612903225806
301,0.0714285714285714,0.1428571428571428,0.0494505494505494,0.0769230769230769,0.0384615384615384
302,0.1283783783783783,0.1283783783783783,0.0202702702702702,0.0675675675675675,0.0472972972972973
303,0.0384615384615384,0.1538461538461538,0.1153846153846153,0.0384615384615384,0.0
304,0.1222493887530562,0.1858190709046454,0.0660146699266503,0.0293398533007334,0.0146699266503667
305,0.096938775510204,0.1887755102040816,0.0510204081632653,0.0408163265306122,0.0204081632653061
306,0.1382113821138211,0.1869918699186991,0.024390243902439,0.056910569105691,0.073170731707317
307,0.119047619047619,0.1587301587301587,0.0793650793650793,0.0317460317460317,0.0476190476190476
308,0.1374045801526717,0.1755725190839694,0.0305343511450381,0.0076335877862595,0.0458015267175572
309,0.1214953271028037,0.2009345794392523,0.0373831775700934,0.0373831775700934,0.0420560747663551
310,0.1018518518518518,0.2037037037037037,0.074074074074074,0.0555555555555555,0.0648148148148148
311,0.0952380952380952,0.1904761904761904,0.0317460317460317,0.0238095238095238,0.0555555555555555
312,0.1146245059288537,0.1936758893280632,0.0553359683794466,0.0355731225296442,0.0079051383399209
313,0.1363636363636363,0.2272727272727272,0.0454545454545454,0.0,0.0
314,0.155,0.175,0.04,0.015,0.03
315,0.0881057268722467,0.2158590308370044,0.0616740088105726,0.0220264317180616,0.026431718061674
316,0.1,0.175,0.05,0.0,0.0
317,0.1138613861386138,0.1881188118811881,0.0297029702970297,0.0495049504950495,0.0247524752475247
318,0.1155913978494623,0.1801075268817204,0.0564516129032258,0.0376344086021505,0.0134408602150537
319,0.0838709677419354,0.1354838709677419,0.0709677419354838,0.0451612903225806,0.0387096774193548
320,0.1301369863013698,0.1780821917808219,0.0205479452054794,0.047945205479452,0.0273972602739726
321,0.1234567901234567,0.1851851851851851,0.0246913580246913,0.0185185185185185,0.0246913580246913
322,0.0980392156862745,0.196078431372549,0.0294117647058823,0.0,0.0196078431372549
323,0.109090909090909,0.2727272727272727,0.0181818181818181,0.0,0.0181818181818181
324,0.1349206349206349,0.2301587301587301,0.0317460317460317,0.0,0.0396825396825396
325,0.1428571428571428,0.1714285714285714,0.0571428571428571,0.0571428571428571,0.0357142857142857
326,0.1057692307692307,0.1947115384615384,0.0625,0.048076923076923,0.03125
327,0.1111111111111111,0.2160493827160493,0.0432098765432098,0.037037037037037,0.0185185185185185
328,0.135048231511254,0.1832797427652733,0.0160771704180064,0.0514469453376205,0.0643086816720257
329,0.0975609756097561,0.2195121951219512,0.024390243902439,0.0609756097560975,0.024390243902439
330,0.1045751633986928,0.2026143790849673,0.0326797385620915,0.0326797385620915,0.065359477124183
331,0.0760233918128654,0.2222222222222222,0.0467836257309941,0.0175438596491228,0.0
332,0.0666666666666666,0.238095238095238,0.0761904761904762,0.0380952380952381,0.0095238095238095
333,0.1219047619047619,0.1961904761904762,0.0361904761904761,0.0647619047619047,0.0342857142857142
334,0.1438356164383561,0.1917808219178082,0.0273972602739726,0.047945205479452,0.0890410958904109
335,0.1167883211678832,0.218978102189781,0.0218978102189781,0.0218978102189781,0.0291970802919708
336,0.0805687203791469,0.2037914691943128,0.0473933649289099,0.0379146919431279,0.0284360189573459
337,0.1271676300578034,0.1907514450867052,0.0520231213872832,0.0751445086705202,0.0578034682080924
338,0.1216216216216216,0.2027027027027027,0.036036036036036,0.072072072072072,0.027027027027027
339,0.1489361702127659,0.1347517730496454,0.0212765957446808,0.0283687943262411,0.0567375886524822
340,0.1071428571428571,0.2244897959183673,0.0459183673469387,0.0153061224489795,0.0459183673469387
341,0.120253164556962,0.2215189873417721,0.0443037974683544,0.0379746835443038,0.0253164556962025
342,0.1502347417840375,0.1666666666666666,0.0492957746478873,0.0375586854460093,0.0727699530516431
343,0.1526717557251908,0.1603053435114503,0.0458015267175572,0.0763358778625954,0.0534351145038167
344,0.1009174311926605,0.1834862385321101,0.018348623853211,0.036697247706422,0.018348623853211
345,0.1623036649214659,0.1518324607329843,0.031413612565445,0.0157068062827225,0.0575916230366492
346,0.175595238095238,0.1636904761904762,0.0386904761904761,0.0535714285714285,0.0773809523809523
347,0.0952380952380952,0.2176870748299319,0.0476190476190476,0.0204081632653061,0.0068027210884353
348,0.1048951048951049,0.1188811188811188,0.0209790209790209,0.0209790209790209,0.0279720279720279
349,0.0919117647058823,0.2720588235294117,0.088235294117647,0.0330882352941176,0.0183823529411764
350,0.0956937799043062,0.1866028708133971,0.0478468899521531,0.0526315789473684,0.0334928229665071
351,0.117096018735363,0.2318501170960187,0.0585480093676815,0.0281030444964871,0.0210772833723653
352,0.1196172248803827,0.215311004784689,0.0191387559808612,0.0287081339712918,0.0478468899521531
353,0.1168831168831168,0.2077922077922078,0.0259740259740259,0.0129870129870129,0.0389610389610389
354,0.1237113402061855,0.1649484536082474,0.0360824742268041,0.0412371134020618,0.0309278350515463
355,0.1580882352941176,0.1397058823529411,0.025735294117647,0.0404411764705882,0.0330882352941176
356,0.106060606060606,0.1704545454545454,0.0113636363636363,0.0378787878787878,0.0416666666666666
357,0.081180811808118,0.1660516605166051,0.029520295202952,0.022140221402214,0.014760147601476
358,0.1957446808510638,0.1531914893617021,0.0170212765957446,0.0212765957446808,0.0468085106382978
359,0.1602209944751381,0.1823204419889502,0.0662983425414364,0.0662983425414364,0.0331491712707182
360,0.1314878892733564,0.1418685121107266,0.0380622837370242,0.0242214532871972,0.0346020761245674
361,0.1450381679389313,0.183206106870229,0.0229007633587786,0.0076335877862595,0.0458015267175572
362,0.101010101010101,0.1717171717171717,0.0202020202020202,0.0505050505050505,0.0202020202020202
363,0.1413612565445026,0.193717277486911,0.0401396160558464,0.0436300174520069,0.0593368237347294
364,0.1111111111111111,0.1904761904761904,0.0317460317460317,0.0079365079365079,0.0238095238095238
365,0.15,0.14,0.03,0.02,0.08
366,0.1391304347826087,0.1913043478260869,0.008695652173913,0.0869565217391304,0.0434782608695652
367,0.1295336787564766,0.1865284974093264,0.0362694300518134,0.0362694300518134,0.0569948186528497
368,0.0930232558139534,0.1511627906976744,0.0581395348837209,0.0,0.0116279069767441
369,0.1176470588235294,0.1911764705882352,0.0,0.0441176470588235,0.0147058823529411
370,0.0994152046783625,0.1578947368421052,0.0409356725146198,0.0467836257309941,0.023391812865497
371,0.1448275862068965,0.1724137931034483,0.0551724137931034,0.0137931034482758,0.0344827586206896
372,0.1373390557939914,0.2017167381974249,0.0429184549356223,0.0171673819742489,0.0429184549356223
373,0.0918367346938775,0.1020408163265306,0.0714285714285714,0.010204081632653,0.0408163265306122
374,0.1194029850746268,0.2164179104477611,0.0597014925373134,0.0298507462686567,0.044776119402985
375,0.1461794019933555,0.1395348837209302,0.0564784053156146,0.0697674418604651,0.1063122923588039
376,0.1242937853107344,0.1807909604519774,0.096045197740113,0.0338983050847457,0.0056497175141242
377,0.116504854368932,0.1699029126213592,0.0339805825242718,0.0631067961165048,0.058252427184466
378,0.1176470588235294,0.1503267973856209,0.0718954248366013,0.0261437908496732,0.0261437908496732
379,0.1462962962962962,0.1555555555555555,0.0407407407407407,0.0537037037037037,0.074074074074074
380,0.0725552050473186,0.2082018927444795,0.0315457413249211,0.028391167192429,0.0189274447949526
381,0.1139240506329113,0.189873417721519,0.0379746835443038,0.0253164556962025,0.0632911392405063
382,0.1465201465201465,0.2014652014652014,0.0439560439560439,0.0512820512820512,0.0531135531135531
383,0.1379310344827586,0.1477832512315271,0.0295566502463054,0.0591133004926108,0.0246305418719211
384,0.1195219123505976,0.2111553784860557,0.0517928286852589,0.0318725099601593,0.0159362549800796
385,0.1328671328671328,0.2307692307692307,0.0349650349650349,0.0349650349650349,0.0209790209790209
386,0.1463414634146341,0.1707317073170731,0.0182926829268292,0.0609756097560975,0.0304878048780487
387,0.1041666666666666,0.1510416666666666,0.0729166666666666,0.0260416666666666,0.03125
388,0.0984848484848484,0.1969696969696969,0.0909090909090909,0.0303030303030303,0.0075757575757575
389,0.1215469613259668,0.1933701657458563,0.0469613259668508,0.0414364640883977,0.0414364640883977
390,0.1448275862068965,0.1379310344827586,0.0413793103448275,0.0758620689655172,0.0827586206896551
391,0.0604026845637583,0.2281879194630872,0.046979865771812,0.0335570469798657,0.0067114093959731
392,0.0851370851370851,0.1544011544011544,0.0476190476190476,0.0346320346320346,0.0317460317460317
393,0.1586206896551724,0.193103448275862,0.0413793103448275,0.0620689655172413,0.0344827586206896
394,0.135693215339233,0.1946902654867256,0.0383480825958702,0.0383480825958702,0.0648967551622418
395,0.1212121212121212,0.2348484848484848,0.0303030303030303,0.053030303030303,0.0075757575757575
396,0.1098901098901098,0.2087912087912088,0.0824175824175824,0.0109890109890109,0.0219780219780219
397,0.1139705882352941,0.150735294117647,0.0551470588235294,0.0477941176470588,0.0330882352941176
398,0.1077586206896551,0.168103448275862,0.0775862068965517,0.0258620689655172,0.0474137931034482
399,0.1016949152542373,0.223728813559322,0.0406779661016949,0.0169491525423728,0.0305084745762711
400,0.1171171171171171,0.2282282282282282,0.075075075075075,0.036036036036036,0.024024024024024
401,0.1279761904761904,0.1666666666666666,0.0446428571428571,0.0446428571428571,0.0386904761904761
402,0.0957446808510638,0.2234042553191489,0.0638297872340425,0.0106382978723404,0.0372340425531914
403,0.1428571428571428,0.1904761904761904,0.0476190476190476,0.0,0.0
404,0.1105263157894736,0.2157894736842105,0.0263157894736842,0.0368421052631578,0.0578947368421052
405,0.13215859030837,0.1762114537444934,0.0088105726872246,0.0308370044052863,0.0440528634361233
406,0.1194029850746268,0.2164179104477611,0.0373134328358208,0.0373134328358208,0.0298507462686567
407,0.1462264150943396,0.1462264150943396,0.0377358490566037,0.0566037735849056,0.0330188679245283
408,0.0763888888888889,0.2013888888888889,0.0138888888888888,0.0486111111111111,0.0208333333333333
409,0.1205533596837944,0.2094861660079051,0.0731225296442687,0.033596837944664,0.0177865612648221
410,0.0944206008583691,0.1759656652360515,0.055793991416309,0.0472103004291845,0.0429184549356223
411,0.0845481049562682,0.1574344023323615,0.0670553935860058,0.0262390670553935,0.032069970845481
412,0.0909090909090909,0.1868686868686868,0.0303030303030303,0.0404040404040404,0.0303030303030303
413,0.1204819277108433,0.180722891566265,0.0120481927710843,0.0240963855421686,0.0
414,0.088235294117647,0.2058823529411764,0.0235294117647058,0.0294117647058823,0.0235294117647058
415,0.1018518518518518,0.1481481481481481,0.0694444444444444,0.0648148148148148,0.0648148148148148
416,0.0848896434634974,0.1833616298811545,0.064516129032258,0.0203735144312393,0.0254668930390492
417,0.109090909090909,0.1454545454545454,0.0242424242424242,0.0363636363636363,0.109090909090909
418,0.1016042780748663,0.1925133689839572,0.0695187165775401,0.0267379679144385,0.0160427807486631
419,0.1136363636363636,0.1931818181818181,0.0397727272727272,0.0170454545454545,0.0113636363636363
420,0.09,0.165,0.025,0.035,0.03
421,0.1045454545454545,0.2454545454545454,0.059090909090909,0.0409090909090909,0.0181818181818181
422,0.1688311688311688,0.1493506493506493,0.0259740259740259,0.0324675324675324,0.0974025974025974
423,0.1171662125340599,0.2397820163487738,0.0572207084468664,0.0517711171662125,0.0163487738419618
424,0.107361963190184,0.1595092024539877,0.0490797546012269,0.0368098159509202,0.0306748466257668
425,0.108695652173913,0.2391304347826087,0.0434782608695652,0.0217391304347826,0.0
426,0.1301115241635687,0.174721189591078,0.037174721189591,0.0334572490706319,0.0483271375464684
427,0.1375,0.175,0.05,0.025,0.05
428,0.0995145631067961,0.145631067961165,0.0849514563106796,0.0339805825242718,0.0097087378640776
429,0.1158798283261802,0.1587982832618025,0.0300429184549356,0.03862660944206,0.0429184549356223
430,0.131578947368421,0.1807017543859649,0.0596491228070175,0.0543859649122807,0.0526315789473684
431,0.0863309352517985,0.1546762589928057,0.039568345323741,0.0467625899280575,0.0359712230215827
432,0.1050903119868637,0.1773399014778325,0.0492610837438423,0.0394088669950738,0.0180623973727422
433,0.1333333333333333,0.1764705882352941,0.0235294117647058,0.0509803921568627,0.0509803921568627
434,0.099009900990099,0.2178217821782178,0.0297029702970297,0.0495049504950495,0.0099009900990099
435,0.1032258064516129,0.2064516129032258,0.0580645161290322,0.032258064516129,0.0129032258064516
436,0.0666666666666666,0.1589743589743589,0.0256410256410256,0.0102564102564102,0.0102564102564102
437,0.1377777777777777,0.1466666666666666,0.0444444444444444,0.0488888888888888,0.0311111111111111
438,0.1294117647058823,0.1450980392156863,0.0196078431372549,0.0313725490196078,0.0588235294117647
439,0.1398176291793313,0.2188449848024316,0.0212765957446808,0.0182370820668693,0.0455927051671732
440,0.0736196319018405,0.1901840490797546,0.0061349693251533,0.0429447852760736,0.0368098159509202
441,0.1428571428571428,0.1860465116279069,0.0531561461794019,0.0365448504983388,0.0398671096345514
442,0.1368421052631579,0.2210526315789473,0.0526315789473684,0.0105263157894736,0.0210526315789473
443,0.0990990990990991,0.1621621621621621,0.027027027027027,0.027027027027027,0.036036036036036
444,0.0923076923076923,0.1743589743589743,0.0871794871794871,0.0461538461538461,0.0307692307692307
445,0.1027027027027027,0.1891891891891892,0.0648648648648648,0.0486486486486486,0.0162162162162162
446,0.1126760563380281,0.1596244131455399,0.0234741784037558,0.0328638497652582,0.056338028169014
447,0.112781954887218,0.1428571428571428,0.0864661654135338,0.0714285714285714,0.0526315789473684
448,0.1220930232558139,0.1802325581395348,0.0406976744186046,0.0406976744186046,0.0290697674418604
449,0.1159420289855072,0.1594202898550724,0.0483091787439613,0.0096618357487922,0.0193236714975845
450,0.1336633663366336,0.1386138613861386,0.0445544554455445,0.0396039603960396,0.0396039603960396
451,0.1111111111111111,0.1851851851851851,0.0518518518518518,0.0444444444444444,0.037037037037037
452,0.1129032258064516,0.1451612903225806,0.0080645161290322,0.0403225806451612,0.0564516129032258
453,0.1197183098591549,0.204225352112676,0.0176056338028169,0.0528169014084507,0.0246478873239436
454,0.139917695473251,0.1934156378600823,0.0493827160493827,0.037037037037037,0.0617283950617283
455,0.1282660332541567,0.1852731591448931,0.0451306413301662,0.0403800475059382,0.0475059382422802
456,0.1298076923076923,0.1274038461538461,0.0504807692307692,0.0600961538461538,0.0745192307692307
457,0.1173469387755102,0.2091836734693877,0.0561224489795918,0.010204081632653,0.0357142857142857
458,0.1091954022988505,0.1810344827586207,0.0545977011494252,0.0344827586206896,0.0172413793103448
459,0.1182795698924731,0.1774193548387097,0.0161290322580645,0.010752688172043,0.032258064516129
460,0.1162790697674418,0.1686046511627907,0.0523255813953488,0.0290697674418604,0.0174418604651162
461,0.1186440677966101,0.2033898305084746,0.0508474576271186,0.0508474576271186,0.0508474576271186
462,0.1136363636363636,0.2196969696969697,0.0227272727272727,0.0378787878787878,0.0378787878787878
463,0.0887573964497041,0.2011834319526627,0.059171597633136,0.029585798816568,0.0118343195266272
464,0.1083591331269349,0.1857585139318885,0.0371517027863777,0.0340557275541795,0.0340557275541795
465,0.1047619047619047,0.2428571428571428,0.0857142857142857,0.0380952380952381,0.0238095238095238
466,0.1703703703703703,0.1703703703703703,0.0222222222222222,0.0518518518518518,0.0666666666666666
467,0.1176470588235294,0.1470588235294117,0.0620915032679738,0.0392156862745098,0.0490196078431372
468,0.1230283911671924,0.1703470031545741,0.0410094637223974,0.0252365930599369,0.0347003154574132
469,0.1275964391691394,0.201780415430267,0.0534124629080118,0.0207715133531157,0.029673590504451
470,0.148235294117647,0.1835294117647058,0.0941176470588235,0.0423529411764705,0.0752941176470588
471,0.1573033707865168,0.199438202247191,0.0252808988764044,0.047752808988764,0.0617977528089887
472,0.1524822695035461,0.1843971631205673,0.0177304964539007,0.0319148936170212,0.0567375886524822
473,0.1300813008130081,0.1829268292682926,0.0365853658536585,0.0284552845528455,0.032520325203252
474,0.1288659793814432,0.134020618556701,0.0618556701030927,0.0309278350515463,0.0154639175257731
475,0.1054421768707483,0.282312925170068,0.0340136054421768,0.0374149659863945,0.0306122448979591
476,0.112,0.18,0.056,0.028,0.028
477,0.136986301369863,0.2191780821917808,0.0493150684931506,0.0684931506849315,0.0438356164383561
478,0.1273291925465838,0.1956521739130435,0.0496894409937888,0.0341614906832298,0.046583850931677
479,0.1123595505617977,0.1910112359550561,0.0224719101123595,0.0112359550561797,0.0224719101123595
480,0.1034482758620689,0.2068965517241379,0.0344827586206896,0.0344827586206896,0.0344827586206896
481,0.1288343558282208,0.1533742331288343,0.0306748466257668,0.0613496932515337,0.0368098159509202
482,0.1136363636363636,0.125,0.0625,0.0284090909090909,0.0113636363636363
483,0.1135371179039301,0.1790393013100436,0.0349344978165938,0.0174672489082969,0.0305676855895196
484,0.1142857142857142,0.1785714285714285,0.0857142857142857,0.0357142857142857,0.0071428571428571
485,0.1225806451612903,0.1451612903225806,0.0516129032258064,0.032258064516129,0.032258064516129
486,0.0926640926640926,0.1853281853281853,0.0617760617760617,0.0347490347490347,0.0463320463320463
487,0.1798561151079136,0.1474820143884892,0.0323741007194244,0.0863309352517985,0.0683453237410072
488,0.1043165467625899,0.1510791366906475,0.0719424460431654,0.0431654676258992,0.0251798561151079
489,0.1323529411764706,0.1323529411764706,0.0294117647058823,0.0686274509803921,0.0441176470588235
490,0.16,0.12,0.08,0.0,0.02
491,0.1173708920187793,0.1690140845070422,0.0422535211267605,0.0328638497652582,0.0375586854460093
492,0.0953101361573373,0.1951588502269289,0.059001512859304,0.0438729198184568,0.0363086232980332
493,0.1428571428571428,0.1957671957671957,0.0317460317460317,0.0582010582010582,0.0846560846560846
494,0.1829268292682926,0.1646341463414634,0.0182926829268292,0.0670731707317073,0.048780487804878
495,0.1258278145695364,0.1456953642384106,0.0397350993377483,0.0596026490066225,0.0662251655629139
496,0.1180327868852459,0.2098360655737705,0.0721311475409836,0.0360655737704918,0.0196721311475409
497,0.1417910447761194,0.2388059701492537,0.0373134328358208,0.0223880597014925,0.0298507462686567
498,0.0870967741935483,0.2,0.0870967741935483,0.0354838709677419,0.0258064516129032
499,0.1338582677165354,0.1496062992125984,0.0314960629921259,0.0472440944881889,0.0236220472440944
500,0.1140684410646387,0.1520912547528517,0.0684410646387832,0.0494296577946768,0.0570342205323193
501,0.1372031662269129,0.1767810026385224,0.0237467018469656,0.0395778364116095,0.0448548812664907
502,0.1064257028112449,0.180722891566265,0.0502008032128514,0.0441767068273092,0.0582329317269076
503,0.1176470588235294,0.1830065359477124,0.0457516339869281,0.0392156862745098,0.0522875816993464
504,0.1224489795918367,0.1632653061224489,0.0544217687074829,0.0544217687074829,0.0272108843537414
505,0.1532258064516129,0.1935483870967742,0.0,0.0161290322580645,0.0564516129032258
506,0.1290322580645161,0.1684587813620071,0.03584229390681,0.043010752688172,0.025089605734767
507,0.1301369863013698,0.2123287671232876,0.0547945205479452,0.047945205479452,0.0342465753424657
508,0.1277533039647577,0.1732745961820851,0.0748898678414096,0.0513950073421439,0.052863436123348
509,0.1016949152542373,0.192090395480226,0.03954802259887,0.0338983050847457,0.0225988700564971
510,0.1029810298102981,0.2439024390243902,0.051490514905149,0.040650406504065,0.018970189701897
511,0.0940919037199124,0.1881838074398249,0.0547045951859956,0.0547045951859956,0.0284463894967177
512,0.116504854368932,0.1521035598705501,0.0550161812297734,0.0550161812297734,0.058252427184466
513,0.109090909090909,0.2101010101010101,0.0545454545454545,0.0666666666666666,0.0424242424242424
514,0.1087613293051359,0.1873111782477341,0.0543806646525679,0.0332326283987915,0.0513595166163142
515,0.110655737704918,0.1844262295081967,0.0491803278688524,0.040983606557377,0.0368852459016393
516,0.1409691629955947,0.1762114537444934,0.039647577092511,0.0616740088105726,0.0220264317180616
517,0.1238095238095238,0.2031746031746031,0.0507936507936507,0.0349206349206349,0.0634920634920634
518,0.1111111111111111,0.1712962962962963,0.0462962962962962,0.0439814814814814,0.0439814814814814
519,0.1469194312796208,0.1658767772511848,0.0402843601895734,0.0521327014218009,0.0616113744075829
520,0.1263157894736842,0.1957894736842105,0.0484210526315789,0.0526315789473684,0.0484210526315789
521,0.1053719008264462,0.1921487603305785,0.0929752066115702,0.0413223140495867,0.0165289256198347
522,0.1241610738255033,0.1845637583892617,0.0503355704697986,0.046979865771812,0.046979865771812
523,0.1343283582089552,0.1442786069651741,0.0298507462686567,0.0348258706467661,0.0597014925373134
524,0.0890804597701149,0.1695402298850574,0.028735632183908,0.0344827586206896,0.0201149425287356
525,0.1066666666666666,0.1533333333333333,0.0566666666666666,0.0566666666666666,0.06
526,0.1367781155015197,0.1884498480243161,0.0486322188449848,0.0364741641337386,0.060790273556231
527,0.1444444444444444,0.1833333333333333,0.0277777777777777,0.0388888888888888,0.0444444444444444
528,0.1067961165048543,0.174757281553398,0.029126213592233,0.0485436893203883,0.029126213592233
529,0.1400966183574879,0.1690821256038647,0.0241545893719806,0.0531400966183574,0.0821256038647343
530,0.1341991341991342,0.1558441558441558,0.0303030303030303,0.0649350649350649,0.0606060606060606
531,0.1114754098360655,0.1950819672131147,0.0508196721311475,0.0393442622950819,0.0508196721311475
532,0.1675977653631284,0.1731843575418994,0.0446927374301676,0.0558659217877094,0.0391061452513966
533,0.1533333333333333,0.14,0.0266666666666666,0.0466666666666666,0.08
534,0.1019417475728155,0.203883495145631,0.0533980582524271,0.058252427184466,0.0388349514563106
535,0.1387283236994219,0.1907514450867052,0.0635838150289017,0.0346820809248554,0.0289017341040462
536,0.0841584158415841,0.1386138613861386,0.0445544554455445,0.0297029702970297,0.0049504950495049
537,0.0757575757575757,0.1969696969696969,0.0151515151515151,0.0303030303030303,0.0303030303030303
538,0.1469816272965879,0.1601049868766404,0.0603674540682414,0.0682414698162729,0.0314960629921259
539,0.1380846325167037,0.1737193763919821,0.0400890868596882,0.0512249443207126,0.0289532293986636
540,0.1038251366120218,0.1967213114754098,0.0601092896174863,0.0163934426229508,0.0163934426229508
541,0.1666666666666666,0.1578947368421052,0.0175438596491228,0.0350877192982456,0.0087719298245614
542,0.1011450381679389,0.1927480916030534,0.0629770992366412,0.0267175572519083,0.0171755725190839
543,0.1005291005291005,0.1798941798941798,0.037037037037037,0.0317460317460317,0.0105820105820105
544,0.1156716417910447,0.1716417910447761,0.0671641791044776,0.0298507462686567,0.0373134328358208
545,0.1076923076923077,0.1846153846153846,0.0307692307692307,0.023076923076923,0.0461538461538461
546,0.079295154185022,0.2026431718061674,0.0308370044052863,0.0352422907488986,0.0308370044052863
547,0.1045197740112994,0.2005649717514124,0.0480225988700565,0.0169491525423728,0.0169491525423728
548,0.10625,0.1625,0.01875,0.05625,0.03125
549,0.1375358166189111,0.160458452722063,0.0315186246418338,0.0773638968481375,0.0716332378223495
550,0.0973084886128364,0.15527950310559,0.0662525879917184,0.031055900621118,0.0124223602484472
551,0.0666666666666666,0.1515151515151515,0.0545454545454545,0.0121212121212121,0.0181818181818181
552,0.1016042780748663,0.1978609625668449,0.053475935828877,0.0106951871657754,0.0267379679144385
553,0.1061946902654867,0.1769911504424778,0.0265486725663716,0.0442477876106194,0.0176991150442477
554,0.1556122448979592,0.2270408163265306,0.0663265306122449,0.0255102040816326,0.0357142857142857
555,0.0905172413793103,0.1853448275862069,0.0603448275862069,0.021551724137931,0.0043103448275862
556,0.1419753086419753,0.1604938271604938,0.015432098765432,0.0524691358024691,0.0895061728395061
557,0.1666666666666666,0.131578947368421,0.0263157894736842,0.0263157894736842,0.1228070175438596
558,0.1504065040650406,0.2174796747967479,0.0365853658536585,0.0386178861788617,0.0447154471544715
559,0.1111111111111111,0.1574074074074074,0.0185185185185185,0.074074074074074,0.0277777777777777
560,0.1571428571428571,0.2,0.0285714285714285,0.0428571428571428,0.0285714285714285
561,0.0964630225080385,0.1736334405144694,0.067524115755627,0.0257234726688102,0.0096463022508038
562,0.1111111111111111,0.1777777777777777,0.0888888888888888,0.0888888888888888,0.0
563,0.0848484848484848,0.1878787878787878,0.0363636363636363,0.0484848484848484,0.0181818181818181
564,0.0939457202505219,0.1920668058455114,0.0751565762004175,0.0146137787056367,0.022964509394572
565,0.1073446327683615,0.2090395480225988,0.0564971751412429,0.0169491525423728,0.0169491525423728
566,0.1158536585365853,0.1951219512195122,0.0640243902439024,0.0304878048780487,0.0335365853658536
567,0.1148148148148148,0.2,0.0518518518518518,0.0222222222222222,0.0148148148148148
568,0.1447811447811448,0.202020202020202,0.0404040404040404,0.0269360269360269,0.0269360269360269
569,0.1067193675889328,0.2411067193675889,0.0276679841897233,0.0434782608695652,0.0237154150197628
570,0.0886699507389162,0.2019704433497537,0.0147783251231527,0.0295566502463054,0.0147783251231527
571,0.1070063694267516,0.1464968152866242,0.0585987261146496,0.0560509554140127,0.0242038216560509
572,0.1072555205047318,0.1735015772870662,0.0378548895899053,0.028391167192429,0.0220820189274447
573,0.0846153846153846,0.1807692307692307,0.05,0.0307692307692307,0.0461538461538461
574,0.1081081081081081,0.1959459459459459,0.054054054054054,0.0337837837837837,0.0405405405405405
575,0.1150159744408945,0.1309904153354632,0.0383386581469648,0.0383386581469648,0.0798722044728434
576,0.0881355932203389,0.1830508474576271,0.0406779661016949,0.0338983050847457,0.0305084745762711
577,0.1,0.2076923076923077,0.0346153846153846,0.0153846153846153,0.023076923076923
578,0.1371681415929203,0.2345132743362832,0.0486725663716814,0.0442477876106194,0.0398230088495575
579,0.072463768115942,0.144927536231884,0.0579710144927536,0.0144927536231884,0.0
580,0.0923482849604221,0.1688654353562005,0.0738786279683377,0.050131926121372,0.0290237467018469
581,0.1416893732970027,0.1471389645776566,0.0544959128065395,0.0272479564032697,0.0435967302452316
582,0.0595238095238095,0.2619047619047619,0.0238095238095238,0.0,0.0238095238095238
583,0.0923694779116465,0.216867469879518,0.036144578313253,0.0281124497991967,0.0240963855421686
584,0.1028938906752411,0.1623794212218649,0.0819935691318328,0.045016077170418,0.0257234726688102
585,0.1283783783783783,0.1587837837837837,0.0506756756756756,0.0236486486486486,0.0337837837837837
586,0.0588235294117647,0.1176470588235294,0.0588235294117647,0.0,0.0
587,0.0992907801418439,0.202127659574468,0.0567375886524822,0.0319148936170212,0.0496453900709219
588,0.1397849462365591,0.1827956989247312,0.010752688172043,0.032258064516129,0.0806451612903225
589,0.0958904109589041,0.136986301369863,0.0821917808219178,0.0273972602739726,0.0547945205479452
590,0.0923566878980891,0.2133757961783439,0.054140127388535,0.019108280254777,0.0350318471337579
591,0.1026058631921824,0.2361563517915309,0.0456026058631921,0.0325732899022801,0.0423452768729641
592,0.1313131313131313,0.1717171717171717,0.0454545454545454,0.0303030303030303,0.0454545454545454
593,0.1081081081081081,0.1936936936936936,0.063063063063063,0.0315315315315315,0.0315315315315315
594,0.1329341317365269,0.2203592814371257,0.0263473053892215,0.0538922155688622,0.0514970059880239
595,0.150197628458498,0.1739130434782608,0.0237154150197628,0.0395256916996047,0.0395256916996047
596,0.11441647597254,0.1807780320366132,0.0526315789473684,0.0640732265446224,0.0411899313501144
597,0.0371057513914656,0.0742115027829313,0.0074211502782931,0.0166975881261595,0.0055658627087198
598,0.1333333333333333,0.1696969696969697,0.0363636363636363,0.0242424242424242,0.0303030303030303
599,0.0425531914893617,0.2765957446808511,0.0425531914893617,0.0,0.0
600,0.1273885350318471,0.1656050955414012,0.0254777070063694,0.0445859872611464,0.0573248407643312
601,0.09375,0.25,0.03125,0.0,0.03125
602,0.1138211382113821,0.1991869918699187,0.0528455284552845,0.032520325203252,0.024390243902439
603,0.0756578947368421,0.2138157894736842,0.0427631578947368,0.0230263157894736,0.0131578947368421
604,0.0920245398773006,0.1871165644171779,0.0490797546012269,0.0230061349693251,0.0291411042944785
605,0.1075268817204301,0.2365591397849462,0.010752688172043,0.021505376344086,0.021505376344086
606,0.0961538461538461,0.1858974358974359,0.0224358974358974,0.0448717948717948,0.016025641025641
607,0.0798122065727699,0.1784037558685446,0.056338028169014,0.0140845070422535,0.0140845070422535
608,0.1,0.1363636363636363,0.0727272727272727,0.0636363636363636,0.0818181818181818
609,0.1525054466230936,0.1546840958605664,0.0544662309368191,0.0501089324618736,0.0697167755991285
610,0.1076040172166427,0.1664275466284074,0.0502152080344332,0.0301291248206599,0.0301291248206599
611,0.1392045454545454,0.2017045454545454,0.0198863636363636,0.0284090909090909,0.0710227272727272
612,0.1512605042016806,0.1596638655462184,0.0672268907563025,0.0504201680672268,0.042016806722689
613,0.0756013745704467,0.1718213058419244,0.0481099656357388,0.0206185567010309,0.0103092783505154
614,0.1130434782608695,0.1652173913043478,0.0565217391304347,0.0347826086956521,0.0347826086956521
615,0.110062893081761,0.1792452830188679,0.0566037735849056,0.0345911949685534,0.0314465408805031
616,0.1052631578947368,0.1578947368421052,0.0460526315789473,0.0394736842105263,0.0197368421052631
617,0.121580547112462,0.1975683890577507,0.0881458966565349,0.033434650455927,0.0182370820668693
618,0.1382113821138211,0.2439024390243902,0.016260162601626,0.032520325203252,0.040650406504065
619,0.098976109215017,0.1433447098976109,0.0511945392491467,0.0375426621160409,0.0273037542662116
620,0.092511013215859,0.211453744493392,0.0308370044052863,0.0484581497797356,0.0220264317180616
621,0.1176470588235294,0.2107843137254902,0.0196078431372549,0.0,0.0245098039215686
622,0.1475409836065573,0.1926229508196721,0.0532786885245901,0.0491803278688524,0.0532786885245901
623,0.1118881118881118,0.1923076923076923,0.0594405594405594,0.0209790209790209,0.0209790209790209
624,0.1121495327102803,0.1588785046728972,0.0467289719626168,0.02803738317757,0.0654205607476635
625,0.1174863387978142,0.1666666666666666,0.0327868852459016,0.0464480874316939,0.0464480874316939
626,0.1222879684418146,0.2031558185404339,0.0453648915187376,0.0216962524654832,0.0256410256410256
627,0.1335078534031413,0.2041884816753926,0.0235602094240837,0.0340314136125654,0.06282722513089
628,0.1068965517241379,0.1689655172413793,0.0517241379310344,0.0275862068965517,0.0482758620689655
629,0.1287128712871287,0.2227722772277227,0.0445544554455445,0.0297029702970297,0.0495049504950495
630,0.186335403726708,0.1428571428571428,0.0372670807453416,0.031055900621118,0.0993788819875776
631,0.1093247588424437,0.180064308681672,0.0498392282958199,0.0466237942122186,0.0578778135048231
632,0.1225490196078431,0.196078431372549,0.034313725490196,0.0441176470588235,0.0441176470588235
633,0.1058394160583941,0.1733576642335766,0.0602189781021897,0.0291970802919708,0.0291970802919708
634,0.0871369294605809,0.2033195020746888,0.0497925311203319,0.0456431535269709,0.0539419087136929
635,0.122,0.184,0.054,0.04,0.068
636,0.1470588235294117,0.1323529411764706,0.0294117647058823,0.0441176470588235,0.0294117647058823
637,0.1161473087818696,0.1756373937677053,0.0509915014164305,0.0254957507082152,0.0339943342776204
638,0.122778675282714,0.1777059773828756,0.0468497576736672,0.0662358642972536,0.0630048465266559
639,0.1025641025641025,0.2478632478632478,0.0512820512820512,0.0341880341880341,0.0284900284900284
640,0.0988142292490118,0.1936758893280632,0.0434782608695652,0.0316205533596837,0.0197628458498023
641,0.0915032679738562,0.1895424836601307,0.0588235294117647,0.0261437908496732,0.0196078431372549
642,0.119047619047619,0.2142857142857142,0.0625,0.0238095238095238,0.0238095238095238
643,0.1072555205047318,0.1608832807570978,0.1072555205047318,0.0473186119873817,0.0126182965299684
644,0.119047619047619,0.2142857142857142,0.0238095238095238,0.0238095238095238,0.0595238095238095
645,0.087037037037037,0.1981481481481481,0.0629629629629629,0.0351851851851851,0.0222222222222222
646,0.1015037593984962,0.1729323308270676,0.0263157894736842,0.0413533834586466,0.0451127819548872
647,0.1321243523316062,0.1761658031088082,0.0310880829015544,0.0414507772020725,0.0725388601036269
648,0.0935251798561151,0.1546762589928057,0.0287769784172661,0.0359712230215827,0.0179856115107913
649,0.1155555555555555,0.16,0.0488888888888888,0.0488888888888888,0.0177777777777777
650,0.0666666666666666,0.3333333333333333,0.0,0.0666666666666666,0.0666666666666666
651,0.0697674418604651,0.2093023255813953,0.0299003322259136,0.0132890365448504,0.0166112956810631
652,0.1031746031746031,0.2089947089947089,0.0661375661375661,0.037037037037037,0.0423280423280423
653,0.1416666666666666,0.2,0.025,0.0333333333333333,0.0833333333333333
654,0.1034482758620689,0.1896551724137931,0.0517241379310344,0.028735632183908,0.0229885057471264
655,0.0666666666666666,0.1777777777777777,0.0555555555555555,0.0555555555555555,0.0222222222222222
656,0.0958083832335329,0.1497005988023952,0.0119760479041916,0.0179640718562874,0.0239520958083832
657,0.1053719008264462,0.1859504132231405,0.0454545454545454,0.0495867768595041,0.0289256198347107
658,0.1063829787234042,0.202127659574468,0.0319148936170212,0.0319148936170212,0.0372340425531914
659,0.1081081081081081,0.1594594594594594,0.0621621621621621,0.0351351351351351,0.0243243243243243
660,0.0947368421052631,0.1789473684210526,0.0421052631578947,0.031578947368421,0.0631578947368421
661,0.1031390134529148,0.2062780269058296,0.0224215246636771,0.0448430493273542,0.0493273542600896
662,0.1293103448275862,0.1637931034482758,0.0402298850574712,0.0258620689655172,0.028735632183908
663,0.1379310344827586,0.1877394636015325,0.0114942528735632,0.053639846743295,0.0344827586206896
664,0.1390728476821192,0.1390728476821192,0.0264900662251655,0.0596026490066225,0.0463576158940397
665,0.0928270042194092,0.1940928270042194,0.0611814345991561,0.0421940928270042,0.040084388185654
666,0.12,0.1644444444444444,0.0488888888888888,0.04,0.0444444444444444
667,0.087378640776699,0.1974110032362459,0.0420711974110032,0.0323624595469255,0.0161812297734627
668,0.1076923076923077,0.163076923076923,0.0984615384615384,0.0276923076923076,0.0246153846153846
669,0.1145610278372591,0.2173447537473233,0.0578158458244111,0.0524625267665952,0.0214132762312633
670,0.075,0.11875,0.025,0.01875,0.05
671,0.0928961748633879,0.1666666666666666,0.0792349726775956,0.0464480874316939,0.0300546448087431
672,0.073170731707317,0.1184668989547038,0.0522648083623693,0.0139372822299651,0.0034843205574912
673,0.1058823529411764,0.1803921568627451,0.0549019607843137,0.0392156862745098,0.0549019607843137
674,0.0584905660377358,0.2018867924528302,0.060377358490566,0.020754716981132,0.0188679245283018
675,0.1299638989169675,0.151624548736462,0.0288808664259927,0.0722021660649819,0.0469314079422382
676,0.0891472868217054,0.1821705426356589,0.0620155038759689,0.0426356589147286,0.0387596899224806
677,0.1057692307692307,0.1538461538461538,0.048076923076923,0.0384615384615384,0.0384615384615384
678,0.1056338028169014,0.176056338028169,0.0774647887323943,0.0492957746478873,0.0422535211267605
679,0.135593220338983,0.1412429378531073,0.0903954802259887,0.0169491525423728,0.03954802259887
680,0.1292775665399239,0.1634980988593156,0.0380228136882129,0.0646387832699619,0.0342205323193916
681,0.119047619047619,0.2083333333333333,0.0476190476190476,0.0178571428571428,0.0297619047619047
682,0.1242603550295858,0.1124260355029585,0.059171597633136,0.0473372781065088,0.029585798816568
683,0.0786516853932584,0.1629213483146067,0.0224719101123595,0.0224719101123595,0.0280898876404494
684,0.1576086956521739,0.2228260869565217,0.0489130434782608,0.0434782608695652,0.0217391304347826
685,0.1268436578171091,0.1622418879056047,0.0855457227138643,0.0471976401179941,0.0206489675516224
686,0.1171875,0.21875,0.0390625,0.0234375,0.015625
687,0.1253012048192771,0.2024096385542168,0.0602409638554216,0.0385542168674698,0.0289156626506024
688,0.1158536585365853,0.1524390243902439,0.024390243902439,0.0182926829268292,0.0304878048780487
689,0.1069182389937107,0.1509433962264151,0.0377358490566037,0.050314465408805,0.0314465408805031
690,0.1171171171171171,0.1981981981981982,0.045045045045045,0.027027027027027,0.081081081081081
691,0.11,0.2033333333333333,0.0533333333333333,0.04,0.0266666666666666
692,0.1054313099041533,0.2268370607028754,0.0351437699680511,0.0351437699680511,0.0159744408945686
693,0.1012658227848101,0.1856540084388185,0.0464135021097046,0.0168776371308016,0.0379746835443038
694,0.1028368794326241,0.1702127659574468,0.0709219858156028,0.0319148936170212,0.0212765957446808
695,0.1063829787234042,0.2234042553191489,0.0585106382978723,0.0106382978723404,0.0159574468085106
696,0.095617529880478,0.2151394422310757,0.0358565737051792,0.0358565737051792,0.0199203187250996
698,0.1393034825870646,0.2039800995024875,0.0497512437810945,0.0398009950248756,0.044776119402985
699,0.1071428571428571,0.1785714285714285,0.0714285714285714,0.0277777777777777,0.0317460317460317
700,0.1022222222222222,0.1688888888888889,0.0488888888888888,0.0177777777777777,0.0355555555555555
701,0.1428571428571428,0.1925465838509316,0.0124223602484472,0.031055900621118,0.0248447204968944
702,0.1157407407407407,0.1527777777777778,0.0416666666666666,0.0462962962962962,0.0555555555555555
703,0.0930232558139534,0.2325581395348837,0.055813953488372,0.0372093023255813,0.0232558139534883
704,0.0841121495327102,0.2274143302180685,0.0311526479750778,0.0404984423676012,0.0062305295950155
705,0.0727272727272727,0.1909090909090909,0.0545454545454545,0.0272727272727272,0.009090909090909
706,0.104337631887456,0.2309495896834701,0.0726846424384525,0.0586166471277842,0.0269636576787807
707,0.1253333333333333,0.1946666666666666,0.056,0.0533333333333333,0.056
708,0.0949720670391061,0.1508379888268156,0.0726256983240223,0.0502793296089385,0.0614525139664804
709,0.1203703703703703,0.1728395061728395,0.0555555555555555,0.0092592592592592,0.0277777777777777
710,0.1014492753623188,0.1884057971014492,0.0893719806763285,0.038647342995169,0.0314009661835748
711,0.0539215686274509,0.1568627450980392,0.034313725490196,0.0637254901960784,0.1078431372549019
712,0.1156069364161849,0.1907514450867052,0.0404624277456647,0.0289017341040462,0.0057803468208092
713,0.1308900523560209,0.1780104712041884,0.0575916230366492,0.0418848167539267,0.031413612565445
714,0.1100323624595469,0.2233009708737864,0.0938511326860841,0.0226537216828478,0.0226537216828478
715,0.1227272727272727,0.1727272727272727,0.0545454545454545,0.009090909090909,0.0318181818181818
716,0.1223404255319148,0.1808510638297872,0.0319148936170212,0.0319148936170212,0.026595744680851
717,0.115473441108545,0.1547344110854503,0.0831408775981524,0.0438799076212471,0.023094688221709
718,0.075187969924812,0.2030075187969924,0.0601503759398496,0.0150375939849624,0.0150375939849624
719,0.1124497991967871,0.2088353413654618,0.0522088353413654,0.0602409638554216,0.0160642570281124
720,0.09366391184573,0.1542699724517906,0.0771349862258953,0.0275482093663911,0.0082644628099173
721,0.0933014354066985,0.200956937799043,0.0933014354066985,0.0334928229665071,0.0191387559808612
722,0.1292517006802721,0.1768707482993197,0.0544217687074829,0.0340136054421768,0.0272108843537414
723,0.1107954545454545,0.1761363636363636,0.0568181818181818,0.034090909090909,0.0198863636363636
724,0.1,0.19,0.025,0.02,0.03
725,0.1235955056179775,0.1535580524344569,0.0524344569288389,0.0262172284644194,0.0112359550561797
726,0.0969162995594713,0.1541850220264317,0.0308370044052863,0.0352422907488986,0.0220264317180616
727,0.1288343558282208,0.1779141104294478,0.0368098159509202,0.0368098159509202,0.0613496932515337
728,0.1021021021021021,0.1951951951951951,0.021021021021021,0.033033033033033,0.045045045045045
729,0.1143958868894601,0.2082262210796915,0.0629820051413881,0.0462724935732647,0.0424164524421593
730,0.0735294117647058,0.2450980392156862,0.034313725490196,0.034313725490196,0.0196078431372549
731,0.0932642487046632,0.2085492227979274,0.044041450777202,0.0401554404145077,0.0259067357512953
732,0.1463414634146341,0.1780487804878048,0.0560975609756097,0.048780487804878,0.0609756097560975
733,0.1674641148325359,0.1626794258373205,0.0574162679425837,0.0717703349282296,0.0526315789473684
734,0.1216216216216216,0.1351351351351351,0.0513513513513513,0.0459459459459459,0.0351351351351351
735,0.1212121212121212,0.1717171717171717,0.0404040404040404,0.0378787878787878,0.0303030303030303
736,0.1139705882352941,0.1544117647058823,0.0514705882352941,0.0625,0.0220588235294117
737,0.0953545232273838,0.2151589242053789,0.0586797066014669,0.0293398533007334,0.0171149144254278
738,0.1648351648351648,0.1794871794871795,0.0219780219780219,0.0439560439560439,0.0439560439560439
739,0.0966183574879227,0.178743961352657,0.072463768115942,0.0434782608695652,0.0289855072463768
740,0.1286307053941908,0.2033195020746888,0.0207468879668049,0.0663900414937759,0.0539419087136929
741,0.1053864168618267,0.1475409836065573,0.0608899297423887,0.0398126463700234,0.0398126463700234
742,0.1656441717791411,0.1288343558282208,0.0306748466257668,0.0061349693251533,0.0797546012269938
743,0.1015625,0.15625,0.046875,0.03125,0.03125
744,0.1164021164021164,0.1957671957671957,0.0582010582010582,0.0423280423280423,0.0264550264550264
745,0.1316872427983539,0.2016460905349794,0.0823045267489712,0.0246913580246913,0.0082304526748971
746,0.1314741035856573,0.147410358565737,0.0239043824701195,0.0717131474103585,0.0557768924302788
747,0.0952380952380952,0.2222222222222222,0.0317460317460317,0.0476190476190476,0.0555555555555555
748,0.125,0.1875,0.065,0.0275,0.0325
749,0.1168831168831168,0.1645021645021645,0.0216450216450216,0.0432900432900432,0.0389610389610389
750,0.1059782608695652,0.1847826086956521,0.0652173913043478,0.0244565217391304,0.0081521739130434
751,0.0777777777777777,0.2407407407407407,0.0851851851851851,0.0259259259259259,0.0074074074074074
752,0.1136363636363636,0.1666666666666666,0.053030303030303,0.0378787878787878,0.0681818181818181
753,0.1241610738255033,0.174496644295302,0.0402684563758389,0.046979865771812,0.0402684563758389
754,0.1105610561056105,0.1567656765676567,0.0429042904290429,0.0165016501650165,0.0297029702970297
755,0.1263157894736842,0.2,0.031578947368421,0.0421052631578947,0.0210526315789473
756,0.1215469613259668,0.1685082872928177,0.080110497237569,0.0359116022099447,0.0138121546961325
757,0.0963855421686747,0.180722891566265,0.0602409638554216,0.0391566265060241,0.0240963855421686
758,0.1124401913875598,0.1818181818181818,0.0334928229665071,0.0215311004784689,0.0311004784688995
759,0.1050228310502283,0.182648401826484,0.045662100456621,0.0319634703196347,0.0205479452054794
760,0.1354166666666666,0.1041666666666666,0.03125,0.0520833333333333,0.0416666666666666
761,0.0945273631840796,0.1741293532338308,0.0348258706467661,0.0298507462686567,0.0398009950248756
762,0.1167883211678832,0.2262773722627737,0.0583941605839416,0.0291970802919708,0.0
763,0.1048387096774193,0.1935483870967742,0.064516129032258,0.032258064516129,0.0241935483870967
764,0.120253164556962,0.1930379746835443,0.0632911392405063,0.050632911392405,0.0569620253164556
765,0.1216216216216216,0.1891891891891892,0.054054054054054,0.0405405405405405,0.045045045045045
766,0.093167701863354,0.1987577639751552,0.0186335403726708,0.0248447204968944,0.0186335403726708
767,0.1306306306306306,0.2387387387387387,0.036036036036036,0.018018018018018,0.027027027027027
768,0.1372549019607843,0.1764705882352941,0.0686274509803921,0.0294117647058823,0.0392156862745098
769,0.1323529411764706,0.1911764705882352,0.0588235294117647,0.0294117647058823,0.0735294117647058
770,0.1244444444444444,0.1466666666666666,0.0622222222222222,0.04,0.0088888888888888
771,0.0909090909090909,0.1818181818181818,0.0389610389610389,0.0259740259740259,0.0259740259740259
772,0.0693069306930693,0.198019801980198,0.0099009900990099,0.0594059405940594,0.0198019801980198
773,0.1239892183288409,0.1644204851752021,0.045822102425876,0.0296495956873315,0.0296495956873315
774,0.1234042553191489,0.1957446808510638,0.025531914893617,0.025531914893617,0.0468085106382978
775,0.0933333333333333,0.1666666666666666,0.0733333333333333,0.0733333333333333,0.02
776,0.1259842519685039,0.2047244094488189,0.0314960629921259,0.0157480314960629,0.0393700787401574
777,0.1379310344827586,0.2327586206896551,0.0344827586206896,0.0172413793103448,0.0603448275862069
778,0.1243243243243243,0.1621621621621621,0.0324324324324324,0.0756756756756756,0.0216216216216216
779,0.0821256038647343,0.144927536231884,0.0434782608695652,0.0289855072463768,0.0241545893719806
780,0.1216216216216216,0.2195945945945946,0.0641891891891891,0.0202702702702702,0.0304054054054054
781,0.106060606060606,0.1861471861471861,0.0909090909090909,0.0194805194805194,0.0086580086580086
782,0.115,0.17,0.065,0.07,0.02
783,0.1325301204819277,0.1746987951807229,0.036144578313253,0.0963855421686747,0.072289156626506
784,0.1330275229357798,0.1697247706422018,0.036697247706422,0.0458715596330275,0.036697247706422
785,0.1077441077441077,0.2087542087542087,0.0841750841750841,0.0303030303030303,0.0134680134680134
786,0.1129943502824858,0.2203389830508474,0.0677966101694915,0.0282485875706214,0.0225988700564971
787,0.0697674418604651,0.1705426356589147,0.0775193798449612,0.0232558139534883,0.0155038759689922
788,0.1379310344827586,0.1034482758620689,0.0,0.0,0.0344827586206896
789,0.0714285714285714,0.1785714285714285,0.0535714285714285,0.0267857142857142,0.0178571428571428
790,0.1025641025641025,0.1602564102564102,0.0705128205128205,0.0448717948717948,0.0448717948717948
791,0.1330472103004291,0.1330472103004291,0.0300429184549356,0.03862660944206,0.055793991416309
792,0.140625,0.2265625,0.0625,0.046875,0.03125
793,0.1264916467780429,0.162291169451074,0.0501193317422434,0.0477326968973747,0.035799522673031
794,0.0928961748633879,0.2185792349726776,0.0655737704918032,0.0437158469945355,0.0218579234972677
795,0.0929368029739776,0.1561338289962825,0.0297397769516728,0.0557620817843866,0.0185873605947955
796,0.1069958847736625,0.1316872427983539,0.0946502057613168,0.0246913580246913,0.0452674897119341
797,0.1162790697674418,0.1813953488372093,0.0744186046511627,0.0232558139534883,0.0186046511627906
798,0.0962962962962963,0.1814814814814815,0.0407407407407407,0.0407407407407407,0.0703703703703703
799,0.0483870967741935,0.064516129032258,0.0403225806451612,0.0241935483870967,0.0241935483870967
800,0.125,0.1527777777777778,0.0486111111111111,0.0486111111111111,0.0902777777777777
801,0.1173469387755102,0.1683673469387755,0.010204081632653,0.0255102040816326,0.0204081632653061
802,0.09009009009009,0.2252252252252252,0.036036036036036,0.009009009009009,0.009009009009009
803,0.0974358974358974,0.1948717948717948,0.0205128205128205,0.0307692307692307,0.0205128205128205
804,0.1192307692307692,0.1346153846153846,0.0846153846153846,0.0423076923076923,0.0115384615384615
805,0.1401869158878504,0.0934579439252336,0.02803738317757,0.0186915887850467,0.0560747663551401
806,0.0857142857142857,0.2095238095238095,0.0380952380952381,0.0428571428571428,0.0142857142857142
807,0.12,0.21,0.07,0.04,0.035
808,0.1243243243243243,0.1648648648648648,0.0378378378378378,0.0351351351351351,0.0162162162162162
809,0.1300813008130081,0.1544715447154471,0.040650406504065,0.024390243902439,0.048780487804878
810,0.1333333333333333,0.225,0.0083333333333333,0.025,0.0
811,0.1064425770308123,0.1988795518207282,0.0476190476190476,0.0196078431372549,0.0168067226890756
812,0.1007462686567164,0.2014925373134328,0.0410447761194029,0.0335820895522388,0.0111940298507462
813,0.1009174311926605,0.2110091743119266,0.0275229357798165,0.0458715596330275,0.0458715596330275
814,0.1022727272727272,0.1893939393939394,0.0984848484848484,0.0378787878787878,0.0075757575757575
815,0.108695652173913,0.1666666666666666,0.0072463768115942,0.0217391304347826,0.0289855072463768
816,0.088,0.16,0.016,0.04,0.016
817,0.1174603174603174,0.1587301587301587,0.0412698412698412,0.0571428571428571,0.0539682539682539
818,0.0684647302904564,0.2344398340248962,0.0663900414937759,0.0269709543568464,0.0435684647302904
819,0.0916666666666666,0.15,0.0333333333333333,0.0083333333333333,0.0416666666666666
820,0.1532258064516129,0.1801075268817204,0.0591397849462365,0.0376344086021505,0.0456989247311828
821,0.0683760683760683,0.1709401709401709,0.1111111111111111,0.0427350427350427,0.0
822,0.0902255639097744,0.1804511278195488,0.075187969924812,0.0225563909774436,0.0075187969924812
823,0.0649350649350649,0.0995670995670995,0.0346320346320346,0.0476190476190476,0.0129870129870129
824,0.128440366972477,0.2660550458715596,0.036697247706422,0.0642201834862385,0.036697247706422
825,0.1197411003236245,0.1682847896440129,0.0679611650485436,0.0226537216828478,0.0097087378640776
826,0.0921985815602836,0.2056737588652482,0.0283687943262411,0.0354609929078014,0.0212765957446808
827,0.1230283911671924,0.1545741324921135,0.056782334384858,0.0189274447949526,0.0189274447949526
828,0.1207430340557275,0.1826625386996904,0.0619195046439628,0.0185758513931888,0.0123839009287925
829,0.1007957559681697,0.1830238726790451,0.0742705570291777,0.0424403183023872,0.0238726790450928
830,0.0689655172413793,0.1954022988505747,0.0804597701149425,0.0229885057471264,0.0229885057471264
831,0.109090909090909,0.1781818181818182,0.0581818181818181,0.0436363636363636,0.029090909090909
832,0.149812734082397,0.1760299625468165,0.0262172284644194,0.0299625468164794,0.0561797752808988
833,0.1111111111111111,0.1919191919191919,0.0404040404040404,0.0303030303030303,0.0202020202020202
834,0.1388888888888889,0.2129629629629629,0.0462962962962962,0.0185185185185185,0.0462962962962962
835,0.0979020979020979,0.1923076923076923,0.0751748251748251,0.0192307692307692,0.0244755244755244
836,0.0911016949152542,0.1610169491525423,0.0720338983050847,0.0402542372881355,0.0275423728813559
837,0.1625,0.1833333333333333,0.0375,0.0416666666666666,0.05
838,0.0941558441558441,0.1655844155844155,0.0974025974025974,0.0324675324675324,0.0324675324675324
839,0.096551724137931,0.1310344827586207,0.0413793103448275,0.0413793103448275,0.0241379310344827
840,0.0853658536585365,0.1951219512195122,0.056910569105691,0.040650406504065,0.008130081300813
841,0.1071428571428571,0.1875,0.0267857142857142,0.0267857142857142,0.0178571428571428
842,0.1333333333333333,0.1333333333333333,0.0666666666666666,0.0166666666666666,0.0
843,0.1102362204724409,0.1417322834645669,0.0314960629921259,0.0236220472440944,0.0314960629921259
844,0.0982142857142857,0.1696428571428571,0.0625,0.0357142857142857,0.0446428571428571
845,0.0905511811023622,0.2007874015748031,0.0511811023622047,0.0511811023622047,0.0196850393700787
846,0.1179673321234119,0.176043557168784,0.0381125226860254,0.0344827586206896,0.0199637023593466
847,0.1081081081081081,0.2477477477477477,0.036036036036036,0.045045045045045,0.018018018018018
848,0.1301115241635687,0.1226765799256505,0.0446096654275092,0.0483271375464684,0.0223048327137546
849,0.110091743119266,0.1834862385321101,0.0779816513761468,0.036697247706422,0.0045871559633027
850,0.1173469387755102,0.173469387755102,0.1122448979591836,0.0306122448979591,0.0255102040816326
851,0.1314285714285714,0.1542857142857142,0.0514285714285714,0.0171428571428571,0.0228571428571428
852,0.0489510489510489,0.1888111888111888,0.0629370629370629,0.0209790209790209,0.0
853,0.1264044943820224,0.2050561797752809,0.0505617977528089,0.0112359550561797,0.0196629213483146
854,0.0843881856540084,0.1983122362869198,0.0675105485232067,0.0464135021097046,0.0042194092827004
855,0.0864197530864197,0.1728395061728395,0.0246913580246913,0.0246913580246913,0.0061728395061728
856,0.1395348837209302,0.1860465116279069,0.0174418604651162,0.0465116279069767,0.0465116279069767
857,0.1363636363636363,0.1969696969696969,0.0606060606060606,0.0454545454545454,0.0
858,0.1322314049586777,0.2038567493112947,0.0330578512396694,0.0303030303030303,0.0606060606060606
859,0.1034482758620689,0.2,0.0896551724137931,0.0413793103448275,0.0068965517241379
860,0.1436170212765957,0.175531914893617,0.0425531914893617,0.0159574468085106,0.0212765957446808
861,0.0580912863070539,0.1742738589211618,0.0497925311203319,0.0248962655601659,0.0041493775933609
862,0.0984455958549222,0.2124352331606217,0.0518134715025906,0.0207253886010362,0.0155440414507772
863,0.0747126436781609,0.2126436781609195,0.0862068965517241,0.0172413793103448,0.0402298850574712
864,0.1435643564356435,0.2277227722772277,0.0396039603960396,0.0346534653465346,0.0346534653465346
865,0.0898203592814371,0.1616766467065868,0.0479041916167664,0.029940119760479,0.029940119760479
866,0.1059063136456211,0.2036659877800407,0.0488798370672097,0.0366598778004073,0.0427698574338085
867,0.1377245508982036,0.1796407185628742,0.0479041916167664,0.0419161676646706,0.029940119760479
868,0.1522842639593908,0.1928934010152284,0.0101522842639593,0.0507614213197969,0.0456852791878172
869,0.1628959276018099,0.1990950226244343,0.0361990950226244,0.0407239819004524,0.0588235294117647
870,0.1304347826086956,0.1987577639751552,0.0496894409937888,0.0124223602484472,0.031055900621118
871,0.1302931596091205,0.1986970684039088,0.0586319218241042,0.0456026058631921,0.009771986970684
872,0.0952380952380952,0.1836734693877551,0.0340136054421768,0.0408163265306122,0.0272108843537414
873,0.1136363636363636,0.1704545454545454,0.0454545454545454,0.0454545454545454,0.0
874,0.0990990990990991,0.2372372372372372,0.039039039039039,0.033033033033033,0.039039039039039
875,0.1034482758620689,0.2155172413793103,0.021551724137931,0.043103448275862,0.0474137931034482
876,0.1134564643799472,0.1688654353562005,0.0554089709762532,0.0263852242744063,0.021108179419525
877,0.1118012422360248,0.2111801242236025,0.0496894409937888,0.0434782608695652,0.0124223602484472
878,0.1623376623376623,0.1233766233766233,0.0389610389610389,0.0454545454545454,0.0974025974025974
879,0.1040723981900452,0.1945701357466063,0.0542986425339366,0.0271493212669683,0.0135746606334841
880,0.1103448275862069,0.2275862068965517,0.0206896551724137,0.0275862068965517,0.0206896551724137
881,0.1233480176211453,0.1938325991189427,0.0308370044052863,0.0220264317180616,0.0220264317180616
882,0.0697674418604651,0.1976744186046511,0.0,0.0,0.0
883,0.1219512195121951,0.1707317073170731,0.048780487804878,0.0670731707317073,0.0365853658536585
884,0.0909090909090909,0.1818181818181818,0.0909090909090909,0.0303030303030303,0.0303030303030303
885,0.102866779089376,0.2006745362563237,0.0370994940978077,0.026981450252951,0.0219224283305227
886,0.102803738317757,0.1962616822429906,0.0560747663551401,0.0373831775700934,0.0186915887850467
887,0.140625,0.2109375,0.0390625,0.0390625,0.015625
888,0.1291390728476821,0.1688741721854304,0.0231788079470198,0.0529801324503311,0.0629139072847682
889,0.116591928251121,0.1748878923766816,0.0515695067264574,0.0358744394618834,0.0426008968609865
890,0.0875,0.2,0.05625,0.025,0.04375
891,0.0927419354838709,0.1733870967741935,0.0443548387096774,0.0161290322580645,0.0120967741935483
892,0.1264367816091954,0.1494252873563218,0.0402298850574712,0.057471264367816,0.0229885057471264
893,0.1282051282051282,0.2179487179487179,0.0576923076923076,0.0384615384615384,0.0128205128205128
894,0.0762711864406779,0.211864406779661,0.0338983050847457,0.0381355932203389,0.0211864406779661
895,0.1452991452991453,0.1581196581196581,0.0256410256410256,0.0641025641025641,0.0982905982905982
896,0.1428571428571428,0.1696428571428571,0.0446428571428571,0.0714285714285714,0.0178571428571428
897,0.1039823008849557,0.1991150442477876,0.0420353982300885,0.0464601769911504,0.0265486725663716
898,0.1507936507936507,0.1468253968253968,0.0396825396825396,0.0476190476190476,0.1071428571428571
899,0.1221374045801526,0.1412213740458015,0.0267175572519083,0.0610687022900763,0.0381679389312977
900,0.0914454277286135,0.1769911504424778,0.079646017699115,0.0501474926253687,0.0324483775811209
901,0.0526315789473684,0.2105263157894736,0.0263157894736842,0.0263157894736842,0.0
902,0.1274787535410765,0.1954674220963173,0.0708215297450425,0.0481586402266288,0.036827195467422
903,0.1130268199233716,0.2030651340996168,0.057471264367816,0.0383141762452107,0.0478927203065134
904,0.0917874396135265,0.2028985507246377,0.0338164251207729,0.0289855072463768,0.0434782608695652
905,0.135593220338983,0.1440677966101695,0.0211864406779661,0.059322033898305,0.0169491525423728
906,0.094017094017094,0.1965811965811965,0.0341880341880341,0.0427350427350427,0.017094017094017
907,0.165079365079365,0.1894179894179894,0.0507936507936507,0.0656084656084656,0.0835978835978836
908,0.1461794019933555,0.2126245847176079,0.0265780730897009,0.0564784053156146,0.0697674418604651
909,0.1260504201680672,0.1260504201680672,0.0252100840336134,0.0504201680672268,0.0168067226890756
910,0.0926829268292682,0.1951219512195122,0.0390243902439024,0.024390243902439,0.024390243902439
911,0.109090909090909,0.2181818181818181,0.0545454545454545,0.0545454545454545,0.0363636363636363
912,0.1333333333333333,0.2142857142857142,0.0285714285714285,0.0238095238095238,0.0428571428571428
913,0.0945945945945946,0.1711711711711711,0.045045045045045,0.045045045045045,0.0315315315315315
914,0.1148036253776435,0.1722054380664652,0.0422960725075528,0.0302114803625377,0.0543806646525679
915,0.145,0.155,0.065,0.065,0.06
916,0.1455026455026455,0.1904761904761904,0.0238095238095238,0.0396825396825396,0.0291005291005291
917,0.1450381679389313,0.183206106870229,0.015267175572519,0.0458015267175572,0.0305343511450381
918,0.1506024096385542,0.216867469879518,0.0180722891566265,0.036144578313253,0.0421686746987951
919,0.088235294117647,0.1911764705882352,0.0147058823529411,0.0294117647058823,0.0294117647058823
920,0.1052631578947368,0.1894736842105263,0.0245614035087719,0.0491228070175438,0.0245614035087719
921,0.1045751633986928,0.1830065359477124,0.0718954248366013,0.0392156862745098,0.0261437908496732
922,0.0979020979020979,0.1468531468531468,0.0349650349650349,0.0559440559440559,0.0349650349650349
923,0.1061946902654867,0.1592920353982301,0.0265486725663716,0.0575221238938053,0.0353982300884955
924,0.1415525114155251,0.1689497716894977,0.0593607305936073,0.0319634703196347,0.0273972602739726
925,0.1111111111111111,0.2222222222222222,0.0505050505050505,0.0202020202020202,0.0
926,0.0769230769230769,0.2087912087912088,0.0659340659340659,0.0109890109890109,0.0
927,0.1143984220907297,0.2268244575936883,0.0631163708086785,0.0473372781065088,0.039447731755424
928,0.1374045801526717,0.1908396946564885,0.0458015267175572,0.0381679389312977,0.0305343511450381
929,0.0938967136150234,0.204225352112676,0.0586854460093896,0.0422535211267605,0.0328638497652582
930,0.0784313725490196,0.2156862745098039,0.0784313725490196,0.0196078431372549,0.0196078431372549
931,0.1170212765957446,0.1737588652482269,0.0177304964539007,0.0425531914893617,0.0177304964539007
932,0.1276150627615062,0.1966527196652719,0.0355648535564853,0.0523012552301255,0.0376569037656903
933,0.128668171557562,0.1557562076749435,0.0496613995485327,0.0361173814898419,0.0293453724604966
934,0.1310344827586207,0.2137931034482758,0.0,0.0275862068965517,0.0206896551724137
935,0.1512915129151291,0.1291512915129151,0.014760147601476,0.051660516605166,0.059040590405904
936,0.13125,0.20625,0.04375,0.03125,0.0125
937,0.1639344262295081,0.1693989071038251,0.0437158469945355,0.0546448087431694,0.0655737704918032
938,0.1282051282051282,0.188034188034188,0.0256410256410256,0.0,0.0256410256410256
939,0.081081081081081,0.2162162162162162,0.027027027027027,0.081081081081081,0.054054054054054
940,0.1116751269035533,0.2233502538071066,0.0812182741116751,0.0050761421319796,0.0050761421319796
941,0.1428571428571428,0.1623376623376623,0.0974025974025974,0.0584415584415584,0.0259740259740259
942,0.140625,0.21875,0.0390625,0.0390625,0.03125
943,0.1342857142857142,0.1485714285714285,0.0514285714285714,0.04,0.0685714285714285
944,0.1904761904761904,0.238095238095238,0.0,0.0,0.0
945,0.1203319502074688,0.1659751037344398,0.0746887966804979,0.0082987551867219,0.0456431535269709
946,0.1125827814569536,0.2119205298013245,0.0198675496688741,0.0066225165562913,0.0066225165562913
947,0.125,0.1666666666666666,0.0347222222222222,0.0694444444444444,0.0416666666666666
948,0.0972222222222222,0.1736111111111111,0.0208333333333333,0.1111111111111111,0.0208333333333333
949,0.1103448275862069,0.1724137931034483,0.0827586206896551,0.0172413793103448,0.0206896551724137
950,0.0990990990990991,0.1801801801801801,0.054054054054054,0.036036036036036,0.036036036036036
951,0.1255230125523012,0.1589958158995816,0.0418410041841004,0.0209205020920502,0.0460251046025104
952,0.1030042918454935,0.1759656652360515,0.0815450643776824,0.0171673819742489,0.0042918454935622
953,0.1830985915492957,0.1408450704225352,0.0633802816901408,0.0492957746478873,0.0915492957746478
954,0.1319796954314721,0.233502538071066,0.0203045685279187,0.0710659898477157,0.0304568527918781
955,0.0907029478458049,0.2335600907029478,0.0997732426303854,0.0498866213151927,0.0476190476190476
956,0.0717948717948717,0.1692307692307692,0.0564102564102564,0.0512820512820512,0.0
957,0.1297297297297297,0.1837837837837838,0.0324324324324324,0.027027027027027,0.0378378378378378
958,0.2413793103448276,0.1724137931034483,0.0344827586206896,0.0344827586206896,0.0
959,0.1074249605055292,0.2148499210110584,0.0947867298578199,0.0268562401263823,0.0205371248025276
960,0.1372549019607843,0.130718954248366,0.0457516339869281,0.0392156862745098,0.0849673202614379
961,0.0681818181818181,0.2272727272727272,0.0454545454545454,0.0,0.0227272727272727
962,0.1022222222222222,0.2,0.0266666666666666,0.0177777777777777,0.0311111111111111
963,0.1135135135135135,0.2027027027027027,0.0513513513513513,0.0243243243243243,0.0513513513513513
964,0.0952380952380952,0.2023809523809523,0.0198412698412698,0.0436507936507936,0.0476190476190476
965,0.1257485029940119,0.1976047904191616,0.0419161676646706,0.0119760479041916,0.0419161676646706
966,0.1268292682926829,0.2048780487804878,0.0439024390243902,0.0341463414634146,0.024390243902439
967,0.0776699029126213,0.203883495145631,0.0485436893203883,0.0485436893203883,0.0194174757281553
968,0.12,0.12,0.088,0.04,0.056
969,0.1125,0.215,0.0775,0.06,0.0425
970,0.1437125748502994,0.2095808383233532,0.0479041916167664,0.0179640718562874,0.0239520958083832
971,0.1191860465116279,0.191860465116279,0.0203488372093023,0.0232558139534883,0.0232558139534883
972,0.0838323353293413,0.1616766467065868,0.0479041916167664,0.0359281437125748,0.0359281437125748
973,0.1614583333333333,0.15625,0.0104166666666666,0.0625,0.0364583333333333
974,0.1097560975609756,0.2073170731707317,0.0548780487804878,0.0426829268292682,0.0060975609756097
975,0.1167108753315649,0.2068965517241379,0.0557029177718832,0.053050397877984,0.0450928381962864
976,0.1195652173913043,0.1956521739130435,0.0815217391304347,0.0380434782608695,0.0326086956521739
977,0.108433734939759,0.1927710843373494,0.036144578313253,0.0240963855421686,0.0180722891566265
978,0.2,0.15,0.0,0.0,0.1
979,0.1195652173913043,0.1739130434782608,0.0543478260869565,0.0217391304347826,0.0398550724637681
980,0.1458333333333333,0.1909722222222222,0.0451388888888888,0.0590277777777777,0.0798611111111111
981,0.1085271317829457,0.2170542635658914,0.0232558139534883,0.0232558139534883,0.0310077519379844
982,0.0993377483443708,0.1986754966887417,0.0397350993377483,0.0132450331125827,0.0198675496688741
983,0.1336405529953917,0.152073732718894,0.0138248847926267,0.0230414746543778,0.0691244239631336
984,0.1038062283737024,0.1764705882352941,0.0519031141868512,0.0103806228373702,0.0173010380622837
985,0.1224489795918367,0.2244897959183673,0.0748299319727891,0.0136054421768707,0.0204081632653061
986,0.1428571428571428,0.1512605042016806,0.0462184873949579,0.0336134453781512,0.0714285714285714
987,0.1176470588235294,0.1722689075630252,0.0336134453781512,0.042016806722689,0.0042016806722689
988,0.1339712918660287,0.2344497607655502,0.0430622009569378,0.0334928229665071,0.0239234449760765
989,0.0607734806629834,0.1988950276243093,0.0276243093922651,0.0386740331491712,0.0220994475138121
990,0.1869918699186991,0.2113821138211382,0.040650406504065,0.032520325203252,0.024390243902439
991,0.0756013745704467,0.2199312714776632,0.0893470790378006,0.0309278350515463,0.0309278350515463
992,0.1058201058201058,0.1851851851851851,0.0529100529100529,0.0264550264550264,0.0317460317460317
993,0.1157024793388429,0.1487603305785124,0.0330578512396694,0.024793388429752,0.0330578512396694
994,0.1125,0.225,0.0625,0.0125,0.0375
995,0.1229946524064171,0.213903743315508,0.0427807486631016,0.0106951871657754,0.0481283422459893
996,0.0952380952380952,0.1768707482993197,0.0680272108843537,0.0068027210884353,0.0068027210884353
997,0.1009463722397476,0.195583596214511,0.0378548895899053,0.028391167192429,0.0315457413249211
998,0.1515151515151515,0.1439393939393939,0.0378787878787878,0.0075757575757575,0.0681818181818181
999,0.1468253968253968,0.1626984126984127,0.0515873015873015,0.0476190476190476,0.0873015873015873
1000,0.109717868338558,0.2476489028213166,0.0595611285266457,0.0266457680250783,0.0250783699059561
1001,0.1742424242424242,0.1893939393939394,0.0454545454545454,0.0454545454545454,0.0681818181818181
1002,0.1153846153846153,0.1442307692307692,0.0576923076923076,0.0384615384615384,0.0288461538461538
1003,0.1339285714285714,0.1696428571428571,0.0535714285714285,0.0446428571428571,0.0089285714285714
1004,0.1065573770491803,0.1475409836065573,0.0901639344262295,0.0532786885245901,0.0245901639344262
1005,0.1296296296296296,0.1203703703703703,0.0277777777777777,0.0185185185185185,0.0277777777777777
1006,0.110576923076923,0.2067307692307692,0.0673076923076923,0.0240384615384615,0.0192307692307692
1007,0.0721311475409836,0.160655737704918,0.0295081967213114,0.0229508196721311,0.0032786885245901
1008,0.1277777777777777,0.2111111111111111,0.0222222222222222,0.0111111111111111,0.0388888888888888
1009,0.1013824884792626,0.1566820276497695,0.0276497695852534,0.064516129032258,0.0783410138248847
1010,0.1271186440677966,0.2033898305084746,0.0677966101694915,0.0169491525423728,0.0254237288135593
1011,0.14585764294049,0.1855309218203034,0.0513418903150525,0.0641773628938156,0.0641773628938156
1012,0.1045454545454545,0.1909090909090909,0.0454545454545454,0.0545454545454545,0.0454545454545454
1013,0.1333333333333333,0.1333333333333333,0.0444444444444444,0.0592592592592592,0.0222222222222222
1014,0.109375,0.1944444444444444,0.0659722222222222,0.078125,0.0399305555555555
1015,0.1043478260869565,0.1217391304347826,0.0260869565217391,0.0521739130434782,0.0217391304347826
1016,0.0959409594095941,0.2140221402214022,0.033210332103321,0.029520295202952,0.03690036900369
1017,0.1296296296296296,0.1296296296296296,0.0,0.0277777777777777,0.074074074074074
1018,0.1233766233766233,0.2077922077922078,0.0454545454545454,0.0259740259740259,0.0714285714285714
1019,0.0891089108910891,0.193069306930693,0.0594059405940594,0.0544554455445544,0.0297029702970297
1020,0.145374449339207,0.1365638766519823,0.0704845814977973,0.0484581497797356,0.0704845814977973
1021,0.0985915492957746,0.2018779342723004,0.056338028169014,0.0258215962441314,0.0234741784037558
1022,0.1137724550898203,0.1976047904191616,0.029940119760479,0.0359281437125748,0.0239520958083832
1023,0.0822510822510822,0.1948051948051948,0.0389610389610389,0.0432900432900432,0.0173160173160173
1024,0.1101694915254237,0.2288135593220339,0.059322033898305,0.0084745762711864,0.0084745762711864
1025,0.1264367816091954,0.1839080459770115,0.0114942528735632,0.0689655172413793,0.0114942528735632
1026,0.1151079136690647,0.2553956834532374,0.0359712230215827,0.039568345323741,0.0323741007194244
1027,0.0756302521008403,0.2184873949579832,0.0252100840336134,0.0336134453781512,0.0084033613445378
1028,0.1266666666666666,0.1533333333333333,0.0533333333333333,0.02,0.0066666666666666
1029,0.1214953271028037,0.205607476635514,0.0373831775700934,0.0373831775700934,0.0467289719626168
1030,0.1545454545454545,0.1363636363636363,0.0727272727272727,0.0363636363636363,0.0272727272727272
1031,0.1047619047619047,0.1904761904761904,0.0571428571428571,0.0285714285714285,0.019047619047619
1032,0.141025641025641,0.141025641025641,0.0128205128205128,0.0384615384615384,0.0128205128205128
1033,0.1677852348993288,0.1677852348993288,0.0268456375838926,0.0201342281879194,0.0671140939597315
1034,0.1293103448275862,0.1982758620689655,0.0775862068965517,0.0517241379310344,0.0258620689655172
1035,0.1152073732718894,0.1612903225806451,0.0599078341013824,0.0414746543778801,0.0368663594470046
1036,0.135593220338983,0.1949152542372881,0.0254237288135593,0.0508474576271186,0.0
1037,0.1221864951768488,0.157556270096463,0.090032154340836,0.0353697749196141,0.0289389067524115
1038,0.1391304347826087,0.2,0.0347826086956521,0.0521739130434782,0.008695652173913
1039,0.1292517006802721,0.238095238095238,0.0612244897959183,0.0476190476190476,0.0204081632653061
1040,0.1192660550458715,0.1926605504587156,0.036697247706422,0.0458715596330275,0.0
1041,0.1229508196721311,0.1885245901639344,0.0,0.0245901639344262,0.0901639344262295
1042,0.0808080808080808,0.1515151515151515,0.0505050505050505,0.0101010101010101,0.0404040404040404
1043,0.1215686274509803,0.192156862745098,0.0156862745098039,0.0235294117647058,0.0313725490196078
1044,0.0987654320987654,0.1728395061728395,0.074074074074074,0.074074074074074,0.0123456790123456
1045,0.125,0.13,0.055,0.065,0.02
1046,0.0895061728395061,0.2376543209876543,0.0462962962962962,0.0339506172839506,0.0308641975308641
1047,0.111587982832618,0.223175965665236,0.0515021459227467,0.03862660944206,0.0257510729613733
1048,0.1428571428571428,0.134453781512605,0.042016806722689,0.042016806722689,0.042016806722689
1049,0.1454545454545454,0.1454545454545454,0.0363636363636363,0.0272727272727272,0.0363636363636363
1050,0.1,0.1666666666666666,0.06,0.0533333333333333,0.02
1051,0.1813471502590673,0.2279792746113989,0.0103626943005181,0.0310880829015544,0.0414507772020725
1052,0.1179245283018868,0.1839622641509433,0.0424528301886792,0.0377358490566037,0.0188679245283018
1053,0.1049180327868852,0.201639344262295,0.0475409836065573,0.040983606557377,0.0360655737704918
1054,0.1363636363636363,0.1875,0.0113636363636363,0.0397727272727272,0.0397727272727272
1055,0.1521739130434782,0.1521739130434782,0.0652173913043478,0.0543478260869565,0.0434782608695652
1056,0.1151832460732984,0.2041884816753926,0.031413612565445,0.0261780104712041,0.0261780104712041
1057,0.1205673758865248,0.1808510638297872,0.0460992907801418,0.0354609929078014,0.0141843971631205
1058,0.1067961165048543,0.145631067961165,0.029126213592233,0.0194174757281553,0.0097087378640776
1059,0.096590909090909,0.2045454545454545,0.0539772727272727,0.0284090909090909,0.0198863636363636
1060,0.1125,0.2,0.04375,0.0125,0.025
1061,0.1143695014662756,0.1730205278592375,0.0527859237536656,0.0205278592375366,0.0351906158357771
1062,0.1194029850746268,0.1865671641791045,0.0298507462686567,0.0149253731343283,0.044776119402985
1063,0.1162790697674418,0.1767441860465116,0.0232558139534883,0.0604651162790697,0.0465116279069767
1064,0.1229050279329608,0.1396648044692737,0.0446927374301676,0.0670391061452514,0.0726256983240223
1065,0.1139896373056994,0.2020725388601036,0.0414507772020725,0.0414507772020725,0.0155440414507772
1066,0.1058394160583941,0.1678832116788321,0.0291970802919708,0.0474452554744525,0.0182481751824817
1067,0.1255813953488372,0.1488372093023255,0.027906976744186,0.0651162790697674,0.0604651162790697
1068,0.1201413427561837,0.1802120141342756,0.0247349823321554,0.0565371024734982,0.0212014134275618
1069,0.1216216216216216,0.2702702702702703,0.054054054054054,0.0405405405405405,0.027027027027027
1070,0.16,0.16,0.0,0.0,0.0
1071,0.1111111111111111,0.1965811965811965,0.0598290598290598,0.0384615384615384,0.0256410256410256
1072,0.0938628158844765,0.1949458483754512,0.03971119133574,0.03971119133574,0.0541516245487364
1073,0.10062893081761,0.1823899371069182,0.0440251572327044,0.0251572327044025,0.0125786163522012
1074,0.1156069364161849,0.1849710982658959,0.0520231213872832,0.0231213872832369,0.0289017341040462
1075,0.1026490066225165,0.1357615894039735,0.0397350993377483,0.0529801324503311,0.0596026490066225
1076,0.1401869158878504,0.1962616822429906,0.0093457943925233,0.0560747663551401,0.0654205607476635
1077,0.0966666666666666,0.2333333333333333,0.12,0.03,0.0233333333333333
1078,0.0993377483443708,0.2251655629139073,0.0264900662251655,0.0397350993377483,0.0066225165562913
1079,0.1055045871559633,0.1743119266055046,0.0229357798165137,0.0275229357798165,0.0596330275229357
1080,0.0995670995670995,0.2164502164502164,0.0649350649350649,0.0476190476190476,0.0303030303030303
1081,0.1391304347826087,0.1478260869565217,0.0347826086956521,0.0434782608695652,0.0608695652173913
1082,0.1468531468531468,0.1188811188811188,0.0279720279720279,0.0559440559440559,0.0209790209790209
1083,0.1229050279329608,0.1899441340782122,0.0446927374301676,0.0167597765363128,0.0223463687150838
1084,0.1759259259259259,0.1666666666666666,0.037037037037037,0.074074074074074,0.0555555555555555
1085,0.1645569620253164,0.170886075949367,0.050632911392405,0.0189873417721519,0.0443037974683544
1086,0.1010452961672473,0.1916376306620209,0.0452961672473867,0.0278745644599303,0.024390243902439
1087,0.1209677419354838,0.1478494623655914,0.0672043010752688,0.0349462365591397,0.0698924731182795
1088,0.0839160839160839,0.2167832167832167,0.0209790209790209,0.0349650349650349,0.0279720279720279
1089,0.08,0.1942857142857142,0.0628571428571428,0.0171428571428571,0.0114285714285714
1090,0.124,0.204,0.06,0.044,0.02
1091,0.1435643564356435,0.2128712871287128,0.0445544554455445,0.0544554455445544,0.0148514851485148
1092,0.1339285714285714,0.15625,0.0401785714285714,0.0357142857142857,0.0580357142857142
1093,0.0944881889763779,0.1574803149606299,0.0236220472440944,0.0157480314960629,0.0157480314960629
1094,0.099236641221374,0.2061068702290076,0.0229007633587786,0.0534351145038167,0.0534351145038167
1095,0.0625,0.1875,0.0,0.0,0.0625
1096,0.1125,0.175,0.075,0.05,0.0
1097,0.1302681992337164,0.1187739463601532,0.0421455938697318,0.0344827586206896,0.0421455938697318
1098,0.0991379310344827,0.2025862068965517,0.0775862068965517,0.0344827586206896,0.0129310344827586
1099,0.0958083832335329,0.1497005988023952,0.0179640718562874,0.0538922155688622,0.0179640718562874
1100,0.125,0.1691176470588235,0.0220588235294117,0.0147058823529411,0.0
1101,0.0807453416149068,0.186335403726708,0.062111801242236,0.0248447204968944,0.031055900621118
1102,0.1504702194357366,0.2163009404388714,0.0282131661442006,0.0407523510971786,0.0721003134796238
1103,0.1397849462365591,0.2096774193548387,0.0268817204301075,0.043010752688172,0.0161290322580645
1104,0.0994475138121546,0.2265193370165746,0.0331491712707182,0.0386740331491712,0.0220994475138121
1105,0.0839160839160839,0.1538461538461538,0.0069930069930069,0.0139860139860139,0.0069930069930069
1106,0.1183206106870229,0.1755725190839694,0.0343511450381679,0.0343511450381679,0.0458015267175572
1107,0.1297935103244837,0.1592920353982301,0.0412979351032448,0.0471976401179941,0.0560471976401179
1108,0.0941704035874439,0.1928251121076233,0.0448430493273542,0.0313901345291479,0.0179372197309417
1109,0.0935672514619883,0.1578947368421052,0.0584795321637426,0.0409356725146198,0.0292397660818713
1110,0.1369294605809128,0.1576763485477178,0.0456431535269709,0.0456431535269709,0.0248962655601659
1111,0.0846153846153846,0.1615384615384615,0.023076923076923,0.0461538461538461,0.023076923076923
1112,0.1282420749279539,0.1959654178674351,0.047550432276657,0.0518731988472622,0.0504322766570605
1113,0.0833333333333333,0.1746031746031746,0.0555555555555555,0.0396825396825396,0.0119047619047619
1114,0.15,0.15,0.0166666666666666,0.0333333333333333,0.075
1115,0.125,0.1454918032786885,0.0368852459016393,0.0471311475409836,0.0655737704918032
1116,0.110062893081761,0.1761006289308176,0.0314465408805031,0.0534591194968553,0.0251572327044025
1117,0.127906976744186,0.2209302325581395,0.0348837209302325,0.0,0.0
1118,0.1363636363636363,0.2129186602870813,0.055023923444976,0.0526315789473684,0.0574162679425837
1119,0.1074380165289256,0.1900826446280991,0.0413223140495867,0.0330578512396694,0.0165289256198347
1120,0.0977777777777777,0.2,0.0355555555555555,0.0088888888888888,0.0222222222222222
1121,0.0993788819875776,0.15527950310559,0.031055900621118,0.0683229813664596,0.0124223602484472
1122,0.0373831775700934,0.0560747663551401,0.0093457943925233,0.0093457943925233,0.0093457943925233
1123,0.1047120418848167,0.1780104712041884,0.0523560209424083,0.0261780104712041,0.0471204188481675
1124,0.1073170731707317,0.2024390243902439,0.0756097560975609,0.0195121951219512,0.0121951219512195
1125,0.124223602484472,0.186335403726708,0.0745341614906832,0.0559006211180124,0.0434782608695652
1126,0.1312217194570135,0.1809954751131221,0.0361990950226244,0.0361990950226244,0.0407239819004524
1127,0.1610169491525423,0.1101694915254237,0.0338983050847457,0.0762711864406779,0.0762711864406779
1128,0.1339285714285714,0.2098214285714285,0.03125,0.0357142857142857,0.0267857142857142
1129,0.1003460207612456,0.2006920415224913,0.0380622837370242,0.0207612456747404,0.0103806228373702
1130,0.1294498381877022,0.1650485436893204,0.029126213592233,0.0339805825242718,0.0550161812297734
1131,0.1101321585903083,0.211453744493392,0.0176211453744493,0.0352422907488986,0.0176211453744493
1132,0.15,0.15,0.0375,0.0375,0.0375
1133,0.1552346570397112,0.2093862815884476,0.0324909747292418,0.0361010830324909,0.0541516245487364
1134,0.0924855491329479,0.1965317919075144,0.0520231213872832,0.0231213872832369,0.0173410404624277
1135,0.1111111111111111,0.1699346405228758,0.0457516339869281,0.0196078431372549,0.0326797385620915
1136,0.125,0.1741071428571428,0.0446428571428571,0.0178571428571428,0.0535714285714285
1137,0.1333333333333333,0.2166666666666666,0.0583333333333333,0.0666666666666666,0.0666666666666666
1138,0.1451612903225806,0.1935483870967742,0.0403225806451612,0.0161290322580645,0.0483870967741935
1139,0.0757575757575757,0.1515151515151515,0.0,0.0151515151515151,0.0
1140,0.0864197530864197,0.1975308641975308,0.0308641975308641,0.0123456790123456,0.0246913580246913
1141,0.1069182389937107,0.1761006289308176,0.0251572327044025,0.0314465408805031,0.0251572327044025
1142,0.0952380952380952,0.238095238095238,0.0,0.0476190476190476,0.0
1143,0.1219512195121951,0.1463414634146341,0.0585365853658536,0.0536585365853658,0.0634146341463414
1144,0.1354166666666666,0.1666666666666666,0.0729166666666666,0.0572916666666666,0.0885416666666666
1145,0.0606060606060606,0.1818181818181818,0.0303030303030303,0.0606060606060606,0.0
1146,0.1666666666666666,0.1296296296296296,0.037037037037037,0.0308641975308641,0.0925925925925925
1147,0.1012658227848101,0.2126582278481012,0.0658227848101265,0.0379746835443038,0.020253164556962
1148,0.0983606557377049,0.2021857923497267,0.0382513661202185,0.0327868852459016,0.0054644808743169
1149,0.0844444444444444,0.1911111111111111,0.0444444444444444,0.0266666666666666,0.0444444444444444
1150,0.1346938775510204,0.1673469387755102,0.0530612244897959,0.0408163265306122,0.0244897959183673
1151,0.1162790697674418,0.1906976744186046,0.041860465116279,0.0372093023255813,0.0046511627906976
1152,0.1025641025641025,0.3333333333333333,0.0256410256410256,0.0,0.0
1153,0.096,0.216,0.016,0.032,0.0
1154,0.1494252873563218,0.2298850574712643,0.0459770114942528,0.0459770114942528,0.0229885057471264
1155,0.1220930232558139,0.2093023255813953,0.063953488372093,0.0232558139534883,0.0174418604651162
1156,0.093167701863354,0.186335403726708,0.0248447204968944,0.0496894409937888,0.0248447204968944
1157,0.0750853242320819,0.1860068259385665,0.0443686006825938,0.0255972696245733,0.0051194539249146
1158,0.131578947368421,0.2218045112781954,0.0451127819548872,0.0413533834586466,0.037593984962406
1159,0.176954732510288,0.1234567901234567,0.0123456790123456,0.0658436213991769,0.0781893004115226
1160,0.1192660550458715,0.2477064220183486,0.0275229357798165,0.0275229357798165,0.018348623853211
1161,0.1337579617834395,0.197452229299363,0.0445859872611464,0.0700636942675159,0.0063694267515923
1162,0.1215469613259668,0.2044198895027624,0.0441988950276243,0.0552486187845303,0.0220994475138121
1163,0.1333333333333333,0.2,0.0358974358974358,0.0564102564102564,0.0564102564102564
1164,0.1257485029940119,0.2095808383233532,0.0359281437125748,0.029940119760479,0.0479041916167664
1165,0.1293103448275862,0.1659482758620689,0.0711206896551724,0.0711206896551724,0.0517241379310344
1166,0.0815217391304347,0.1467391304347826,0.0380434782608695,0.0217391304347826,0.0163043478260869
1167,0.1142857142857142,0.2285714285714285,0.0285714285714285,0.0142857142857142,0.0357142857142857
1168,0.141025641025641,0.0897435897435897,0.0512820512820512,0.0256410256410256,0.0641025641025641
1169,0.1366906474820144,0.197841726618705,0.0575539568345323,0.0251798561151079,0.0215827338129496
1170,0.0847457627118644,0.2033898305084746,0.0338983050847457,0.0225988700564971,0.0451977401129943
1171,0.1097560975609756,0.2134146341463414,0.0548780487804878,0.0548780487804878,0.0304878048780487
1172,0.1333333333333333,0.1866666666666666,0.0533333333333333,0.0466666666666666,0.0133333333333333
1173,0.1300813008130081,0.1626016260162601,0.0691056910569105,0.056910569105691,0.016260162601626
1174,0.0939597315436241,0.1409395973154362,0.0402684563758389,0.0268456375838926,0.0268456375838926
1175,0.09,0.1033333333333333,0.0233333333333333,0.04,0.1233333333333333
1176,0.1058823529411764,0.1764705882352941,0.0,0.0529411764705882,0.0647058823529411
1177,0.1162790697674418,0.1802325581395348,0.0697674418604651,0.005813953488372,0.0348837209302325
1178,0.08,0.2088888888888889,0.0488888888888888,0.0266666666666666,0.0133333333333333
1179,0.092391304347826,0.1576086956521739,0.0434782608695652,0.0108695652173913,0.0489130434782608
1180,0.1071428571428571,0.2678571428571428,0.0267857142857142,0.0178571428571428,0.0089285714285714
1181,0.1477832512315271,0.1773399014778325,0.0492610837438423,0.0197044334975369,0.0788177339901477
1182,0.13671875,0.1875,0.0625,0.046875,0.0234375
1183,0.1428571428571428,0.2244897959183673,0.0612244897959183,0.0612244897959183,0.0204081632653061
1184,0.1216931216931216,0.1693121693121693,0.0476190476190476,0.0317460317460317,0.0317460317460317
1185,0.1157894736842105,0.1526315789473684,0.0210526315789473,0.0421052631578947,0.0263157894736842
1186,0.138996138996139,0.1737451737451737,0.0579150579150579,0.0501930501930501,0.0501930501930501
1187,0.1276595744680851,0.1773049645390071,0.0567375886524822,0.0425531914893617,0.0496453900709219
1188,0.0880503144654088,0.1761006289308176,0.0440251572327044,0.0188679245283018,0.0125786163522012
1189,0.0748299319727891,0.1972789115646258,0.0850340136054421,0.064625850340136,0.0238095238095238
1190,0.0678733031674208,0.1493212669683258,0.0316742081447963,0.0271493212669683,0.0316742081447963
1191,0.1272727272727272,0.1515151515151515,0.0424242424242424,0.0545454545454545,0.0424242424242424
1192,0.1257485029940119,0.1676646706586826,0.0239520958083832,0.0179640718562874,0.0179640718562874
1193,0.1574074074074074,0.1574074074074074,0.0185185185185185,0.0925925925925925,0.037037037037037
1194,0.146788990825688,0.2110091743119266,0.0091743119266055,0.055045871559633,0.036697247706422
1195,0.1688311688311688,0.1818181818181818,0.0389610389610389,0.0129870129870129,0.0259740259740259
1196,0.1569506726457399,0.2017937219730941,0.0269058295964125,0.0538116591928251,0.0538116591928251
1197,0.0916030534351145,0.1145038167938931,0.0763358778625954,0.0229007633587786,0.0229007633587786
1198,0.1401869158878504,0.1775700934579439,0.0560747663551401,0.0467289719626168,0.0654205607476635
1199,0.1082474226804123,0.190721649484536,0.0257731958762886,0.0206185567010309,0.0206185567010309
1200,0.0808080808080808,0.1717171717171717,0.0202020202020202,0.0303030303030303,0.0101010101010101
1201,0.1357142857142857,0.1785714285714285,0.0357142857142857,0.0928571428571428,0.0571428571428571
1202,0.1055045871559633,0.2155963302752293,0.0091743119266055,0.018348623853211,0.018348623853211
1203,0.1320754716981132,0.1635220125786163,0.0188679245283018,0.0377358490566037,0.0628930817610062
1204,0.0906040268456375,0.1711409395973154,0.0402684563758389,0.0436241610738255,0.0302013422818791
1205,0.1299212598425196,0.1496062992125984,0.0472440944881889,0.0511811023622047,0.0354330708661417
1206,0.1162790697674418,0.1860465116279069,0.0465116279069767,0.0,0.0
1207,0.1333333333333333,0.2083333333333333,0.0083333333333333,0.0333333333333333,0.025
1208,0.0837004405286343,0.1101321585903083,0.013215859030837,0.0088105726872246,0.0220264317180616
1209,0.1148325358851674,0.1674641148325359,0.0287081339712918,0.0382775119617224,0.0095693779904306
1210,0.0801186943620178,0.1572700296735905,0.0237388724035608,0.0326409495548961,0.0089020771513353
1211,0.0967741935483871,0.1612903225806451,0.0564516129032258,0.0362903225806451,0.0362903225806451
1212,0.1290322580645161,0.1612903225806451,0.0564516129032258,0.0080645161290322,0.0483870967741935
1213,0.0994475138121546,0.1712707182320442,0.0828729281767955,0.0441988950276243,0.0220994475138121
1214,0.1102362204724409,0.1653543307086614,0.0157480314960629,0.0157480314960629,0.0314960629921259
1215,0.1164383561643835,0.1575342465753424,0.0342465753424657,0.0205479452054794,0.0273972602739726
1216,0.1584699453551912,0.174863387978142,0.0109289617486338,0.0273224043715847,0.0382513661202185
1217,0.1363636363636363,0.1727272727272727,0.0318181818181818,0.0227272727272727,0.059090909090909
1218,0.1438127090301003,0.177257525083612,0.0367892976588628,0.0367892976588628,0.0367892976588628
1219,0.1040462427745664,0.1560693641618497,0.0462427745664739,0.0462427745664739,0.0115606936416184
1220,0.108433734939759,0.1746987951807229,0.0542168674698795,0.036144578313253,0.0180722891566265
1221,0.1238938053097345,0.1946902654867256,0.0,0.0265486725663716,0.0265486725663716
1222,0.123076923076923,0.1807692307692307,0.023076923076923,0.0192307692307692,0.0192307692307692
1223,0.1056338028169014,0.1549295774647887,0.0246478873239436,0.0422535211267605,0.056338028169014
1224,0.1071428571428571,0.2023809523809523,0.0535714285714285,0.0357142857142857,0.0535714285714285
1225,0.1413043478260869,0.1793478260869565,0.0326086956521739,0.0163043478260869,0.0706521739130434
1226,0.1150442477876106,0.168141592920354,0.0383480825958702,0.0678466076696165,0.0589970501474926
1227,0.1306818181818181,0.1534090909090909,0.0056818181818181,0.0170454545454545,0.0227272727272727
1228,0.0632911392405063,0.1265822784810126,0.050632911392405,0.0253164556962025,0.0126582278481012
1229,0.0538461538461538,0.2076923076923077,0.0384615384615384,0.023076923076923,0.0
1230,0.0917874396135265,0.2125603864734299,0.0531400966183574,0.0096618357487922,0.0338164251207729
1231,0.0985915492957746,0.1830985915492957,0.0211267605633802,0.0140845070422535,0.0211267605633802
1232,0.1089108910891089,0.198019801980198,0.0297029702970297,0.0495049504950495,0.0297029702970297
1233,0.2,0.0666666666666666,0.0,0.0333333333333333,0.0333333333333333
1234,0.1574074074074074,0.1851851851851851,0.037037037037037,0.0462962962962962,0.0
1235,0.1376811594202898,0.181159420289855,0.0144927536231884,0.0507246376811594,0.0144927536231884
1236,0.1032258064516129,0.1612903225806451,0.0516129032258064,0.0258064516129032,0.032258064516129
1237,0.1014492753623188,0.1884057971014492,0.0144927536231884,0.0193236714975845,0.0144927536231884
1238,0.1142857142857142,0.1928571428571428,0.0428571428571428,0.0285714285714285,0.0214285714285714
1239,0.1597633136094674,0.1715976331360946,0.0355029585798816,0.029585798816568,0.0118343195266272
1240,0.1219512195121951,0.1707317073170731,0.0292682926829268,0.0195121951219512,0.0341463414634146
1241,0.1666666666666666,0.125,0.0,0.0416666666666666,0.0416666666666666
1242,0.1515151515151515,0.1616161616161616,0.0404040404040404,0.0404040404040404,0.101010101010101
1243,0.1666666666666666,0.25,0.0,0.0,0.0
1244,0.1340782122905028,0.1955307262569832,0.0391061452513966,0.0279329608938547,0.0446927374301676
1245,0.1153846153846153,0.2094017094017094,0.0384615384615384,0.0213675213675213,0.017094017094017
1246,0.1805555555555555,0.1875,0.0625,0.0486111111111111,0.0277777777777777
1247,0.1294498381877022,0.1585760517799352,0.0550161812297734,0.0614886731391585,0.0550161812297734
1248,0.1172161172161172,0.2087912087912088,0.0366300366300366,0.0476190476190476,0.0256410256410256
1249,0.1014084507042253,0.1718309859154929,0.0845070422535211,0.0309859154929577,0.0309859154929577
1250,0.1531531531531531,0.1891891891891892,0.027027027027027,0.063063063063063,0.027027027027027
1251,0.1228070175438596,0.1695906432748538,0.0409356725146198,0.0350877192982456,0.0526315789473684
1252,0.105515587529976,0.1870503597122302,0.026378896882494,0.0479616306954436,0.026378896882494
1253,0.1637717121588089,0.1439205955334987,0.0372208436724565,0.0521091811414392,0.0297766749379652
1254,0.0913461538461538,0.1682692307692307,0.0240384615384615,0.048076923076923,0.0096153846153846
1255,0.1379310344827586,0.1551724137931034,0.0689655172413793,0.0258620689655172,0.0344827586206896
1256,0.1138211382113821,0.2113821138211382,0.048780487804878,0.048780487804878,0.0
1257,0.1277173913043478,0.1793478260869565,0.0516304347826086,0.029891304347826,0.0434782608695652
1258,0.1462686567164179,0.1492537313432835,0.053731343283582,0.0507462686567164,0.0298507462686567
1259,0.1120689655172413,0.1724137931034483,0.0474137931034482,0.0344827586206896,0.0301724137931034
1260,0.1124260355029585,0.2248520710059171,0.0355029585798816,0.059171597633136,0.0236686390532544
1261,0.0963302752293578,0.1559633027522936,0.0458715596330275,0.0504587155963302,0.036697247706422
1262,0.134453781512605,0.1932773109243697,0.0532212885154061,0.011204481792717,0.042016806722689
1263,0.1085271317829457,0.1550387596899224,0.0465116279069767,0.0697674418604651,0.0465116279069767
1264,0.0960264900662251,0.1821192052980132,0.0529801324503311,0.0264900662251655,0.0132450331125827
1265,0.1189591078066914,0.2118959107806691,0.0520446096654275,0.0297397769516728,0.037174721189591
1266,0.1072555205047318,0.1608832807570978,0.0788643533123028,0.0347003154574132,0.0189274447949526
1267,0.0958904109589041,0.1643835616438356,0.0753424657534246,0.0273972602739726,0.0136986301369863
1268,0.1162790697674418,0.2403100775193798,0.0387596899224806,0.0155038759689922,0.0232558139534883
1269,0.1574074074074074,0.162037037037037,0.0324074074074074,0.0462962962962962,0.0416666666666666
1270,0.128440366972477,0.0825688073394495,0.0091743119266055,0.0642201834862385,0.036697247706422
1271,0.1017964071856287,0.1497005988023952,0.0898203592814371,0.0239520958083832,0.0239520958083832
1272,0.135593220338983,0.135593220338983,0.0677966101694915,0.0282485875706214,0.0112994350282485
1273,0.1025641025641025,0.1965811965811965,0.1025641025641025,0.0,0.0341880341880341
1274,0.1573498964803312,0.1387163561076604,0.0455486542443064,0.082815734989648,0.0559006211180124
1275,0.1008403361344537,0.2100840336134453,0.042016806722689,0.0084033613445378,0.0084033613445378
1276,0.1242424242424242,0.1575757575757575,0.0909090909090909,0.0303030303030303,0.0242424242424242
1277,0.1329923273657289,0.1815856777493606,0.0588235294117647,0.0281329923273657,0.0179028132992327
1278,0.1337579617834395,0.1273885350318471,0.0509554140127388,0.0445859872611464,0.0127388535031847
1279,0.1297297297297297,0.1243243243243243,0.0486486486486486,0.0378378378378378,0.0324324324324324
1280,0.1,0.175,0.02,0.03,0.04
1281,0.1193181818181818,0.2386363636363636,0.0795454545454545,0.0227272727272727,0.0
1282,0.1232876712328767,0.1780821917808219,0.0502283105022831,0.0182648401826484,0.0182648401826484
1283,0.1118421052631579,0.1513157894736842,0.0592105263157894,0.0328947368421052,0.006578947368421
1284,0.1111111111111111,0.1450617283950617,0.0277777777777777,0.0339506172839506,0.0185185185185185
1285,0.1025641025641025,0.1794871794871795,0.0811965811965812,0.0341880341880341,0.0299145299145299
1286,0.0994475138121546,0.1767955801104972,0.0331491712707182,0.0386740331491712,0.0331491712707182
1287,0.0981012658227848,0.1645569620253164,0.0632911392405063,0.0189873417721519,0.0126582278481012
1288,0.107981220657277,0.1737089201877934,0.0187793427230046,0.0375586854460093,0.0516431924882629
1289,0.1666666666666666,0.15,0.0583333333333333,0.0583333333333333,0.0916666666666666
1290,0.1266666666666666,0.2,0.0333333333333333,0.0333333333333333,0.02
1291,0.1353846153846153,0.12,0.0923076923076923,0.0553846153846153,0.0369230769230769
1292,0.1469740634005763,0.1268011527377521,0.0547550432276657,0.063400576368876,0.0201729106628242
1293,0.0918367346938775,0.1938775510204081,0.0612244897959183,0.0306122448979591,0.0
1294,0.15,0.15,0.05,0.05,0.05
1295,0.1222222222222222,0.2055555555555555,0.0277777777777777,0.0444444444444444,0.0388888888888888
1296,0.12109375,0.1640625,0.078125,0.04296875,0.01171875
1297,0.1156862745098039,0.2019607843137255,0.0607843137254901,0.0196078431372549,0.0352941176470588
1298,0.1162790697674418,0.2093023255813953,0.0726744186046511,0.0290697674418604,0.0232558139534883
1299,0.1065088757396449,0.2366863905325443,0.0473372781065088,0.0414201183431952,0.029585798816568
1300,0.1021897810218978,0.2043795620437956,0.0583941605839416,0.0364963503649635,0.0218978102189781
1301,0.0775510204081632,0.1714285714285714,0.0530612244897959,0.0081632653061224,0.0244897959183673
1302,0.1169811320754717,0.1358490566037735,0.1056603773584905,0.0377358490566037,0.0339622641509433
1303,0.0986301369863013,0.1835616438356164,0.0684931506849315,0.0273972602739726,0.0246575342465753
1304,0.0975609756097561,0.2134146341463414,0.0609756097560975,0.0365853658536585,0.0121951219512195
1305,0.1103896103896103,0.2597402597402597,0.0194805194805194,0.0194805194805194,0.0
1306,0.1223404255319148,0.202127659574468,0.0744680851063829,0.0212765957446808,0.026595744680851
1307,0.1191709844559585,0.2020725388601036,0.0673575129533678,0.0362694300518134,0.0103626943005181
1308,0.1167883211678832,0.2043795620437956,0.0583941605839416,0.0510948905109489,0.0072992700729927
1309,0.1435897435897435,0.1435897435897435,0.0307692307692307,0.0461538461538461,0.041025641025641
1310,0.110091743119266,0.1651376146788991,0.0779816513761468,0.018348623853211,0.0091743119266055
1311,0.1,0.175,0.0625,0.03125,0.00625
1312,0.0723684210526315,0.2631578947368421,0.0723684210526315,0.0263157894736842,0.006578947368421
1313,0.0932835820895522,0.1492537313432835,0.0298507462686567,0.0074626865671641,0.0373134328358208
1314,0.1550632911392405,0.2120253164556962,0.0253164556962025,0.0411392405063291,0.0696202531645569
1315,0.1411764705882353,0.2470588235294117,0.0352941176470588,0.0,0.0352941176470588
1316,0.1104536489151873,0.1794871794871795,0.0670611439842209,0.0433925049309664,0.0256410256410256
1317,0.0948275862068965,0.3017241379310345,0.0344827586206896,0.0258620689655172,0.0258620689655172
1318,0.0918367346938775,0.1581632653061224,0.086734693877551,0.0561224489795918,0.0204081632653061
1319,0.1116071428571428,0.1830357142857142,0.0669642857142857,0.0491071428571428,0.03125
1320,0.136986301369863,0.1780821917808219,0.0410958904109589,0.0502283105022831,0.0365296803652968
1321,0.1551020408163265,0.1836734693877551,0.0693877551020408,0.0408163265306122,0.0326530612244898
1322,0.132183908045977,0.1551724137931034,0.0172413793103448,0.028735632183908,0.0689655172413793
1323,0.0891089108910891,0.1782178217821782,0.0198019801980198,0.0297029702970297,0.0891089108910891
1324,0.1165413533834586,0.150375939849624,0.0263157894736842,0.056390977443609,0.0451127819548872
1325,0.1054313099041533,0.1725239616613418,0.0575079872204472,0.0287539936102236,0.0159744408945686
1326,0.0887850467289719,0.1542056074766355,0.02803738317757,0.0373831775700934,0.0186915887850467
1327,0.1791907514450867,0.1502890173410404,0.0115606936416184,0.0404624277456647,0.0635838150289017
1328,0.0848484848484848,0.1636363636363636,0.0606060606060606,0.0212121212121212,0.0272727272727272
1329,0.1005586592178771,0.1955307262569832,0.0279329608938547,0.0223463687150838,0.0223463687150838
1330,0.1161616161616161,0.1919191919191919,0.0252525252525252,0.0404040404040404,0.0303030303030303
1331,0.0820895522388059,0.208955223880597,0.0820895522388059,0.0298507462686567,0.0074626865671641
1332,0.1013215859030837,0.171806167400881,0.079295154185022,0.0308370044052863,0.0044052863436123
1333,0.1331269349845201,0.1795665634674922,0.0309597523219814,0.0278637770897832,0.0247678018575851
1334,0.0895522388059701,0.1791044776119403,0.0746268656716417,0.0149253731343283,0.0
1335,0.1666666666666666,0.1590909090909091,0.0454545454545454,0.0,0.0909090909090909
1336,0.0922330097087378,0.1601941747572815,0.0825242718446602,0.0339805825242718,0.0194174757281553
1337,0.1142857142857142,0.2428571428571428,0.0142857142857142,0.0142857142857142,0.0285714285714285
1338,0.1544117647058823,0.1911764705882352,0.025735294117647,0.0477941176470588,0.0514705882352941
1339,0.1213872832369942,0.2254335260115607,0.0809248554913294,0.0289017341040462,0.0231213872832369
1340,0.0888888888888888,0.0888888888888888,0.0,0.0222222222222222,0.0222222222222222
1341,0.1363636363636363,0.1742424242424242,0.0909090909090909,0.0189393939393939,0.034090909090909
1342,0.1281407035175879,0.2010050251256281,0.0829145728643216,0.0427135678391959,0.0276381909547738
1343,0.1221374045801526,0.1755725190839694,0.0610687022900763,0.0534351145038167,0.0076335877862595
1344,0.1047120418848167,0.1518324607329843,0.0837696335078534,0.031413612565445,0.0052356020942408
1345,0.1158536585365853,0.1219512195121951,0.0975609756097561,0.0426829268292682,0.0304878048780487
1346,0.1084905660377358,0.1415094339622641,0.0566037735849056,0.0047169811320754,0.0283018867924528
1347,0.1330275229357798,0.1513761467889908,0.0642201834862385,0.0229357798165137,0.0091743119266055
1348,0.1337209302325581,0.2267441860465116,0.0465116279069767,0.0465116279069767,0.0348837209302325
1349,0.1229508196721311,0.2459016393442623,0.0737704918032786,0.0081967213114754,0.0
1350,0.1121076233183856,0.1838565022421524,0.0269058295964125,0.0089686098654708,0.0448430493273542
1351,0.1099476439790576,0.1989528795811518,0.0785340314136125,0.0471204188481675,0.0157068062827225
1352,0.1375,0.196875,0.0375,0.025,0.021875
1353,0.1111111111111111,0.1440329218106996,0.0411522633744856,0.0534979423868312,0.0082304526748971
1354,0.0616113744075829,0.2180094786729857,0.0805687203791469,0.0236966824644549,0.0142180094786729
1355,0.1408450704225352,0.2605633802816901,0.056338028169014,0.0211267605633802,0.0
1356,0.1014492753623188,0.2101449275362318,0.1014492753623188,0.0,0.0
1357,0.1054545454545454,0.1854545454545454,0.0218181818181818,0.04,0.0327272727272727
1358,0.1666666666666666,0.1547619047619047,0.0119047619047619,0.0238095238095238,0.0357142857142857
1359,0.1170212765957446,0.1560283687943262,0.0531914893617021,0.0248226950354609,0.0177304964539007
1360,0.1256544502617801,0.1780104712041884,0.06282722513089,0.031413612565445,0.0418848167539267
1361,0.1117318435754189,0.1508379888268156,0.0223463687150838,0.0279329608938547,0.0111731843575419
1362,0.1376811594202898,0.1485507246376811,0.072463768115942,0.0326086956521739,0.0579710144927536
1363,0.1144781144781144,0.1851851851851851,0.0471380471380471,0.0303030303030303,0.0303030303030303
1364,0.1213483146067415,0.1730337078651685,0.0674157303370786,0.0202247191011235,0.0606741573033707
1365,0.1244979919678714,0.1686746987951807,0.0522088353413654,0.0281124497991967,0.0321285140562249
1366,0.1066666666666666,0.1666666666666666,0.0666666666666666,0.02,0.0066666666666666
1367,0.1011235955056179,0.1797752808988764,0.0786516853932584,0.0168539325842696,0.0
1368,0.1173708920187793,0.1455399061032863,0.0375586854460093,0.0516431924882629,0.0469483568075117
1369,0.1342281879194631,0.2348993288590604,0.0536912751677852,0.0201342281879194,0.0067114093959731
1370,0.1081081081081081,0.1824324324324324,0.0,0.0472972972972973,0.0337837837837837
1371,0.1648351648351648,0.1153846153846153,0.0604395604395604,0.0384615384615384,0.0274725274725274
1372,0.1048689138576779,0.2322097378277153,0.0524344569288389,0.0187265917602996,0.0149812734082397
1373,0.0837209302325581,0.1488372093023255,0.027906976744186,0.0372093023255813,0.0372093023255813
1374,0.1428571428571428,0.1959183673469387,0.0408163265306122,0.0448979591836734,0.0285714285714285
1375,0.125,0.1513157894736842,0.0197368421052631,0.0394736842105263,0.0394736842105263
1376,0.1078224101479915,0.2029598308668076,0.0676532769556025,0.0169133192389006,0.0084566596194503
1377,0.1111111111111111,0.1352657004830917,0.0531400966183574,0.0338164251207729,0.0096618357487922
1378,0.1382978723404255,0.1382978723404255,0.0585106382978723,0.026595744680851,0.0159574468085106
1379,0.1226415094339622,0.160377358490566,0.0283018867924528,0.0566037735849056,0.0094339622641509
1380,0.1337579617834395,0.1592356687898089,0.019108280254777,0.0509554140127388,0.0445859872611464
1381,0.074074074074074,0.2592592592592592,0.037037037037037,0.0,0.037037037037037
1382,0.0952380952380952,0.1746031746031746,0.0317460317460317,0.0423280423280423,0.0052910052910052
1383,0.1504854368932038,0.1213592233009708,0.0825242718446602,0.0388349514563106,0.0436893203883495
1384,0.0948717948717948,0.2076923076923077,0.0307692307692307,0.041025641025641,0.0358974358974358
1385,0.1166666666666666,0.1833333333333333,0.0875,0.05,0.0208333333333333
1386,0.1336206896551724,0.1508620689655172,0.0301724137931034,0.0560344827586206,0.0258620689655172
1387,0.1270718232044199,0.1767955801104972,0.0662983425414364,0.0552486187845303,0.0220994475138121
1388,0.1210191082802547,0.1910828025477707,0.0828025477707006,0.0254777070063694,0.0318471337579617
1389,0.1578947368421052,0.1818181818181818,0.0430622009569378,0.0478468899521531,0.0478468899521531
1390,0.1073825503355704,0.2281879194630872,0.0335570469798657,0.0067114093959731,0.0335570469798657
1391,0.1313868613138686,0.1386861313868613,0.0401459854014598,0.0583941605839416,0.0620437956204379
1392,0.1291390728476821,0.1291390728476821,0.0629139072847682,0.0463576158940397,0.0529801324503311
1393,0.0967741935483871,0.1290322580645161,0.032258064516129,0.0,0.032258064516129
1394,0.1006711409395973,0.2348993288590604,0.0604026845637583,0.0134228187919463,0.0402684563758389
1395,0.1058201058201058,0.1481481481481481,0.0158730158730158,0.0529100529100529,0.0793650793650793
1396,0.0816326530612244,0.1632653061224489,0.0408163265306122,0.0510204081632653,0.0306122448979591
1397,0.15,0.25,0.0,0.0,0.0
1398,0.1223021582733813,0.2086330935251798,0.0071942446043165,0.0287769784172661,0.0287769784172661
1399,0.1194968553459119,0.2327044025157232,0.0251572327044025,0.0377358490566037,0.0314465408805031
1400,0.1264822134387351,0.1699604743083003,0.0276679841897233,0.0395256916996047,0.0790513833992094
1401,0.1206896551724138,0.1954022988505747,0.0229885057471264,0.0172413793103448,0.0344827586206896
1402,0.1282051282051282,0.1666666666666666,0.0384615384615384,0.0064102564102564,0.032051282051282
1403,0.1286549707602339,0.1578947368421052,0.023391812865497,0.0467836257309941,0.067251461988304
1404,0.160621761658031,0.1243523316062176,0.0155440414507772,0.077720207253886,0.0673575129533678
1405,0.1478260869565217,0.1478260869565217,0.0,0.0521739130434782,0.0347826086956521
1406,0.1338028169014084,0.1126760563380281,0.028169014084507,0.0352112676056338,0.0845070422535211
1407,0.1630434782608695,0.1739130434782608,0.0543478260869565,0.0434782608695652,0.0326086956521739
1408,0.1442786069651741,0.2139303482587064,0.0199004975124378,0.0348258706467661,0.0199004975124378
1409,0.1862745098039215,0.2352941176470588,0.0294117647058823,0.0294117647058823,0.0392156862745098
1410,0.1375,0.1375,0.0375,0.08125,0.075
1411,0.1435185185185185,0.1666666666666666,0.0231481481481481,0.0138888888888888,0.037037037037037
1412,0.1176470588235294,0.2176470588235294,0.0470588235294117,0.0235294117647058,0.0058823529411764
1413,0.0926517571884984,0.1884984025559105,0.0287539936102236,0.0766773162939297,0.0638977635782747
1414,0.1081081081081081,0.1711711711711711,0.036036036036036,0.0495495495495495,0.0315315315315315
1415,0.0897435897435897,0.2628205128205128,0.032051282051282,0.0576923076923076,0.0064102564102564
1416,0.106951871657754,0.2566844919786096,0.0588235294117647,0.0213903743315508,0.0588235294117647
1417,0.1218637992831541,0.1684587813620071,0.046594982078853,0.028673835125448,0.03584229390681
1418,0.1179039301310043,0.2052401746724891,0.0349344978165938,0.0131004366812227,0.0131004366812227
1419,0.0820189274447949,0.1766561514195583,0.0441640378548895,0.0126182965299684,0.0157728706624605
1420,0.072072072072072,0.1861861861861861,0.042042042042042,0.033033033033033,0.021021021021021
1421,0.1217948717948717,0.141025641025641,0.0384615384615384,0.0641025641025641,0.0192307692307692
1422,0.0851063829787234,0.2340425531914893,0.0319148936170212,0.0531914893617021,0.0106382978723404
1423,0.0969696969696969,0.2424242424242424,0.0363636363636363,0.0121212121212121,0.0242424242424242
1424,0.125,0.215,0.065,0.06,0.015
1425,0.1044776119402985,0.208955223880597,0.0298507462686567,0.0,0.0149253731343283
1426,0.1297935103244837,0.168141592920354,0.0383480825958702,0.0353982300884955,0.0619469026548672
1427,0.1329787234042553,0.1542553191489361,0.0212765957446808,0.0372340425531914,0.0212765957446808
1428,0.0888888888888888,0.1925925925925926,0.0444444444444444,0.0222222222222222,0.0074074074074074
1429,0.131578947368421,0.175438596491228,0.0526315789473684,0.0526315789473684,0.0175438596491228
1430,0.1468531468531468,0.1608391608391608,0.0209790209790209,0.0769230769230769,0.0769230769230769
1431,0.1301775147928994,0.2071005917159763,0.0532544378698224,0.0473372781065088,0.0769230769230769
1432,0.036144578313253,0.180722891566265,0.0602409638554216,0.036144578313253,0.0120481927710843
1433,0.1445086705202312,0.1791907514450867,0.0346820809248554,0.0173410404624277,0.0751445086705202
1434,0.0918918918918919,0.2216216216216216,0.0432432432432432,0.027027027027027,0.0216216216216216
1435,0.1318181818181818,0.1772727272727272,0.05,0.0363636363636363,0.059090909090909
1436,0.0952380952380952,0.1870748299319728,0.0476190476190476,0.0442176870748299,0.0442176870748299
1437,0.0935251798561151,0.2014388489208633,0.0431654676258992,0.079136690647482,0.0287769784172661
1438,0.0687830687830687,0.1746031746031746,0.0687830687830687,0.0264550264550264,0.0158730158730158
1439,0.1274509803921568,0.1617647058823529,0.0245098039215686,0.0735294117647058,0.0490196078431372
1440,0.125,0.1447368421052631,0.0328947368421052,0.0460526315789473,0.0394736842105263
1441,0.1009174311926605,0.2293577981651376,0.055045871559633,0.0458715596330275,0.0229357798165137
1442,0.076056338028169,0.1718309859154929,0.0422535211267605,0.0197183098591549,0.0169014084507042
1443,0.125,0.2039473684210526,0.0328947368421052,0.0328947368421052,0.0263157894736842
1444,0.1576576576576576,0.1666666666666666,0.018018018018018,0.0315315315315315,0.054054054054054
1445,0.0424242424242424,0.1696969696969697,0.0242424242424242,0.0181818181818181,0.0
1446,0.1055900621118012,0.15527950310559,0.031055900621118,0.0434782608695652,0.0372670807453416
1447,0.1147540983606557,0.221311475409836,0.0245901639344262,0.0163934426229508,0.0245901639344262
1448,0.1515151515151515,0.1774891774891775,0.0346320346320346,0.0303030303030303,0.0692640692640692
1449,0.1428571428571428,0.1496598639455782,0.0340136054421768,0.0272108843537414,0.0204081632653061
1450,0.1136363636363636,0.1704545454545454,0.0284090909090909,0.0454545454545454,0.0454545454545454
1451,0.1103448275862069,0.2034482758620689,0.0482758620689655,0.0448275862068965,0.0103448275862068
1452,0.1104651162790697,0.1831395348837209,0.0319767441860465,0.0755813953488372,0.0377906976744186
1453,0.1201550387596899,0.2403100775193798,0.1085271317829457,0.0503875968992248,0.0348837209302325
1454,0.1446808510638297,0.1531914893617021,0.051063829787234,0.051063829787234,0.0425531914893617
1455,0.0904761904761904,0.2333333333333333,0.0619047619047619,0.0428571428571428,0.0095238095238095
1456,0.119047619047619,0.2559523809523809,0.0595238095238095,0.0297619047619047,0.0119047619047619
1457,0.1380530973451327,0.184070796460177,0.063716814159292,0.0619469026548672,0.0460176991150442
1458,0.0869565217391304,0.1826086956521739,0.0521739130434782,0.008695652173913,0.0260869565217391
1459,0.08130081300813,0.1626016260162601,0.0772357723577235,0.040650406504065,0.0284552845528455
1460,0.1692307692307692,0.1461538461538461,0.0076923076923076,0.0615384615384615,0.0461538461538461
1461,0.1464646464646464,0.1767676767676767,0.0404040404040404,0.0808080808080808,0.0555555555555555
1462,0.106145251396648,0.2234636871508379,0.0837988826815642,0.0223463687150838,0.0223463687150838
1463,0.1121495327102803,0.1962616822429906,0.0654205607476635,0.0373831775700934,0.02803738317757
1464,0.1310679611650485,0.233009708737864,0.0728155339805825,0.0339805825242718,0.029126213592233
1465,0.1086142322097378,0.2172284644194756,0.0524344569288389,0.0149812734082397,0.0262172284644194
1466,0.1005291005291005,0.1587301587301587,0.037037037037037,0.0105820105820105,0.037037037037037
1467,0.1617647058823529,0.1691176470588235,0.0294117647058823,0.0,0.0147058823529411
1469,0.1235059760956175,0.1673306772908366,0.047808764940239,0.0159362549800796,0.0079681274900398
1470,0.1171875,0.1875,0.0390625,0.0546875,0.04296875
1471,0.1301369863013698,0.1404109589041096,0.0513698630136986,0.0582191780821917,0.0616438356164383
1472,0.1228070175438596,0.1695906432748538,0.023391812865497,0.0701754385964912,0.0116959064327485
1473,0.0457317073170731,0.1280487804878048,0.0152439024390243,0.0182926829268292,0.0091463414634146
1474,0.0568181818181818,0.125,0.0227272727272727,0.0227272727272727,0.0056818181818181
1475,0.0769230769230769,0.1634615384615384,0.0192307692307692,0.0528846153846153,0.0240384615384615
1476,0.1428571428571428,0.2040816326530612,0.0408163265306122,0.0306122448979591,0.0204081632653061
1477,0.1011904761904761,0.1666666666666666,0.0357142857142857,0.0535714285714285,0.0178571428571428
1478,0.0654761904761904,0.1547619047619047,0.0476190476190476,0.0297619047619047,0.0535714285714285
1479,0.1075581395348837,0.1453488372093023,0.0290697674418604,0.0494186046511627,0.0610465116279069
1480,0.1272727272727272,0.1818181818181818,0.0363636363636363,0.0636363636363636,0.0272727272727272
1481,0.0776699029126213,0.1650485436893204,0.0097087378640776,0.0485436893203883,0.029126213592233
1482,0.143646408839779,0.1381215469613259,0.0276243093922651,0.0828729281767955,0.0552486187845303
1483,0.1434977578475336,0.147982062780269,0.0493273542600896,0.0717488789237668,0.0358744394618834
1484,0.108695652173913,0.2028985507246377,0.0434782608695652,0.0217391304347826,0.0072463768115942
1485,0.1184210526315789,0.2236842105263158,0.0263157894736842,0.0263157894736842,0.0197368421052631
1486,0.127906976744186,0.1511627906976744,0.0465116279069767,0.0755813953488372,0.0174418604651162
1487,0.1423948220064725,0.2135922330097087,0.0226537216828478,0.0388349514563106,0.0517799352750809
1488,0.0884955752212389,0.1814159292035398,0.0530973451327433,0.0486725663716814,0.0309734513274336
1489,0.1210526315789473,0.1736842105263158,0.0210526315789473,0.0210526315789473,0.0368421052631578
1490,0.1454545454545454,0.1636363636363636,0.0545454545454545,0.0181818181818181,0.0181818181818181
1491,0.1258278145695364,0.1854304635761589,0.0132450331125827,0.0463576158940397,0.0264900662251655
1492,0.0629921259842519,0.2125984251968504,0.0551181102362204,0.0078740157480314,0.0314960629921259
1493,0.0555555555555555,0.15,0.0222222222222222,0.0166666666666666,0.0222222222222222
1494,0.1079365079365079,0.1587301587301587,0.0126984126984126,0.0349206349206349,0.0253968253968253
1495,0.0851063829787234,0.226950354609929,0.0283687943262411,0.0567375886524822,0.0354609929078014
1496,0.1148648648648648,0.1655405405405405,0.0337837837837837,0.0371621621621621,0.0337837837837837
1497,0.0982456140350877,0.2070175438596491,0.0526315789473684,0.031578947368421,0.0105263157894736
1498,0.1598513011152416,0.1635687732342007,0.0185873605947955,0.0483271375464684,0.0483271375464684
1499,0.147239263803681,0.2024539877300613,0.0245398773006134,0.0552147239263803,0.0552147239263803
1500,0.0691244239631336,0.1658986175115207,0.0184331797235023,0.0368663594470046,0.0046082949308755
1501,0.1458333333333333,0.2013888888888889,0.0486111111111111,0.0069444444444444,0.0625
1502,0.1482558139534883,0.1773255813953488,0.0290697674418604,0.0319767441860465,0.0523255813953488
1503,0.1371681415929203,0.2035398230088495,0.0176991150442477,0.0530973451327433,0.0221238938053097
1504,0.1566265060240964,0.1566265060240964,0.0240963855421686,0.0,0.0240963855421686
1505,0.1015873015873015,0.1904761904761904,0.0793650793650793,0.0539682539682539,0.0158730158730158
1506,0.1340782122905028,0.2122905027932961,0.0558659217877094,0.0335195530726257,0.0167597765363128
1507,0.1036585365853658,0.1951219512195122,0.0853658536585365,0.0304878048780487,0.0121951219512195
1508,0.0813953488372093,0.191860465116279,0.0465116279069767,0.0232558139534883,0.0116279069767441
1509,0.1048951048951049,0.1818181818181818,0.0559440559440559,0.0279720279720279,0.0069930069930069
1510,0.1186440677966101,0.1864406779661017,0.0564971751412429,0.0338983050847457,0.0169491525423728
1511,0.1,0.19375,0.00625,0.0375,0.03125
1512,0.1335877862595419,0.1335877862595419,0.0305343511450381,0.0381679389312977,0.0381679389312977
1513,0.0851063829787234,0.1560283687943262,0.0354609929078014,0.0141843971631205,0.0
1514,0.1226158038147139,0.2043596730245231,0.0517711171662125,0.0326975476839237,0.0490463215258855
1515,0.0861538461538461,0.2092307692307692,0.0707692307692307,0.0246153846153846,0.0153846153846153
1516,0.1118012422360248,0.1987577639751552,0.0683229813664596,0.031055900621118,0.0062111801242236
1517,0.1739130434782608,0.1739130434782608,0.0,0.0,0.0434782608695652
1518,0.0915032679738562,0.1437908496732026,0.065359477124183,0.0196078431372549,0.0457516339869281
1519,0.1277372262773722,0.1532846715328467,0.0291970802919708,0.072992700729927,0.0437956204379562
1520,0.1164383561643835,0.2191780821917808,0.0753424657534246,0.0205479452054794,0.0068493150684931
1521,0.1030927835051546,0.1701030927835051,0.0360824742268041,0.0360824742268041,0.0103092783505154
1522,0.1319444444444444,0.2118055555555555,0.0208333333333333,0.0208333333333333,0.0243055555555555
1523,0.1276595744680851,0.1560283687943262,0.0141843971631205,0.0425531914893617,0.0425531914893617
1524,0.1,0.1758620689655172,0.0206896551724137,0.0275862068965517,0.0275862068965517
1525,0.1361111111111111,0.1916666666666666,0.0472222222222222,0.05,0.0472222222222222
1526,0.1646341463414634,0.2012195121951219,0.024390243902439,0.0304878048780487,0.0304878048780487
1527,0.0886075949367088,0.240506329113924,0.0379746835443038,0.0379746835443038,0.0379746835443038
1528,0.1326164874551971,0.2365591397849462,0.014336917562724,0.039426523297491,0.028673835125448
1529,0.0905172413793103,0.1939655172413793,0.0172413793103448,0.0172413793103448,0.0086206896551724
1530,0.0973451327433628,0.1725663716814159,0.0176991150442477,0.0221238938053097,0.0353982300884955
1531,0.0944444444444444,0.1777777777777777,0.0277777777777777,0.0333333333333333,0.0111111111111111
1532,0.0922330097087378,0.1990291262135922,0.0388349514563106,0.0194174757281553,0.0242718446601941
1533,0.1025641025641025,0.2115384615384615,0.0448717948717948,0.0576923076923076,0.0256410256410256
1534,0.0701754385964912,0.1871345029239766,0.023391812865497,0.023391812865497,0.0116959064327485
1535,0.1587301587301587,0.1851851851851851,0.0317460317460317,0.0264550264550264,0.037037037037037
1536,0.1156069364161849,0.1907514450867052,0.0346820809248554,0.0462427745664739,0.0346820809248554
1537,0.1363636363636363,0.1727272727272727,0.0363636363636363,0.0454545454545454,0.0272727272727272
1538,0.110091743119266,0.2293577981651376,0.0321100917431192,0.018348623853211,0.0275229357798165
1539,0.1010928961748633,0.1502732240437158,0.0382513661202185,0.0655737704918032,0.0683060109289617
1540,0.1012145748987854,0.1983805668016194,0.0769230769230769,0.0404858299595141,0.0404858299595141
1541,0.075,0.185,0.055,0.03,0.04
1542,0.074074074074074,0.2314814814814814,0.037037037037037,0.0185185185185185,0.0185185185185185
1543,0.0851063829787234,0.1404255319148936,0.051063829787234,0.0340425531914893,0.0382978723404255
1544,0.1111111111111111,0.2121212121212121,0.0404040404040404,0.0505050505050505,0.0
1545,0.1017699115044247,0.168141592920354,0.0442477876106194,0.0353982300884955,0.0265486725663716
1546,0.1116504854368932,0.1262135922330097,0.0388349514563106,0.0194174757281553,0.0728155339805825
1547,0.1739130434782608,0.1739130434782608,0.0434782608695652,0.0434782608695652,0.0144927536231884
1548,0.1423220973782771,0.1872659176029962,0.0374531835205992,0.048689138576779,0.0374531835205992
1549,0.1081081081081081,0.179054054054054,0.0304054054054054,0.0304054054054054,0.0371621621621621
1550,0.0722433460076045,0.1711026615969581,0.0380228136882129,0.0380228136882129,0.0152091254752851
1551,0.1176470588235294,0.1818181818181818,0.0641711229946524,0.0588235294117647,0.0374331550802139
1552,0.0857142857142857,0.0928571428571428,0.0214285714285714,0.0071428571428571,0.0142857142857142
1553,0.075,0.23,0.06,0.04,0.01
1554,0.0909090909090909,0.2406417112299465,0.0213903743315508,0.0427807486631016,0.0160427807486631
1555,0.1067415730337078,0.1741573033707865,0.0561797752808988,0.0280898876404494,0.0280898876404494
1556,0.1234567901234567,0.1419753086419753,0.0555555555555555,0.0432098765432098,0.0308641975308641
1557,0.1313868613138686,0.2335766423357664,0.0072992700729927,0.0510948905109489,0.0364963503649635
1558,0.1333333333333333,0.1878787878787878,0.0606060606060606,0.0363636363636363,0.0121212121212121
1559,0.1194029850746268,0.2462686567164179,0.044776119402985,0.0149253731343283,0.0074626865671641
1560,0.1102362204724409,0.1259842519685039,0.0,0.0236220472440944,0.0078740157480314
1561,0.1085972850678733,0.2126696832579185,0.0407239819004524,0.0226244343891402,0.0135746606334841
1562,0.1327433628318584,0.2212389380530973,0.0088495575221238,0.0353982300884955,0.0530973451327433
1563,0.1329479768786127,0.1705202312138728,0.0317919075144508,0.0462427745664739,0.0549132947976878
1564,0.0909090909090909,0.1818181818181818,0.05,0.0454545454545454,0.0227272727272727
1565,0.1178861788617886,0.2195121951219512,0.024390243902439,0.024390243902439,0.0121951219512195
1566,0.1231884057971014,0.1485507246376811,0.0326086956521739,0.0398550724637681,0.036231884057971
1567,0.0674846625766871,0.2208588957055214,0.0858895705521472,0.0061349693251533,0.0061349693251533
1568,0.1559139784946236,0.1612903225806451,0.0161290322580645,0.032258064516129,0.032258064516129
1569,0.1079545454545454,0.1789772727272727,0.0198863636363636,0.0170454545454545,0.0227272727272727
1570,0.088235294117647,0.2058823529411764,0.0294117647058823,0.0294117647058823,0.0098039215686274
1571,0.1231884057971014,0.2101449275362318,0.036231884057971,0.0289855072463768,0.0144927536231884
1572,0.1097560975609756,0.1890243902439024,0.0060975609756097,0.024390243902439,0.0121951219512195
1573,0.094240837696335,0.1989528795811518,0.0366492146596858,0.0209424083769633,0.0157068062827225
1574,0.03125,0.1666666666666666,0.0416666666666666,0.0208333333333333,0.0208333333333333
1575,0.1130952380952381,0.2142857142857142,0.0238095238095238,0.0357142857142857,0.0238095238095238
1576,0.1115537848605577,0.2151394422310757,0.0119521912350597,0.0517928286852589,0.0159362549800796
1577,0.0684931506849315,0.1712328767123287,0.0410958904109589,0.0342465753424657,0.0273972602739726
1578,0.1072961373390558,0.1974248927038626,0.0214592274678111,0.0257510729613733,0.0214592274678111
1579,0.1207729468599033,0.1980676328502415,0.0289855072463768,0.0193236714975845,0.0338164251207729
1580,0.1272727272727272,0.1515151515151515,0.0545454545454545,0.0363636363636363,0.0303030303030303
1581,0.1055045871559633,0.1788990825688073,0.0321100917431192,0.036697247706422,0.0
1582,0.1103896103896103,0.2207792207792207,0.0324675324675324,0.0584415584415584,0.0324675324675324
1583,0.1094890510948905,0.218978102189781,0.0291970802919708,0.0291970802919708,0.0291970802919708
1584,0.1028938906752411,0.180064308681672,0.0482315112540192,0.0160771704180064,0.0385852090032154
1585,0.1087866108786611,0.1882845188284518,0.0543933054393305,0.0418410041841004,0.0418410041841004
1586,0.1059602649006622,0.1721854304635761,0.0463576158940397,0.0662251655629139,0.0066225165562913
1587,0.1085043988269794,0.1730205278592375,0.0351906158357771,0.0527859237536656,0.0439882697947214
1588,0.11,0.22,0.02,0.01,0.01
1589,0.0994764397905759,0.2460732984293193,0.0366492146596858,0.0366492146596858,0.0157068062827225
1590,0.0848056537102473,0.2190812720848056,0.03886925795053,0.0318021201413427,0.0176678445229682
1591,0.1038961038961039,0.1818181818181818,0.0173160173160173,0.0173160173160173,0.0173160173160173
1592,0.1555555555555555,0.2074074074074074,0.037037037037037,0.0296296296296296,0.0296296296296296
1593,0.1477272727272727,0.1818181818181818,0.0227272727272727,0.0227272727272727,0.0
1594,0.1333333333333333,0.1878787878787878,0.0242424242424242,0.0424242424242424,0.0484848484848484
1595,0.1578947368421052,0.1710526315789473,0.0131578947368421,0.0789473684210526,0.0394736842105263
1596,0.1462450592885375,0.2292490118577075,0.0355731225296442,0.0276679841897233,0.0158102766798418
1597,0.1052631578947368,0.1973684210526315,0.0131578947368421,0.0307017543859649,0.043859649122807
1598,0.1337579617834395,0.2229299363057325,0.0382165605095541,0.0127388535031847,0.0254777070063694
1599,0.054054054054054,0.2162162162162162,0.054054054054054,0.027027027027027,0.0
1600,0.1016949152542373,0.2372881355932203,0.0254237288135593,0.0084745762711864,0.0338983050847457
1601,0.0377358490566037,0.2452830188679245,0.0566037735849056,0.0377358490566037,0.0377358490566037
1602,0.1045751633986928,0.1633986928104575,0.0261437908496732,0.0522875816993464,0.0065359477124183
1603,0.1184210526315789,0.1710526315789473,0.0263157894736842,0.0263157894736842,0.0328947368421052
1604,0.1113490364025695,0.1820128479657387,0.0278372591006423,0.0406852248394004,0.0364025695931477
1605,0.1093117408906882,0.1680161943319838,0.0546558704453441,0.0647773279352226,0.0384615384615384
1606,0.0905923344947735,0.205574912891986,0.0278745644599303,0.0139372822299651,0.0278745644599303
1607,0.0,0.0909090909090909,0.0909090909090909,0.0,0.0
1608,0.0842911877394636,0.160919540229885,0.0459770114942528,0.0459770114942528,0.0344827586206896
1609,0.0852713178294573,0.2480620155038759,0.0775193798449612,0.0310077519379844,0.0232558139534883
1610,0.1176470588235294,0.230392156862745,0.034313725490196,0.034313725490196,0.0147058823529411
1611,0.0695652173913043,0.0869565217391304,0.008695652173913,0.017391304347826,0.0
1612,0.1343283582089552,0.1343283582089552,0.044776119402985,0.0248756218905472,0.0298507462686567
1613,0.1188118811881188,0.1534653465346534,0.0346534653465346,0.0247524752475247,0.0297029702970297
1614,0.1235294117647058,0.2,0.0529411764705882,0.0235294117647058,0.0411764705882352
1615,0.0939597315436241,0.174496644295302,0.0134228187919463,0.0268456375838926,0.0335570469798657
1616,0.1181818181818181,0.2363636363636363,0.0636363636363636,0.0454545454545454,0.009090909090909
1617,0.1048951048951049,0.2027972027972027,0.0559440559440559,0.0349650349650349,0.0419580419580419
1618,0.1443850267379679,0.213903743315508,0.0106951871657754,0.0320855614973262,0.0160427807486631
1619,0.0764119601328903,0.1744186046511628,0.0315614617940199,0.0299003322259136,0.0182724252491694
1620,0.0744680851063829,0.2340425531914893,0.0638297872340425,0.0212765957446808,0.0212765957446808
1621,0.1059602649006622,0.2185430463576159,0.0331125827814569,0.0331125827814569,0.0132450331125827
1622,0.0972222222222222,0.1631944444444444,0.0347222222222222,0.0243055555555555,0.0381944444444444
1623,0.0666666666666666,0.0,0.0,0.0,0.0
1624,0.0925925925925925,0.1759259259259259,0.0648148148148148,0.0277777777777777,0.0
1625,0.1027397260273972,0.1986301369863013,0.047945205479452,0.0205479452054794,0.047945205479452
1626,0.1276595744680851,0.1702127659574468,0.0319148936170212,0.0531914893617021,0.0106382978723404
1627,0.097378277153558,0.2097378277153558,0.0337078651685393,0.0337078651685393,0.0224719101123595
1628,0.0638297872340425,0.1702127659574468,0.0141843971631205,0.0496453900709219,0.0425531914893617
1629,0.0873015873015873,0.1428571428571428,0.0238095238095238,0.0158730158730158,0.0079365079365079
1630,0.1118012422360248,0.1677018633540372,0.0372670807453416,0.062111801242236,0.0248447204968944
1631,0.1166666666666666,0.1583333333333333,0.0333333333333333,0.0666666666666666,0.0416666666666666
1632,0.1338028169014084,0.2253521126760563,0.0352112676056338,0.0352112676056338,0.028169014084507
1633,0.1067415730337078,0.2134831460674157,0.0337078651685393,0.0449438202247191,0.0168539325842696
1634,0.1462264150943396,0.1933962264150943,0.0094339622641509,0.0330188679245283,0.0424528301886792
1635,0.1531100478468899,0.1435406698564593,0.0382775119617224,0.0287081339712918,0.0669856459330143
1636,0.1297709923664122,0.1374045801526717,0.0534351145038167,0.0076335877862595,0.0229007633587786
1637,0.1129032258064516,0.1903225806451612,0.0612903225806451,0.0580645161290322,0.0354838709677419
1638,0.1359223300970873,0.1359223300970873,0.029126213592233,0.029126213592233,0.0776699029126213
1639,0.136986301369863,0.1506849315068493,0.0342465753424657,0.047945205479452,0.0136986301369863
1640,0.1402714932126696,0.1628959276018099,0.0271493212669683,0.0361990950226244,0.0452488687782805
1641,0.124,0.152,0.052,0.028,0.044
1642,0.1309523809523809,0.1547619047619047,0.0238095238095238,0.0178571428571428,0.0714285714285714
1643,0.1009615384615384,0.1442307692307692,0.0240384615384615,0.0432692307692307,0.0288461538461538
1644,0.1012658227848101,0.1645569620253164,0.0126582278481012,0.0189873417721519,0.050632911392405
1645,0.0935672514619883,0.1461988304093567,0.023391812865497,0.0760233918128654,0.023391812865497
1646,0.0869565217391304,0.1782608695652174,0.0521739130434782,0.0391304347826087,0.0304347826086956
1647,0.088235294117647,0.2156862745098039,0.0294117647058823,0.0490196078431372,0.0098039215686274
1648,0.1134020618556701,0.1855670103092783,0.0206185567010309,0.0515463917525773,0.0412371134020618
1649,0.0649350649350649,0.2337662337662337,0.1038961038961039,0.0259740259740259,0.0389610389610389
1650,0.1265432098765432,0.1790123456790123,0.0401234567901234,0.037037037037037,0.0308641975308641
1651,0.0915492957746478,0.1690140845070422,0.0422535211267605,0.0352112676056338,0.028169014084507
1652,0.1111111111111111,0.1746031746031746,0.0476190476190476,0.0476190476190476,0.0317460317460317
1653,0.1024096385542168,0.1746987951807229,0.0481927710843373,0.0421686746987951,0.0120481927710843
1654,0.0735930735930736,0.1904761904761904,0.0173160173160173,0.0216450216450216,0.0173160173160173
1655,0.1267605633802817,0.176056338028169,0.0352112676056338,0.0140845070422535,0.0211267605633802
1656,0.0959409594095941,0.1845018450184501,0.070110701107011,0.059040590405904,0.03690036900369
1657,0.1521739130434782,0.1739130434782608,0.0271739130434782,0.0326086956521739,0.0652173913043478
1658,0.125,0.2265625,0.046875,0.0390625,0.0234375
1659,0.0555555555555555,0.25,0.0,0.0,0.0
1660,0.0980392156862745,0.1862745098039215,0.0294117647058823,0.0784313725490196,0.0098039215686274
1661,0.1065573770491803,0.1393442622950819,0.0491803278688524,0.0368852459016393,0.0696721311475409
1662,0.1164658634538152,0.1887550200803212,0.036144578313253,0.0763052208835341,0.0401606425702811
1663,0.0982142857142857,0.125,0.0267857142857142,0.0625,0.0446428571428571
1664,0.1052631578947368,0.125,0.0263157894736842,0.0460526315789473,0.0526315789473684
1665,0.1338582677165354,0.1732283464566929,0.0472440944881889,0.0157480314960629,0.0629921259842519
1666,0.1544117647058823,0.213235294117647,0.0220588235294117,0.0514705882352941,0.0367647058823529
1667,0.1184210526315789,0.2171052631578947,0.0328947368421052,0.0197368421052631,0.0394736842105263
1668,0.100502512562814,0.1708542713567839,0.0201005025125628,0.0603015075376884,0.0301507537688442
1669,0.0763888888888889,0.2569444444444444,0.0277777777777777,0.0347222222222222,0.0208333333333333
1670,0.0650602409638554,0.1975903614457831,0.0795180722891566,0.0265060240963855,0.0096385542168674
1671,0.1266666666666666,0.1933333333333333,0.0466666666666666,0.0266666666666666,0.0
1672,0.1216216216216216,0.2972972972972973,0.0,0.0,0.0405405405405405
1673,0.11875,0.13125,0.0625,0.0125,0.05625
1674,0.1310861423220973,0.2172284644194756,0.048689138576779,0.0299625468164794,0.0299625468164794
1675,0.136,0.16,0.04,0.032,0.048
1676,0.1287878787878787,0.1515151515151515,0.0303030303030303,0.0681818181818181,0.0378787878787878
1677,0.0943396226415094,0.2122641509433962,0.0235849056603773,0.0518867924528301,0.0283018867924528
1678,0.0901639344262295,0.180327868852459,0.0573770491803278,0.040983606557377,0.0081967213114754
1679,0.101010101010101,0.2323232323232323,0.0101010101010101,0.0303030303030303,0.0404040404040404
1680,0.1769911504424778,0.1548672566371681,0.0132743362831858,0.0530973451327433,0.0530973451327433
1681,0.1379310344827586,0.160919540229885,0.0344827586206896,0.057471264367816,0.057471264367816
1682,0.127906976744186,0.1686046511627907,0.0465116279069767,0.0697674418604651,0.0523255813953488
1683,0.0993377483443708,0.1258278145695364,0.0397350993377483,0.0397350993377483,0.0397350993377483
1684,0.1126760563380281,0.1478873239436619,0.0140845070422535,0.0211267605633802,0.028169014084507
1685,0.1237113402061855,0.1855670103092783,0.0,0.0206185567010309,0.0206185567010309
1686,0.1286307053941908,0.1784232365145228,0.0331950207468879,0.0456431535269709,0.0207468879668049
1687,0.1022727272727272,0.1590909090909091,0.0113636363636363,0.034090909090909,0.0113636363636363
1688,0.0961538461538461,0.1602564102564102,0.0384615384615384,0.0512820512820512,0.0384615384615384
1689,0.0892857142857142,0.1964285714285714,0.0,0.0267857142857142,0.0089285714285714
1690,0.0522875816993464,0.1176470588235294,0.0392156862745098,0.0261437908496732,0.0261437908496732
1691,0.1206030150753768,0.1959798994974874,0.0201005025125628,0.0552763819095477,0.050251256281407
1692,0.0967741935483871,0.1854838709677419,0.032258064516129,0.0725806451612903,0.0241935483870967
1693,0.1016949152542373,0.231638418079096,0.03954802259887,0.0282485875706214,0.0056497175141242
1694,0.0921052631578947,0.1907894736842105,0.0263157894736842,0.0855263157894736,0.006578947368421
1695,0.1055900621118012,0.2049689440993788,0.062111801242236,0.031055900621118,0.0248447204968944
1696,0.0961538461538461,0.173076923076923,0.0512820512820512,0.0512820512820512,0.032051282051282
1697,0.1089108910891089,0.1683168316831683,0.0396039603960396,0.0594059405940594,0.0594059405940594
1698,0.0714285714285714,0.1666666666666666,0.0238095238095238,0.0714285714285714,0.0
1699,0.0943396226415094,0.1698113207547169,0.0566037735849056,0.0188679245283018,0.0125786163522012
1700,0.1409090909090909,0.2045454545454545,0.0454545454545454,0.0409090909090909,0.0181818181818181
1701,0.125,0.125,0.075,0.0583333333333333,0.0583333333333333
1702,0.072072072072072,0.1801801801801801,0.036036036036036,0.018018018018018,0.027027027027027
1703,0.1286307053941908,0.1327800829875518,0.0248962655601659,0.0746887966804979,0.0580912863070539
1704,0.08,0.22,0.0533333333333333,0.0466666666666666,0.0066666666666666
1705,0.0978260869565217,0.1630434782608695,0.0652173913043478,0.0326086956521739,0.0108695652173913
1706,0.1386138613861386,0.1782178217821782,0.0148514851485148,0.0198019801980198,0.0346534653465346
1707,0.1081081081081081,0.2364864864864864,0.0067567567567567,0.0337837837837837,0.0
1708,0.1317204301075268,0.1827956989247312,0.0698924731182795,0.0564516129032258,0.032258064516129
1709,0.037037037037037,0.2222222222222222,0.0,0.0,0.037037037037037
1710,0.1181818181818181,0.2,0.0409090909090909,0.0227272727272727,0.0272727272727272
1711,0.0962566844919786,0.1978609625668449,0.0909090909090909,0.0106951871657754,0.0160427807486631
1712,0.15,0.2,0.0571428571428571,0.0,0.0214285714285714
1713,0.0895522388059701,0.1977611940298507,0.0373134328358208,0.0410447761194029,0.0111940298507462
1714,0.1398305084745762,0.173728813559322,0.0423728813559322,0.0296610169491525,0.0296610169491525
1715,0.0990990990990991,0.2162162162162162,0.036036036036036,0.0045045045045045,0.0225225225225225
1716,0.1033057851239669,0.2190082644628099,0.0619834710743801,0.024793388429752,0.0082644628099173
1717,0.1292134831460674,0.1797752808988764,0.0337078651685393,0.0898876404494382,0.0337078651685393
1718,0.12,0.18,0.03,0.035,0.035
1719,0.0919540229885057,0.2528735632183908,0.0459770114942528,0.0,0.0114942528735632
1720,0.132890365448505,0.1794019933554817,0.0465116279069767,0.0598006644518272,0.0498338870431893
1721,0.1239669421487603,0.1570247933884297,0.0413223140495867,0.0413223140495867,0.0743801652892562
1722,0.1420454545454545,0.1818181818181818,0.0227272727272727,0.0397727272727272,0.0284090909090909
1723,0.1038461538461538,0.1884615384615384,0.0384615384615384,0.0576923076923076,0.0076923076923076
1724,0.1144578313253012,0.1746987951807229,0.0421686746987951,0.072289156626506,0.036144578313253
1725,0.125,0.1875,0.0357142857142857,0.0357142857142857,0.0178571428571428
1726,0.1261261261261261,0.1486486486486486,0.045045045045045,0.018018018018018,0.0315315315315315
1727,0.1179775280898876,0.196629213483146,0.0224719101123595,0.0337078651685393,0.0168539325842696
1728,0.1013513513513513,0.2094594594594594,0.0202702702702702,0.0202702702702702,0.0067567567567567
1729,0.1278195488721804,0.1654135338345864,0.0451127819548872,0.0451127819548872,0.0451127819548872
1730,0.1350210970464135,0.1729957805907173,0.0464135021097046,0.050632911392405,0.0675105485232067
1731,0.1441441441441441,0.1306306306306306,0.0405405405405405,0.045045045045045,0.045045045045045
1732,0.0984848484848484,0.2297979797979798,0.0909090909090909,0.0378787878787878,0.0176767676767676
1733,0.1216931216931216,0.1746031746031746,0.0052910052910052,0.037037037037037,0.0317460317460317
1734,0.1009174311926605,0.2110091743119266,0.0458715596330275,0.0275229357798165,0.018348623853211
1735,0.1136363636363636,0.1818181818181818,0.0318181818181818,0.0409090909090909,0.0318181818181818
1736,0.106060606060606,0.1439393939393939,0.0151515151515151,0.0606060606060606,0.0227272727272727
1737,0.1103896103896103,0.1428571428571428,0.0259740259740259,0.0519480519480519,0.0909090909090909
1738,0.1013513513513513,0.1959459459459459,0.0405405405405405,0.0202702702702702,0.0
1739,0.1652173913043478,0.2260869565217391,0.0521739130434782,0.008695652173913,0.017391304347826
1740,0.1078998073217726,0.1676300578034682,0.0558766859344894,0.0308285163776493,0.0308285163776493
1741,0.0701754385964912,0.1842105263157894,0.0263157894736842,0.0087719298245614,0.0087719298245614
1742,0.0852713178294573,0.1705426356589147,0.0542635658914728,0.0310077519379844,0.0775193798449612
1743,0.1270718232044199,0.1657458563535911,0.0165745856353591,0.0386740331491712,0.0220994475138121
1744,0.1509433962264151,0.1949685534591195,0.0062893081761006,0.0188679245283018,0.0566037735849056
1745,0.1137724550898203,0.18562874251497,0.0658682634730539,0.0359281437125748,0.0239520958083832
1746,0.092,0.196,0.048,0.052,0.034
1747,0.1198156682027649,0.1658986175115207,0.0414746543778801,0.0414746543778801,0.0506912442396313
1748,0.123015873015873,0.1825396825396825,0.0396825396825396,0.0158730158730158,0.0238095238095238
1749,0.1171548117154811,0.1297071129707113,0.0543933054393305,0.0502092050209205,0.0376569037656903
1750,0.0925925925925925,0.1666666666666666,0.0555555555555555,0.0185185185185185,0.0
1751,0.0840336134453781,0.1596638655462184,0.0168067226890756,0.0168067226890756,0.0
1752,0.0795454545454545,0.2159090909090909,0.0284090909090909,0.0170454545454545,0.0113636363636363
1753,0.0955882352941176,0.1470588235294117,0.0220588235294117,0.0367647058823529,0.0073529411764705
1754,0.1341463414634146,0.2012195121951219,0.0,0.0426829268292682,0.0426829268292682
1755,0.0923076923076923,0.2615384615384615,0.0461538461538461,0.0461538461538461,0.023076923076923
1756,0.1157024793388429,0.1859504132231405,0.1033057851239669,0.0289256198347107,0.0413223140495867
1757,0.0677966101694915,0.1525423728813559,0.0423728813559322,0.0169491525423728,0.0084745762711864
1758,0.119047619047619,0.1931216931216931,0.0555555555555555,0.0317460317460317,0.0211640211640211
1759,0.1048387096774193,0.2016129032258064,0.064516129032258,0.0403225806451612,0.0161290322580645
1760,0.0521739130434782,0.2,0.017391304347826,0.0608695652173913,0.008695652173913
1761,0.1036269430051813,0.2176165803108808,0.077720207253886,0.0310880829015544,0.005181347150259
1762,0.12,0.1733333333333333,0.0433333333333333,0.0233333333333333,0.0566666666666666
1763,0.072,0.192,0.088,0.024,0.008
1764,0.1330935251798561,0.1942446043165467,0.0215827338129496,0.0431654676258992,0.014388489208633
1765,0.0996168582375478,0.2375478927203065,0.0613026819923371,0.0153256704980842,0.0229885057471264
1766,0.1782178217821782,0.1584158415841584,0.0297029702970297,0.0396039603960396,0.0594059405940594
1767,0.1374045801526717,0.1526717557251908,0.0610687022900763,0.0610687022900763,0.0343511450381679
1768,0.0793650793650793,0.164021164021164,0.0264550264550264,0.0529100529100529,0.0317460317460317
1769,0.0765306122448979,0.1632653061224489,0.0153061224489795,0.0561224489795918,0.0357142857142857
1770,0.1061946902654867,0.2035398230088495,0.0442477876106194,0.0265486725663716,0.0530973451327433
1771,0.1324503311258278,0.2251655629139073,0.0596026490066225,0.0264900662251655,0.0264900662251655
1772,0.1327014218009478,0.1848341232227488,0.0521327014218009,0.0284360189573459,0.0568720379146919
1773,0.118705035971223,0.1870503597122302,0.0251798561151079,0.0719424460431654,0.0287769784172661
1774,0.1520467836257309,0.2046783625730994,0.0701754385964912,0.0467836257309941,0.0409356725146198
1775,0.0785714285714285,0.2,0.0571428571428571,0.0214285714285714,0.0071428571428571
1776,0.0578512396694214,0.1818181818181818,0.0165289256198347,0.0289256198347107,0.0206611570247933
1777,0.1208791208791208,0.2197802197802197,0.0329670329670329,0.0329670329670329,0.0164835164835164
1778,0.0765027322404371,0.1639344262295081,0.0327868852459016,0.0163934426229508,0.0218579234972677
1779,0.1180555555555555,0.1875,0.0555555555555555,0.0416666666666666,0.0138888888888888
1780,0.0824175824175824,0.1483516483516483,0.0329670329670329,0.0219780219780219,0.0109890109890109
1781,0.1428571428571428,0.1876750700280112,0.0196078431372549,0.0532212885154061,0.042016806722689
1782,0.1098901098901098,0.1978021978021978,0.0329670329670329,0.0219780219780219,0.0109890109890109
1783,0.1124497991967871,0.1927710843373494,0.0562248995983935,0.0321285140562249,0.0321285140562249
1784,0.0918367346938775,0.1887755102040816,0.0765306122448979,0.0357142857142857,0.0
1785,0.0892857142857142,0.1696428571428571,0.0446428571428571,0.0089285714285714,0.0178571428571428
1786,0.0625,0.25,0.015625,0.0,0.0
1787,0.0886075949367088,0.2278481012658227,0.0379746835443038,0.050632911392405,0.0379746835443038
1788,0.1310344827586207,0.1172413793103448,0.096551724137931,0.0413793103448275,0.0137931034482758
1789,0.1266968325791855,0.1809954751131221,0.0271493212669683,0.0180995475113122,0.0271493212669683
1790,0.0909090909090909,0.25,0.0454545454545454,0.0113636363636363,0.0113636363636363
1791,0.1148514851485148,0.2198019801980198,0.0475247524752475,0.0277227722772277,0.0415841584158415
1792,0.1372549019607843,0.1372549019607843,0.0,0.0392156862745098,0.0392156862745098
1793,0.0990990990990991,0.1711711711711711,0.018018018018018,0.036036036036036,0.009009009009009
1794,0.0816326530612244,0.1564625850340136,0.0272108843537414,0.0544217687074829,0.0340136054421768
1795,0.1057692307692307,0.2235576923076923,0.0504807692307692,0.048076923076923,0.0336538461538461
1796,0.1168831168831168,0.1948051948051948,0.0389610389610389,0.0519480519480519,0.0
1797,0.0981308411214953,0.1845794392523364,0.0420560747663551,0.0373831775700934,0.0327102803738317
1798,0.1140350877192982,0.175438596491228,0.043859649122807,0.0350877192982456,0.0219298245614035
1799,0.0675675675675675,0.1891891891891892,0.0945945945945946,0.0135135135135135,0.0135135135135135
1800,0.112,0.208,0.064,0.04,0.016
1801,0.1190168175937904,0.1474773609314359,0.038809831824062,0.056921086675291,0.03751617076326
1802,0.0983606557377049,0.2076502732240437,0.0273224043715847,0.0382513661202185,0.0218579234972677
1803,0.0941176470588235,0.1705882352941176,0.0294117647058823,0.0176470588235294,0.0352941176470588
1804,0.1196581196581196,0.2393162393162393,0.0427350427350427,0.0341880341880341,0.0341880341880341
1805,0.0949367088607595,0.1835443037974683,0.0189873417721519,0.0189873417721519,0.0063291139240506
1806,0.1111111111111111,0.2148148148148148,0.037037037037037,0.0444444444444444,0.0074074074074074
1807,0.0805860805860805,0.2161172161172161,0.0219780219780219,0.0146520146520146,0.0073260073260073
1808,0.0934065934065934,0.2032967032967033,0.0274725274725274,0.0219780219780219,0.0109890109890109
1809,0.0952380952380952,0.1507936507936507,0.0634920634920634,0.0396825396825396,0.0238095238095238
1810,0.1208791208791208,0.1318681318681318,0.0329670329670329,0.0329670329670329,0.0219780219780219
1811,0.1094890510948905,0.1824817518248175,0.072992700729927,0.0291970802919708,0.0145985401459854
1812,0.1050420168067226,0.1932773109243697,0.0504201680672268,0.0294117647058823,0.042016806722689
1813,0.0601092896174863,0.174863387978142,0.0273224043715847,0.0218579234972677,0.0273224043715847
1814,0.0989010989010989,0.1538461538461538,0.0439560439560439,0.0329670329670329,0.0439560439560439
1815,0.1071428571428571,0.1607142857142857,0.0357142857142857,0.0,0.0267857142857142
1816,0.1111111111111111,0.1818181818181818,0.0303030303030303,0.0303030303030303,0.0101010101010101
1817,0.0983606557377049,0.1420765027322404,0.0655737704918032,0.0437158469945355,0.0218579234972677
1818,0.0962025316455696,0.2,0.030379746835443,0.0329113924050632,0.0126582278481012
1819,0.1325301204819277,0.2048192771084337,0.036144578313253,0.0120481927710843,0.0120481927710843
1820,0.1666666666666666,0.1333333333333333,0.0333333333333333,0.0666666666666666,0.0333333333333333
1821,0.1256830601092896,0.1912568306010929,0.0491803278688524,0.0327868852459016,0.0382513661202185
1822,0.104,0.248,0.016,0.032,0.0
1823,0.120253164556962,0.1772151898734177,0.0822784810126582,0.0253164556962025,0.0063291139240506
1824,0.0438247011952191,0.1235059760956175,0.0079681274900398,0.0278884462151394,0.0239043824701195
1825,0.1011235955056179,0.2022471910112359,0.0112359550561797,0.0224719101123595,0.0112359550561797
1826,0.1612903225806451,0.2258064516129032,0.0,0.0,0.032258064516129
1827,0.0769230769230769,0.2,0.0615384615384615,0.0153846153846153,0.0
1828,0.0795454545454545,0.1875,0.0170454545454545,0.0511363636363636,0.0170454545454545
1829,0.1162790697674418,0.2325581395348837,0.0232558139534883,0.0,0.0
1830,0.0945945945945946,0.1554054054054054,0.0405405405405405,0.0135135135135135,0.0472972972972973
1831,0.1206349206349206,0.1301587301587301,0.0412698412698412,0.073015873015873,0.0444444444444444
1832,0.1276595744680851,0.202127659574468,0.0319148936170212,0.0,0.0106382978723404
1833,0.1025641025641025,0.1897435897435897,0.041025641025641,0.0102564102564102,0.0205128205128205
1834,0.0619266055045871,0.1009174311926605,0.0091743119266055,0.0068807339449541,0.0137614678899082
1835,0.1186440677966101,0.135593220338983,0.0169491525423728,0.0338983050847457,0.0847457627118644
1836,0.0854430379746835,0.1518987341772152,0.0411392405063291,0.0158227848101265,0.0126582278481012
1837,0.1241610738255033,0.1577181208053691,0.0637583892617449,0.0369127516778523,0.023489932885906
1838,0.1,0.1333333333333333,0.0523809523809523,0.0238095238095238,0.0428571428571428
1839,0.0853658536585365,0.1585365853658536,0.0426829268292682,0.048780487804878,0.0121951219512195
1840,0.1003236245954692,0.1715210355987055,0.0453074433656957,0.029126213592233,0.0550161812297734
1841,0.2272727272727272,0.1818181818181818,0.0,0.0,0.0
1842,0.1428571428571428,0.1530612244897959,0.0204081632653061,0.0612244897959183,0.0408163265306122
1843,0.0561797752808988,0.1516853932584269,0.0224719101123595,0.0168539325842696,0.0168539325842696
1844,0.074235807860262,0.1703056768558952,0.0305676855895196,0.0043668122270742,0.0218340611353711
1845,0.1120689655172413,0.1724137931034483,0.0775862068965517,0.0258620689655172,0.0
1846,0.0789473684210526,0.219298245614035,0.0526315789473684,0.0,0.0087719298245614
1847,0.1306306306306306,0.1621621621621621,0.0225225225225225,0.0405405405405405,0.0675675675675675
1848,0.1241379310344827,0.1310344827586207,0.0275862068965517,0.0827586206896551,0.0068965517241379
1849,0.1232876712328767,0.1438356164383561,0.0136986301369863,0.0273972602739726,0.0136986301369863
1850,0.1015625,0.1875,0.0078125,0.0078125,0.0078125
1851,0.0935672514619883,0.1578947368421052,0.0292397660818713,0.0350877192982456,0.0116959064327485
1852,0.1188118811881188,0.2376237623762376,0.0148514851485148,0.0297029702970297,0.0346534653465346
1853,0.126865671641791,0.2014925373134328,0.0746268656716417,0.0223880597014925,0.0149253731343283
1854,0.0822368421052631,0.1611842105263158,0.0625,0.0592105263157894,0.0493421052631578
1855,0.125,0.171875,0.046875,0.03125,0.015625
1856,0.1,0.1533333333333333,0.0266666666666666,0.0066666666666666,0.0533333333333333
1857,0.1122807017543859,0.1964912280701754,0.0350877192982456,0.0280701754385964,0.031578947368421
1858,0.1923076923076923,0.1153846153846153,0.0,0.0,0.0384615384615384
1859,0.1195652173913043,0.1521739130434782,0.0326086956521739,0.0760869565217391,0.0434782608695652
1860,0.1124497991967871,0.2329317269076305,0.0200803212851405,0.0281124497991967,0.0281124497991967
1861,0.0777777777777777,0.1,0.0555555555555555,0.0444444444444444,0.1222222222222222
1862,0.1452991452991453,0.2136752136752136,0.0427350427350427,0.0427350427350427,0.0256410256410256
1863,0.1354019746121297,0.1466854724964739,0.0197461212976022,0.0634696755994358,0.0733427362482369
1864,0.1267605633802817,0.1690140845070422,0.0140845070422535,0.056338028169014,0.028169014084507
1865,0.0990990990990991,0.1981981981981982,0.0495495495495495,0.036036036036036,0.0135135135135135
1866,0.1125827814569536,0.1589403973509933,0.0264900662251655,0.0397350993377483,0.0662251655629139
1867,0.1179487179487179,0.1435897435897435,0.041025641025641,0.041025641025641,0.0153846153846153
1868,0.074074074074074,0.1481481481481481,0.0222222222222222,0.0,0.0222222222222222
1869,0.1169590643274853,0.1812865497076023,0.0175438596491228,0.0350877192982456,0.0175438596491228
1870,0.1164383561643835,0.1917808219178082,0.0136986301369863,0.0342465753424657,0.0342465753424657
1871,0.1098484848484848,0.1704545454545454,0.053030303030303,0.0416666666666666,0.0265151515151515
1872,0.0851063829787234,0.3191489361702128,0.0425531914893617,0.0,0.0212765957446808
1873,0.1119791666666666,0.171875,0.0286458333333333,0.0338541666666666,0.0651041666666666
1874,0.1485714285714285,0.1771428571428571,0.0228571428571428,0.0285714285714285,0.0228571428571428
1875,0.15,0.1111111111111111,0.0444444444444444,0.0444444444444444,0.05
1876,0.1320754716981132,0.160377358490566,0.0283018867924528,0.0188679245283018,0.0377358490566037
1877,0.0824742268041237,0.1855670103092783,0.0515463917525773,0.0412371134020618,0.0
1878,0.1260504201680672,0.1638655462184874,0.0546218487394958,0.0504201680672268,0.0336134453781512
1879,0.1044776119402985,0.1791044776119403,0.044776119402985,0.044776119402985,0.044776119402985
1880,0.0853658536585365,0.2195121951219512,0.0121951219512195,0.0365853658536585,0.024390243902439
1881,0.1413881748071979,0.2082262210796915,0.0334190231362467,0.0334190231362467,0.0359897172236503
1882,0.0995475113122171,0.1945701357466063,0.0497737556561085,0.0497737556561085,0.0316742081447963
1883,0.0933333333333333,0.1866666666666666,0.02,0.0333333333333333,0.02
1884,0.1376811594202898,0.1521739130434782,0.0434782608695652,0.0579710144927536,0.072463768115942
1885,0.1277777777777777,0.1805555555555555,0.0527777777777777,0.0555555555555555,0.0555555555555555
1886,0.1096345514950166,0.2225913621262458,0.0398671096345514,0.0265780730897009,0.0365448504983388
1887,0.0754716981132075,0.2830188679245283,0.0188679245283018,0.0188679245283018,0.0566037735849056
1888,0.1206896551724138,0.1724137931034483,0.0172413793103448,0.0344827586206896,0.0689655172413793
1889,0.1203703703703703,0.1481481481481481,0.0185185185185185,0.0,0.037037037037037
1890,0.1573033707865168,0.2022471910112359,0.0,0.0898876404494382,0.0449438202247191
1891,0.1698113207547169,0.1509433962264151,0.0,0.0754716981132075,0.1698113207547169
1892,0.0947867298578199,0.1706161137440758,0.0331753554502369,0.0189573459715639,0.0236966824644549
1893,0.1176470588235294,0.2,0.0352941176470588,0.0352941176470588,0.0235294117647058
1894,0.125,0.19375,0.03125,0.01875,0.06875
1895,0.0918727915194346,0.1837455830388692,0.0353356890459364,0.0353356890459364,0.0459363957597173
1896,0.07,0.2,0.02,0.01,0.01
1897,0.0857142857142857,0.1857142857142857,0.0,0.0,0.0
1898,0.1329787234042553,0.2234042553191489,0.0691489361702127,0.0212765957446808,0.0319148936170212
1899,0.1529411764705882,0.1529411764705882,0.0470588235294117,0.0588235294117647,0.0176470588235294
1900,0.0879120879120879,0.2142857142857142,0.0164835164835164,0.0164835164835164,0.0109890109890109
1901,0.1074766355140186,0.1448598130841121,0.0373831775700934,0.0560747663551401,0.0420560747663551
1902,0.1205673758865248,0.1914893617021276,0.0354609929078014,0.0567375886524822,0.0070921985815602
1903,0.1125,0.24375,0.0375,0.01875,0.00625
1904,0.125,0.1339285714285714,0.0178571428571428,0.0892857142857142,0.0446428571428571
1905,0.1239669421487603,0.2479338842975206,0.0165289256198347,0.0165289256198347,0.0
1906,0.1173708920187793,0.1924882629107981,0.0422535211267605,0.0422535211267605,0.0516431924882629
1907,0.0983606557377049,0.1557377049180328,0.0081967213114754,0.0327868852459016,0.0491803278688524
1908,0.0631578947368421,0.1263157894736842,0.1052631578947368,0.0526315789473684,0.0210526315789473
1909,0.1019108280254777,0.1719745222929936,0.0254777070063694,0.0382165605095541,0.019108280254777
1910,0.1132075471698113,0.1792452830188679,0.0566037735849056,0.0660377358490566,0.0471698113207547
1911,0.1134751773049645,0.1843971631205673,0.0496453900709219,0.0425531914893617,0.0212765957446808
1912,0.1451612903225806,0.1720430107526881,0.0268817204301075,0.064516129032258,0.0161290322580645
1913,0.1384615384615384,0.1846153846153846,0.0,0.0,0.0923076923076923
1914,0.0871794871794871,0.1794871794871795,0.041025641025641,0.0307692307692307,0.0205128205128205
1915,0.0925925925925925,0.2037037037037037,0.0864197530864197,0.037037037037037,0.0061728395061728
1916,0.108433734939759,0.0602409638554216,0.036144578313253,0.0843373493975903,0.0481927710843373
1917,0.1229508196721311,0.221311475409836,0.0204918032786885,0.0204918032786885,0.0163934426229508
1918,0.1184210526315789,0.1776315789473684,0.0263157894736842,0.0328947368421052,0.0394736842105263
1919,0.1120331950207468,0.1908713692946058,0.0373443983402489,0.0290456431535269,0.0414937759336099
1920,0.1097560975609756,0.1646341463414634,0.0304878048780487,0.048780487804878,0.0182926829268292
1921,0.1411764705882353,0.1764705882352941,0.0117647058823529,0.0117647058823529,0.0235294117647058
1922,0.0967741935483871,0.1935483870967742,0.021505376344086,0.0268817204301075,0.010752688172043
1923,0.1117647058823529,0.1764705882352941,0.0117647058823529,0.0294117647058823,0.0058823529411764
1924,0.1194968553459119,0.1698113207547169,0.0125786163522012,0.0377358490566037,0.0125786163522012
1925,0.1126279863481228,0.2116040955631399,0.0546075085324232,0.0170648464163822,0.0136518771331058
1926,0.1464968152866242,0.1146496815286624,0.0254777070063694,0.0891719745222929,0.0445859872611464
1927,0.1386138613861386,0.1881188118811881,0.0396039603960396,0.0792079207920792,0.0099009900990099
1928,0.0689655172413793,0.2356321839080459,0.0229885057471264,0.0114942528735632,0.0172413793103448
1929,0.0980392156862745,0.1372549019607843,0.0245098039215686,0.0490196078431372,0.0539215686274509
1930,0.1504424778761062,0.1504424778761062,0.0353982300884955,0.0,0.0265486725663716
1931,0.1288659793814432,0.1855670103092783,0.0206185567010309,0.0335051546391752,0.0128865979381443
1932,0.1428571428571428,0.2207792207792207,0.0064935064935064,0.0324675324675324,0.0129870129870129
1933,0.1151832460732984,0.2015706806282722,0.0235602094240837,0.0287958115183246,0.0497382198952879
1934,0.1426470588235294,0.1514705882352941,0.038235294117647,0.0617647058823529,0.0573529411764705
1935,0.128,0.172,0.024,0.044,0.068
1936,0.1724137931034483,0.2068965517241379,0.0172413793103448,0.0229885057471264,0.0517241379310344
1937,0.1571428571428571,0.2214285714285714,0.0,0.0428571428571428,0.0285714285714285
1938,0.1071428571428571,0.2244897959183673,0.0357142857142857,0.0153061224489795,0.0204081632653061
1939,0.0666666666666666,0.0944444444444444,0.0166666666666666,0.05,0.0388888888888888
1940,0.1005917159763313,0.1479289940828402,0.0532544378698224,0.0236686390532544,0.029585798816568
1941,0.1292517006802721,0.1700680272108843,0.0476190476190476,0.0816326530612244,0.0476190476190476
1942,0.1253263707571801,0.1644908616187989,0.0234986945169712,0.052219321148825,0.0339425587467362
1943,0.1244635193133047,0.2274678111587982,0.0128755364806866,0.0128755364806866,0.0214592274678111
1944,0.0797101449275362,0.1739130434782608,0.0289855072463768,0.0217391304347826,0.0144927536231884
1945,0.0946969696969697,0.1666666666666666,0.0189393939393939,0.034090909090909,0.0265151515151515
1946,0.1294117647058823,0.1294117647058823,0.0352941176470588,0.0588235294117647,0.0941176470588235
1947,0.087719298245614,0.1812865497076023,0.0409356725146198,0.0409356725146198,0.0
1948,0.086092715231788,0.1655629139072847,0.0463576158940397,0.0132450331125827,0.0264900662251655
1949,0.1296829971181556,0.1642651296829971,0.031700288184438,0.069164265129683,0.0345821325648415
1950,0.1313868613138686,0.218978102189781,0.0510948905109489,0.0364963503649635,0.0291970802919708
1951,0.140625,0.203125,0.03125,0.0234375,0.0234375
1952,0.0934959349593495,0.1991869918699187,0.0365853658536585,0.0203252032520325,0.024390243902439
1953,0.0792079207920792,0.1534653465346534,0.0346534653465346,0.0396039603960396,0.0445544554455445
1954,0.1130952380952381,0.1785714285714285,0.0476190476190476,0.0416666666666666,0.0416666666666666
1955,0.059880239520958,0.1526946107784431,0.0209580838323353,0.0269461077844311,0.0029940119760479
1956,0.0980392156862745,0.1764705882352941,0.0336134453781512,0.0336134453781512,0.0196078431372549
1957,0.1147540983606557,0.2295081967213114,0.0163934426229508,0.0327868852459016,0.0163934426229508
1958,0.1158536585365853,0.1798780487804878,0.0975609756097561,0.0335365853658536,0.0274390243902439
1959,0.1674418604651162,0.1441860465116279,0.0093023255813953,0.0232558139534883,0.0465116279069767
1960,0.1176470588235294,0.2156862745098039,0.0294117647058823,0.0196078431372549,0.0196078431372549
1961,0.1403508771929824,0.2894736842105263,0.0263157894736842,0.0350877192982456,0.0263157894736842
1962,0.1940298507462686,0.1641791044776119,0.0149253731343283,0.0298507462686567,0.0149253731343283
1963,0.1162790697674418,0.1860465116279069,0.1046511627906976,0.0290697674418604,0.005813953488372
1964,0.1273885350318471,0.1592356687898089,0.0573248407643312,0.0445859872611464,0.019108280254777
1965,0.1182795698924731,0.1881720430107527,0.075268817204301,0.032258064516129,0.032258064516129
1966,0.1533333333333333,0.16,0.0533333333333333,0.0266666666666666,0.04
1967,0.1,0.1863636363636363,0.0272727272727272,0.05,0.0409090909090909
1968,0.0886075949367088,0.1645569620253164,0.0253164556962025,0.0379746835443038,0.0
1969,0.1079136690647482,0.1510791366906475,0.0575539568345323,0.0359712230215827,0.0575539568345323
1970,0.1515151515151515,0.1212121212121212,0.0363636363636363,0.0545454545454545,0.0909090909090909
1971,0.1272727272727272,0.1509090909090909,0.0472727272727272,0.0345454545454545,0.06
1972,0.146039603960396,0.1683168316831683,0.0618811881188118,0.0346534653465346,0.0297029702970297
1973,0.1275362318840579,0.1739130434782608,0.0666666666666666,0.0550724637681159,0.0637681159420289
1974,0.0982367758186398,0.1687657430730478,0.0554156171284634,0.0302267002518891,0.0201511335012594
1975,0.1346153846153846,0.173076923076923,0.0384615384615384,0.0128205128205128,0.0256410256410256
1976,0.0805369127516778,0.174496644295302,0.0604026845637583,0.0268456375838926,0.0201342281879194
1977,0.1235521235521235,0.1776061776061776,0.0501930501930501,0.0347490347490347,0.027027027027027
1978,0.106060606060606,0.2159090909090909,0.053030303030303,0.0227272727272727,0.0265151515151515
1979,0.0769230769230769,0.1923076923076923,0.0192307692307692,0.0769230769230769,0.0192307692307692
1980,0.1435406698564593,0.1483253588516746,0.0239234449760765,0.0526315789473684,0.0287081339712918
1981,0.0833333333333333,0.1805555555555555,0.0277777777777777,0.0185185185185185,0.0231481481481481
1982,0.1262135922330097,0.1650485436893204,0.0194174757281553,0.029126213592233,0.0485436893203883
1983,0.1263157894736842,0.231578947368421,0.0,0.031578947368421,0.0210526315789473
1984,0.1345565749235474,0.2140672782874617,0.0642201834862385,0.0275229357798165,0.036697247706422
1985,0.0989010989010989,0.1758241758241758,0.0329670329670329,0.0329670329670329,0.0329670329670329
1986,0.1027397260273972,0.2191780821917808,0.0136986301369863,0.0273972602739726,0.0
1987,0.0980392156862745,0.1644042232277526,0.0422322775263951,0.0346907993966817,0.0346907993966817
1988,0.1065088757396449,0.165680473372781,0.0355029585798816,0.0059171597633136,0.0355029585798816
1989,0.078125,0.2109375,0.0,0.0078125,0.0390625
1990,0.1019108280254777,0.1910828025477707,0.019108280254777,0.0127388535031847,0.019108280254777
1991,0.1160220994475138,0.149171270718232,0.0718232044198895,0.0552486187845303,0.0220994475138121
1992,0.125,0.2010869565217391,0.0760869565217391,0.0271739130434782,0.0
1993,0.0952380952380952,0.1984126984126984,0.0714285714285714,0.0396825396825396,0.0079365079365079
1994,0.072072072072072,0.2072072072072072,0.063063063063063,0.054054054054054,0.018018018018018
1995,0.1094890510948905,0.1240875912408759,0.0437956204379562,0.0510948905109489,0.0656934306569343
1996,0.0854700854700854,0.1965811965811965,0.0341880341880341,0.0341880341880341,0.0256410256410256
1997,0.1140350877192982,0.2280701754385964,0.0263157894736842,0.0219298245614035,0.0175438596491228
1998,0.1203931203931203,0.2039312039312039,0.0196560196560196,0.0417690417690417,0.027027027027027
1999,0.0941176470588235,0.2,0.0352941176470588,0.0235294117647058,0.0117647058823529
2000,0.1414141414141414,0.1767676767676767,0.0404040404040404,0.0555555555555555,0.0555555555555555
2001,0.1440677966101695,0.1271186440677966,0.0169491525423728,0.0423728813559322,0.0677966101694915
2002,0.0928571428571428,0.1714285714285714,0.0392857142857142,0.0535714285714285,0.0
2003,0.1125,0.14375,0.01875,0.05,0.0625
2004,0.1139240506329113,0.2025316455696202,0.0126582278481012,0.0379746835443038,0.0
2005,0.1021897810218978,0.2153284671532846,0.0912408759124087,0.0437956204379562,0.0218978102189781
2006,0.0875912408759124,0.1605839416058394,0.0364963503649635,0.0218978102189781,0.0364963503649635
2007,0.1304347826086956,0.1884057971014492,0.0434782608695652,0.072463768115942,0.0869565217391304
2008,0.1266375545851528,0.148471615720524,0.0305676855895196,0.0349344978165938,0.0305676855895196
2009,0.1466666666666666,0.2133333333333333,0.0533333333333333,0.0266666666666666,0.04
2010,0.1268292682926829,0.1560975609756097,0.0439024390243902,0.0341463414634146,0.0682926829268292
2011,0.1081081081081081,0.2027027027027027,0.0495495495495495,0.0405405405405405,0.0315315315315315
2012,0.1242603550295858,0.1597633136094674,0.0236686390532544,0.029585798816568,0.0414201183431952
2013,0.0958904109589041,0.1780821917808219,0.0228310502283105,0.0365296803652968,0.0365296803652968
2014,0.073170731707317,0.2012195121951219,0.0792682926829268,0.0792682926829268,0.0609756097560975
2015,0.0934579439252336,0.102803738317757,0.0093457943925233,0.0186915887850467,0.0
2016,0.1167883211678832,0.1824817518248175,0.0291970802919708,0.0218978102189781,0.0145985401459854
2017,0.1380952380952381,0.119047619047619,0.0142857142857142,0.0714285714285714,0.0380952380952381
2018,0.078125,0.1796875,0.03125,0.046875,0.0390625
2019,0.100502512562814,0.1608040201005025,0.0804020100502512,0.0402010050251256,0.0201005025125628
2020,0.1368421052631579,0.1578947368421052,0.0210526315789473,0.031578947368421,0.031578947368421
2021,0.1111111111111111,0.1642512077294686,0.0289855072463768,0.0289855072463768,0.0531400966183574
2022,0.0862068965517241,0.1379310344827586,0.0517241379310344,0.0344827586206896,0.0344827586206896
2023,0.1384180790960452,0.1553672316384181,0.0225988700564971,0.03954802259887,0.0508474576271186
2024,0.1547619047619047,0.1964285714285714,0.0297619047619047,0.0,0.0357142857142857
2025,0.0843373493975903,0.1767068273092369,0.0441767068273092,0.0240963855421686,0.0080321285140562
2026,0.06,0.18,0.0266666666666666,0.0466666666666666,0.0
2027,0.1702127659574468,0.1631205673758865,0.0283687943262411,0.0212765957446808,0.0354609929078014
2028,0.1042944785276073,0.1840490797546012,0.0245398773006134,0.0613496932515337,0.0429447852760736
2029,0.108433734939759,0.180722891566265,0.0441767068273092,0.0321285140562249,0.036144578313253
2030,0.0733333333333333,0.1066666666666666,0.0266666666666666,0.04,0.06
2031,0.0846560846560846,0.1957671957671957,0.0582010582010582,0.037037037037037,0.0211640211640211
2032,0.1423220973782771,0.1161048689138576,0.0374531835205992,0.0561797752808988,0.0823970037453183
2033,0.1648351648351648,0.1868131868131868,0.0109890109890109,0.0219780219780219,0.0439560439560439
2034,0.0833333333333333,0.1666666666666666,0.0,0.0,0.0
2035,0.1233766233766233,0.1818181818181818,0.0324675324675324,0.0259740259740259,0.0227272727272727
2036,0.125,0.225,0.02,0.035,0.04
2037,0.0821917808219178,0.1917808219178082,0.047945205479452,0.0410958904109589,0.0342465753424657
2038,0.1343873517786561,0.1660079051383399,0.0474308300395256,0.0355731225296442,0.067193675889328
2039,0.1166666666666666,0.1722222222222222,0.0222222222222222,0.0055555555555555,0.05
2040,0.0976744186046511,0.1534883720930232,0.041860465116279,0.027906976744186,0.0186046511627906
2041,0.0977443609022556,0.18796992481203,0.0601503759398496,0.0075187969924812,0.0225563909774436
2042,0.1296296296296296,0.1851851851851851,0.037037037037037,0.0,0.0277777777777777
2043,0.0585106382978723,0.2127659574468085,0.0585106382978723,0.0372340425531914,0.0053191489361702
2044,0.1243243243243243,0.1675675675675675,0.0378378378378378,0.0432432432432432,0.027027027027027
2045,0.1505376344086021,0.1612903225806451,0.032258064516129,0.0483870967741935,0.064516129032258
2046,0.1238938053097345,0.2035398230088495,0.0619469026548672,0.0353982300884955,0.0088495575221238
2047,0.1350210970464135,0.1223628691983122,0.0421940928270042,0.0379746835443038,0.0928270042194092
2048,0.1105121293800539,0.1913746630727762,0.0485175202156334,0.0107816711590296,0.0242587601078167
2049,0.1139924365207995,0.119935170178282,0.0270124257158292,0.0497028633171258,0.0518638573743922
2050,0.1326530612244898,0.1428571428571428,0.0612244897959183,0.0204081632653061,0.0714285714285714
2051,0.0693069306930693,0.198019801980198,0.0198019801980198,0.0198019801980198,0.0198019801980198
2052,0.1063829787234042,0.1329787234042553,0.0691489361702127,0.0319148936170212,0.0106382978723404
2053,0.1346153846153846,0.2019230769230769,0.0,0.0288461538461538,0.0192307692307692
2054,0.1707317073170731,0.1463414634146341,0.024390243902439,0.040650406504065,0.0975609756097561
2055,0.0512820512820512,0.1367521367521367,0.0085470085470085,0.017094017094017,0.017094017094017
2056,0.0851063829787234,0.2127659574468085,0.0212765957446808,0.0,0.0319148936170212
2057,0.0795454545454545,0.1704545454545454,0.0227272727272727,0.0227272727272727,0.034090909090909
2058,0.1145833333333333,0.1736111111111111,0.0555555555555555,0.0486111111111111,0.0347222222222222
2059,0.1017964071856287,0.155688622754491,0.0359281437125748,0.0119760479041916,0.0119760479041916
2060,0.0933333333333333,0.1066666666666666,0.0133333333333333,0.0133333333333333,0.04
2061,0.1523809523809524,0.1714285714285714,0.0095238095238095,0.0380952380952381,0.0952380952380952
2062,0.1265060240963855,0.1506024096385542,0.0602409638554216,0.0542168674698795,0.0481927710843373
2063,0.1333333333333333,0.1916666666666666,0.0166666666666666,0.0333333333333333,0.0583333333333333
2064,0.1578947368421052,0.1637426900584795,0.0292397660818713,0.0409356725146198,0.0409356725146198
2065,0.0625,0.2232142857142857,0.0535714285714285,0.0357142857142857,0.0357142857142857
2066,0.1313131313131313,0.202020202020202,0.0505050505050505,0.0454545454545454,0.0404040404040404
2067,0.1145374449339207,0.171806167400881,0.039647577092511,0.0308370044052863,0.0881057268722467
2068,0.0903225806451612,0.1419354838709677,0.0516129032258064,0.0387096774193548,0.0129032258064516
2069,0.1388888888888889,0.1,0.0777777777777777,0.0333333333333333,0.0222222222222222
2070,0.0533333333333333,0.1733333333333333,0.02,0.0133333333333333,0.0133333333333333
2071,0.0921985815602836,0.1773049645390071,0.0354609929078014,0.0212765957446808,0.0212765957446808
2072,0.0686274509803921,0.2254901960784313,0.0294117647058823,0.0196078431372549,0.0098039215686274
2073,0.0962343096234309,0.1882845188284518,0.0543933054393305,0.0627615062761506,0.0334728033472803
2074,0.1111111111111111,0.2222222222222222,0.037037037037037,0.0277777777777777,0.0185185185185185
2075,0.1278625954198473,0.1870229007633587,0.0362595419847328,0.0419847328244274,0.0515267175572519
2076,0.0927835051546391,0.1288659793814432,0.056701030927835,0.0360824742268041,0.0206185567010309
2077,0.0926829268292682,0.1121951219512195,0.0146341463414634,0.0195121951219512,0.024390243902439
2078,0.1366906474820144,0.1942446043165467,0.0503597122302158,0.014388489208633,0.0431654676258992
2079,0.1218487394957983,0.1932773109243697,0.0294117647058823,0.0336134453781512,0.0252100840336134
2080,0.1111111111111111,0.1464646464646464,0.0252525252525252,0.0353535353535353,0.0151515151515151
2081,0.1388888888888889,0.1851851851851851,0.0277777777777777,0.037037037037037,0.0
2082,0.0982142857142857,0.1785714285714285,0.0982142857142857,0.0223214285714285,0.0223214285714285
2083,0.0853658536585365,0.1951219512195122,0.0121951219512195,0.024390243902439,0.0121951219512195
2084,0.1333333333333333,0.1846153846153846,0.0256410256410256,0.0205128205128205,0.0051282051282051
2085,0.1489361702127659,0.1276595744680851,0.0496453900709219,0.0141843971631205,0.0425531914893617
2086,0.0618556701030927,0.2268041237113402,0.0927835051546391,0.0206185567010309,0.0206185567010309
2087,0.1063829787234042,0.2056737588652482,0.0283687943262411,0.0141843971631205,0.0496453900709219
2088,0.1168831168831168,0.1428571428571428,0.0259740259740259,0.0259740259740259,0.0389610389610389
2089,0.110576923076923,0.1971153846153846,0.0240384615384615,0.0336538461538461,0.0192307692307692
2090,0.1393939393939394,0.2363636363636363,0.0121212121212121,0.0242424242424242,0.0242424242424242
2091,0.1274509803921568,0.1666666666666666,0.0196078431372549,0.0294117647058823,0.034313725490196
2092,0.1116504854368932,0.1699029126213592,0.0339805825242718,0.0533980582524271,0.0485436893203883
2093,0.135593220338983,0.1751412429378531,0.0225988700564971,0.0282485875706214,0.0225988700564971
2094,0.1377551020408163,0.1989795918367347,0.0153061224489795,0.0408163265306122,0.0357142857142857
2095,0.1301369863013698,0.184931506849315,0.0650684931506849,0.0308219178082191,0.0582191780821917
2096,0.1397058823529411,0.1176470588235294,0.0735294117647058,0.0294117647058823,0.0073529411764705
2097,0.108433734939759,0.2048192771084337,0.0120481927710843,0.036144578313253,0.0120481927710843
2098,0.0961968680089485,0.174496644295302,0.0335570469798657,0.0246085011185682,0.0111856823266219
2099,0.125,0.2142857142857142,0.0357142857142857,0.0,0.0
2100,0.0933333333333333,0.2,0.03,0.02,0.02
2101,0.1005917159763313,0.1775147928994082,0.059171597633136,0.0236686390532544,0.029585798816568
2102,0.135593220338983,0.1186440677966101,0.0,0.0,0.0254237288135593
2103,0.1212121212121212,0.1818181818181818,0.0242424242424242,0.0242424242424242,0.0363636363636363
2104,0.0854700854700854,0.1367521367521367,0.0427350427350427,0.017094017094017,0.0085470085470085
2105,0.1041666666666666,0.1822916666666666,0.0729166666666666,0.0364583333333333,0.015625
2106,0.085820895522388,0.1231343283582089,0.0559701492537313,0.0298507462686567,0.0074626865671641
2107,0.158273381294964,0.1654676258992805,0.014388489208633,0.0287769784172661,0.0287769784172661
2108,0.1130434782608695,0.1565217391304348,0.008695652173913,0.0260869565217391,0.0608695652173913
2109,0.1327433628318584,0.168141592920354,0.0530973451327433,0.0176991150442477,0.0176991150442477
2110,0.0786516853932584,0.1573033707865168,0.0786516853932584,0.0561797752808988,0.0112359550561797
2111,0.079646017699115,0.1150442477876106,0.0176991150442477,0.0176991150442477,0.0088495575221238
2112,0.128,0.104,0.016,0.008,0.016
2113,0.1237623762376237,0.193069306930693,0.0297029702970297,0.0346534653465346,0.0198019801980198
2114,0.0879120879120879,0.1648351648351648,0.0329670329670329,0.0329670329670329,0.0439560439560439
2115,0.1102941176470588,0.2058823529411764,0.0367647058823529,0.0735294117647058,0.0147058823529411
2116,0.1132075471698113,0.1823899371069182,0.050314465408805,0.0,0.0
2117,0.1181818181818181,0.1363636363636363,0.0212121212121212,0.0333333333333333,0.0454545454545454
2118,0.1025641025641025,0.1623931623931624,0.0341880341880341,0.0341880341880341,0.0085470085470085
2119,0.0846681922196796,0.1510297482837528,0.0320366132723112,0.0274599542334096,0.022883295194508
2120,0.1125,0.1875,0.05,0.025,0.0
2121,0.135,0.175,0.035,0.01,0.03
2122,0.1097560975609756,0.1951219512195122,0.0,0.024390243902439,0.0121951219512195
2123,0.0851063829787234,0.1914893617021276,0.0212765957446808,0.0319148936170212,0.0319148936170212
2124,0.0892857142857142,0.1607142857142857,0.0089285714285714,0.0357142857142857,0.0357142857142857
2125,0.1494252873563218,0.160919540229885,0.0114942528735632,0.0804597701149425,0.0689655172413793
2126,0.0774647887323943,0.1830985915492957,0.028169014084507,0.0176056338028169,0.0211267605633802
2127,0.0802469135802469,0.1697530864197531,0.0462962962962962,0.0246913580246913,0.0246913580246913
2128,0.1171875,0.1953125,0.03125,0.03125,0.0078125
2129,0.0884955752212389,0.2035398230088495,0.0176991150442477,0.0353982300884955,0.0265486725663716
2130,0.0782608695652174,0.1739130434782608,0.0260869565217391,0.008695652173913,0.008695652173913
2131,0.1176470588235294,0.1848739495798319,0.042016806722689,0.0168067226890756,0.0252100840336134
2132,0.0678571428571428,0.1357142857142857,0.0464285714285714,0.0464285714285714,0.0428571428571428
2133,0.1269841269841269,0.1693121693121693,0.0158730158730158,0.0582010582010582,0.0317460317460317
2134,0.1162790697674418,0.1860465116279069,0.0697674418604651,0.0581395348837209,0.0697674418604651
2135,0.0852713178294573,0.1627906976744186,0.0310077519379844,0.0155038759689922,0.0310077519379844
2136,0.1323529411764706,0.1580882352941176,0.025735294117647,0.0367647058823529,0.0441176470588235
2137,0.0696202531645569,0.1835443037974683,0.0253164556962025,0.0126582278481012,0.0126582278481012
2138,0.1165644171779141,0.1533742331288343,0.0613496932515337,0.0613496932515337,0.0429447852760736
2139,0.1293532338308457,0.1940298507462686,0.0348258706467661,0.0149253731343283,0.0497512437810945
2140,0.0886075949367088,0.1835443037974683,0.0379746835443038,0.0379746835443038,0.0443037974683544
2141,0.0871080139372822,0.1254355400696864,0.0383275261324041,0.048780487804878,0.0522648083623693
2142,0.0833333333333333,0.1309523809523809,0.0,0.0357142857142857,0.0119047619047619
2143,0.0652173913043478,0.1739130434782608,0.0326086956521739,0.0434782608695652,0.0108695652173913
2144,0.106060606060606,0.1439393939393939,0.053030303030303,0.053030303030303,0.0681818181818181
2145,0.1224489795918367,0.1462585034013605,0.0340136054421768,0.0272108843537414,0.0170068027210884
2146,0.1019108280254777,0.1273885350318471,0.0509554140127388,0.0318471337579617,0.0445859872611464
2147,0.1381578947368421,0.131578947368421,0.0394736842105263,0.0460526315789473,0.0131578947368421
2148,0.0753424657534246,0.1712328767123287,0.0205479452054794,0.0205479452054794,0.0136986301369863
2149,0.101010101010101,0.1717171717171717,0.0707070707070707,0.0606060606060606,0.0202020202020202
2150,0.0775193798449612,0.2170542635658914,0.0310077519379844,0.0310077519379844,0.0077519379844961
2151,0.1839080459770115,0.1379310344827586,0.028735632183908,0.0229885057471264,0.028735632183908
2152,0.0826245443499392,0.1506682867557715,0.0437424058323207,0.0498177399756986,0.0473876063183475
2153,0.1383647798742138,0.1383647798742138,0.0440251572327044,0.0377358490566037,0.0628930817610062
2154,0.0426136363636363,0.125,0.0170454545454545,0.0227272727272727,0.0198863636363636
2155,0.1294964028776978,0.158273381294964,0.014388489208633,0.0,0.0071942446043165
2156,0.1136363636363636,0.1931818181818181,0.0511363636363636,0.034090909090909,0.0113636363636363
2157,0.1391304347826087,0.1304347826086956,0.0347826086956521,0.0347826086956521,0.0347826086956521
2158,0.128440366972477,0.1651376146788991,0.0275229357798165,0.036697247706422,0.0779816513761468
2159,0.1505376344086021,0.1827956989247312,0.075268817204301,0.010752688172043,0.032258064516129
2160,0.1363636363636363,0.0757575757575757,0.0075757575757575,0.053030303030303,0.0757575757575757
2161,0.0787401574803149,0.1259842519685039,0.0629921259842519,0.0708661417322834,0.0157480314960629
2162,0.1180555555555555,0.2013888888888889,0.0625,0.0347222222222222,0.0277777777777777
2163,0.0486111111111111,0.25,0.0416666666666666,0.0138888888888888,0.0
2164,0.0706150341685649,0.1799544419134396,0.0182232346241457,0.0182232346241457,0.0182232346241457
2165,0.1089108910891089,0.1485148514851485,0.0495049504950495,0.0396039603960396,0.0198019801980198
2166,0.0844155844155844,0.2077922077922078,0.0259740259740259,0.0129870129870129,0.0194805194805194
2167,0.1322314049586777,0.1239669421487603,0.0,0.0413223140495867,0.0578512396694214
2168,0.1132075471698113,0.2028301886792453,0.0424528301886792,0.0141509433962264,0.0377358490566037
2169,0.0795454545454545,0.1931818181818181,0.0113636363636363,0.0113636363636363,0.0113636363636363
2170,0.1111111111111111,0.2129629629629629,0.0185185185185185,0.0092592592592592,0.0648148148148148
2171,0.1066666666666666,0.1933333333333333,0.0666666666666666,0.0133333333333333,0.0333333333333333
2172,0.1018518518518518,0.1851851851851851,0.0555555555555555,0.0138888888888888,0.0138888888888888
2173,0.1258741258741259,0.1538461538461538,0.0349650349650349,0.0349650349650349,0.0209790209790209
2174,0.1554054054054054,0.1216216216216216,0.0202702702702702,0.054054054054054,0.0337837837837837
2175,0.0811688311688311,0.1590909090909091,0.0909090909090909,0.0389610389610389,0.0227272727272727
2176,0.0727272727272727,0.2181818181818181,0.0363636363636363,0.0303030303030303,0.0121212121212121
2177,0.1478260869565217,0.1739130434782608,0.0,0.0434782608695652,0.0565217391304347
2178,0.0826446280991735,0.1735537190082644,0.0413223140495867,0.0330578512396694,0.024793388429752
2179,0.0571428571428571,0.1809523809523809,0.0476190476190476,0.0095238095238095,0.019047619047619
2180,0.1338028169014084,0.176056338028169,0.0352112676056338,0.0492957746478873,0.0492957746478873
2181,0.1515151515151515,0.1818181818181818,0.0303030303030303,0.0101010101010101,0.0505050505050505
2182,0.0817610062893081,0.1823899371069182,0.0251572327044025,0.0314465408805031,0.0566037735849056
2183,0.0873015873015873,0.119047619047619,0.0,0.0238095238095238,0.0317460317460317
2184,0.1593406593406593,0.1098901098901098,0.0109890109890109,0.0824175824175824,0.0329670329670329
2185,0.1056910569105691,0.2439024390243902,0.032520325203252,0.0121951219512195,0.0203252032520325
2186,0.1301369863013698,0.1712328767123287,0.0068493150684931,0.0616438356164383,0.0616438356164383
2187,0.1386861313868613,0.1751824817518248,0.0364963503649635,0.0364963503649635,0.0291970802919708
2188,0.1384615384615384,0.1743589743589743,0.0205128205128205,0.0358974358974358,0.0564102564102564
2189,0.1034482758620689,0.160919540229885,0.0229885057471264,0.0172413793103448,0.0172413793103448
2190,0.1311475409836065,0.1393442622950819,0.0245901639344262,0.0163934426229508,0.0163934426229508
2191,0.0996309963099631,0.1955719557195571,0.044280442804428,0.014760147601476,0.025830258302583
2192,0.1081081081081081,0.2229729729729729,0.0202702702702702,0.027027027027027,0.0202702702702702
2193,0.0813648293963254,0.1942257217847769,0.0524934383202099,0.0183727034120734,0.0104986876640419
2194,0.1052631578947368,0.1781376518218623,0.0323886639676113,0.0161943319838056,0.0121457489878542
2195,0.099502487562189,0.1990049751243781,0.0497512437810945,0.0597014925373134,0.0199004975124378
2196,0.0886075949367088,0.1772151898734177,0.050632911392405,0.1012658227848101,0.0379746835443038
2197,0.0643939393939393,0.1666666666666666,0.0606060606060606,0.0227272727272727,0.0189393939393939
2198,0.0758620689655172,0.1655172413793103,0.0275862068965517,0.0206896551724137,0.0
2199,0.1292775665399239,0.1711026615969581,0.0456273764258555,0.0722433460076045,0.0418250950570342
2200,0.1381818181818181,0.1781818181818182,0.0436363636363636,0.0327272727272727,0.0109090909090909
2201,0.1333333333333333,0.1666666666666666,0.0444444444444444,0.0777777777777777,0.0333333333333333
2202,0.100502512562814,0.2060301507537688,0.0402010050251256,0.0050251256281407,0.0100502512562814
2203,0.1881188118811881,0.1782178217821782,0.0396039603960396,0.0396039603960396,0.0396039603960396
2204,0.1322751322751322,0.1428571428571428,0.0264550264550264,0.0582010582010582,0.0317460317460317
2205,0.1129032258064516,0.2096774193548387,0.0564516129032258,0.0483870967741935,0.0080645161290322
2206,0.0915032679738562,0.1568627450980392,0.0261437908496732,0.1045751633986928,0.0196078431372549
2207,0.119047619047619,0.1071428571428571,0.0357142857142857,0.0357142857142857,0.0833333333333333
2208,0.1418439716312056,0.1773049645390071,0.0567375886524822,0.0354609929078014,0.0354609929078014
2209,0.1384615384615384,0.1846153846153846,0.0256410256410256,0.0512820512820512,0.0205128205128205
2210,0.1375,0.15625,0.0375,0.0375,0.025
2211,0.0774193548387096,0.1677419354838709,0.0129032258064516,0.032258064516129,0.0387096774193548
2212,0.1014492753623188,0.1400966183574879,0.0193236714975845,0.0338164251207729,0.0338164251207729
2213,0.126865671641791,0.1716417910447761,0.0373134328358208,0.0298507462686567,0.0298507462686567
2214,0.0674157303370786,0.146067415730337,0.0224719101123595,0.0449438202247191,0.0
2215,0.0704225352112676,0.1267605633802817,0.028169014084507,0.0422535211267605,0.0422535211267605
2216,0.1095890410958904,0.184931506849315,0.0753424657534246,0.0410958904109589,0.0205479452054794
2217,0.1218487394957983,0.1974789915966386,0.0588235294117647,0.0294117647058823,0.0084033613445378
2218,0.1146496815286624,0.197452229299363,0.0382165605095541,0.019108280254777,0.0
2219,0.1039603960396039,0.198019801980198,0.0297029702970297,0.0297029702970297,0.0247524752475247
2220,0.1257485029940119,0.2455089820359281,0.0419161676646706,0.0359281437125748,0.029940119760479
2221,0.1106796116504854,0.1572815533980582,0.0504854368932038,0.0368932038834951,0.029126213592233
2222,0.075,0.20625,0.0375,0.01875,0.0
2223,0.144927536231884,0.181159420289855,0.0434782608695652,0.0289855072463768,0.0217391304347826
2224,0.1352657004830917,0.178743961352657,0.0241545893719806,0.0289855072463768,0.0289855072463768
2225,0.0949367088607595,0.1835443037974683,0.0316455696202531,0.0316455696202531,0.0126582278481012
2226,0.0797101449275362,0.1956521739130435,0.0434782608695652,0.036231884057971,0.036231884057971
2227,0.0792682926829268,0.1524390243902439,0.073170731707317,0.0304878048780487,0.0
2228,0.0816993464052287,0.1895424836601307,0.0326797385620915,0.0163398692810457,0.0261437908496732
2229,0.0958333333333333,0.175,0.0375,0.0416666666666666,0.0416666666666666
2230,0.1012658227848101,0.1518987341772152,0.0253164556962025,0.0126582278481012,0.0
2231,0.1085271317829457,0.1550387596899224,0.0465116279069767,0.0232558139534883,0.0465116279069767
2232,0.1388888888888889,0.1574074074074074,0.0277777777777777,0.0555555555555555,0.037037037037037
2233,0.0662983425414364,0.0939226519337016,0.005524861878453,0.0220994475138121,0.0
2234,0.1320754716981132,0.160377358490566,0.0471698113207547,0.0188679245283018,0.0094339622641509
2235,0.1529411764705882,0.188235294117647,0.0352941176470588,0.0235294117647058,0.0117647058823529
2236,0.0823529411764705,0.1411764705882353,0.0470588235294117,0.0705882352941176,0.0352941176470588
2237,0.1076923076923077,0.1769230769230769,0.0307692307692307,0.0692307692307692,0.0153846153846153
2238,0.1549295774647887,0.1267605633802817,0.056338028169014,0.0845070422535211,0.028169014084507
2239,0.0965250965250965,0.1698841698841698,0.0501930501930501,0.027027027027027,0.0231660231660231
2240,0.127906976744186,0.1395348837209302,0.0581395348837209,0.0465116279069767,0.0348837209302325
2241,0.1769911504424778,0.1769911504424778,0.0265486725663716,0.0442477876106194,0.0442477876106194
2242,0.1111111111111111,0.1666666666666666,0.0555555555555555,0.0444444444444444,0.0111111111111111
2243,0.1391304347826087,0.1217391304347826,0.0347826086956521,0.0260869565217391,0.0347826086956521
2244,0.0939947780678851,0.1592689295039164,0.052219321148825,0.0339425587467362,0.0156657963446475
2245,0.0779220779220779,0.2175324675324675,0.0162337662337662,0.0162337662337662,0.0194805194805194
2246,0.1171171171171171,0.1441441441441441,0.018018018018018,0.1351351351351351,0.054054054054054
2247,0.1388888888888889,0.2083333333333333,0.0555555555555555,0.0277777777777777,0.0138888888888888
2248,0.1089108910891089,0.2178217821782178,0.0099009900990099,0.0,0.0495049504950495
2249,0.1652892561983471,0.1239669421487603,0.0082644628099173,0.0413223140495867,0.0661157024793388
2250,0.1607142857142857,0.1428571428571428,0.0357142857142857,0.0535714285714285,0.0535714285714285
2251,0.160377358490566,0.1698113207547169,0.0188679245283018,0.0188679245283018,0.0566037735849056
2252,0.1630434782608695,0.2065217391304347,0.0326086956521739,0.0978260869565217,0.0217391304347826
2253,0.0803571428571428,0.2232142857142857,0.0446428571428571,0.0178571428571428,0.0357142857142857
2254,0.1052631578947368,0.2017543859649122,0.043859649122807,0.0,0.0350877192982456
2255,0.0933333333333333,0.24,0.04,0.04,0.0133333333333333
2256,0.1666666666666666,0.15625,0.0,0.0104166666666666,0.0625
2257,0.1307692307692307,0.1384615384615384,0.0,0.0461538461538461,0.0461538461538461
2258,0.1559633027522936,0.1376146788990825,0.0458715596330275,0.0275229357798165,0.0642201834862385
2259,0.1632653061224489,0.1530612244897959,0.0204081632653061,0.0306122448979591,0.0510204081632653
2260,0.0603448275862069,0.1724137931034483,0.043103448275862,0.0344827586206896,0.043103448275862
2261,0.1139240506329113,0.189873417721519,0.0379746835443038,0.0126582278481012,0.050632911392405
2262,0.1139896373056994,0.1658031088082901,0.0362694300518134,0.0880829015544041,0.0932642487046632
2263,0.0737704918032786,0.1721311475409836,0.040983606557377,0.0573770491803278,0.0163934426229508
2264,0.1066666666666666,0.1866666666666666,0.0355555555555555,0.0311111111111111,0.0266666666666666
2265,0.1176470588235294,0.1544117647058823,0.0294117647058823,0.0220588235294117,0.0661764705882353
2266,0.1578947368421052,0.1578947368421052,0.043859649122807,0.0614035087719298,0.0263157894736842
2267,0.1271186440677966,0.2203389830508474,0.0338983050847457,0.0254237288135593,0.0
2268,0.1594202898550724,0.1594202898550724,0.072463768115942,0.0,0.072463768115942
2269,0.1428571428571428,0.1571428571428571,0.0357142857142857,0.0785714285714285,0.1
2270,0.1261261261261261,0.1711711711711711,0.063063063063063,0.045045045045045,0.072072072072072
2271,0.1297709923664122,0.1641221374045801,0.0229007633587786,0.0381679389312977,0.0381679389312977
2272,0.1393034825870646,0.1293532338308457,0.0298507462686567,0.0547263681592039,0.044776119402985
2273,0.1146788990825688,0.1697247706422018,0.0412844036697247,0.0045871559633027,0.0229357798165137
2274,0.1309523809523809,0.1726190476190476,0.0476190476190476,0.0416666666666666,0.0297619047619047
2275,0.1428571428571428,0.1798941798941798,0.0211640211640211,0.0476190476190476,0.0158730158730158
2276,0.1257485029940119,0.18562874251497,0.0239520958083832,0.0898203592814371,0.029940119760479
2277,0.0863309352517985,0.1870503597122302,0.0467625899280575,0.0719424460431654,0.0683453237410072
2278,0.1793103448275862,0.1310344827586207,0.0344827586206896,0.0344827586206896,0.0344827586206896
2279,0.1496062992125984,0.1574803149606299,0.0236220472440944,0.0551181102362204,0.0236220472440944
2280,0.1111111111111111,0.2098765432098765,0.0061728395061728,0.0123456790123456,0.0432098765432098
2281,0.1114285714285714,0.18,0.0085714285714285,0.0485714285714285,0.04
2282,0.1397379912663755,0.1921397379912663,0.0174672489082969,0.0131004366812227,0.0349344978165938
2283,0.1323529411764706,0.1519607843137254,0.0196078431372549,0.0588235294117647,0.0490196078431372
2284,0.1022727272727272,0.1875,0.0113636363636363,0.0568181818181818,0.0397727272727272
2285,0.063063063063063,0.1441441441441441,0.072072072072072,0.027027027027027,0.045045045045045
2286,0.1478260869565217,0.1826086956521739,0.017391304347826,0.0347826086956521,0.0434782608695652
2287,0.1088435374149659,0.1496598639455782,0.0476190476190476,0.0272108843537414,0.0136054421768707
2288,0.1167883211678832,0.1386861313868613,0.0072992700729927,0.0510948905109489,0.0364963503649635
2289,0.0989399293286219,0.1872791519434629,0.0282685512367491,0.0247349823321554,0.0141342756183745
2290,0.134020618556701,0.1752577319587628,0.0721649484536082,0.0309278350515463,0.0
2291,0.0892857142857142,0.1821428571428571,0.0321428571428571,0.0142857142857142,0.0214285714285714
2292,0.1504854368932038,0.174757281553398,0.0194174757281553,0.0485436893203883,0.0436893203883495
2293,0.1478599221789883,0.1439688715953307,0.046692607003891,0.0389105058365758,0.0544747081712062
2294,0.1361256544502617,0.2146596858638743,0.0418848167539267,0.0209424083769633,0.0052356020942408
2295,0.127906976744186,0.1705426356589147,0.0387596899224806,0.0310077519379844,0.0271317829457364
2296,0.086092715231788,0.1390728476821192,0.0463576158940397,0.0463576158940397,0.0463576158940397
2297,0.1016949152542373,0.1610169491525423,0.0338983050847457,0.0169491525423728,0.0254237288135593
2298,0.1485148514851485,0.1683168316831683,0.0429042904290429,0.033003300330033,0.0396039603960396
2299,0.1027397260273972,0.1643835616438356,0.0582191780821917,0.0205479452054794,0.023972602739726
2300,0.0788381742738589,0.2614107883817427,0.0331950207468879,0.0082987551867219,0.0082987551867219
2301,0.1219512195121951,0.1829268292682926,0.073170731707317,0.0304878048780487,0.0365853658536585
2302,0.1417910447761194,0.1716417910447761,0.044776119402985,0.0671641791044776,0.0335820895522388
2303,0.0977011494252873,0.1551724137931034,0.0402298850574712,0.0172413793103448,0.028735632183908
2304,0.1428571428571428,0.1428571428571428,0.0494505494505494,0.0659340659340659,0.0329670329670329
2305,0.1294498381877022,0.174757281553398,0.0485436893203883,0.0485436893203883,0.0453074433656957
2306,0.1225,0.1775,0.045,0.0475,0.0575
2307,0.0775193798449612,0.2015503875968992,0.0465116279069767,0.0077519379844961,0.0193798449612403
2308,0.1144278606965174,0.1592039800995024,0.0398009950248756,0.0696517412935323,0.0398009950248756
2309,0.1276595744680851,0.1595744680851064,0.0106382978723404,0.0,0.0531914893617021
2310,0.141025641025641,0.173076923076923,0.0512820512820512,0.0192307692307692,0.032051282051282
2311,0.1299212598425196,0.1771653543307086,0.0354330708661417,0.0314960629921259,0.0551181102362204
2312,0.1421800947867298,0.1753554502369668,0.0047393364928909,0.0094786729857819,0.0426540284360189
2313,0.0841584158415841,0.1089108910891089,0.0198019801980198,0.1089108910891089,0.0445544554455445
2314,0.0555555555555555,0.2222222222222222,0.037037037037037,0.0185185185185185,0.037037037037037
2315,0.1046511627906976,0.1666666666666666,0.0348837209302325,0.0503875968992248,0.0426356589147286
2316,0.0892018779342723,0.1784037558685446,0.0751173708920187,0.056338028169014,0.0328638497652582
2317,0.0932203389830508,0.1440677966101695,0.0508474576271186,0.0169491525423728,0.0254237288135593
2318,0.1159420289855072,0.1521739130434782,0.036231884057971,0.0579710144927536,0.0507246376811594
2319,0.0913043478260869,0.1565217391304348,0.0478260869565217,0.0260869565217391,0.0521739130434782
2320,0.1129943502824858,0.2090395480225988,0.0225988700564971,0.03954802259887,0.0
2321,0.1354838709677419,0.1548387096774193,0.0258064516129032,0.032258064516129,0.0193548387096774
2322,0.1477272727272727,0.1704545454545454,0.0454545454545454,0.034090909090909,0.0113636363636363
2323,0.1578947368421052,0.2105263157894736,0.0,0.0,0.0526315789473684
2324,0.0842105263157894,0.1526315789473684,0.0578947368421052,0.0473684210526315,0.0263157894736842
2325,0.1645021645021645,0.1255411255411255,0.0519480519480519,0.0735930735930736,0.0735930735930736
2326,0.1065573770491803,0.2049180327868852,0.0655737704918032,0.040983606557377,0.0
2327,0.1,0.17,0.0333333333333333,0.0333333333333333,0.0366666666666666
2328,0.1014492753623188,0.251207729468599,0.0241545893719806,0.0193236714975845,0.0193236714975845
2329,0.0917030567685589,0.1528384279475982,0.1048034934497816,0.0305676855895196,0.0218340611353711
2330,0.0860655737704918,0.1311475409836065,0.0532786885245901,0.0696721311475409,0.0163934426229508
2331,0.1,0.15,0.0166666666666666,0.025,0.0833333333333333
2332,0.0847457627118644,0.2372881355932203,0.0423728813559322,0.0084745762711864,0.0508474576271186
2333,0.0642857142857142,0.1642857142857142,0.0357142857142857,0.0357142857142857,0.0285714285714285
2334,0.1178343949044586,0.1464968152866242,0.019108280254777,0.0414012738853503,0.0445859872611464
2335,0.0913705583756345,0.2284263959390862,0.0507614213197969,0.0050761421319796,0.0101522842639593
2336,0.1068249258160237,0.1632047477744807,0.0415430267062314,0.029673590504451,0.0267062314540059
2337,0.1075794621026894,0.2078239608801956,0.0391198044009779,0.0709046454767726,0.0220048899755501
2338,0.1172932330827067,0.1639097744360902,0.0240601503759398,0.0481203007518797,0.0827067669172932
2339,0.0895522388059701,0.208955223880597,0.0671641791044776,0.0074626865671641,0.0074626865671641
2340,0.1242038216560509,0.1815286624203821,0.0350318471337579,0.0445859872611464,0.019108280254777
2341,0.0954545454545454,0.1818181818181818,0.009090909090909,0.009090909090909,0.0227272727272727
2342,0.1,0.2035714285714285,0.0214285714285714,0.0142857142857142,0.0107142857142857
2343,0.1076388888888889,0.1840277777777778,0.0381944444444444,0.0416666666666666,0.0451388888888888
2344,0.116504854368932,0.203883495145631,0.0388349514563106,0.0097087378640776,0.0
2345,0.1416666666666666,0.1666666666666666,0.0166666666666666,0.05,0.0333333333333333
2346,0.0814814814814814,0.2185185185185185,0.0296296296296296,0.0333333333333333,0.0185185185185185
2347,0.1722222222222222,0.15,0.0166666666666666,0.0611111111111111,0.0388888888888888
2348,0.0933014354066985,0.1531100478468899,0.062200956937799,0.0239234449760765,0.0334928229665071
2349,0.1292134831460674,0.1685393258426966,0.0337078651685393,0.0393258426966292,0.0112359550561797
2350,0.1052631578947368,0.3157894736842105,0.0,0.0,0.0526315789473684
2351,0.1007751937984496,0.1550387596899224,0.0155038759689922,0.0387596899224806,0.0232558139534883
2352,0.0921052631578947,0.1447368421052631,0.0263157894736842,0.0657894736842105,0.0197368421052631
2353,0.0579710144927536,0.181159420289855,0.0289855072463768,0.0072463768115942,0.0
2354,0.1209677419354838,0.1612903225806451,0.0403225806451612,0.0241935483870967,0.0483870967741935
2355,0.1195652173913043,0.1884057971014492,0.0434782608695652,0.0326086956521739,0.0217391304347826
2356,0.1137026239067055,0.1895043731778425,0.0612244897959183,0.0379008746355685,0.0291545189504373
2357,0.0952380952380952,0.1238095238095238,0.0285714285714285,0.0,0.0285714285714285
2358,0.125,0.1956521739130435,0.0597826086956521,0.0271739130434782,0.0163043478260869
2359,0.1277777777777777,0.2222222222222222,0.0666666666666666,0.0166666666666666,0.0555555555555555
2360,0.1267605633802817,0.1901408450704225,0.056338028169014,0.056338028169014,0.0211267605633802
2361,0.1283185840707964,0.1814159292035398,0.0353982300884955,0.0486725663716814,0.0442477876106194
2362,0.0830188679245283,0.2037735849056604,0.0264150943396226,0.0264150943396226,0.0113207547169811
2363,0.13671875,0.15625,0.0390625,0.04296875,0.0390625
2364,0.124223602484472,0.1583850931677018,0.0403726708074534,0.0186335403726708,0.046583850931677
2365,0.0840336134453781,0.1428571428571428,0.0504201680672268,0.0840336134453781,0.0
2366,0.130718954248366,0.1895424836601307,0.0130718954248366,0.0457516339869281,0.0326797385620915
2367,0.0714285714285714,0.1989795918367347,0.0153061224489795,0.0204081632653061,0.0153061224489795
2368,0.0879120879120879,0.2307692307692307,0.0,0.0274725274725274,0.0219780219780219
2369,0.1033868092691622,0.2245989304812834,0.0481283422459893,0.0320855614973262,0.0196078431372549
2370,0.1022727272727272,0.2159090909090909,0.0397727272727272,0.034090909090909,0.0227272727272727
2371,0.1374407582938388,0.1563981042654028,0.0236966824644549,0.0521327014218009,0.0473933649289099
2372,0.0852272727272727,0.25,0.0511363636363636,0.0284090909090909,0.0397727272727272
2373,0.1111111111111111,0.1944444444444444,0.0277777777777777,0.0092592592592592,0.0185185185185185
2374,0.1507537688442211,0.1658291457286432,0.0552763819095477,0.0251256281407035,0.0452261306532663
2375,0.0833333333333333,0.1944444444444444,0.0222222222222222,0.0166666666666666,0.0222222222222222
2376,0.0559440559440559,0.2167832167832167,0.0279720279720279,0.0279720279720279,0.0069930069930069
2377,0.1203007518796992,0.2105263157894736,0.0150375939849624,0.0225563909774436,0.0150375939849624
2378,0.0743801652892562,0.1652892561983471,0.0413223140495867,0.024793388429752,0.0330578512396694
2379,0.0697674418604651,0.2015503875968992,0.0542635658914728,0.0077519379844961,0.0077519379844961
2380,0.1222222222222222,0.2166666666666666,0.0333333333333333,0.0277777777777777,0.0166666666666666
2381,0.1540084388185654,0.1624472573839662,0.0337552742616033,0.0527426160337552,0.0421940928270042
2382,0.0865800865800865,0.1861471861471861,0.0476190476190476,0.0692640692640692,0.0432900432900432
2383,0.0857142857142857,0.2071428571428571,0.0357142857142857,0.0285714285714285,0.0142857142857142
2384,0.1065573770491803,0.2172131147540983,0.0573770491803278,0.0245901639344262,0.0122950819672131
2385,0.1304347826086956,0.1366459627329192,0.0372670807453416,0.0496894409937888,0.0496894409937888
2386,0.1011235955056179,0.2134831460674157,0.0898876404494382,0.0224719101123595,0.0112359550561797
2387,0.099009900990099,0.1782178217821782,0.0297029702970297,0.0247524752475247,0.0049504950495049
2388,0.1122112211221122,0.1848184818481848,0.0198019801980198,0.0396039603960396,0.0198019801980198
2389,0.1211072664359861,0.1626297577854671,0.0380622837370242,0.0380622837370242,0.0622837370242214
2390,0.125,0.175,0.0392857142857142,0.025,0.0428571428571428
2391,0.1235521235521235,0.166023166023166,0.0424710424710424,0.0347490347490347,0.0347490347490347
2392,0.1099476439790576,0.1465968586387434,0.0418848167539267,0.0471204188481675,0.0209424083769633
2393,0.1304347826086956,0.2,0.0347826086956521,0.0347826086956521,0.0347826086956521
2394,0.1083743842364532,0.1921182266009852,0.0147783251231527,0.0295566502463054,0.0443349753694581
2395,0.1056218057921635,0.1695059625212947,0.0442930153321976,0.0357751277683134,0.0315161839863713
2396,0.1176470588235294,0.1918158567774936,0.0332480818414322,0.0511508951406649,0.0204603580562659
2397,0.0996309963099631,0.1660516605166051,0.014760147601476,0.025830258302583,0.011070110701107
2398,0.1186440677966101,0.135593220338983,0.0338983050847457,0.0381355932203389,0.0381355932203389
2399,0.0886426592797784,0.1994459833795014,0.0443213296398892,0.0138504155124653,0.0166204986149584
2400,0.1166666666666666,0.1833333333333333,0.05,0.0333333333333333,0.0291666666666666
2401,0.1317647058823529,0.1835294117647058,0.0376470588235294,0.0423529411764705,0.0447058823529411
2402,0.1342592592592592,0.162037037037037,0.0324074074074074,0.0462962962962962,0.0555555555555555
2403,0.125,0.1411290322580645,0.0443548387096774,0.0524193548387096,0.0201612903225806
2404,0.087378640776699,0.1990291262135922,0.0533980582524271,0.0048543689320388,0.0048543689320388
2405,0.1055900621118012,0.1490683229813664,0.031055900621118,0.0248447204968944,0.0
2406,0.1317073170731707,0.1317073170731707,0.024390243902439,0.0585365853658536,0.0975609756097561
2407,0.1121495327102803,0.1495327102803738,0.0467289719626168,0.0607476635514018,0.0233644859813084
2408,0.1440677966101695,0.1949152542372881,0.0254237288135593,0.0254237288135593,0.059322033898305
2409,0.0727272727272727,0.1939393939393939,0.0363636363636363,0.0181818181818181,0.006060606060606
2410,0.0845481049562682,0.1574344023323615,0.0291545189504373,0.0612244897959183,0.0233236151603498
2411,0.1244444444444444,0.16,0.0177777777777777,0.0177777777777777,0.0444444444444444
2412,0.1273584905660377,0.1886792452830188,0.0330188679245283,0.0283018867924528,0.0377358490566037
2413,0.0909090909090909,0.2272727272727272,0.0353535353535353,0.0303030303030303,0.0303030303030303
2414,0.1239669421487603,0.1239669421487603,0.0413223140495867,0.024793388429752,0.0413223140495867
2415,0.1428571428571428,0.1836734693877551,0.0204081632653061,0.0408163265306122,0.0714285714285714
2416,0.1343873517786561,0.1660079051383399,0.0237154150197628,0.0395256916996047,0.0197628458498023
2417,0.1133004926108374,0.1527093596059113,0.0689655172413793,0.0344827586206896,0.0295566502463054
2418,0.1111111111111111,0.1712962962962963,0.0509259259259259,0.0416666666666666,0.0231481481481481
2419,0.0794701986754966,0.1986754966887417,0.0927152317880794,0.0132450331125827,0.0132450331125827
2420,0.1256544502617801,0.1832460732984293,0.0418848167539267,0.0471204188481675,0.0418848167539267
2421,0.1151515151515151,0.1757575757575757,0.0484848484848484,0.0303030303030303,0.0272727272727272
2422,0.1111111111111111,0.2222222222222222,0.0555555555555555,0.0555555555555555,0.0462962962962962
2423,0.1290322580645161,0.1854838709677419,0.0564516129032258,0.0,0.0241935483870967
2424,0.1160220994475138,0.1602209944751381,0.0552486187845303,0.0276243093922651,0.0331491712707182
2425,0.1282798833819242,0.1574344023323615,0.0408163265306122,0.0379008746355685,0.0466472303206997
2426,0.1220930232558139,0.2354651162790697,0.0465116279069767,0.0319767441860465,0.0116279069767441
2427,0.2142857142857142,0.2857142857142857,0.0,0.0,0.0
2428,0.0833333333333333,0.1979166666666666,0.03125,0.0208333333333333,0.0208333333333333
2429,0.1452991452991453,0.1709401709401709,0.0427350427350427,0.0427350427350427,0.0256410256410256
2430,0.1138211382113821,0.1951219512195122,0.008130081300813,0.032520325203252,0.016260162601626
2431,0.0935672514619883,0.1812865497076023,0.0643274853801169,0.0292397660818713,0.0175438596491228
2432,0.1038961038961039,0.1558441558441558,0.0259740259740259,0.0519480519480519,0.0454545454545454
2433,0.1,0.2,0.05,0.0416666666666666,0.025
2434,0.134020618556701,0.1958762886597938,0.0412371134020618,0.0309278350515463,0.0309278350515463
2435,0.105,0.175,0.04,0.065,0.04
2436,0.1398305084745762,0.173728813559322,0.0550847457627118,0.0296610169491525,0.0211864406779661
2437,0.0977011494252873,0.1436781609195402,0.0632183908045977,0.0344827586206896,0.0344827586206896
2438,0.0536912751677852,0.0738255033557047,0.0268456375838926,0.0201342281879194,0.0134228187919463
2439,0.0970873786407767,0.233009708737864,0.029126213592233,0.0485436893203883,0.0194174757281553
2440,0.1417910447761194,0.1791044776119403,0.0149253731343283,0.0223880597014925,0.0149253731343283
2441,0.1642857142857142,0.1285714285714285,0.0428571428571428,0.1,0.0642857142857142
2442,0.1206896551724138,0.1954022988505747,0.0344827586206896,0.0344827586206896,0.0229885057471264
2443,0.1106194690265486,0.1725663716814159,0.0486725663716814,0.0176991150442477,0.0176991150442477
2444,0.1151832460732984,0.1884816753926701,0.0052356020942408,0.0261780104712041,0.0209424083769633
2445,0.1415929203539823,0.168141592920354,0.0176991150442477,0.0176991150442477,0.0
2446,0.10625,0.2125,0.03125,0.01875,0.01875
2447,0.1304347826086956,0.1739130434782608,0.0,0.0,0.0434782608695652
2448,0.0842105263157894,0.2105263157894736,0.0263157894736842,0.0157894736842105,0.0105263157894736
2449,0.1419753086419753,0.1358024691358024,0.0308641975308641,0.0246913580246913,0.0432098765432098
2450,0.125,0.1428571428571428,0.0773809523809523,0.0535714285714285,0.0357142857142857
2451,0.1285714285714285,0.1571428571428571,0.0357142857142857,0.0071428571428571,0.0357142857142857
2452,0.1463414634146341,0.1585365853658536,0.024390243902439,0.0365853658536585,0.0365853658536585
2453,0.0990566037735849,0.1792452830188679,0.0424528301886792,0.0235849056603773,0.0283018867924528
2454,0.1632653061224489,0.1632653061224489,0.0408163265306122,0.0612244897959183,0.0408163265306122
2455,0.0702479338842975,0.2107438016528925,0.0371900826446281,0.0206611570247933,0.024793388429752
2456,0.1213592233009708,0.174757281553398,0.0194174757281553,0.0485436893203883,0.0145631067961165
2457,0.0935672514619883,0.1812865497076023,0.0175438596491228,0.0409356725146198,0.0292397660818713
2458,0.116504854368932,0.2427184466019417,0.0194174757281553,0.029126213592233,0.0
2459,0.1091703056768559,0.2008733624454148,0.0436681222707423,0.0218340611353711,0.0131004366812227
2460,0.1111111111111111,0.1746031746031746,0.0317460317460317,0.0317460317460317,0.0158730158730158
2461,0.0813953488372093,0.2558139534883721,0.0232558139534883,0.0348837209302325,0.0
2462,0.075187969924812,0.225563909774436,0.0150375939849624,0.0075187969924812,0.0
2463,0.1337792642140468,0.2006688963210702,0.0668896321070234,0.0301003344481605,0.0234113712374581
2464,0.1161290322580645,0.2,0.0258064516129032,0.0580645161290322,0.0064516129032258
2465,0.0512820512820512,0.1709401709401709,0.0512820512820512,0.0427350427350427,0.017094017094017
2466,0.0956072351421188,0.2351421188630491,0.0490956072351421,0.0232558139534883,0.0284237726098191
2467,0.1481481481481481,0.2063492063492063,0.0476190476190476,0.037037037037037,0.0158730158730158
2468,0.1140684410646387,0.1901140684410646,0.0456273764258555,0.0304182509505703,0.0114068441064638
2469,0.0909090909090909,0.1383399209486166,0.0513833992094861,0.0276679841897233,0.0276679841897233
2470,0.0958904109589041,0.2054794520547945,0.047945205479452,0.0136986301369863,0.0205479452054794
2471,0.0969162995594713,0.1806167400881057,0.026431718061674,0.026431718061674,0.0220264317180616
2472,0.1388888888888889,0.1944444444444444,0.0138888888888888,0.0347222222222222,0.0416666666666666
2473,0.1104651162790697,0.2616279069767442,0.0523255813953488,0.0116279069767441,0.0232558139534883
2474,0.1353919239904988,0.166270783847981,0.0285035629453681,0.0427553444180522,0.0546318289786223
2475,0.0878378378378378,0.1283783783783783,0.054054054054054,0.0675675675675675,0.0405405405405405
2476,0.072992700729927,0.1824817518248175,0.0145985401459854,0.0072992700729927,0.0145985401459854
2477,0.1458333333333333,0.1319444444444444,0.0138888888888888,0.0555555555555555,0.1041666666666666
2478,0.1493670886075949,0.1417721518987341,0.0430379746835443,0.0810126582278481,0.060759493670886
2479,0.1197183098591549,0.1901408450704225,0.0211267605633802,0.0070422535211267,0.0140845070422535
2480,0.1398601398601398,0.1538461538461538,0.0209790209790209,0.0419580419580419,0.0699300699300699
2481,0.0763052208835341,0.2008032128514056,0.0281124497991967,0.0200803212851405,0.0240963855421686
2482,0.1,0.1722222222222222,0.0388888888888888,0.025,0.0277777777777777
2483,0.1145833333333333,0.15625,0.03125,0.0520833333333333,0.0104166666666666
2484,0.1142857142857142,0.1892857142857142,0.0535714285714285,0.0214285714285714,0.0214285714285714
2485,0.1420765027322404,0.1420765027322404,0.0437158469945355,0.0327868852459016,0.0163934426229508
2486,0.1265822784810126,0.1518987341772152,0.0379746835443038,0.0443037974683544,0.0379746835443038
2487,0.1239436619718309,0.180281690140845,0.0507042253521126,0.0140845070422535,0.028169014084507
2488,0.1292307692307692,0.1476923076923077,0.0369230769230769,0.0461538461538461,0.0492307692307692
2489,0.145985401459854,0.2116788321167883,0.0,0.0291970802919708,0.0145985401459854
2490,0.1030042918454935,0.1545064377682403,0.03862660944206,0.0257510729613733,0.055793991416309
2491,0.0637450199203187,0.1792828685258964,0.0318725099601593,0.0119521912350597,0.0159362549800796
2492,0.131578947368421,0.1736842105263158,0.0157894736842105,0.0289473684210526,0.0289473684210526
2493,0.1534653465346534,0.1584158415841584,0.0297029702970297,0.0445544554455445,0.0346534653465346
2494,0.0943396226415094,0.1433962264150943,0.0415094339622641,0.0188679245283018,0.0679245283018867
2495,0.1636363636363636,0.15,0.0181818181818181,0.0636363636363636,0.059090909090909
2496,0.0909090909090909,0.1212121212121212,0.0424242424242424,0.0363636363636363,0.0303030303030303
2497,0.124223602484472,0.1677018633540372,0.0372670807453416,0.0559006211180124,0.0434782608695652
2498,0.1066666666666666,0.1822222222222222,0.0444444444444444,0.04,0.0177777777777777
2499,0.1666666666666666,0.2222222222222222,0.0555555555555555,0.0,0.0
2500,0.1433823529411764,0.1727941176470588,0.025735294117647,0.0367647058823529,0.0294117647058823
2501,0.1276595744680851,0.1382978723404255,0.026595744680851,0.0691489361702127,0.0638297872340425
2502,0.0926243567753001,0.1475128644939965,0.0222984562607204,0.0257289879931389,0.0240137221269296
2503,0.1414141414141414,0.1868686868686868,0.0404040404040404,0.0252525252525252,0.0252525252525252
2504,0.1194029850746268,0.1940298507462686,0.044776119402985,0.0522388059701492,0.0223880597014925
2505,0.1165413533834586,0.169172932330827,0.0451127819548872,0.0150375939849624,0.056390977443609
2506,0.1194968553459119,0.1698113207547169,0.0440251572327044,0.0314465408805031,0.0188679245283018
2507,0.0849056603773584,0.1037735849056603,0.0566037735849056,0.0566037735849056,0.0754716981132075
2508,0.0950413223140495,0.1652892561983471,0.0371900826446281,0.0330578512396694,0.0206611570247933
2509,0.0845070422535211,0.1690140845070422,0.0140845070422535,0.0328638497652582,0.0328638497652582
2510,0.1353383458646616,0.1654135338345864,0.0150375939849624,0.037593984962406,0.075187969924812
2511,0.1037037037037037,0.1925925925925926,0.0592592592592592,0.0148148148148148,0.0074074074074074
2512,0.0875912408759124,0.1897810218978102,0.0437956204379562,0.0145985401459854,0.0218978102189781
2513,0.1351351351351351,0.1496881496881497,0.0457380457380457,0.0374220374220374,0.0665280665280665
2514,0.0994764397905759,0.1884816753926701,0.0523560209424083,0.031413612565445,0.0418848167539267
2515,0.146067415730337,0.2247191011235955,0.0280898876404494,0.0280898876404494,0.0280898876404494
2516,0.0764331210191082,0.2229299363057325,0.019108280254777,0.0254777070063694,0.019108280254777
2517,0.1257309941520467,0.1637426900584795,0.0175438596491228,0.0380116959064327,0.0467836257309941
2518,0.1283422459893048,0.160427807486631,0.053475935828877,0.0909090909090909,0.0481283422459893
2519,0.081967213114754,0.1934426229508196,0.0754098360655737,0.0131147540983606,0.0163934426229508
2520,0.1294117647058823,0.188235294117647,0.0588235294117647,0.0352941176470588,0.0117647058823529
2521,0.109090909090909,0.1636363636363636,0.0545454545454545,0.0363636363636363,0.0303030303030303
2522,0.1140939597315436,0.2080536912751678,0.0402684563758389,0.0268456375838926,0.0134228187919463
2523,0.0601503759398496,0.1578947368421052,0.075187969924812,0.0225563909774436,0.0150375939849624
2524,0.1280788177339901,0.2068965517241379,0.0246305418719211,0.0344827586206896,0.0295566502463054
2525,0.0838323353293413,0.1616766467065868,0.0359281437125748,0.0059880239520958,0.0179640718562874
2526,0.1342281879194631,0.1610738255033557,0.0268456375838926,0.0201342281879194,0.0268456375838926
2527,0.0758620689655172,0.1724137931034483,0.0206896551724137,0.0137931034482758,0.0482758620689655
2528,0.1233766233766233,0.1623376623376623,0.0324675324675324,0.0389610389610389,0.0259740259740259
2529,0.1052631578947368,0.1842105263157894,0.0394736842105263,0.0131578947368421,0.0394736842105263
2530,0.1417322834645669,0.1535433070866141,0.0393700787401574,0.0433070866141732,0.0433070866141732
2531,0.1018518518518518,0.2592592592592592,0.0277777777777777,0.037037037037037,0.0092592592592592
2532,0.088,0.16,0.048,0.004,0.024
2533,0.12,0.208,0.032,0.008,0.048
2534,0.105,0.235,0.025,0.015,0.005
2535,0.1147540983606557,0.2131147540983606,0.0163934426229508,0.0163934426229508,0.0491803278688524
2536,0.0798611111111111,0.2013888888888889,0.0381944444444444,0.0520833333333333,0.0243055555555555
2537,0.099009900990099,0.2128712871287128,0.0594059405940594,0.0148514851485148,0.0198019801980198
2538,0.0898876404494382,0.1179775280898876,0.0505617977528089,0.0168539325842696,0.0168539325842696
2539,0.0857142857142857,0.2057142857142857,0.0457142857142857,0.0228571428571428,0.0171428571428571
2540,0.1651376146788991,0.2110091743119266,0.018348623853211,0.036697247706422,0.0091743119266055
2541,0.0743243243243243,0.2027027027027027,0.027027027027027,0.0202702702702702,0.0168918918918918
2542,0.091743119266055,0.2064220183486238,0.036697247706422,0.0137614678899082,0.0091743119266055
2543,0.134020618556701,0.190721649484536,0.0515463917525773,0.0463917525773195,0.0412371134020618
2544,0.1126760563380281,0.1267605633802817,0.0516431924882629,0.0751173708920187,0.0516431924882629
2545,0.1428571428571428,0.1868131868131868,0.0604395604395604,0.0824175824175824,0.0219780219780219
2546,0.09375,0.1964285714285714,0.0357142857142857,0.0513392857142857,0.0245535714285714
2547,0.1428571428571428,0.1801242236024844,0.0559006211180124,0.0186335403726708,0.031055900621118
2548,0.1171171171171171,0.1801801801801801,0.081081081081081,0.009009009009009,0.027027027027027
2549,0.0689655172413793,0.1594827586206896,0.021551724137931,0.0301724137931034,0.021551724137931
2550,0.0969696969696969,0.1939393939393939,0.0484848484848484,0.0242424242424242,0.0121212121212121
2551,0.1111111111111111,0.1428571428571428,0.0634920634920634,0.0396825396825396,0.0396825396825396
2552,0.0944881889763779,0.1496062992125984,0.0590551181102362,0.0511811023622047,0.0393700787401574
2553,0.1724137931034483,0.1310344827586207,0.0413793103448275,0.0344827586206896,0.0482758620689655
2554,0.1118881118881118,0.2097902097902098,0.0139860139860139,0.0279720279720279,0.0139860139860139
2555,0.1277258566978193,0.1993769470404984,0.0311526479750778,0.0186915887850467,0.0311526479750778
2556,0.1442786069651741,0.1890547263681592,0.0248756218905472,0.0348258706467661,0.0298507462686567
2557,0.0666666666666666,0.2,0.0444444444444444,0.0333333333333333,0.0111111111111111
2558,0.1347150259067357,0.1761658031088082,0.0310880829015544,0.005181347150259,0.0518134715025906
2559,0.1212121212121212,0.1868686868686868,0.0505050505050505,0.0252525252525252,0.0252525252525252
2560,0.0535714285714285,0.1517857142857142,0.0625,0.0178571428571428,0.0178571428571428
2561,0.1348837209302325,0.1395348837209302,0.0465116279069767,0.055813953488372,0.013953488372093
2562,0.1307692307692307,0.1384615384615384,0.023076923076923,0.0923076923076923,0.023076923076923
2563,0.1442307692307692,0.1826923076923076,0.0288461538461538,0.0240384615384615,0.0336538461538461
2564,0.0543478260869565,0.1467391304347826,0.0271739130434782,0.0108695652173913,0.0
2565,0.1153846153846153,0.125,0.0288461538461538,0.0288461538461538,0.0288461538461538
2566,0.1124260355029585,0.1538461538461538,0.0414201183431952,0.0177514792899408,0.0177514792899408
2567,0.1073298429319371,0.1518324607329843,0.0340314136125654,0.0523560209424083,0.0575916230366492
2568,0.1191709844559585,0.1709844559585492,0.0207253886010362,0.0155440414507772,0.0310880829015544
2569,0.11875,0.19375,0.025,0.04375,0.00625
2570,0.0904255319148936,0.1648936170212765,0.0425531914893617,0.0425531914893617,0.0319148936170212
2571,0.1034482758620689,0.2482758620689655,0.0068965517241379,0.0344827586206896,0.0
2572,0.1299435028248587,0.1638418079096045,0.0790960451977401,0.0169491525423728,0.0169491525423728
2573,0.142156862745098,0.142156862745098,0.0245098039215686,0.0539215686274509,0.0637254901960784
2574,0.1080332409972299,0.1911357340720221,0.0526315789473684,0.0249307479224376,0.0249307479224376
2575,0.1702127659574468,0.1843971631205673,0.0425531914893617,0.0567375886524822,0.0354609929078014
2576,0.1314432989690721,0.1984536082474226,0.0309278350515463,0.0463917525773195,0.0489690721649484
2577,0.0949720670391061,0.2039106145251396,0.0307262569832402,0.0391061452513966,0.0251396648044692
2578,0.0839694656488549,0.2061068702290076,0.015267175572519,0.0305343511450381,0.0381679389312977
2579,0.1,0.1692307692307692,0.0307692307692307,0.0384615384615384,0.0384615384615384
2580,0.1169354838709677,0.189516129032258,0.0362903225806451,0.0362903225806451,0.0120967741935483
2581,0.1064638783269961,0.2015209125475285,0.0494296577946768,0.0342205323193916,0.026615969581749
2582,0.0994764397905759,0.2460732984293193,0.031413612565445,0.031413612565445,0.0366492146596858
2583,0.1025641025641025,0.1709401709401709,0.0341880341880341,0.0427350427350427,0.017094017094017
2584,0.1304347826086956,0.1956521739130435,0.0217391304347826,0.0289855072463768,0.0217391304347826
2585,0.1225806451612903,0.2064516129032258,0.064516129032258,0.0774193548387096,0.032258064516129
2586,0.072463768115942,0.1739130434782608,0.0483091787439613,0.0193236714975845,0.0193236714975845
2587,0.093167701863354,0.1925465838509316,0.0186335403726708,0.0124223602484472,0.0124223602484472
2588,0.0864978902953586,0.2109704641350211,0.0421940928270042,0.0316455696202531,0.0253164556962025
2589,0.0813953488372093,0.2093023255813953,0.0348837209302325,0.0232558139534883,0.0232558139534883
2590,0.0797546012269938,0.1779141104294478,0.0306748466257668,0.0245398773006134,0.0184049079754601
2591,0.1111111111111111,0.1724137931034483,0.0268199233716475,0.0076628352490421,0.0076628352490421
2592,0.0828025477707006,0.1910828025477707,0.0636942675159235,0.0127388535031847,0.0764331210191082
2593,0.1008403361344537,0.1764705882352941,0.042016806722689,0.0756302521008403,0.0252100840336134
2594,0.1025641025641025,0.1623931623931624,0.017094017094017,0.0256410256410256,0.0085470085470085
2595,0.1024096385542168,0.1927710843373494,0.0481927710843373,0.036144578313253,0.0180722891566265
2596,0.1037735849056603,0.160377358490566,0.0,0.0660377358490566,0.0471698113207547
2597,0.0914285714285714,0.1714285714285714,0.0571428571428571,0.0171428571428571,0.0285714285714285
2598,0.0941176470588235,0.188235294117647,0.0294117647058823,0.0117647058823529,0.0294117647058823
2599,0.096085409252669,0.192170818505338,0.0462633451957295,0.0124555160142348,0.0195729537366548
2600,0.1030927835051546,0.2164948453608247,0.0309278350515463,0.0103092783505154,0.0
2601,0.0621468926553672,0.1807909604519774,0.03954802259887,0.0169491525423728,0.0169491525423728
2602,0.1121951219512195,0.1414634146341463,0.0292682926829268,0.048780487804878,0.0585365853658536
2603,0.128,0.216,0.024,0.056,0.024
2604,0.0857142857142857,0.1857142857142857,0.0285714285714285,0.05,0.0142857142857142
2605,0.0555555555555555,0.1984126984126984,0.0317460317460317,0.0,0.0
2606,0.1081081081081081,0.1891891891891892,0.045045045045045,0.045045045045045,0.018018018018018
2607,0.1331058020477815,0.2013651877133105,0.0204778156996587,0.0238907849829351,0.0375426621160409
2608,0.0673575129533678,0.2072538860103626,0.0310880829015544,0.0466321243523316,0.0155440414507772
2609,0.1304347826086956,0.2028985507246377,0.0,0.0144927536231884,0.0
2610,0.1329113924050632,0.2341772151898734,0.0443037974683544,0.0253164556962025,0.0379746835443038
2611,0.1417624521072797,0.160919540229885,0.0268199233716475,0.0421455938697318,0.0421455938697318
2612,0.096938775510204,0.1581632653061224,0.0765306122448979,0.0408163265306122,0.0306122448979591
2613,0.1039603960396039,0.1534653465346534,0.0099009900990099,0.0396039603960396,0.0247524752475247
2614,0.1180124223602484,0.186335403726708,0.031055900621118,0.031055900621118,0.0062111801242236
2615,0.0757575757575757,0.1868686868686868,0.0505050505050505,0.0,0.0151515151515151
2616,0.1052631578947368,0.2180451127819548,0.0150375939849624,0.0,0.0300751879699248
2617,0.1192660550458715,0.1834862385321101,0.0596330275229357,0.0091743119266055,0.036697247706422
2618,0.10828025477707,0.1910828025477707,0.0573248407643312,0.0318471337579617,0.0382165605095541
2619,0.09375,0.265625,0.046875,0.0078125,0.0
2620,0.0897435897435897,0.1474358974358974,0.032051282051282,0.0384615384615384,0.0064102564102564
2621,0.1084905660377358,0.1792452830188679,0.0377358490566037,0.0141509433962264,0.0188679245283018
2622,0.0578034682080924,0.2254335260115607,0.0520231213872832,0.0289017341040462,0.0057803468208092
2623,0.085972850678733,0.171945701357466,0.0361990950226244,0.0135746606334841,0.0316742081447963
2624,0.0948616600790513,0.1778656126482213,0.0355731225296442,0.0276679841897233,0.0079051383399209
2625,0.1029411764705882,0.1323529411764706,0.0392156862745098,0.0196078431372549,0.0245098039215686
2626,0.1632653061224489,0.1479591836734693,0.010204081632653,0.0459183673469387,0.0255102040816326
2627,0.1072386058981233,0.225201072386059,0.0268096514745308,0.032171581769437,0.0402144772117962
2628,0.0909090909090909,0.1657754010695187,0.0320855614973262,0.0106951871657754,0.0053475935828877
2629,0.0903954802259887,0.1977401129943503,0.0338983050847457,0.0169491525423728,0.0056497175141242
2630,0.1208333333333333,0.175,0.0208333333333333,0.0458333333333333,0.0291666666666666
2631,0.1225806451612903,0.2258064516129032,0.0258064516129032,0.0451612903225806,0.0387096774193548
2632,0.1316872427983539,0.1481481481481481,0.037037037037037,0.037037037037037,0.0411522633744856
2633,0.0577777777777777,0.22,0.0422222222222222,0.0111111111111111,0.0088888888888888
2634,0.0918367346938775,0.1938775510204081,0.0544217687074829,0.0136054421768707,0.0204081632653061
2635,0.1276595744680851,0.1617021276595744,0.025531914893617,0.0425531914893617,0.0468085106382978
2636,0.08125,0.21875,0.03125,0.05625,0.0125
2637,0.1157894736842105,0.2,0.0210526315789473,0.0105263157894736,0.0210526315789473
2638,0.1058201058201058,0.1746031746031746,0.0317460317460317,0.0105820105820105,0.0264550264550264
2639,0.1045751633986928,0.2091503267973856,0.0261437908496732,0.0457516339869281,0.0457516339869281
2640,0.1304347826086956,0.1428571428571428,0.0496894409937888,0.0683229813664596,0.0683229813664596
2641,0.081081081081081,0.1981981981981982,0.027027027027027,0.0315315315315315,0.0045045045045045
2642,0.1729729729729729,0.1783783783783784,0.0216216216216216,0.0486486486486486,0.054054054054054
2643,0.1829268292682926,0.1341463414634146,0.0426829268292682,0.0792682926829268,0.048780487804878
2644,0.1243523316062176,0.1683937823834196,0.0466321243523316,0.0414507772020725,0.0310880829015544
2645,0.155440414507772,0.1347150259067357,0.0466321243523316,0.0414507772020725,0.0414507772020725
2646,0.0984848484848484,0.2121212121212121,0.0757575757575757,0.0,0.0227272727272727
2647,0.0970873786407767,0.1601941747572815,0.0436893203883495,0.0097087378640776,0.029126213592233
2648,0.0981595092024539,0.1595092024539877,0.0122699386503067,0.0674846625766871,0.0368098159509202
2649,0.1136363636363636,0.2272727272727272,0.0056818181818181,0.0454545454545454,0.0227272727272727
2650,0.1026615969581749,0.1634980988593156,0.0456273764258555,0.0152091254752851,0.0190114068441064
2651,0.0988372093023255,0.1686046511627907,0.0232558139534883,0.0465116279069767,0.0465116279069767
2652,0.1126760563380281,0.1549295774647887,0.0375586854460093,0.0093896713615023,0.0516431924882629
2653,0.1,0.20625,0.0125,0.025,0.01875
2654,0.1076923076923077,0.1692307692307692,0.0307692307692307,0.0307692307692307,0.023076923076923
2655,0.102880658436214,0.1893004115226337,0.0164609053497942,0.0493827160493827,0.0164609053497942
2656,0.1090047393364928,0.2227488151658767,0.0284360189573459,0.0379146919431279,0.0047393364928909
2657,0.1338028169014084,0.1830985915492957,0.0211267605633802,0.0211267605633802,0.0211267605633802
2658,0.0900473933649289,0.2322274881516587,0.0331753554502369,0.0236966824644549,0.0189573459715639
2659,0.0903954802259887,0.2033898305084746,0.0338983050847457,0.0338983050847457,0.0112994350282485
2660,0.0979228486646884,0.115727002967359,0.0178041543026706,0.0385756676557863,0.0652818991097922
2661,0.1414141414141414,0.1414141414141414,0.0202020202020202,0.0707070707070707,0.1111111111111111
2662,0.0930232558139534,0.1569767441860465,0.0465116279069767,0.0,0.005813953488372
2663,0.1214285714285714,0.1642857142857142,0.0357142857142857,0.0357142857142857,0.0142857142857142
2664,0.0965250965250965,0.1891891891891892,0.027027027027027,0.027027027027027,0.0154440154440154
2665,0.1472081218274111,0.1472081218274111,0.0507614213197969,0.0304568527918781,0.015228426395939
2666,0.0625,0.1354166666666666,0.0,0.0416666666666666,0.0
2667,0.0925925925925925,0.1759259259259259,0.0185185185185185,0.0277777777777777,0.0324074074074074
2668,0.1135135135135135,0.2054054054054054,0.027027027027027,0.0324324324324324,0.0162162162162162
2669,0.0858085808580858,0.1452145214521452,0.0396039603960396,0.0429042904290429,0.0165016501650165
2670,0.111864406779661,0.2169491525423728,0.0203389830508474,0.0542372881355932,0.0271186440677966
2671,0.081967213114754,0.1857923497267759,0.0765027322404371,0.0054644808743169,0.0163934426229508
2672,0.1435406698564593,0.1913875598086124,0.0382775119617224,0.0382775119617224,0.0287081339712918
2673,0.1170568561872909,0.1505016722408027,0.0267558528428093,0.0267558528428093,0.0334448160535117
2674,0.0738636363636363,0.1647727272727272,0.0056818181818181,0.0170454545454545,0.0056818181818181
2675,0.087378640776699,0.203883495145631,0.0194174757281553,0.0388349514563106,0.0
2676,0.1358024691358024,0.1234567901234567,0.0308641975308641,0.0432098765432098,0.0555555555555555
2677,0.1448275862068965,0.2137931034482758,0.0206896551724137,0.0620689655172413,0.0551724137931034
2678,0.0852272727272727,0.1609848484848484,0.0170454545454545,0.0170454545454545,0.0246212121212121
2679,0.0728476821192053,0.1456953642384106,0.043046357615894,0.0364238410596026,0.0596026490066225
2680,0.1073446327683615,0.1525423728813559,0.0451977401129943,0.0338983050847457,0.0451977401129943
2681,0.1019417475728155,0.1844660194174757,0.0048543689320388,0.0145631067961165,0.0097087378640776
2682,0.1306818181818181,0.1818181818181818,0.0113636363636363,0.0397727272727272,0.0170454545454545
2683,0.1336898395721925,0.1176470588235294,0.0053475935828877,0.0481283422459893,0.0855614973262032
2684,0.1208791208791208,0.1868131868131868,0.0274725274725274,0.0164835164835164,0.0164835164835164
2685,0.0905797101449275,0.181159420289855,0.0217391304347826,0.0326086956521739,0.0144927536231884
2686,0.0794392523364486,0.1635514018691588,0.0467289719626168,0.0186915887850467,0.0233644859813084
2687,0.0641509433962264,0.2,0.0339622641509433,0.0,0.0113207547169811
2688,0.1078066914498141,0.20817843866171,0.0260223048327137,0.0594795539033457,0.0148698884758364
2689,0.1083333333333333,0.1333333333333333,0.0666666666666666,0.05,0.0416666666666666
2690,0.0744680851063829,0.2393617021276596,0.0319148936170212,0.0319148936170212,0.0106382978723404
2691,0.1045751633986928,0.1830065359477124,0.0457516339869281,0.0326797385620915,0.0261437908496732
2692,0.1076923076923077,0.173076923076923,0.0461538461538461,0.0115384615384615,0.0192307692307692
2693,0.0852359208523592,0.2070015220700152,0.0426179604261796,0.0365296803652968,0.0228310502283105
2694,0.1764705882352941,0.1470588235294117,0.0367647058823529,0.0367647058823529,0.0367647058823529
2695,0.0769230769230769,0.1483516483516483,0.0494505494505494,0.0274725274725274,0.0274725274725274
2696,0.1326530612244898,0.1479591836734693,0.0408163265306122,0.0408163265306122,0.0306122448979591
2697,0.1142857142857142,0.2057142857142857,0.0057142857142857,0.0114285714285714,0.0057142857142857
2698,0.0772727272727272,0.1909090909090909,0.0181818181818181,0.009090909090909,0.0181818181818181
2699,0.0993377483443708,0.1920529801324503,0.0331125827814569,0.0397350993377483,0.0463576158940397
2700,0.1142857142857142,0.1642857142857142,0.0214285714285714,0.0571428571428571,0.0285714285714285
2701,0.0970149253731343,0.1865671641791045,0.0373134328358208,0.0373134328358208,0.0149253731343283
2702,0.1257142857142857,0.2228571428571428,0.0514285714285714,0.0685714285714285,0.0228571428571428
2703,0.0918635170603674,0.1863517060367454,0.0367454068241469,0.0314960629921259,0.0236220472440944
2704,0.0962566844919786,0.1657754010695187,0.0160427807486631,0.0374331550802139,0.0213903743315508
2705,0.0793650793650793,0.2275132275132275,0.0529100529100529,0.0158730158730158,0.0105820105820105
2706,0.1354166666666666,0.15625,0.0416666666666666,0.0416666666666666,0.03125
2707,0.135693215339233,0.1474926253687315,0.0176991150442477,0.0634218289085545,0.0752212389380531
2708,0.123076923076923,0.1461538461538461,0.0384615384615384,0.023076923076923,0.0076923076923076
2709,0.1272727272727272,0.1636363636363636,0.0272727272727272,0.0272727272727272,0.0181818181818181
2710,0.1292517006802721,0.1972789115646258,0.0544217687074829,0.0340136054421768,0.0136054421768707
2711,0.089430894308943,0.1869918699186991,0.089430894308943,0.032520325203252,0.024390243902439
2712,0.0458333333333333,0.1125,0.0291666666666666,0.0125,0.0083333333333333
2713,0.0925925925925925,0.1234567901234567,0.0432098765432098,0.0432098765432098,0.0308641975308641
2714,0.1193548387096774,0.1838709677419354,0.0483870967741935,0.0387096774193548,0.0483870967741935
2715,0.1290322580645161,0.1451612903225806,0.0080645161290322,0.032258064516129,0.0080645161290322
2716,0.1125,0.2041666666666666,0.0208333333333333,0.0125,0.0375
2717,0.100502512562814,0.1507537688442211,0.050251256281407,0.0100502512562814,0.0150753768844221
2718,0.1287878787878787,0.2196969696969697,0.053030303030303,0.0227272727272727,0.0227272727272727
2719,0.1172413793103448,0.1310344827586207,0.0206896551724137,0.0482758620689655,0.0482758620689655
2720,0.0809523809523809,0.1619047619047619,0.0571428571428571,0.0238095238095238,0.0095238095238095
2721,0.1415929203539823,0.1415929203539823,0.0353982300884955,0.0619469026548672,0.0442477876106194
2722,0.1079136690647482,0.1870503597122302,0.0647482014388489,0.014388489208633,0.014388489208633
2723,0.088235294117647,0.1941176470588235,0.088235294117647,0.0176470588235294,0.0352941176470588
2724,0.1040462427745664,0.1329479768786127,0.0346820809248554,0.0115606936416184,0.0346820809248554
2725,0.0676328502415458,0.1304347826086956,0.0193236714975845,0.0338164251207729,0.0241545893719806
2726,0.1438356164383561,0.1712328767123287,0.0273972602739726,0.0205479452054794,0.0205479452054794
2727,0.1428571428571428,0.1700680272108843,0.0272108843537414,0.0068027210884353,0.0068027210884353
2728,0.0972222222222222,0.2222222222222222,0.0486111111111111,0.0347222222222222,0.0
2729,0.1227272727272727,0.1363636363636363,0.05,0.0409090909090909,0.0318181818181818
2730,0.1096774193548387,0.2161290322580645,0.0290322580645161,0.0129032258064516,0.0225806451612903
2731,0.1193415637860082,0.1851851851851851,0.037037037037037,0.0123456790123456,0.0082304526748971
2732,0.1538461538461538,0.1608391608391608,0.0419580419580419,0.0699300699300699,0.0209790209790209
2733,0.1030927835051546,0.140893470790378,0.0171821305841924,0.0343642611683848,0.0137457044673539
2734,0.14,0.1733333333333333,0.02,0.0466666666666666,0.02
2735,0.0985915492957746,0.1784037558685446,0.028169014084507,0.056338028169014,0.028169014084507
2736,0.1148936170212766,0.2170212765957447,0.025531914893617,0.025531914893617,0.0127659574468085
2737,0.0746268656716417,0.1940298507462686,0.0298507462686567,0.0597014925373134,0.0149253731343283
2738,0.1085271317829457,0.1472868217054263,0.0542635658914728,0.0,0.0387596899224806
2739,0.0949367088607595,0.2151898734177215,0.0379746835443038,0.0253164556962025,0.0063291139240506
2740,0.1283185840707964,0.1548672566371681,0.0221238938053097,0.0575221238938053,0.0353982300884955
2741,0.0615384615384615,0.1884615384615384,0.0346153846153846,0.0115384615384615,0.0153846153846153
2742,0.0839160839160839,0.2027972027972027,0.0489510489510489,0.0279720279720279,0.0209790209790209
2743,0.1038251366120218,0.1912568306010929,0.0054644808743169,0.0218579234972677,0.0327868852459016
2744,0.097165991902834,0.1659919028340081,0.0364372469635627,0.0566801619433198,0.020242914979757
2745,0.1183673469387755,0.1591836734693877,0.0448979591836734,0.0285714285714285,0.0081632653061224
2746,0.1283783783783783,0.1756756756756756,0.027027027027027,0.0472972972972973,0.0135135135135135
2747,0.1239669421487603,0.1818181818181818,0.0,0.0,0.0330578512396694
2748,0.1258278145695364,0.1456953642384106,0.0364238410596026,0.0496688741721854,0.0496688741721854
2749,0.1265822784810126,0.1392405063291139,0.0126582278481012,0.0379746835443038,0.050632911392405
2750,0.0717948717948717,0.2205128205128205,0.0615384615384615,0.0205128205128205,0.0205128205128205
2751,0.1353711790393013,0.148471615720524,0.0262008733624454,0.056768558951965,0.0480349344978165
2752,0.1158536585365853,0.1219512195121951,0.0121951219512195,0.0304878048780487,0.0426829268292682
2753,0.106145251396648,0.1340782122905028,0.0,0.0335195530726257,0.0391061452513966
2754,0.0931506849315068,0.2082191780821917,0.0246575342465753,0.0438356164383561,0.0191780821917808
2755,0.0653061224489796,0.1836734693877551,0.0612244897959183,0.0244897959183673,0.0163265306122449
2756,0.1333333333333333,0.1666666666666666,0.02,0.0666666666666666,0.0333333333333333
2757,0.1438848920863309,0.1294964028776978,0.0359712230215827,0.0359712230215827,0.0575539568345323
2758,0.1292775665399239,0.1787072243346007,0.0342205323193916,0.0418250950570342,0.026615969581749
2759,0.1147540983606557,0.1434426229508196,0.0245901639344262,0.0327868852459016,0.0327868852459016
2760,0.0952380952380952,0.1904761904761904,0.0952380952380952,0.0,0.0
2761,0.1272189349112426,0.1893491124260355,0.0502958579881656,0.0355029585798816,0.0473372781065088
2762,0.0497925311203319,0.1659751037344398,0.0414937759336099,0.0414937759336099,0.0165975103734439
2763,0.1228070175438596,0.1578947368421052,0.0087719298245614,0.0263157894736842,0.0350877192982456
2764,0.1078431372549019,0.1568627450980392,0.0294117647058823,0.0,0.0490196078431372
2765,0.1304347826086956,0.181159420289855,0.0144927536231884,0.0144927536231884,0.0289855072463768
2766,0.1247113163972286,0.0900692840646651,0.0207852193995381,0.0438799076212471,0.0739030023094688
2767,0.144927536231884,0.1111111111111111,0.0193236714975845,0.0289855072463768,0.0483091787439613
2768,0.0954198473282442,0.1870229007633587,0.0190839694656488,0.015267175572519,0.015267175572519
2769,0.140625,0.1510416666666666,0.0416666666666666,0.0416666666666666,0.015625
2770,0.1176470588235294,0.1588235294117647,0.0294117647058823,0.0117647058823529,0.0411764705882352
2771,0.1264044943820224,0.1769662921348314,0.0702247191011236,0.047752808988764,0.0421348314606741
2772,0.0497512437810945,0.1741293532338308,0.044776119402985,0.0149253731343283,0.0099502487562189
2773,0.1139896373056994,0.1398963730569948,0.0103626943005181,0.0207253886010362,0.005181347150259
2774,0.0588235294117647,0.2032085561497326,0.0374331550802139,0.0106951871657754,0.0374331550802139
2775,0.1070336391437308,0.1437308868501529,0.0122324159021406,0.036697247706422,0.0214067278287461
2776,0.1170212765957446,0.1595744680851064,0.0478723404255319,0.0319148936170212,0.0159574468085106
2777,0.1021897810218978,0.1897810218978102,0.0072992700729927,0.0364963503649635,0.0145985401459854
2778,0.0793650793650793,0.1984126984126984,0.0317460317460317,0.0317460317460317,0.0158730158730158
2779,0.0923076923076923,0.1692307692307692,0.0346153846153846,0.0192307692307692,0.023076923076923
2780,0.1428571428571428,0.1298701298701298,0.0194805194805194,0.0649350649350649,0.0324675324675324
2781,0.1643192488262911,0.1690140845070422,0.0234741784037558,0.0328638497652582,0.028169014084507
2782,0.1,0.2285714285714285,0.0428571428571428,0.0380952380952381,0.0238095238095238
2783,0.1029411764705882,0.1911764705882352,0.0294117647058823,0.0294117647058823,0.0196078431372549
2784,0.081081081081081,0.1959459459459459,0.0202702702702702,0.0067567567567567,0.0135135135135135
2785,0.109090909090909,0.1636363636363636,0.0409090909090909,0.0227272727272727,0.0272727272727272
2786,0.1048387096774193,0.1814516129032258,0.032258064516129,0.0,0.0120967741935483
2787,0.1256038647342995,0.1690821256038647,0.0241545893719806,0.0193236714975845,0.038647342995169
2788,0.1319796954314721,0.1319796954314721,0.0355329949238578,0.0101522842639593,0.0101522842639593
2789,0.0409356725146198,0.1169590643274853,0.0584795321637426,0.0,0.0175438596491228
2790,0.0862068965517241,0.1853448275862069,0.0258620689655172,0.0517241379310344,0.0129310344827586
2791,0.0789473684210526,0.1695906432748538,0.0146198830409356,0.0204678362573099,0.0497076023391812
2792,0.1123110151187904,0.1771058315334773,0.0410367170626349,0.0367170626349892,0.0539956803455723
2793,0.0790960451977401,0.2033898305084746,0.0451977401129943,0.0169491525423728,0.0169491525423728
2794,0.1014851485148514,0.1658415841584158,0.0297029702970297,0.0519801980198019,0.0222772277227722
2795,0.1203703703703703,0.1805555555555555,0.0277777777777777,0.0555555555555555,0.0138888888888888
2796,0.1216216216216216,0.1891891891891892,0.0337837837837837,0.0135135135135135,0.0472972972972973
2797,0.0972222222222222,0.1898148148148148,0.0324074074074074,0.037037037037037,0.0185185185185185
2798,0.0927835051546391,0.2010309278350515,0.0206185567010309,0.0154639175257731,0.0206185567010309
2799,0.1075268817204301,0.1290322580645161,0.032258064516129,0.032258064516129,0.0
2800,0.0916666666666666,0.1916666666666666,0.0583333333333333,0.0166666666666666,0.0
2801,0.1044776119402985,0.1940298507462686,0.0223880597014925,0.044776119402985,0.0074626865671641
2802,0.1114982578397212,0.1219512195121951,0.024390243902439,0.0522648083623693,0.0627177700348432
2803,0.0934579439252336,0.205607476635514,0.0,0.0560747663551401,0.0186915887850467
2804,0.1263736263736263,0.1318681318681318,0.0274725274725274,0.0659340659340659,0.0274725274725274
2805,0.1044776119402985,0.1417910447761194,0.0298507462686567,0.0298507462686567,0.0298507462686567
2806,0.082437275985663,0.1541218637992831,0.028673835125448,0.028673835125448,0.017921146953405
2807,0.125,0.2291666666666666,0.0416666666666666,0.0277777777777777,0.0069444444444444
2808,0.0634920634920634,0.119047619047619,0.0079365079365079,0.0158730158730158,0.0158730158730158
2809,0.0828729281767955,0.1712707182320442,0.0276243093922651,0.005524861878453,0.011049723756906
2810,0.0853658536585365,0.1504065040650406,0.032520325203252,0.0365853658536585,0.0
2811,0.1338582677165354,0.1496062992125984,0.0393700787401574,0.0236220472440944,0.0393700787401574
2812,0.116751269035533,0.2182741116751269,0.0558375634517766,0.0203045685279187,0.0203045685279187
2813,0.1520467836257309,0.1345029239766081,0.0409356725146198,0.0350877192982456,0.0292397660818713
2814,0.1095890410958904,0.2054794520547945,0.0273972602739726,0.0547945205479452,0.0
2815,0.1102362204724409,0.2086614173228346,0.0708661417322834,0.0275590551181102,0.0314960629921259
2816,0.0708661417322834,0.2125984251968504,0.0236220472440944,0.0393700787401574,0.0078740157480314
2817,0.0571428571428571,0.2095238095238095,0.0380952380952381,0.0285714285714285,0.0
2818,0.0866141732283464,0.1732283464566929,0.0393700787401574,0.0236220472440944,0.0393700787401574
2819,0.0728476821192053,0.1589403973509933,0.0463576158940397,0.0529801324503311,0.0066225165562913
2820,0.0619047619047619,0.2238095238095238,0.0571428571428571,0.0095238095238095,0.0047619047619047
2821,0.1287128712871287,0.2079207920792079,0.0297029702970297,0.0495049504950495,0.0297029702970297
2822,0.1404494382022472,0.1573033707865168,0.0112359550561797,0.0674157303370786,0.0449438202247191
2823,0.0941176470588235,0.1529411764705882,0.0117647058823529,0.0705882352941176,0.0352941176470588
2824,0.0915492957746478,0.1830985915492957,0.0422535211267605,0.0704225352112676,0.0140845070422535
2825,0.110091743119266,0.1926605504587156,0.0275229357798165,0.036697247706422,0.018348623853211
2826,0.1028708133971291,0.1722488038277512,0.055023923444976,0.062200956937799,0.0430622009569378
2827,0.1134751773049645,0.1914893617021276,0.0638297872340425,0.0212765957446808,0.0141843971631205
2828,0.1075268817204301,0.2150537634408602,0.032258064516129,0.032258064516129,0.0
2829,0.087378640776699,0.1601941747572815,0.0728155339805825,0.0194174757281553,0.0242718446601941
2830,0.1063829787234042,0.226950354609929,0.0425531914893617,0.0070921985815602,0.0283687943262411
2831,0.0902255639097744,0.1804511278195488,0.0451127819548872,0.0150375939849624,0.0300751879699248
2832,0.0930232558139534,0.1627906976744186,0.0232558139534883,0.0,0.0697674418604651
2833,0.0970149253731343,0.1791044776119403,0.0298507462686567,0.0298507462686567,0.0223880597014925
2834,0.1636363636363636,0.1696969696969697,0.0727272727272727,0.0545454545454545,0.0545454545454545
2835,0.1219512195121951,0.2073170731707317,0.0609756097560975,0.048780487804878,0.0304878048780487
2836,0.119047619047619,0.1488095238095238,0.0357142857142857,0.0416666666666666,0.0297619047619047
2837,0.1290322580645161,0.1693548387096774,0.0403225806451612,0.032258064516129,0.0080645161290322
2838,0.096551724137931,0.2,0.0344827586206896,0.0413793103448275,0.0068965517241379
2839,0.125,0.1535714285714285,0.0321428571428571,0.0535714285714285,0.0392857142857142
2840,0.1417322834645669,0.2204724409448819,0.0314960629921259,0.0472440944881889,0.0236220472440944
2841,0.0863309352517985,0.2014388489208633,0.0287769784172661,0.0431654676258992,0.0215827338129496
2842,0.1496598639455782,0.1564625850340136,0.0408163265306122,0.0476190476190476,0.0272108843537414
2843,0.1088435374149659,0.1564625850340136,0.0544217687074829,0.0408163265306122,0.0272108843537414
2844,0.0915492957746478,0.1619718309859155,0.0352112676056338,0.028169014084507,0.0211267605633802
2845,0.1224489795918367,0.173469387755102,0.0510204081632653,0.010204081632653,0.0408163265306122
2846,0.1322314049586777,0.1900826446280991,0.0082644628099173,0.0495867768595041,0.0578512396694214
2847,0.0833333333333333,0.171875,0.015625,0.0208333333333333,0.015625
2848,0.1206434316353887,0.1930294906166219,0.0134048257372654,0.0536193029490616,0.0536193029490616
2849,0.1083743842364532,0.1724137931034483,0.0147783251231527,0.0295566502463054,0.0197044334975369
2850,0.1182795698924731,0.1397849462365591,0.0268817204301075,0.032258064516129,0.0
2851,0.0944881889763779,0.1023622047244094,0.0314960629921259,0.0629921259842519,0.0551181102362204
2852,0.0606060606060606,0.1111111111111111,0.0505050505050505,0.0202020202020202,0.0
2853,0.0617283950617283,0.1851851851851851,0.0617283950617283,0.0617283950617283,0.0246913580246913
2854,0.048,0.248,0.008,0.024,0.0
2855,0.0926640926640926,0.1814671814671814,0.027027027027027,0.0193050193050193,0.027027027027027
2856,0.11284046692607,0.2412451361867704,0.0505836575875486,0.0194552529182879,0.0116731517509727
2857,0.0909090909090909,0.1538461538461538,0.0699300699300699,0.0489510489510489,0.0209790209790209
2858,0.1069182389937107,0.1635220125786163,0.0377358490566037,0.0377358490566037,0.050314465408805
2859,0.0738636363636363,0.1704545454545454,0.0397727272727272,0.0170454545454545,0.0
2860,0.0616113744075829,0.1611374407582938,0.0331753554502369,0.0142180094786729,0.0284360189573459
2861,0.0657894736842105,0.1776315789473684,0.0789473684210526,0.0263157894736842,0.0394736842105263
2862,0.116822429906542,0.1308411214953271,0.02803738317757,0.0420560747663551,0.0233644859813084
2863,0.0769230769230769,0.1818181818181818,0.0419580419580419,0.0139860139860139,0.0209790209790209
2864,0.0935672514619883,0.1929824561403508,0.0467836257309941,0.0467836257309941,0.0292397660818713
2865,0.0931372549019607,0.1519607843137254,0.0392156862745098,0.0784313725490196,0.0196078431372549
2866,0.1130434782608695,0.1826086956521739,0.0260869565217391,0.0260869565217391,0.008695652173913
2867,0.095617529880478,0.1752988047808765,0.0398406374501992,0.0119521912350597,0.0159362549800796
2868,0.0884353741496598,0.1700680272108843,0.0204081632653061,0.0476190476190476,0.0136054421768707
2869,0.1142857142857142,0.1357142857142857,0.0428571428571428,0.0571428571428571,0.0428571428571428
2870,0.0968858131487889,0.1799307958477508,0.0138408304498269,0.0103806228373702,0.0311418685121107
2871,0.10062893081761,0.2075471698113207,0.0314465408805031,0.0062893081761006,0.0125786163522012
2872,0.125,0.1458333333333333,0.0277777777777777,0.0208333333333333,0.0208333333333333
2873,0.1232876712328767,0.1917808219178082,0.047945205479452,0.0410958904109589,0.0136986301369863
2874,0.1476510067114094,0.1677852348993288,0.0402684563758389,0.0402684563758389,0.0201342281879194
2875,0.1172839506172839,0.1820987654320987,0.0648148148148148,0.0462962962962962,0.015432098765432
2876,0.0703517587939698,0.1557788944723618,0.0351758793969849,0.0452261306532663,0.0201005025125628
2877,0.1466666666666666,0.1866666666666666,0.0266666666666666,0.0666666666666666,0.0133333333333333
2878,0.0555555555555555,0.1904761904761904,0.0634920634920634,0.0,0.0079365079365079
2879,0.0695652173913043,0.1826086956521739,0.0695652173913043,0.017391304347826,0.017391304347826
2880,0.0802469135802469,0.191358024691358,0.037037037037037,0.0493827160493827,0.0185185185185185
2881,0.0641711229946524,0.1978609625668449,0.0427807486631016,0.0160427807486631,0.0053475935828877
2882,0.0719424460431654,0.1438848920863309,0.0359712230215827,0.0215827338129496,0.014388489208633
2883,0.073170731707317,0.1951219512195122,0.0365853658536585,0.0365853658536585,0.0182926829268292
2884,0.09375,0.1875,0.04375,0.01875,0.025
2885,0.1,0.19,0.055,0.02,0.04
2886,0.1194029850746268,0.1567164179104477,0.0149253731343283,0.0298507462686567,0.0223880597014925
2887,0.1072961373390558,0.1931330472103004,0.0643776824034334,0.0257510729613733,0.0128755364806866
2888,0.1407407407407407,0.1481481481481481,0.0666666666666666,0.037037037037037,0.0148148148148148
2889,0.1359649122807017,0.2280701754385964,0.0482456140350877,0.0307017543859649,0.0394736842105263
2890,0.1378205128205128,0.2147435897435897,0.0608974358974358,0.0384615384615384,0.0224358974358974
2891,0.1240875912408759,0.2408759124087591,0.0583941605839416,0.0218978102189781,0.0145985401459854
2892,0.0792079207920792,0.1584158415841584,0.0693069306930693,0.0792079207920792,0.0891089108910891
2893,0.1353711790393013,0.2270742358078602,0.0262008733624454,0.0393013100436681,0.0087336244541484
2894,0.1148325358851674,0.1818181818181818,0.0478468899521531,0.0382775119617224,0.0095693779904306
2895,0.106060606060606,0.1666666666666666,0.0,0.0454545454545454,0.0075757575757575
2896,0.062111801242236,0.2111801242236025,0.031055900621118,0.0124223602484472,0.0186335403726708
2897,0.1197183098591549,0.1901408450704225,0.0492957746478873,0.0140845070422535,0.0352112676056338
2898,0.135593220338983,0.1977401129943503,0.0112994350282485,0.0621468926553672,0.0282485875706214
2899,0.1266968325791855,0.1606334841628959,0.0271493212669683,0.0678733031674208,0.0384615384615384
2900,0.1059602649006622,0.1390728476821192,0.0397350993377483,0.0264900662251655,0.0264900662251655
2901,0.057471264367816,0.1724137931034483,0.0229885057471264,0.0114942528735632,0.0229885057471264
2902,0.1013824884792626,0.1705069124423963,0.0230414746543778,0.0414746543778801,0.0092165898617511
2903,0.1333333333333333,0.1666666666666666,0.0333333333333333,0.0444444444444444,0.05
2904,0.1153846153846153,0.1346153846153846,0.0512820512820512,0.0705128205128205,0.0256410256410256
2905,0.1206030150753768,0.1407035175879397,0.050251256281407,0.0150753768844221,0.0804020100502512
2906,0.0927152317880794,0.1655629139072847,0.0993377483443708,0.0132450331125827,0.0331125827814569
2907,0.0686695278969957,0.1459227467811159,0.0515021459227467,0.0300429184549356,0.0257510729613733
2908,0.1033707865168539,0.1393258426966292,0.0404494382022471,0.0719101123595505,0.0382022471910112
2909,0.1764705882352941,0.2352941176470588,0.0,0.0,0.0
2910,0.0853080568720379,0.1516587677725118,0.0189573459715639,0.0236966824644549,0.0094786729857819
2911,0.1422413793103448,0.146551724137931,0.0172413793103448,0.0517241379310344,0.0646551724137931
2912,0.1279620853080568,0.2085308056872037,0.0189573459715639,0.0236966824644549,0.0426540284360189
2913,0.1489361702127659,0.1276595744680851,0.0425531914893617,0.0531914893617021,0.1063829787234042
2914,0.1418918918918918,0.1756756756756756,0.0202702702702702,0.027027027027027,0.0405405405405405
2915,0.088235294117647,0.2058823529411764,0.0735294117647058,0.0588235294117647,0.0294117647058823
2916,0.1111111111111111,0.1440329218106996,0.0452674897119341,0.037037037037037,0.037037037037037
2917,0.1136363636363636,0.1875,0.0397727272727272,0.0170454545454545,0.0625
2918,0.1011235955056179,0.1797752808988764,0.0168539325842696,0.0112359550561797,0.0224719101123595
2919,0.1392405063291139,0.1392405063291139,0.0253164556962025,0.050632911392405,0.0379746835443038
2920,0.1176470588235294,0.1764705882352941,0.0514705882352941,0.0294117647058823,0.0
2921,0.0806451612903225,0.1989247311827957,0.0376344086021505,0.032258064516129,0.021505376344086
2922,0.2043010752688172,0.1612903225806451,0.021505376344086,0.021505376344086,0.064516129032258
2923,0.1475409836065573,0.1967213114754098,0.0081967213114754,0.0245901639344262,0.0655737704918032
2924,0.0909090909090909,0.1636363636363636,0.0363636363636363,0.0181818181818181,0.0545454545454545
2925,0.081967213114754,0.1229508196721311,0.0573770491803278,0.040983606557377,0.0245901639344262
2926,0.141025641025641,0.1858974358974359,0.0128205128205128,0.032051282051282,0.0128205128205128
2927,0.1214953271028037,0.1962616822429906,0.0093457943925233,0.0560747663551401,0.0467289719626168
2928,0.109090909090909,0.209090909090909,0.0363636363636363,0.0363636363636363,0.009090909090909
2929,0.0714285714285714,0.1547619047619047,0.0238095238095238,0.0357142857142857,0.0
2930,0.1264367816091954,0.160919540229885,0.0114942528735632,0.0804597701149425,0.0229885057471264
2931,0.1384615384615384,0.1846153846153846,0.0153846153846153,0.0461538461538461,0.0153846153846153
2932,0.125,0.1875,0.0178571428571428,0.0357142857142857,0.0089285714285714
2933,0.0990990990990991,0.1801801801801801,0.036036036036036,0.072072072072072,0.027027027027027
2934,0.1398601398601398,0.1258741258741259,0.0559440559440559,0.0839160839160839,0.0419580419580419
2935,0.1267605633802817,0.1690140845070422,0.0211267605633802,0.0140845070422535,0.0704225352112676
2936,0.1746031746031746,0.238095238095238,0.0317460317460317,0.0,0.0476190476190476
2937,0.0948905109489051,0.1678832116788321,0.0656934306569343,0.0291970802919708,0.0145985401459854
2938,0.0821917808219178,0.1301369863013698,0.0205479452054794,0.0342465753424657,0.0068493150684931
2939,0.1728395061728395,0.205761316872428,0.0329218106995884,0.0411522633744856,0.0164609053497942
2940,0.1466666666666666,0.1866666666666666,0.0,0.04,0.04
2941,0.0957446808510638,0.2234042553191489,0.0319148936170212,0.0212765957446808,0.0319148936170212
2942,0.1295336787564766,0.2124352331606217,0.0466321243523316,0.0310880829015544,0.0621761658031088
2943,0.1091954022988505,0.1494252873563218,0.057471264367816,0.0229885057471264,0.0114942528735632
2944,0.0903954802259887,0.2033898305084746,0.0338983050847457,0.0056497175141242,0.0282485875706214
2945,0.0522875816993464,0.1764705882352941,0.0718954248366013,0.0261437908496732,0.0196078431372549
2946,0.1386861313868613,0.2043795620437956,0.0437956204379562,0.0,0.0364963503649635
2947,0.1134020618556701,0.1649484536082474,0.0515463917525773,0.0309278350515463,0.0618556701030927
2948,0.136094674556213,0.1538461538461538,0.0355029585798816,0.0414201183431952,0.0177514792899408
2949,0.1229946524064171,0.1657754010695187,0.0374331550802139,0.0320855614973262,0.0160427807486631
2950,0.1089743589743589,0.1923076923076923,0.0256410256410256,0.0448717948717948,0.0256410256410256
2951,0.0705882352941176,0.188235294117647,0.0470588235294117,0.0470588235294117,0.0
2952,0.0721649484536082,0.2268041237113402,0.0412371134020618,0.0,0.0103092783505154
2953,0.1052631578947368,0.1907894736842105,0.0197368421052631,0.006578947368421,0.0131578947368421
2954,0.1048387096774193,0.1854838709677419,0.0161290322580645,0.032258064516129,0.0483870967741935
2955,0.0898876404494382,0.1910112359550561,0.0786516853932584,0.0674157303370786,0.0
2956,0.1071428571428571,0.238095238095238,0.0595238095238095,0.0119047619047619,0.0416666666666666
2957,0.1181102362204724,0.2125984251968504,0.0314960629921259,0.0236220472440944,0.0157480314960629
2958,0.1485148514851485,0.1782178217821782,0.0297029702970297,0.0396039603960396,0.0099009900990099
2959,0.1478873239436619,0.1971830985915492,0.0352112676056338,0.0492957746478873,0.0422535211267605
2960,0.119205298013245,0.1456953642384106,0.0662251655629139,0.0331125827814569,0.0596026490066225
2961,0.1290322580645161,0.1741935483870967,0.032258064516129,0.064516129032258,0.0709677419354838
2962,0.1104972375690607,0.1823204419889502,0.0220994475138121,0.0718232044198895,0.0165745856353591
2963,0.0646551724137931,0.1939655172413793,0.0172413793103448,0.0258620689655172,0.0172413793103448
2964,0.1292517006802721,0.2244897959183673,0.0204081632653061,0.0136054421768707,0.0136054421768707
2965,0.108433734939759,0.1903614457831325,0.0337349397590361,0.0192771084337349,0.036144578313253
2966,0.0916666666666666,0.2083333333333333,0.0416666666666666,0.0333333333333333,0.0291666666666666
2967,0.1081081081081081,0.1711711711711711,0.018018018018018,0.045045045045045,0.036036036036036
2968,0.1403508771929824,0.1812865497076023,0.0292397660818713,0.0350877192982456,0.0526315789473684
2969,0.1751824817518248,0.1824817518248175,0.0,0.0218978102189781,0.0437956204379562
2970,0.1158798283261802,0.167381974248927,0.0429184549356223,0.03862660944206,0.03862660944206
2971,0.1326860841423948,0.2297734627831715,0.0226537216828478,0.029126213592233,0.0161812297734627
2972,0.1066666666666666,0.2,0.0466666666666666,0.0266666666666666,0.0066666666666666
2973,0.1026785714285714,0.1875,0.0357142857142857,0.0223214285714285,0.0178571428571428
2974,0.1023622047244094,0.1535433070866141,0.0354330708661417,0.0433070866141732,0.0196850393700787
2975,0.1179624664879356,0.2305630026809651,0.0214477211796246,0.0214477211796246,0.0214477211796246
2976,0.0696202531645569,0.2215189873417721,0.0443037974683544,0.0569620253164556,0.0126582278481012
2977,0.1059602649006622,0.1854304635761589,0.0397350993377483,0.0264900662251655,0.0264900662251655
2978,0.0909090909090909,0.1704545454545454,0.0492424242424242,0.0378787878787878,0.0113636363636363
2979,0.1020408163265306,0.173469387755102,0.0306122448979591,0.0612244897959183,0.0306122448979591
2980,0.1050420168067226,0.134453781512605,0.0210084033613445,0.0336134453781512,0.0126050420168067
2981,0.1269841269841269,0.2063492063492063,0.0476190476190476,0.0238095238095238,0.0238095238095238
2982,0.1481481481481481,0.1604938271604938,0.037037037037037,0.0123456790123456,0.0
2983,0.0873015873015873,0.2023809523809523,0.0515873015873015,0.0476190476190476,0.0079365079365079
2984,0.0959595959595959,0.1767676767676767,0.0303030303030303,0.0353535353535353,0.0202020202020202
2985,0.1241379310344827,0.1517241379310344,0.0137931034482758,0.0,0.0344827586206896
2986,0.1353383458646616,0.112781954887218,0.0225563909774436,0.0225563909774436,0.0075187969924812
2987,0.1240875912408759,0.1678832116788321,0.0656934306569343,0.0291970802919708,0.0364963503649635
2988,0.0767386091127098,0.1822541966426858,0.0503597122302158,0.0335731414868105,0.0119904076738609
2989,0.1402714932126696,0.1900452488687782,0.0316742081447963,0.0271493212669683,0.0271493212669683
2990,0.0909090909090909,0.1757575757575757,0.0484848484848484,0.0181818181818181,0.0363636363636363
2991,0.1294117647058823,0.188235294117647,0.0529411764705882,0.0529411764705882,0.0647058823529411
2992,0.0879120879120879,0.2307692307692307,0.0659340659340659,0.0183150183150183,0.0146520146520146
2993,0.086734693877551,0.1836734693877551,0.0204081632653061,0.0255102040816326,0.0051020408163265
2994,0.1111111111111111,0.1699346405228758,0.0261437908496732,0.0196078431372549,0.0130718954248366
2995,0.1026785714285714,0.1517857142857142,0.0401785714285714,0.0267857142857142,0.0133928571428571
2996,0.0692307692307692,0.1884615384615384,0.0923076923076923,0.0423076923076923,0.023076923076923
2997,0.1142857142857142,0.2142857142857142,0.0285714285714285,0.0357142857142857,0.0071428571428571
2998,0.0982142857142857,0.2053571428571428,0.0357142857142857,0.0178571428571428,0.0178571428571428
2999,0.0844444444444444,0.1911111111111111,0.0266666666666666,0.0177777777777777,0.0488888888888888
3000,0.1414141414141414,0.2121212121212121,0.0303030303030303,0.0505050505050505,0.0404040404040404
3001,0.1165644171779141,0.1656441717791411,0.0245398773006134,0.0368098159509202,0.0490797546012269
3002,0.1126760563380281,0.2183098591549295,0.0211267605633802,0.0352112676056338,0.028169014084507
3003,0.0909090909090909,0.2192513368983957,0.0588235294117647,0.0374331550802139,0.0053475935828877
3004,0.1228070175438596,0.2368421052631578,0.0175438596491228,0.043859649122807,0.043859649122807
3005,0.125,0.1640625,0.0234375,0.078125,0.015625
3006,0.1039215686274509,0.1823529411764705,0.0333333333333333,0.0607843137254901,0.0549019607843137
3007,0.0827067669172932,0.1578947368421052,0.0413533834586466,0.0112781954887218,0.0150375939849624
3008,0.1331775700934579,0.1869158878504672,0.02803738317757,0.0514018691588785,0.0373831775700934
3009,0.1111111111111111,0.1944444444444444,0.0416666666666666,0.0416666666666666,0.0277777777777777
3010,0.1020408163265306,0.1836734693877551,0.0306122448979591,0.0510204081632653,0.0204081632653061
3011,0.0888888888888888,0.1629629629629629,0.0148148148148148,0.0592592592592592,0.037037037037037
3012,0.0671641791044776,0.2537313432835821,0.0223880597014925,0.0373134328358208,0.0149253731343283
3013,0.1083333333333333,0.2166666666666666,0.05,0.0333333333333333,0.0083333333333333
3014,0.0672268907563025,0.1092436974789916,0.0084033613445378,0.0504201680672268,0.0168067226890756
3015,0.0919881305637982,0.1869436201780415,0.059347181008902,0.0385756676557863,0.0148367952522255
3016,0.0909090909090909,0.1688311688311688,0.0389610389610389,0.0194805194805194,0.0129870129870129
3017,0.0873493975903614,0.1506024096385542,0.036144578313253,0.036144578313253,0.0180722891566265
3018,0.1148459383753501,0.1848739495798319,0.0308123249299719,0.0196078431372549,0.0140056022408963
3019,0.1007751937984496,0.1782945736434108,0.0465116279069767,0.0077519379844961,0.0310077519379844
3020,0.0970149253731343,0.1567164179104477,0.0298507462686567,0.0298507462686567,0.0074626865671641
3021,0.1363636363636363,0.2159090909090909,0.0227272727272727,0.0113636363636363,0.034090909090909
3022,0.1012658227848101,0.1856540084388185,0.0295358649789029,0.0210970464135021,0.0042194092827004
3023,0.1058823529411764,0.2196078431372549,0.0470588235294117,0.0274509803921568,0.0196078431372549
3024,0.0930232558139534,0.1686046511627907,0.0465116279069767,0.0174418604651162,0.0116279069767441
3025,0.0452488687782805,0.1312217194570135,0.0135746606334841,0.0090497737556561,0.0090497737556561
3026,0.1409395973154362,0.1543624161073825,0.0268456375838926,0.0536912751677852,0.0067114093959731
3027,0.0689655172413793,0.1810344827586207,0.0517241379310344,0.0258620689655172,0.0086206896551724
3028,0.1309823677581864,0.1561712846347607,0.0302267002518891,0.0806045340050377,0.0226700251889168
3029,0.1243523316062176,0.155440414507772,0.0466321243523316,0.0207253886010362,0.0414507772020725
3030,0.0711974110032362,0.1618122977346278,0.0226537216828478,0.029126213592233,0.0129449838187702
3031,0.0909090909090909,0.2027972027972027,0.0699300699300699,0.0069930069930069,0.0069930069930069
3032,0.0673575129533678,0.1968911917098445,0.0414507772020725,0.0466321243523316,0.0207253886010362
3033,0.074074074074074,0.2116402116402116,0.0105820105820105,0.0211640211640211,0.0264550264550264
3034,0.125,0.195,0.045,0.02,0.015
3035,0.0734463276836158,0.2090395480225988,0.0338983050847457,0.0112994350282485,0.0112994350282485
3036,0.1017699115044247,0.2300884955752212,0.0398230088495575,0.0132743362831858,0.0265486725663716
3037,0.0746054519368723,0.1549497847919655,0.0416068866571018,0.0616929698708751,0.0545193687230989
3038,0.086092715231788,0.2450331125827814,0.0463576158940397,0.0331125827814569,0.0132450331125827
3039,0.106060606060606,0.1919191919191919,0.0606060606060606,0.0353535353535353,0.0202020202020202
3040,0.081967213114754,0.1967213114754098,0.0163934426229508,0.0218579234972677,0.0163934426229508
3041,0.0899470899470899,0.1957671957671957,0.0264550264550264,0.037037037037037,0.0476190476190476
3042,0.1052631578947368,0.1988304093567251,0.0350877192982456,0.023391812865497,0.0116959064327485
3043,0.1148648648648648,0.1756756756756756,0.027027027027027,0.027027027027027,0.0202702702702702
3044,0.1475409836065573,0.2049180327868852,0.0327868852459016,0.0245901639344262,0.0
3045,0.1115107913669064,0.1654676258992805,0.0431654676258992,0.0323741007194244,0.0359712230215827
3046,0.0827338129496402,0.1942446043165467,0.0755395683453237,0.014388489208633,0.0071942446043165
3047,0.1065573770491803,0.1639344262295081,0.0327868852459016,0.0245901639344262,0.0081967213114754
3048,0.1098901098901098,0.1868131868131868,0.0219780219780219,0.0219780219780219,0.0109890109890109
3049,0.087719298245614,0.1842105263157894,0.0701754385964912,0.0701754385964912,0.0263157894736842
3050,0.1153846153846153,0.1813186813186813,0.0384615384615384,0.0219780219780219,0.0164835164835164
3051,0.0954773869346733,0.1708542713567839,0.0351758793969849,0.0301507537688442,0.0050251256281407
3052,0.1209677419354838,0.1612903225806451,0.0564516129032258,0.032258064516129,0.032258064516129
3053,0.1094527363184079,0.1691542288557214,0.0298507462686567,0.0248756218905472,0.0646766169154228
3054,0.0863309352517985,0.1870503597122302,0.0287769784172661,0.0503597122302158,0.0359712230215827
3055,0.075268817204301,0.1397849462365591,0.0376344086021505,0.032258064516129,0.0
3056,0.0898876404494382,0.2191011235955056,0.0617977528089887,0.0224719101123595,0.0168539325842696
3057,0.1037735849056603,0.1792452830188679,0.0188679245283018,0.0283018867924528,0.0094339622641509
3058,0.0938628158844765,0.1660649819494584,0.0469314079422382,0.0361010830324909,0.0288808664259927
3059,0.1011235955056179,0.2134831460674157,0.0280898876404494,0.0617977528089887,0.0168539325842696
3060,0.1341463414634146,0.1128048780487804,0.0457317073170731,0.0365853658536585,0.0762195121951219
3061,0.112781954887218,0.150375939849624,0.0451127819548872,0.0150375939849624,0.0300751879699248
3062,0.1655629139072847,0.1788079470198675,0.0132450331125827,0.0331125827814569,0.0596026490066225
3063,0.088,0.184,0.016,0.032,0.0
3064,0.1140350877192982,0.1666666666666666,0.0263157894736842,0.0175438596491228,0.0350877192982456
3065,0.0895522388059701,0.1641791044776119,0.0248756218905472,0.044776119402985,0.0746268656716417
3066,0.1243243243243243,0.1729729729729729,0.0324324324324324,0.054054054054054,0.0
3067,0.136986301369863,0.2191780821917808,0.0273972602739726,0.0136986301369863,0.0410958904109589
3068,0.1428571428571428,0.2142857142857142,0.0204081632653061,0.010204081632653,0.0
3069,0.0779220779220779,0.2012987012987013,0.08008658008658,0.0346320346320346,0.0108225108225108
3070,0.1065573770491803,0.1680327868852459,0.0204918032786885,0.0327868852459016,0.0245901639344262
3071,0.099502487562189,0.1393034825870646,0.0497512437810945,0.0298507462686567,0.044776119402985
3072,0.1217391304347826,0.1913043478260869,0.0260869565217391,0.0521739130434782,0.0347826086956521
3073,0.0919540229885057,0.1839080459770115,0.0344827586206896,0.0114942528735632,0.0114942528735632
3074,0.0916030534351145,0.1374045801526717,0.0229007633587786,0.0534351145038167,0.0305343511450381
3075,0.125,0.1907894736842105,0.0394736842105263,0.0657894736842105,0.0131578947368421
3076,0.146067415730337,0.1797752808988764,0.0112359550561797,0.0112359550561797,0.0224719101123595
3077,0.1074380165289256,0.1735537190082644,0.0330578512396694,0.0165289256198347,0.0330578512396694
3078,0.1029411764705882,0.1985294117647058,0.0441176470588235,0.0808823529411764,0.0147058823529411
3079,0.1160714285714285,0.2142857142857142,0.0714285714285714,0.0089285714285714,0.0089285714285714
3080,0.1452513966480447,0.2122905027932961,0.0055865921787709,0.0335195530726257,0.0279329608938547
3081,0.0891089108910891,0.1881188118811881,0.0297029702970297,0.0099009900990099,0.0396039603960396
3082,0.0669456066945606,0.205020920502092,0.0376569037656903,0.0376569037656903,0.0418410041841004
3083,0.095505617977528,0.1629213483146067,0.0449438202247191,0.0224719101123595,0.0280898876404494
3084,0.088235294117647,0.2,0.0352941176470588,0.0176470588235294,0.0352941176470588
3085,0.0852272727272727,0.2272727272727272,0.0397727272727272,0.0227272727272727,0.034090909090909
3086,0.1171171171171171,0.1801801801801801,0.072072072072072,0.027027027027027,0.036036036036036
3087,0.1884057971014492,0.1014492753623188,0.0,0.072463768115942,0.0289855072463768
3088,0.1025641025641025,0.1623931623931624,0.0299145299145299,0.047008547008547,0.0512820512820512
3089,0.0439024390243902,0.1414634146341463,0.0097560975609756,0.048780487804878,0.0146341463414634
3090,0.09375,0.1597222222222222,0.0520833333333333,0.0347222222222222,0.0416666666666666
3091,0.0920245398773006,0.1779141104294478,0.0245398773006134,0.0122699386503067,0.0368098159509202
3092,0.0895522388059701,0.1940298507462686,0.0746268656716417,0.0597014925373134,0.0248756218905472
3093,0.1102941176470588,0.1617647058823529,0.0514705882352941,0.0147058823529411,0.0073529411764705
3094,0.0588235294117647,0.1529411764705882,0.088235294117647,0.0058823529411764,0.0058823529411764
3095,0.079646017699115,0.1592920353982301,0.0530973451327433,0.0176991150442477,0.0265486725663716
3096,0.0894568690095846,0.1757188498402556,0.0319488817891373,0.0095846645367412,0.0063897763578274
3097,0.0839160839160839,0.1818181818181818,0.0349650349650349,0.0069930069930069,0.0209790209790209
3098,0.1263157894736842,0.1,0.0210526315789473,0.0421052631578947,0.0473684210526315
3099,0.0984848484848484,0.1818181818181818,0.0606060606060606,0.0,0.0151515151515151
3100,0.0662983425414364,0.1712707182320442,0.0220994475138121,0.0220994475138121,0.0220994475138121
3101,0.119047619047619,0.1904761904761904,0.0476190476190476,0.0079365079365079,0.0158730158730158
3102,0.1153846153846153,0.1615384615384615,0.0076923076923076,0.0384615384615384,0.0
3103,0.1281138790035587,0.195729537366548,0.0427046263345195,0.0427046263345195,0.0284697508896797
3104,0.0746268656716417,0.1791044776119403,0.0597014925373134,0.0149253731343283,0.0074626865671641
3105,0.1111111111111111,0.2222222222222222,0.0396825396825396,0.0317460317460317,0.0476190476190476
3106,0.1066666666666666,0.1822222222222222,0.0444444444444444,0.0488888888888888,0.0355555555555555
3107,0.0892018779342723,0.2488262910798122,0.0328638497652582,0.0140845070422535,0.0140845070422535
3108,0.0725326991676575,0.1938168846611177,0.0451843043995243,0.0285374554102259,0.0154577883472057
3109,0.1197916666666666,0.171875,0.0260416666666666,0.0520833333333333,0.0677083333333333
3110,0.1267605633802817,0.2112676056338028,0.0352112676056338,0.0352112676056338,0.0211267605633802
3111,0.0714285714285714,0.2346938775510204,0.0510204081632653,0.0204081632653061,0.0204081632653061
3112,0.0858895705521472,0.2085889570552147,0.0613496932515337,0.0306748466257668,0.0061349693251533
3113,0.1208791208791208,0.1868131868131868,0.0439560439560439,0.0274725274725274,0.0274725274725274
3114,0.1082251082251082,0.1991341991341991,0.0259740259740259,0.0129870129870129,0.0086580086580086
3115,0.0895953757225433,0.1936416184971098,0.0462427745664739,0.0404624277456647,0.0375722543352601
3116,0.0693641618497109,0.1676300578034682,0.1040462427745664,0.0346820809248554,0.0
3117,0.0972222222222222,0.1851851851851851,0.0231481481481481,0.0416666666666666,0.0092592592592592
3118,0.1063122923588039,0.2192691029900332,0.0431893687707641,0.0265780730897009,0.0265780730897009
3119,0.0742857142857142,0.2057142857142857,0.0171428571428571,0.04,0.0342857142857142
3120,0.1118012422360248,0.15527950310559,0.0496894409937888,0.031055900621118,0.031055900621118
3121,0.0992907801418439,0.2553191489361702,0.0070921985815602,0.0141843971631205,0.0141843971631205
3122,0.1059907834101382,0.1981566820276497,0.0414746543778801,0.0230414746543778,0.0138248847926267
3123,0.0666666666666666,0.1857142857142857,0.0214285714285714,0.0142857142857142,0.0119047619047619
3124,0.1318681318681318,0.2142857142857142,0.0384615384615384,0.0494505494505494,0.0274725274725274
3125,0.058252427184466,0.1990291262135922,0.0339805825242718,0.0,0.0048543689320388
3126,0.1269841269841269,0.1693121693121693,0.037037037037037,0.0158730158730158,0.0317460317460317
3127,0.108235294117647,0.1835294117647058,0.04,0.0376470588235294,0.0329411764705882
3128,0.1153846153846153,0.173076923076923,0.0192307692307692,0.0576923076923076,0.0384615384615384
3129,0.097457627118644,0.2203389830508474,0.0169491525423728,0.0211864406779661,0.0211864406779661
3130,0.0897832817337461,0.1578947368421052,0.0402476780185758,0.0247678018575851,0.0247678018575851
3131,0.1414634146341463,0.1853658536585365,0.0097560975609756,0.0292682926829268,0.024390243902439
3132,0.1111111111111111,0.1481481481481481,0.0555555555555555,0.074074074074074,0.0555555555555555
3133,0.0745341614906832,0.1925465838509316,0.0248447204968944,0.0186335403726708,0.0062111801242236
3134,0.1228070175438596,0.1578947368421052,0.0350877192982456,0.0175438596491228,0.0350877192982456
3135,0.0745473908413205,0.2060702875399361,0.0473908413205537,0.0303514376996805,0.0292864749733759
3136,0.113564668769716,0.1766561514195583,0.0347003154574132,0.0473186119873817,0.0410094637223974
3137,0.0709677419354838,0.2064516129032258,0.0387096774193548,0.0193548387096774,0.0129032258064516
3138,0.1379310344827586,0.1982758620689655,0.0344827586206896,0.0603448275862069,0.0086206896551724
3139,0.0963855421686747,0.2329317269076305,0.0281124497991967,0.0200803212851405,0.0281124497991967
3140,0.1204819277108433,0.2409638554216867,0.036144578313253,0.0240963855421686,0.0
3141,0.0535714285714285,0.125,0.0535714285714285,0.0446428571428571,0.0267857142857142
3142,0.0986842105263157,0.1842105263157894,0.0263157894736842,0.0394736842105263,0.0394736842105263
3143,0.093167701863354,0.2049689440993788,0.1055900621118012,0.0186335403726708,0.0062111801242236
3144,0.101063829787234,0.2074468085106383,0.026595744680851,0.0159574468085106,0.0159574468085106
3145,0.0759493670886076,0.1772151898734177,0.0189873417721519,0.0063291139240506,0.0126582278481012
3146,0.1284722222222222,0.15625,0.0277777777777777,0.0694444444444444,0.0347222222222222
3147,0.0909090909090909,0.109090909090909,0.0181818181818181,0.0272727272727272,0.0363636363636363
3148,0.1359223300970873,0.1699029126213592,0.029126213592233,0.0388349514563106,0.0388349514563106
3149,0.0831234256926952,0.1486146095717884,0.017632241813602,0.0201511335012594,0.0226700251889168
3150,0.1075268817204301,0.2204301075268817,0.0268817204301075,0.0376344086021505,0.021505376344086
3151,0.1013513513513513,0.1756756756756756,0.0337837837837837,0.0405405405405405,0.0
3152,0.1049723756906077,0.143646408839779,0.0276243093922651,0.0939226519337016,0.0276243093922651
3153,0.1079136690647482,0.1726618705035971,0.0431654676258992,0.0359712230215827,0.0287769784172661
3154,0.1191709844559585,0.160621761658031,0.0259067357512953,0.0259067357512953,0.0310880829015544
3155,0.095505617977528,0.2078651685393258,0.0393258426966292,0.0112359550561797,0.0112359550561797
3156,0.1158940397350993,0.1754966887417218,0.0132450331125827,0.0364238410596026,0.043046357615894
3157,0.1129032258064516,0.1733870967741935,0.0282258064516129,0.0241935483870967,0.0161290322580645
3158,0.0939597315436241,0.1610738255033557,0.0067114093959731,0.0134228187919463,0.0201342281879194
3159,0.0980392156862745,0.2058823529411764,0.034313725490196,0.0490196078431372,0.0147058823529411
3160,0.0897009966777408,0.1661129568106312,0.0299003322259136,0.0232558139534883,0.0265780730897009
3161,0.0761904761904762,0.238095238095238,0.0571428571428571,0.0285714285714285,0.0095238095238095
3162,0.087719298245614,0.175438596491228,0.0701754385964912,0.0,0.0
3163,0.1037735849056603,0.2169811320754717,0.0235849056603773,0.0330188679245283,0.0188679245283018
3164,0.1058823529411764,0.188235294117647,0.0294117647058823,0.0411764705882352,0.0411764705882352
3165,0.0864197530864197,0.1604938271604938,0.037037037037037,0.037037037037037,0.0123456790123456
3166,0.1186440677966101,0.1977401129943503,0.0169491525423728,0.0677966101694915,0.03954802259887
3167,0.1095238095238095,0.1714285714285714,0.0142857142857142,0.0333333333333333,0.0238095238095238
3168,0.1156462585034013,0.1632653061224489,0.0340136054421768,0.0136054421768707,0.0068027210884353
3169,0.088235294117647,0.2235294117647059,0.0294117647058823,0.0352941176470588,0.0176470588235294
3170,0.1086419753086419,0.2074074074074074,0.0419753086419753,0.0246913580246913,0.0296296296296296
3171,0.1071428571428571,0.2083333333333333,0.0119047619047619,0.0386904761904761,0.0386904761904761
3172,0.1106382978723404,0.1957446808510638,0.0297872340425531,0.0425531914893617,0.0170212765957446
3173,0.0436681222707423,0.2183406113537118,0.0480349344978165,0.0174672489082969,0.0087336244541484
3174,0.1666666666666666,0.1234567901234567,0.0432098765432098,0.0246913580246913,0.0617283950617283
3175,0.1138613861386138,0.198019801980198,0.0445544554455445,0.0198019801980198,0.0099009900990099
3176,0.0977443609022556,0.1842105263157894,0.018796992481203,0.018796992481203,0.0263157894736842
3177,0.1088435374149659,0.1836734693877551,0.0340136054421768,0.0476190476190476,0.0068027210884353
3178,0.1282051282051282,0.2102564102564102,0.0666666666666666,0.0256410256410256,0.0205128205128205
3179,0.1196581196581196,0.1709401709401709,0.0427350427350427,0.0256410256410256,0.017094017094017
3180,0.1092436974789916,0.1932773109243697,0.0252100840336134,0.0336134453781512,0.0168067226890756
3181,0.0903614457831325,0.180722891566265,0.0421686746987951,0.0481927710843373,0.0180722891566265
3182,0.1072961373390558,0.1802575107296137,0.0343347639484978,0.0257510729613733,0.0128755364806866
3183,0.1224489795918367,0.1428571428571428,0.0,0.0408163265306122,0.0612244897959183
3184,0.0557491289198606,0.1881533101045296,0.048780487804878,0.0209059233449477,0.0174216027874564
3185,0.053231939163498,0.1711026615969581,0.0304182509505703,0.0190114068441064,0.0114068441064638
3186,0.1111111111111111,0.2314814814814814,0.0462962962962962,0.037037037037037,0.0185185185185185
3187,0.0848214285714285,0.1964285714285714,0.0401785714285714,0.0267857142857142,0.0178571428571428
3188,0.0833333333333333,0.1736111111111111,0.0277777777777777,0.0208333333333333,0.0
3189,0.0875912408759124,0.1605839416058394,0.0218978102189781,0.0437956204379562,0.0656934306569343
3190,0.0964467005076142,0.2081218274111675,0.0355329949238578,0.0355329949238578,0.0253807106598984
3191,0.1208791208791208,0.1758241758241758,0.0622710622710622,0.0476190476190476,0.0256410256410256
3192,0.0886524822695035,0.2198581560283688,0.0248226950354609,0.0354609929078014,0.0070921985815602
3193,0.1574803149606299,0.1259842519685039,0.0236220472440944,0.0393700787401574,0.0393700787401574
3194,0.0647482014388489,0.1894484412470023,0.052757793764988,0.0119904076738609,0.0287769784172661
3195,0.085,0.2,0.05,0.03,0.005
3196,0.1319261213720316,0.1635883905013192,0.0422163588390501,0.0633245382585752,0.0765171503957783
3197,0.1244444444444444,0.1866666666666666,0.0311111111111111,0.0311111111111111,0.0311111111111111
3198,0.0886075949367088,0.1455696202531645,0.0632911392405063,0.0379746835443038,0.050632911392405
3199,0.0900621118012422,0.201863354037267,0.0496894409937888,0.0341614906832298,0.0186335403726708
3200,0.1188811188811188,0.1678321678321678,0.0209790209790209,0.0489510489510489,0.0279720279720279
3201,0.1161616161616161,0.1262626262626262,0.0202020202020202,0.0404040404040404,0.0404040404040404
3202,0.1560283687943262,0.2411347517730496,0.0425531914893617,0.0283687943262411,0.0141843971631205
3203,0.1285140562248996,0.2088353413654618,0.0281124497991967,0.036144578313253,0.0401606425702811
3204,0.1410658307210031,0.1253918495297805,0.0376175548589341,0.0846394984326018,0.0501567398119122
3205,0.1278538812785388,0.1689497716894977,0.0319634703196347,0.0684931506849315,0.0319634703196347
3206,0.1902439024390244,0.1512195121951219,0.024390243902439,0.048780487804878,0.0390243902439024
3207,0.1785714285714285,0.119047619047619,0.0,0.0714285714285714,0.1071428571428571
3208,0.1079136690647482,0.1834532374100719,0.0539568345323741,0.0359712230215827,0.0287769784172661
3209,0.0916666666666666,0.1375,0.0375,0.0458333333333333,0.05
3210,0.1428571428571428,0.1804511278195488,0.0451127819548872,0.0601503759398496,0.0225563909774436
3211,0.1127450980392156,0.1666666666666666,0.0392156862745098,0.088235294117647,0.0588235294117647
3212,0.1156069364161849,0.1849710982658959,0.0404624277456647,0.0635838150289017,0.0231213872832369
3213,0.1157024793388429,0.2479338842975206,0.0413223140495867,0.0165289256198347,0.0165289256198347
3214,0.1069767441860465,0.2046511627906976,0.0465116279069767,0.027906976744186,0.0093023255813953
3215,0.1226415094339622,0.2169811320754717,0.0094339622641509,0.0566037735849056,0.0283018867924528
3216,0.0823170731707317,0.1829268292682926,0.0548780487804878,0.0426829268292682,0.024390243902439
3217,0.1538461538461538,0.2,0.0384615384615384,0.023076923076923,0.0076923076923076
3218,0.0930232558139534,0.1581395348837209,0.0325581395348837,0.0325581395348837,0.0232558139534883
3219,0.1123595505617977,0.1910112359550561,0.0337078651685393,0.0449438202247191,0.0337078651685393
3220,0.0919540229885057,0.1839080459770115,0.0459770114942528,0.0517241379310344,0.0229885057471264
3221,0.1325842696629213,0.2,0.0449438202247191,0.0359550561797752,0.0359550561797752
3222,0.1194968553459119,0.2012578616352201,0.0377358490566037,0.0314465408805031,0.0062893081761006
3223,0.1162790697674418,0.2034883720930232,0.063953488372093,0.0174418604651162,0.0406976744186046
3224,0.0862068965517241,0.1896551724137931,0.028735632183908,0.0172413793103448,0.028735632183908
3225,0.1078947368421052,0.2131578947368421,0.0368421052631578,0.0421052631578947,0.0289473684210526
3226,0.0781893004115226,0.1646090534979424,0.0329218106995884,0.0246913580246913,0.0246913580246913
3227,0.0915032679738562,0.1568627450980392,0.0163398692810457,0.0294117647058823,0.0359477124183006
3228,0.2142857142857142,0.2142857142857142,0.0714285714285714,0.0,0.0
3229,0.0923076923076923,0.2,0.0269230769230769,0.0153846153846153,0.023076923076923
3230,0.0931899641577061,0.1899641577060931,0.021505376344086,0.032258064516129,0.043010752688172
3231,0.1212121212121212,0.202020202020202,0.0404040404040404,0.037037037037037,0.0134680134680134
3232,0.0822784810126582,0.170886075949367,0.0316455696202531,0.0316455696202531,0.0189873417721519
3233,0.1243523316062176,0.1917098445595854,0.0414507772020725,0.0259067357512953,0.0414507772020725
3234,0.1718309859154929,0.1436619718309859,0.0169014084507042,0.0450704225352112,0.0647887323943662
3235,0.0789473684210526,0.1622807017543859,0.0263157894736842,0.0175438596491228,0.0175438596491228
3236,0.1155555555555555,0.1377777777777777,0.0444444444444444,0.0222222222222222,0.0711111111111111
3237,0.0769230769230769,0.0769230769230769,0.0,0.0384615384615384,0.1153846153846153
3238,0.1259842519685039,0.2125984251968504,0.0551181102362204,0.0157480314960629,0.0393700787401574
3239,0.1119402985074626,0.2014925373134328,0.0223880597014925,0.0149253731343283,0.0522388059701492
3240,0.0986842105263157,0.1578947368421052,0.0263157894736842,0.0098684210526315,0.0460526315789473
3241,0.1379310344827586,0.160919540229885,0.0114942528735632,0.0804597701149425,0.0344827586206896
3242,0.074074074074074,0.2037037037037037,0.037037037037037,0.0185185185185185,0.0
3243,0.0618556701030927,0.1958762886597938,0.0103092783505154,0.0515463917525773,0.0
3244,0.0885245901639344,0.1672131147540983,0.0229508196721311,0.0131147540983606,0.0098360655737704
3245,0.1214285714285714,0.2142857142857142,0.0357142857142857,0.0357142857142857,0.0285714285714285
3246,0.1203007518796992,0.1954887218045112,0.0075187969924812,0.0601503759398496,0.0300751879699248
3247,0.0794392523364486,0.2336448598130841,0.014018691588785,0.014018691588785,0.0046728971962616
3248,0.127906976744186,0.1627906976744186,0.0232558139534883,0.0465116279069767,0.0232558139534883
3249,0.0934065934065934,0.2087912087912088,0.0329670329670329,0.0219780219780219,0.0164835164835164
3250,0.1129943502824858,0.1977401129943503,0.0225988700564971,0.0451977401129943,0.03954802259887
3251,0.0704225352112676,0.1774647887323943,0.0197183098591549,0.0225352112676056,0.0140845070422535
3252,0.0676691729323308,0.1842105263157894,0.0225563909774436,0.0150375939849624,0.0150375939849624
3253,0.0673854447439353,0.1563342318059299,0.0323450134770889,0.0323450134770889,0.0296495956873315
3254,0.0862944162436548,0.1776649746192893,0.0355329949238578,0.0456852791878172,0.0304568527918781
3255,0.1280487804878048,0.1890243902439024,0.0182926829268292,0.0365853658536585,0.0426829268292682
3256,0.1142857142857142,0.210989010989011,0.0659340659340659,0.0571428571428571,0.0329670329670329
3257,0.1058020477815699,0.2252559726962457,0.0511945392491467,0.0238907849829351,0.0238907849829351
3258,0.0932642487046632,0.2176165803108808,0.0518134715025906,0.0466321243523316,0.0207253886010362
3259,0.0821917808219178,0.2146118721461187,0.0593607305936073,0.0273972602739726,0.0228310502283105
3260,0.1346801346801346,0.1885521885521885,0.0538720538720538,0.0404040404040404,0.0404040404040404
3261,0.0459770114942528,0.1954022988505747,0.0402298850574712,0.0,0.0172413793103448
3262,0.1428571428571428,0.1964285714285714,0.0535714285714285,0.0357142857142857,0.0178571428571428
3263,0.0941176470588235,0.1529411764705882,0.0352941176470588,0.0352941176470588,0.0235294117647058
3264,0.1395348837209302,0.1366279069767441,0.0523255813953488,0.0697674418604651,0.0319767441860465
3265,0.1089108910891089,0.1633663366336633,0.0297029702970297,0.0247524752475247,0.0148514851485148
3266,0.0757180156657963,0.1879895561357702,0.0496083550913838,0.0391644908616188,0.031331592689295
3267,0.0897435897435897,0.2019230769230769,0.0288461538461538,0.0256410256410256,0.0256410256410256
3268,0.1156462585034013,0.1904761904761904,0.0578231292517006,0.0136054421768707,0.0442176870748299
3269,0.0946745562130177,0.2011834319526627,0.0059171597633136,0.0414201183431952,0.029585798816568
3270,0.1320754716981132,0.1509433962264151,0.0566037735849056,0.0943396226415094,0.0566037735849056
3271,0.0988142292490118,0.1778656126482213,0.0592885375494071,0.0276679841897233,0.0592885375494071
3272,0.0775193798449612,0.2170542635658914,0.0348837209302325,0.003875968992248,0.0193798449612403
3273,0.1076233183856502,0.1255605381165919,0.0224215246636771,0.0134529147982062,0.0403587443946188
3274,0.1528662420382165,0.2165605095541401,0.019108280254777,0.0382165605095541,0.0127388535031847
3275,0.0995260663507109,0.1990521327014218,0.0142180094786729,0.0616113744075829,0.0094786729857819
3276,0.0909090909090909,0.2045454545454545,0.0181818181818181,0.0318181818181818,0.0227272727272727
3277,0.1323529411764706,0.1862745098039215,0.0686274509803921,0.034313725490196,0.0196078431372549
3278,0.1402714932126696,0.1583710407239819,0.0316742081447963,0.0271493212669683,0.004524886877828
3279,0.0666666666666666,0.2333333333333333,0.0333333333333333,0.0,0.05
3280,0.0704225352112676,0.1584507042253521,0.0492957746478873,0.0176056338028169,0.0211267605633802
3281,0.1509433962264151,0.1933962264150943,0.0283018867924528,0.0566037735849056,0.0754716981132075
3282,0.0844155844155844,0.198051948051948,0.0324675324675324,0.0389610389610389,0.0259740259740259
3283,0.1052631578947368,0.1871345029239766,0.0584795321637426,0.0175438596491228,0.0292397660818713
3284,0.1149068322981366,0.1614906832298136,0.0559006211180124,0.0652173913043478,0.0341614906832298
3285,0.0754716981132075,0.2075471698113207,0.0754716981132075,0.0094339622641509,0.0
3286,0.1464968152866242,0.1942675159235669,0.0318471337579617,0.0414012738853503,0.0286624203821656
3287,0.0952380952380952,0.219047619047619,0.0380952380952381,0.0142857142857142,0.0095238095238095
3288,0.0761904761904762,0.1904761904761904,0.0317460317460317,0.0476190476190476,0.019047619047619
3289,0.072463768115942,0.1884057971014492,0.036231884057971,0.0253623188405797,0.0144927536231884
3290,0.0944326990838618,0.1599718111346018,0.0380549682875264,0.058491895701198,0.058491895701198
3291,0.1557377049180328,0.1967213114754098,0.040983606557377,0.0245901639344262,0.040983606557377
3292,0.1243523316062176,0.155440414507772,0.0259067357512953,0.0362694300518134,0.0362694300518134
3293,0.0976253298153034,0.2242744063324538,0.0369393139841688,0.0237467018469656,0.021108179419525
3294,0.1092715231788079,0.162251655629139,0.0198675496688741,0.0264900662251655,0.0463576158940397
3295,0.1221238938053097,0.1522123893805309,0.0300884955752212,0.047787610619469,0.0814159292035398
3296,0.1410579345088161,0.1284634760705289,0.035264483627204,0.0554156171284634,0.0856423173803526
3297,0.1176470588235294,0.1764705882352941,0.0392156862745098,0.0196078431372549,0.0
3298,0.0840336134453781,0.180672268907563,0.0168067226890756,0.0126050420168067,0.0126050420168067
3299,0.10062893081761,0.1823899371069182,0.0691823899371069,0.0691823899371069,0.0440251572327044
3300,0.1052631578947368,0.1578947368421052,0.1052631578947368,0.0,0.0
3301,0.1111111111111111,0.2048611111111111,0.0243055555555555,0.0208333333333333,0.0347222222222222
3302,0.0961182994454713,0.177449168207024,0.0351201478743068,0.0369685767097966,0.0295748613678373
3303,0.1129032258064516,0.1935483870967742,0.0483870967741935,0.032258064516129,0.0483870967741935
3304,0.1098901098901098,0.1648351648351648,0.0,0.0549450549450549,0.0329670329670329
3305,0.1390134529147982,0.1704035874439461,0.0762331838565022,0.0538116591928251,0.0493273542600896
3306,0.0958904109589041,0.1917808219178082,0.0342465753424657,0.0308219178082191,0.023972602739726
3307,0.0879629629629629,0.2361111111111111,0.0277777777777777,0.037037037037037,0.0416666666666666
3308,0.0890688259109311,0.1983805668016194,0.0364372469635627,0.0121457489878542,0.0161943319838056
3309,0.1008771929824561,0.2456140350877192,0.0526315789473684,0.0526315789473684,0.0131578947368421
3310,0.0416666666666666,0.25,0.0833333333333333,0.0,0.0
3311,0.123076923076923,0.1736263736263736,0.0571428571428571,0.0241758241758241,0.0351648351648351
3312,0.0677419354838709,0.1483870967741935,0.0290322580645161,0.0161290322580645,0.0129032258064516
3313,0.0792452830188679,0.2339622641509434,0.0377358490566037,0.030188679245283,0.0113207547169811
3314,0.0846153846153846,0.2153846153846154,0.0384615384615384,0.0307692307692307,0.0307692307692307
3315,0.1049723756906077,0.149171270718232,0.0220994475138121,0.0165745856353591,0.0497237569060773
3316,0.0802919708029197,0.1824817518248175,0.0291970802919708,0.0145985401459854,0.0072992700729927
3317,0.079136690647482,0.1726618705035971,0.0503597122302158,0.0251798561151079,0.0179856115107913
3318,0.1027397260273972,0.2191780821917808,0.0342465753424657,0.0205479452054794,0.0
3319,0.0833333333333333,0.2243589743589743,0.0705128205128205,0.0192307692307692,0.032051282051282
3320,0.0917030567685589,0.1375545851528384,0.056768558951965,0.0436681222707423,0.0589519650655021
3321,0.0813397129186602,0.200956937799043,0.0574162679425837,0.0334928229665071,0.0239234449760765
3322,0.0875,0.15,0.0375,0.025,0.0
3323,0.1007462686567164,0.2014925373134328,0.0485074626865671,0.0410447761194029,0.0373134328358208
3324,0.1046511627906976,0.1686046511627907,0.0465116279069767,0.0581395348837209,0.0232558139534883
3325,0.0903954802259887,0.2033898305084746,0.0282485875706214,0.0282485875706214,0.0451977401129943
3326,0.072463768115942,0.1666666666666666,0.0652173913043478,0.0289855072463768,0.0217391304347826
3327,0.1107266435986159,0.1903114186851211,0.0346020761245674,0.0346020761245674,0.0207612456747404
3328,0.0707964601769911,0.168141592920354,0.0442477876106194,0.0442477876106194,0.0265486725663716
3329,0.1144067796610169,0.1949152542372881,0.0338983050847457,0.0635593220338983,0.0338983050847457
3330,0.1155234657039711,0.1805054151624548,0.0541516245487364,0.0252707581227436,0.0144404332129963
3331,0.1054545454545454,0.1927272727272727,0.029090909090909,0.029090909090909,0.0145454545454545
3332,0.066420664206642,0.1955719557195571,0.025830258302583,0.022140221402214,0.007380073800738
3333,0.0648148148148148,0.1435185185185185,0.0462962962962962,0.0416666666666666,0.0416666666666666
3334,0.0833333333333333,0.1491228070175438,0.0175438596491228,0.0350877192982456,0.0307017543859649
3335,0.0727848101265822,0.1518987341772152,0.0443037974683544,0.0189873417721519,0.0189873417721519
3336,0.0886075949367088,0.1518987341772152,0.0,0.0126582278481012,0.050632911392405
3337,0.0943396226415094,0.1940700808625337,0.0242587601078167,0.013477088948787,0.0107816711590296
3338,0.0920770877944325,0.2334047109207709,0.0642398286937901,0.0149892933618843,0.0171306209850107
3339,0.1037037037037037,0.2074074074074074,0.0518518518518518,0.0518518518518518,0.0222222222222222
3340,0.0611353711790393,0.1790393013100436,0.0349344978165938,0.0087336244541484,0.0
3341,0.1183431952662721,0.1952662721893491,0.0177514792899408,0.0473372781065088,0.0355029585798816
3342,0.127208480565371,0.1448763250883392,0.0176678445229682,0.0565371024734982,0.0212014134275618
3343,0.1016260162601626,0.2032520325203252,0.032520325203252,0.024390243902439,0.008130081300813
3344,0.0769230769230769,0.1666666666666666,0.0213675213675213,0.0299145299145299,0.0042735042735042
3345,0.0751445086705202,0.1676300578034682,0.0173410404624277,0.0057803468208092,0.0173410404624277
3346,0.0833333333333333,0.1712962962962963,0.0231481481481481,0.0208333333333333,0.011574074074074
3347,0.1394658753709199,0.1899109792284866,0.0207715133531157,0.0474777448071216,0.029673590504451
3348,0.0788177339901477,0.1748768472906404,0.0394088669950738,0.0320197044334975,0.0246305418719211
3349,0.078125,0.21875,0.046875,0.046875,0.0625
3350,0.0871369294605809,0.1867219917012448,0.0663900414937759,0.0580912863070539,0.0041493775933609
3351,0.0780346820809248,0.2052023121387283,0.0289017341040462,0.0346820809248554,0.0144508670520231
3352,0.0698924731182795,0.2204301075268817,0.0241935483870967,0.0295698924731182,0.0080645161290322
3353,0.110655737704918,0.1885245901639344,0.0245901639344262,0.0245901639344262,0.0286885245901639
3354,0.1153846153846153,0.1666666666666666,0.0512820512820512,0.0384615384615384,0.0
3355,0.130281690140845,0.1373239436619718,0.056338028169014,0.0352112676056338,0.0598591549295774
3356,0.1124260355029585,0.2287968441814595,0.029585798816568,0.0532544378698224,0.0512820512820512
3357,0.198019801980198,0.1584158415841584,0.0198019801980198,0.0297029702970297,0.0594059405940594
3358,0.1336448598130841,0.1747663551401869,0.0411214953271028,0.0495327102803738,0.0439252336448598
3359,0.0982142857142857,0.21875,0.0625,0.0267857142857142,0.0223214285714285
3360,0.1020408163265306,0.1360544217687075,0.0340136054421768,0.0476190476190476,0.0340136054421768
3361,0.1,0.1714285714285714,0.0380952380952381,0.0285714285714285,0.0285714285714285
3362,0.108,0.14,0.044,0.048,0.024
3363,0.1073825503355704,0.174496644295302,0.0201342281879194,0.0402684563758389,0.0268456375838926
3364,0.1710526315789473,0.1973684210526315,0.0263157894736842,0.0789473684210526,0.0657894736842105
3365,0.1111111111111111,0.1944444444444444,0.0185185185185185,0.037037037037037,0.0185185185185185
3366,0.0675675675675675,0.1756756756756756,0.0878378378378378,0.0405405405405405,0.0405405405405405
3367,0.1004784688995215,0.1483253588516746,0.0215311004784689,0.0263157894736842,0.0263157894736842
3368,0.1145833333333333,0.203125,0.0416666666666666,0.0520833333333333,0.0104166666666666
3369,0.1120689655172413,0.2528735632183908,0.0402298850574712,0.0316091954022988,0.0229885057471264
3370,0.0923076923076923,0.173076923076923,0.0423076923076923,0.0307692307692307,0.0269230769230769
3371,0.0845921450151057,0.1873111782477341,0.0604229607250755,0.0181268882175226,0.0181268882175226
3372,0.1698113207547169,0.0943396226415094,0.0188679245283018,0.0566037735849056,0.0943396226415094
3373,0.0987654320987654,0.1604938271604938,0.074074074074074,0.0123456790123456,0.0987654320987654
3374,0.0974729241877256,0.1913357400722021,0.0288808664259927,0.0324909747292418,0.0252707581227436
3375,0.0903225806451612,0.2258064516129032,0.032258064516129,0.0193548387096774,0.0129032258064516
3376,0.1201923076923077,0.2019230769230769,0.0432692307692307,0.0288461538461538,0.0504807692307692
3377,0.0916030534351145,0.1908396946564885,0.0381679389312977,0.0267175572519083,0.0381679389312977
3378,0.1302083333333333,0.1875,0.0572916666666666,0.046875,0.0104166666666666
3379,0.106060606060606,0.2272727272727272,0.0454545454545454,0.0,0.0151515151515151
3380,0.0439560439560439,0.1465201465201465,0.0476190476190476,0.0146520146520146,0.0073260073260073
3381,0.0716510903426791,0.205607476635514,0.0186915887850467,0.0124610591900311,0.02803738317757
3382,0.1162790697674418,0.1627906976744186,0.0465116279069767,0.0,0.0930232558139534
3383,0.1262135922330097,0.116504854368932,0.0485436893203883,0.0679611650485436,0.116504854368932
3384,0.0476190476190476,0.1904761904761904,0.0571428571428571,0.0380952380952381,0.019047619047619
3385,0.0753012048192771,0.2138554216867469,0.0662650602409638,0.0271084337349397,0.003012048192771
3386,0.0714285714285714,0.1428571428571428,0.0,0.0,0.0
3387,0.1127450980392156,0.2058823529411764,0.0588235294117647,0.0294117647058823,0.034313725490196
3388,0.0787671232876712,0.1746575342465753,0.0171232876712328,0.0171232876712328,0.0102739726027397
3389,0.1148936170212766,0.1659574468085106,0.0468085106382978,0.0170212765957446,0.025531914893617
3390,0.0944881889763779,0.1968503937007874,0.0393700787401574,0.0236220472440944,0.0
3391,0.0831443688586545,0.164777021919879,0.0400604686318972,0.0302343159486016,0.0249433106575963
3392,0.106060606060606,0.1515151515151515,0.0606060606060606,0.0151515151515151,0.0454545454545454
3393,0.0925925925925925,0.174074074074074,0.0481481481481481,0.0407407407407407,0.0333333333333333
3394,0.1318681318681318,0.2417582417582417,0.0439560439560439,0.0329670329670329,0.0
3395,0.1050420168067226,0.1596638655462184,0.0210084033613445,0.0378151260504201,0.0210084033613445
3396,0.0820895522388059,0.1940298507462686,0.044776119402985,0.0298507462686567,0.0074626865671641
3397,0.107871720116618,0.1778425655976676,0.0670553935860058,0.0291545189504373,0.0174927113702623
3398,0.0830039525691699,0.1778656126482213,0.0316205533596837,0.0158102766798418,0.0118577075098814
3399,0.0830039525691699,0.233201581027668,0.0790513833992094,0.0513833992094861,0.0355731225296442
3400,0.0847457627118644,0.2203389830508474,0.0564971751412429,0.0282485875706214,0.0225988700564971
3401,0.0727969348659003,0.1685823754789272,0.0191570881226053,0.0191570881226053,0.0114942528735632
3402,0.0904761904761904,0.219047619047619,0.0142857142857142,0.0238095238095238,0.0285714285714285
3403,0.0606060606060606,0.2121212121212121,0.0303030303030303,0.0101010101010101,0.0202020202020202
3404,0.0911680911680911,0.150997150997151,0.0142450142450142,0.0284900284900284,0.0398860398860398
3405,0.1092896174863388,0.1912568306010929,0.0327868852459016,0.0437158469945355,0.0218579234972677
3406,0.0857142857142857,0.2071428571428571,0.0285714285714285,0.0285714285714285,0.0071428571428571
3407,0.1145833333333333,0.1493055555555555,0.0173611111111111,0.0416666666666666,0.0243055555555555
3408,0.1341463414634146,0.1097560975609756,0.024390243902439,0.0121951219512195,0.0609756097560975
3409,0.110091743119266,0.1651376146788991,0.036697247706422,0.018348623853211,0.055045871559633
3410,0.1036789297658862,0.2006688963210702,0.0568561872909698,0.0501672240802675,0.0066889632107023
3411,0.1078066914498141,0.1821561338289963,0.0743494423791821,0.0297397769516728,0.0185873605947955
3412,0.1388888888888889,0.1388888888888889,0.0,0.0,0.0833333333333333
3413,0.1012658227848101,0.1392405063291139,0.0316455696202531,0.0632911392405063,0.050632911392405
3414,0.1174577634754625,0.1922767497988737,0.0450522928399034,0.0675784392598551,0.0530973451327433
3415,0.0857142857142857,0.1714285714285714,0.0342857142857142,0.0228571428571428,0.0057142857142857
3416,0.1189024390243902,0.1432926829268292,0.0274390243902439,0.0426829268292682,0.048780487804878
3417,0.074792243767313,0.1745152354570637,0.0277008310249307,0.0304709141274238,0.0110803324099723
3418,0.1195219123505976,0.1912350597609561,0.0557768924302788,0.0398406374501992,0.0358565737051792
3419,0.1362007168458781,0.1577060931899641,0.039426523297491,0.039426523297491,0.053763440860215
3420,0.1299435028248587,0.1977401129943503,0.03954802259887,0.0169491525423728,0.0282485875706214
3421,0.0543478260869565,0.1630434782608695,0.0217391304347826,0.0217391304347826,0.0217391304347826
3422,0.1114369501466275,0.0997067448680351,0.0087976539589442,0.0263929618768328,0.0791788856304985
3423,0.1031746031746031,0.1825396825396825,0.0476190476190476,0.0317460317460317,0.0079365079365079
3424,0.0969696969696969,0.2242424242424242,0.0484848484848484,0.0212121212121212,0.0272727272727272
3425,0.0833333333333333,0.1884057971014492,0.0289855072463768,0.0181159420289855,0.0036231884057971
3426,0.1065573770491803,0.1639344262295081,0.040983606557377,0.0655737704918032,0.040983606557377
3427,0.164009111617312,0.1776765375854214,0.0136674259681093,0.0227790432801822,0.0523917995444191
3428,0.1059602649006622,0.152317880794702,0.0198675496688741,0.0331125827814569,0.0264900662251655
3429,0.0977443609022556,0.1904761904761904,0.0776942355889724,0.0526315789473684,0.037593984962406
3430,0.1055555555555555,0.2111111111111111,0.0333333333333333,0.0333333333333333,0.0444444444444444
3431,0.1148459383753501,0.1830065359477124,0.042016806722689,0.0606909430438842,0.0373482726423902
3432,0.0833333333333333,0.1805555555555555,0.0694444444444444,0.0416666666666666,0.0416666666666666
3433,0.0526315789473684,0.0789473684210526,0.0263157894736842,0.0526315789473684,0.0
3434,0.1066666666666666,0.1466666666666666,0.024,0.048,0.0453333333333333
3435,0.0714285714285714,0.238095238095238,0.0476190476190476,0.0238095238095238,0.0
3436,0.1050228310502283,0.2511415525114155,0.0365296803652968,0.045662100456621,0.0273972602739726
3437,0.1283783783783783,0.2702702702702703,0.027027027027027,0.0067567567567567,0.027027027027027
3438,0.0886075949367088,0.1717902350813743,0.0542495479204339,0.0524412296564195,0.0687160940325497
3439,0.073170731707317,0.2682926829268293,0.0,0.0,0.073170731707317
3440,0.0916030534351145,0.1603053435114503,0.0419847328244274,0.0229007633587786,0.0038167938931297
3441,0.0618181818181818,0.1818181818181818,0.0363636363636363,0.0363636363636363,0.0145454545454545
3442,0.0906666666666666,0.1706666666666666,0.016,0.0106666666666666,0.024
3443,0.1578947368421052,0.1578947368421052,0.0526315789473684,0.0,0.0526315789473684
3444,0.1176470588235294,0.1302521008403361,0.0210084033613445,0.0378151260504201,0.0378151260504201
3445,0.0978260869565217,0.1304347826086956,0.0434782608695652,0.0516304347826086,0.0652173913043478
3446,0.1466666666666666,0.1644444444444444,0.0488888888888888,0.0177777777777777,0.0444444444444444
3447,0.1515151515151515,0.1515151515151515,0.0519480519480519,0.0389610389610389,0.0432900432900432
3448,0.1228070175438596,0.2105263157894736,0.0263157894736842,0.0263157894736842,0.043859649122807
3449,0.1351351351351351,0.1837837837837838,0.0162162162162162,0.0432432432432432,0.0324324324324324
3450,0.0945273631840796,0.2039800995024875,0.0646766169154228,0.0199004975124378,0.0049751243781094
3451,0.1008403361344537,0.1764705882352941,0.0336134453781512,0.042016806722689,0.0252100840336134
3452,0.104089219330855,0.2379182156133829,0.0185873605947955,0.0185873605947955,0.0334572490706319
3453,0.0789473684210526,0.1666666666666666,0.0701754385964912,0.0614035087719298,0.0087719298245614
3454,0.1,0.16,0.06,0.06,0.06
3455,0.0888888888888888,0.1944444444444444,0.0444444444444444,0.0388888888888888,0.0222222222222222
3456,0.1412429378531073,0.1581920903954802,0.03954802259887,0.0564971751412429,0.0225988700564971
3457,0.0828025477707006,0.1910828025477707,0.019108280254777,0.0254777070063694,0.019108280254777
3458,0.1141304347826086,0.1413043478260869,0.0163043478260869,0.0163043478260869,0.0271739130434782
3459,0.0925925925925925,0.2592592592592592,0.0185185185185185,0.037037037037037,0.0
3460,0.125,0.2159090909090909,0.0,0.0511363636363636,0.0284090909090909
3461,0.1068702290076335,0.1984732824427481,0.0305343511450381,0.0610687022900763,0.0534351145038167
3462,0.1304347826086956,0.2028985507246377,0.0869565217391304,0.0144927536231884,0.0144927536231884
3463,0.1240875912408759,0.145985401459854,0.0,0.0656934306569343,0.0364963503649635
3464,0.1052631578947368,0.1857585139318885,0.0495356037151702,0.0402476780185758,0.0278637770897832
3465,0.1161290322580645,0.1870967741935484,0.064516129032258,0.032258064516129,0.0129032258064516
3466,0.0842572062084257,0.1707317073170731,0.0310421286031042,0.0177383592017738,0.0110864745011086
3467,0.1174242424242424,0.2083333333333333,0.053030303030303,0.034090909090909,0.0113636363636363
3468,0.1042654028436018,0.2488151658767772,0.0521327014218009,0.0165876777251184,0.0094786729857819
3469,0.0963302752293578,0.2522935779816513,0.0321100917431192,0.0229357798165137,0.018348623853211
3470,0.0761421319796954,0.1751269035532995,0.0431472081218274,0.0304568527918781,0.0304568527918781
3471,0.0979729729729729,0.2094594594594594,0.0304054054054054,0.0202702702702702,0.0236486486486486
3472,0.0546875,0.2421875,0.0625,0.0390625,0.0
3473,0.060759493670886,0.1468354430379747,0.0430379746835443,0.0177215189873417,0.0151898734177215
3474,0.0700636942675159,0.1719745222929936,0.0573248407643312,0.019108280254777,0.0254777070063694
3475,0.0909090909090909,0.1978609625668449,0.0561497326203208,0.0187165775401069,0.0240641711229946
3476,0.1333333333333333,0.08,0.0133333333333333,0.0266666666666666,0.0266666666666666
3477,0.1081081081081081,0.1567567567567567,0.0486486486486486,0.027027027027027,0.0108108108108108
3478,0.1056105610561056,0.1617161716171617,0.0297029702970297,0.0264026402640264,0.0198019801980198
3479,0.0777777777777777,0.1888888888888888,0.0355555555555555,0.0177777777777777,0.0177777777777777
3480,0.0721649484536082,0.1855670103092783,0.0309278350515463,0.0103092783505154,0.0103092783505154
3481,0.0986842105263157,0.1776315789473684,0.0855263157894736,0.0263157894736842,0.0394736842105263
3482,0.0991501416430594,0.1926345609065155,0.036827195467422,0.036827195467422,0.0283286118980169
3483,0.1312056737588652,0.2127659574468085,0.0177304964539007,0.0212765957446808,0.0141843971631205
3484,0.0748299319727891,0.1496598639455782,0.0272108843537414,0.0272108843537414,0.0136054421768707
3485,0.1043165467625899,0.197841726618705,0.0647482014388489,0.0359712230215827,0.0107913669064748
3486,0.0899470899470899,0.1904761904761904,0.0264550264550264,0.0343915343915343,0.0291005291005291
3487,0.1333333333333333,0.1666666666666666,0.0444444444444444,0.0333333333333333,0.0222222222222222
3488,0.0942028985507246,0.1666666666666666,0.036231884057971,0.036231884057971,0.0217391304347826
3489,0.1160220994475138,0.1933701657458563,0.0220994475138121,0.0165745856353591,0.0220994475138121
3490,0.1129943502824858,0.1836158192090395,0.0536723163841807,0.0423728813559322,0.0508474576271186
3491,0.0898876404494382,0.2247191011235955,0.0112359550561797,0.0224719101123595,0.0224719101123595
3492,0.1095176010430247,0.1890482398956975,0.0586701434159061,0.0417209908735332,0.0378096479791395
3493,0.1105263157894736,0.2210526315789473,0.0105263157894736,0.0263157894736842,0.0578947368421052
3494,0.0906040268456375,0.2114093959731543,0.0604026845637583,0.0268456375838926,0.0167785234899328
3495,0.1111111111111111,0.2222222222222222,0.0,0.0,0.0555555555555555
3496,0.0744047619047619,0.1785714285714285,0.0357142857142857,0.0267857142857142,0.0178571428571428
3497,0.0967741935483871,0.1981566820276497,0.0414746543778801,0.0368663594470046,0.0184331797235023
3498,0.0830188679245283,0.1396226415094339,0.0415094339622641,0.0113207547169811,0.0264150943396226
3499,0.1182795698924731,0.1505376344086021,0.021505376344086,0.032258064516129,0.032258064516129
3500,0.1082089552238805,0.1763059701492537,0.0746268656716417,0.0354477611940298,0.0298507462686567
3501,0.1235955056179775,0.146067415730337,0.0393258426966292,0.0337078651685393,0.0393258426966292
3502,0.110204081632653,0.1795918367346938,0.0326530612244898,0.036734693877551,0.036734693877551
3503,0.1040723981900452,0.1900452488687782,0.0497737556561085,0.0135746606334841,0.0407239819004524
3504,0.1186440677966101,0.2259887005649717,0.1016949152542373,0.0225988700564971,0.0169491525423728
3505,0.1079545454545454,0.1363636363636363,0.0113636363636363,0.0284090909090909,0.034090909090909
3506,0.1123188405797101,0.1376811594202898,0.0579710144927536,0.0253623188405797,0.0253623188405797
3507,0.0921052631578947,0.1973684210526315,0.0394736842105263,0.0394736842105263,0.0197368421052631
3508,0.0699088145896656,0.21580547112462,0.0395136778115501,0.0091185410334346,0.0060790273556231
3509,0.108695652173913,0.1521739130434782,0.0217391304347826,0.0543478260869565,0.0543478260869565
3510,0.1213389121338912,0.1882845188284518,0.0125523012552301,0.0251046025104602,0.0711297071129707
3511,0.1395348837209302,0.2480620155038759,0.0155038759689922,0.0310077519379844,0.0387596899224806
3512,0.095,0.24,0.01,0.01,0.03
3513,0.1366459627329192,0.15527950310559,0.0559006211180124,0.0372670807453416,0.031055900621118
3514,0.1104294478527607,0.1717791411042944,0.0337423312883435,0.0214723926380368,0.0306748466257668
3515,0.1374321880650994,0.1500904159132007,0.0560578661844484,0.0542495479204339,0.0452079566003616
3516,0.1111111111111111,0.2222222222222222,0.0,0.0555555555555555,0.0
3517,0.1066666666666666,0.16,0.04,0.0133333333333333,0.04
3518,0.0476190476190476,0.1904761904761904,0.0952380952380952,0.0,0.0
3519,0.0789473684210526,0.1894736842105263,0.0368421052631578,0.0578947368421052,0.0105263157894736
3520,0.1173020527859237,0.2258064516129032,0.0234604105571847,0.0205278592375366,0.032258064516129
3521,0.05,0.3,0.05,0.05,0.0
3522,0.15625,0.203125,0.0625,0.015625,0.03125
3523,0.0886850152905198,0.209480122324159,0.0290519877675841,0.0305810397553516,0.0244648318042813
3524,0.1114982578397212,0.2334494773519163,0.0278745644599303,0.0069686411149825,0.0104529616724738
3525,0.0705882352941176,0.2352941176470588,0.0529411764705882,0.0176470588235294,0.0058823529411764
3526,0.0853080568720379,0.1990521327014218,0.0521327014218009,0.0047393364928909,0.0142180094786729
3527,0.1049723756906077,0.2320441988950276,0.0331491712707182,0.0276243093922651,0.0276243093922651
3528,0.0866372980910425,0.1659324522760646,0.0323054331864904,0.0484581497797356,0.0367107195301027
3529,0.1214470284237726,0.2015503875968992,0.0361757105943152,0.0335917312661498,0.020671834625323
3530,0.0883392226148409,0.2650176678445229,0.0494699646643109,0.0247349823321554,0.0282685512367491
3531,0.0710659898477157,0.1979695431472081,0.0279187817258883,0.015228426395939,0.0101522842639593
3532,0.178988326848249,0.1556420233463035,0.0233463035019455,0.0311284046692607,0.0311284046692607
3533,0.1236559139784946,0.1881720430107527,0.0268817204301075,0.021505376344086,0.021505376344086
3534,0.0980392156862745,0.196078431372549,0.0196078431372549,0.0490196078431372,0.0294117647058823
3535,0.0954198473282442,0.1603053435114503,0.0458015267175572,0.0419847328244274,0.0190839694656488
3536,0.1182266009852216,0.1773399014778325,0.0492610837438423,0.0394088669950738,0.0197044334975369
3537,0.0686274509803921,0.1568627450980392,0.088235294117647,0.0392156862745098,0.0294117647058823
3538,0.1368421052631579,0.1894736842105263,0.031578947368421,0.0210526315789473,0.0526315789473684
3539,0.15,0.1,0.05,0.0,0.0
3540,0.0906593406593406,0.2142857142857142,0.0494505494505494,0.0192307692307692,0.0274725274725274
3541,0.1036184210526315,0.1891447368421052,0.0460526315789473,0.0592105263157894,0.037828947368421
3542,0.109090909090909,0.2272727272727272,0.0227272727272727,0.0181818181818181,0.0136363636363636
3543,0.0961538461538461,0.2032967032967033,0.0274725274725274,0.0219780219780219,0.0357142857142857
3544,0.1022727272727272,0.2318181818181818,0.0386363636363636,0.034090909090909,0.0022727272727272
3545,0.1404011461318051,0.1719197707736389,0.0429799426934097,0.0401146131805157,0.0429799426934097
3546,0.1219512195121951,0.1707317073170731,0.0609756097560975,0.0121951219512195,0.0365853658536585
3547,0.0906976744186046,0.213953488372093,0.0488372093023255,0.0325581395348837,0.0255813953488372
3548,0.08,0.2,0.0171428571428571,0.0342857142857142,0.0114285714285714
3549,0.1140939597315436,0.1879194630872483,0.0402684563758389,0.0536912751677852,0.0335570469798657
3550,0.125,0.3125,0.0,0.0,0.0
3551,0.1023890784982935,0.1877133105802047,0.0341296928327645,0.030716723549488,0.0409556313993174
3552,0.1136842105263157,0.1789473684210526,0.0252631578947368,0.0378947368421052,0.0336842105263157
3553,0.1215686274509803,0.1803921568627451,0.0549019607843137,0.0470588235294117,0.0352941176470588
3554,0.12,0.256,0.016,0.024,0.024
3555,0.1038575667655786,0.1602373887240356,0.0326409495548961,0.0534124629080118,0.0415430267062314
3556,0.1023622047244094,0.2204724409448819,0.0157480314960629,0.0157480314960629,0.0157480314960629
3557,0.0923076923076923,0.1743589743589743,0.041025641025641,0.041025641025641,0.023076923076923
3558,0.1349206349206349,0.1825396825396825,0.0238095238095238,0.0317460317460317,0.0158730158730158
3559,0.1157407407407407,0.2361111111111111,0.0277777777777777,0.0138888888888888,0.0138888888888888
3560,0.1442307692307692,0.0865384615384615,0.0192307692307692,0.1153846153846153,0.1057692307692307
3561,0.16,0.184,0.016,0.04,0.056
3562,0.08,0.1876923076923076,0.0369230769230769,0.0338461538461538,0.0246153846153846
3563,0.1174863387978142,0.1912568306010929,0.0327868852459016,0.0191256830601092,0.0355191256830601
3564,0.0869565217391304,0.1980676328502415,0.0289855072463768,0.0289855072463768,0.0434782608695652
3565,0.0526315789473684,0.2631578947368421,0.0526315789473684,0.0263157894736842,0.0526315789473684
3566,0.1008403361344537,0.1848739495798319,0.0252100840336134,0.0336134453781512,0.0504201680672268
3567,0.0573566084788029,0.2693266832917705,0.0598503740648379,0.0224438902743142,0.0099750623441396
3568,0.1016042780748663,0.160427807486631,0.0374331550802139,0.0481283422459893,0.0320855614973262
3569,0.1218274111675127,0.2030456852791878,0.0355329949238578,0.0355329949238578,0.0304568527918781
3570,0.1143911439114391,0.2140221402214022,0.018450184501845,0.03690036900369,0.025830258302583
3571,0.099644128113879,0.1779359430604982,0.0249110320284697,0.0569395017793594,0.0142348754448398
3572,0.1616161616161616,0.1616161616161616,0.0252525252525252,0.0252525252525252,0.0454545454545454
3573,0.1133333333333333,0.2133333333333333,0.0733333333333333,0.0466666666666666,0.0066666666666666
3574,0.1187214611872146,0.1917808219178082,0.0365296803652968,0.045662100456621,0.0365296803652968
3575,0.106060606060606,0.2045454545454545,0.0227272727272727,0.053030303030303,0.0075757575757575
3576,0.108,0.2,0.044,0.032,0.032
3577,0.1020408163265306,0.272108843537415,0.0204081632653061,0.0272108843537414,0.0272108843537414
3578,0.1020408163265306,0.1700680272108843,0.0340136054421768,0.0272108843537414,0.0272108843537414
3579,0.0588235294117647,0.1617647058823529,0.0147058823529411,0.0294117647058823,0.0294117647058823
3580,0.1124031007751938,0.1550387596899224,0.0310077519379844,0.0387596899224806,0.0387596899224806
3581,0.1764705882352941,0.2941176470588235,0.0,0.0588235294117647,0.0294117647058823
3582,0.0809061488673139,0.1909385113268608,0.0485436893203883,0.0161812297734627,0.0129449838187702
3583,0.0862944162436548,0.1522842639593908,0.0279187817258883,0.0380710659898477,0.0253807106598984
3584,0.0925925925925925,0.1851851851851851,0.0185185185185185,0.0185185185185185,0.0092592592592592
3585,0.1111111111111111,0.1687242798353909,0.0781893004115226,0.0205761316872428,0.0617283950617283
3586,0.1081081081081081,0.1675675675675675,0.054054054054054,0.0324324324324324,0.0108108108108108
3587,0.0727969348659003,0.210727969348659,0.0191570881226053,0.0076628352490421,0.0114942528735632
3588,0.1166180758017492,0.1632653061224489,0.0437317784256559,0.0437317784256559,0.0583090379008746
3589,0.0954545454545454,0.1954545454545454,0.0681818181818181,0.0227272727272727,0.0181818181818181
3590,0.0738916256157635,0.1871921182266009,0.0492610837438423,0.0295566502463054,0.0295566502463054
3591,0.0992907801418439,0.1773049645390071,0.0638297872340425,0.0354609929078014,0.0070921985815602
3592,0.1020408163265306,0.1714285714285714,0.0408163265306122,0.0326530612244898,0.0081632653061224
3593,0.1264367816091954,0.2413793103448276,0.0344827586206896,0.0459770114942528,0.0114942528735632
3594,0.1016260162601626,0.1544715447154471,0.0121951219512195,0.0040650406504065,0.008130081300813
3595,0.1185617103984451,0.1758989310009718,0.0291545189504373,0.0398445092322643,0.0310981535471331
3596,0.1171875,0.19921875,0.0703125,0.03515625,0.0234375
3597,0.1051724137931034,0.1896551724137931,0.0172413793103448,0.0155172413793103,0.0120689655172413
3598,0.0848214285714285,0.15625,0.0267857142857142,0.0446428571428571,0.0267857142857142
3599,0.1318681318681318,0.1501831501831501,0.0402930402930402,0.0329670329670329,0.0219780219780219
3600,0.1491228070175438,0.1666666666666666,0.0350877192982456,0.0087719298245614,0.0263157894736842
3601,0.1037735849056603,0.1745283018867924,0.0754716981132075,0.0188679245283018,0.0566037735849056
3602,0.0697674418604651,0.127906976744186,0.0203488372093023,0.005813953488372,0.0174418604651162
1,0.1228070175438596,0.2222222222222222,0.0350877192982456,0.0292397660818713,0.0292397660818713
2,0.1331444759206798,0.1699716713881019,0.0566572237960339,0.0708215297450425,0.0623229461756373
3,0.1309523809523809,0.1904761904761904,0.0396825396825396,0.0317460317460317,0.0357142857142857
4,0.0958083832335329,0.2035928143712574,0.0059880239520958,0.0239520958083832,0.0359281437125748
5,0.1081081081081081,0.1621621621621621,0.0135135135135135,0.0067567567567567,0.027027027027027
6,0.109090909090909,0.2318181818181818,0.0318181818181818,0.0409090909090909,0.0227272727272727
7,0.0639269406392694,0.2100456621004566,0.0410958904109589,0.0136986301369863,0.0
8,0.0904522613065326,0.2562814070351759,0.0552763819095477,0.0201005025125628,0.0251256281407035
9,0.1150442477876106,0.1592920353982301,0.0265486725663716,0.0,0.0265486725663716
10,0.0816993464052287,0.2026143790849673,0.0816993464052287,0.0326797385620915,0.0196078431372549
11,0.1372549019607843,0.142156862745098,0.034313725490196,0.034313725490196,0.0637254901960784
12,0.1335740072202166,0.2093862815884476,0.0216606498194945,0.0252707581227436,0.0216606498194945
13,0.1036789297658862,0.2274247491638795,0.0434782608695652,0.0301003344481605,0.0234113712374581
14,0.1048387096774193,0.2096774193548387,0.0241935483870967,0.0080645161290322,0.0080645161290322
15,0.08125,0.18125,0.0125,0.03125,0.025
16,0.1181318681318681,0.2115384615384615,0.0302197802197802,0.0192307692307692,0.0247252747252747
17,0.0797468354430379,0.2493670886075949,0.0594936708860759,0.0189873417721519,0.0063291139240506
18,0.107981220657277,0.1924882629107981,0.0234741784037558,0.0093896713615023,0.0187793427230046
19,0.1302211302211302,0.199017199017199,0.0343980343980344,0.0368550368550368,0.0122850122850122
20,0.1061776061776061,0.22007722007722,0.0386100386100386,0.0328185328185328,0.027027027027027
21,0.1256830601092896,0.2076502732240437,0.0273224043715847,0.0218579234972677,0.0546448087431694
22,0.1023102310231023,0.2343234323432343,0.0462046204620462,0.0264026402640264,0.0033003300330033
23,0.1039215686274509,0.2,0.0431372549019607,0.0431372549019607,0.0313725490196078
24,0.1205035971223021,0.1834532374100719,0.0557553956834532,0.0323741007194244,0.0323741007194244
25,0.1257861635220125,0.2075471698113207,0.0,0.0251572327044025,0.0062893081761006
26,0.1260504201680672,0.2605042016806723,0.0126050420168067,0.0168067226890756,0.0378151260504201
27,0.0775681341719077,0.2389937106918239,0.0566037735849056,0.0356394129979035,0.0167714884696016
28,0.0976430976430976,0.1851851851851851,0.0303030303030303,0.0336700336700336,0.0404040404040404
29,0.0891218872870249,0.1782437745740498,0.0445609436435124,0.055045871559633,0.0419397116644823
30,0.1168091168091168,0.2165242165242165,0.037037037037037,0.0284900284900284,0.0199430199430199
31,0.1164383561643835,0.1952054794520548,0.0410958904109589,0.0102739726027397,0.0308219178082191
32,0.0818965517241379,0.2025862068965517,0.0603448275862069,0.021551724137931,0.021551724137931
33,0.0610328638497652,0.2018779342723004,0.0375586854460093,0.0375586854460093,0.0140845070422535
34,0.077639751552795,0.170807453416149,0.0279503105590062,0.0372670807453416,0.0217391304347826
35,0.1195219123505976,0.1553784860557769,0.0557768924302788,0.0597609561752988,0.0438247011952191
36,0.0929791271347248,0.2125237191650854,0.064516129032258,0.0284629981024667,0.0246679316888045
37,0.1051136363636363,0.2301136363636363,0.0397727272727272,0.0142045454545454,0.0369318181818181
38,0.1005199306759098,0.2079722703639514,0.048526863084922,0.0190641247833622,0.022530329289428
39,0.1127167630057803,0.222543352601156,0.0346820809248554,0.0404624277456647,0.0115606936416184
40,0.1349009900990099,0.1856435643564356,0.0507425742574257,0.0507425742574257,0.068069306930693
41,0.0961538461538461,0.1961538461538461,0.0269230769230769,0.0115384615384615,0.0115384615384615
42,0.0864745011086474,0.212860310421286,0.0576496674057649,0.0155210643015521,0.024390243902439
43,0.0994623655913978,0.2177419354838709,0.043010752688172,0.0241935483870967,0.0053763440860215
44,0.080338266384778,0.1860465116279069,0.040169133192389,0.0105708245243128,0.0190274841437632
45,0.0865384615384615,0.2307692307692307,0.0336538461538461,0.0144230769230769,0.0336538461538461
46,0.0792079207920792,0.2376237623762376,0.0561056105610561,0.0198019801980198,0.0264026402640264
47,0.0899653979238754,0.2329873125720876,0.0334486735870818,0.0380622837370242,0.0184544405997693
48,0.1182795698924731,0.2007168458781362,0.025089605734767,0.014336917562724,0.060931899641577
49,0.0830860534124629,0.1810089020771513,0.029673590504451,0.0207715133531157,0.0178041543026706
50,0.084375,0.203125,0.090625,0.025,0.028125
51,0.147940074906367,0.1722846441947565,0.0449438202247191,0.0561797752808988,0.048689138576779
52,0.0959302325581395,0.2325581395348837,0.063953488372093,0.0406976744186046,0.0261627906976744
53,0.1515151515151515,0.178030303030303,0.0265151515151515,0.0265151515151515,0.053030303030303
54,0.1101694915254237,0.2372881355932203,0.0338983050847457,0.0296610169491525,0.0296610169491525
55,0.1183098591549295,0.180281690140845,0.0591549295774647,0.0253521126760563,0.0169014084507042
56,0.0893470790378006,0.1786941580756013,0.0240549828178694,0.0378006872852233,0.0103092783505154
57,0.1006944444444444,0.2152777777777778,0.0347222222222222,0.0277777777777777,0.0347222222222222
58,0.1002570694087403,0.2416452442159383,0.0257069408740359,0.0437017994858611,0.0257069408740359
59,0.0988142292490118,0.2292490118577075,0.0355731225296442,0.0316205533596837,0.0079051383399209
60,0.1202247191011235,0.2089887640449438,0.0707865168539325,0.0359550561797752,0.0359550561797752
61,0.0736196319018405,0.1963190184049079,0.0122699386503067,0.0061349693251533,0.0
62,0.1158156911581569,0.1843088418430884,0.037359900373599,0.0336239103362391,0.0273972602739726
63,0.0588235294117647,0.1016042780748663,0.0267379679144385,0.0133689839572192,0.0160427807486631
64,0.1648936170212765,0.2154255319148936,0.0372340425531914,0.0398936170212766,0.0452127659574468
65,0.1065375302663438,0.1670702179176755,0.0484261501210653,0.0338983050847457,0.0532687651331719
66,0.1063829787234042,0.2066869300911854,0.033434650455927,0.0303951367781155,0.0121580547112462
67,0.1201117318435754,0.2318435754189944,0.0307262569832402,0.0251396648044692,0.0251396648044692
68,0.0958904109589041,0.2054794520547945,0.0639269406392694,0.0273972602739726,0.0182648401826484
70,0.0930787589498806,0.1957040572792363,0.0381861575178997,0.0119331742243436,0.0310262529832935
71,0.0738916256157635,0.1970443349753694,0.0246305418719211,0.0197044334975369,0.0197044334975369
72,0.096551724137931,0.1917241379310345,0.0455172413793103,0.0441379310344827,0.0262068965517241
73,0.0829875518672199,0.1950207468879668,0.0539419087136929,0.0165975103734439,0.0124481327800829
74,0.1451612903225806,0.1870967741935484,0.0516129032258064,0.0290322580645161,0.0354838709677419
75,0.1045576407506702,0.2171581769436997,0.0402144772117962,0.0268096514745308,0.0241286863270777
76,0.1291390728476821,0.1986754966887417,0.0529801324503311,0.0496688741721854,0.0463576158940397
77,0.0932203389830508,0.2033898305084746,0.0367231638418079,0.0338983050847457,0.0225988700564971
78,0.0709219858156028,0.2198581560283688,0.0709219858156028,0.0,0.0141843971631205
79,0.1159029649595687,0.1725067385444744,0.0539083557951482,0.0539083557951482,0.0323450134770889
80,0.0681818181818181,0.2,0.0272727272727272,0.0227272727272727,0.0227272727272727
81,0.0972762645914396,0.2101167315175097,0.0389105058365758,0.0505836575875486,0.046692607003891
82,0.0917874396135265,0.2270531400966183,0.0410628019323671,0.0217391304347826,0.0314009661835748
83,0.097165991902834,0.1983805668016194,0.0445344129554655,0.0040485829959514,0.0242914979757085
84,0.0931558935361216,0.2281368821292775,0.0988593155893536,0.0342205323193916,0.0190114068441064
85,0.144578313253012,0.2008032128514056,0.0240963855421686,0.036144578313253,0.036144578313253
86,0.0979381443298969,0.1855670103092783,0.0103092783505154,0.0154639175257731,0.0257731958762886
87,0.0805687203791469,0.2132701421800948,0.0142180094786729,0.0094786729857819,0.0
88,0.1407035175879397,0.2261306532663316,0.0552763819095477,0.0552763819095477,0.0251256281407035
89,0.1304347826086956,0.1666666666666666,0.0579710144927536,0.072463768115942,0.0253623188405797
90,0.0815217391304347,0.2228260869565217,0.0543478260869565,0.0326086956521739,0.0108695652173913
91,0.068,0.16,0.108,0.072,0.056
92,0.0952380952380952,0.2222222222222222,0.037037037037037,0.0158730158730158,0.0
93,0.0962566844919786,0.2549019607843137,0.035650623885918,0.0427807486631016,0.0196078431372549
94,0.1149425287356321,0.2068965517241379,0.0191570881226053,0.0268199233716475,0.0191570881226053
95,0.1204188481675392,0.2094240837696335,0.0392670157068062,0.0157068062827225,0.0235602094240837
96,0.0809248554913294,0.1907514450867052,0.0057803468208092,0.0,0.0115606936416184
97,0.1206896551724138,0.1594827586206896,0.0387931034482758,0.0258620689655172,0.0387931034482758
98,0.1266794625719769,0.1880998080614203,0.0268714011516314,0.0268714011516314,0.0575815738963531
99,0.0927835051546391,0.2783505154639175,0.0618556701030927,0.0103092783505154,0.0103092783505154
100,0.0859872611464968,0.1878980891719745,0.0350318471337579,0.0254777070063694,0.019108280254777
101,0.0625,0.1931818181818181,0.0170454545454545,0.0227272727272727,0.0056818181818181
102,0.12,0.2114285714285714,0.0114285714285714,0.0342857142857142,0.0342857142857142
103,0.1052631578947368,0.2421052631578947,0.0157894736842105,0.0105263157894736,0.0210526315789473
104,0.0987432675044883,0.2082585278276481,0.0430879712746858,0.0251346499102333,0.0179533213644524
105,0.110576923076923,0.2115384615384615,0.0649038461538461,0.0300480769230769,0.0192307692307692
106,0.0748299319727891,0.2074829931972789,0.0204081632653061,0.010204081632653,0.0068027210884353
107,0.0959752321981424,0.1950464396284829,0.0495356037151702,0.0340557275541795,0.0309597523219814
108,0.0956937799043062,0.2105263157894736,0.0287081339712918,0.0047846889952153,0.0239234449760765
109,0.1039260969976905,0.1732101616628175,0.0739030023094688,0.0277136258660508,0.0277136258660508
110,0.0958083832335329,0.2035928143712574,0.029940119760479,0.0538922155688622,0.029940119760479
111,0.1235059760956175,0.250996015936255,0.0199203187250996,0.0239043824701195,0.0199203187250996
112,0.1042944785276073,0.1901840490797546,0.0674846625766871,0.0122699386503067,0.0245398773006134
113,0.1308641975308642,0.1604938271604938,0.0222222222222222,0.0469135802469135,0.037037037037037
114,0.1052631578947368,0.2326869806094182,0.0581717451523545,0.0526315789473684,0.0581717451523545
115,0.1241379310344827,0.1655172413793103,0.0758620689655172,0.0448275862068965,0.0551724137931034
116,0.1375661375661375,0.1613756613756613,0.0476190476190476,0.0185185185185185,0.0529100529100529
117,0.1049723756906077,0.2348066298342541,0.0303867403314917,0.0359116022099447,0.0193370165745856
118,0.1033210332103321,0.2250922509225092,0.0959409594095941,0.044280442804428,0.03690036900369
119,0.0886075949367088,0.1993670886075949,0.0537974683544303,0.0126582278481012,0.0221518987341772
120,0.0910447761194029,0.1776119402985074,0.1,0.0373134328358208,0.0283582089552238
121,0.0654450261780104,0.1989528795811518,0.0418848167539267,0.0261780104712041,0.013089005235602
122,0.0853658536585365,0.2113821138211382,0.0447154471544715,0.016260162601626,0.016260162601626
123,0.0910931174089068,0.1963562753036437,0.0364372469635627,0.0303643724696356,0.0303643724696356
124,0.0884955752212389,0.1887905604719764,0.0353982300884955,0.0147492625368731,0.0324483775811209
125,0.088235294117647,0.2226890756302521,0.042016806722689,0.0126050420168067,0.0168067226890756
126,0.0879712746858168,0.1885098743267504,0.0484739676840215,0.0305206463195691,0.03770197486535
127,0.1184738955823293,0.2208835341365461,0.0481927710843373,0.0220883534136546,0.0321285140562249
128,0.086864406779661,0.2055084745762712,0.048728813559322,0.059322033898305,0.059322033898305
129,0.1101190476190476,0.2619047619047619,0.0297619047619047,0.0386904761904761,0.0238095238095238
130,0.1026392961876832,0.1964809384164222,0.0498533724340175,0.0234604105571847,0.0146627565982404
131,0.1141304347826086,0.2092391304347826,0.0244565217391304,0.0190217391304347,0.0652173913043478
132,0.0962566844919786,0.1577540106951871,0.0294117647058823,0.0267379679144385,0.0106951871657754
133,0.1314741035856573,0.1912350597609561,0.045816733067729,0.0338645418326693,0.0179282868525896
134,0.1056105610561056,0.231023102310231,0.033003300330033,0.0396039603960396,0.0198019801980198
135,0.1126760563380281,0.1690140845070422,0.0338028169014084,0.0253521126760563,0.0450704225352112
136,0.0862533692722372,0.2345013477088948,0.0377358490566037,0.0350404312668463,0.0269541778975741
137,0.0828516377649325,0.1984585741811175,0.0346820809248554,0.0173410404624277,0.0211946050096339
138,0.1122754491017964,0.1796407185628742,0.0359281437125748,0.0269461077844311,0.0389221556886227
139,0.0897009966777408,0.2790697674418604,0.0299003322259136,0.0099667774086378,0.0166112956810631
140,0.1047120418848167,0.2094240837696335,0.0209424083769633,0.0366492146596858,0.0471204188481675
141,0.1021021021021021,0.2102102102102102,0.042042042042042,0.024024024024024,0.033033033033033
142,0.0504201680672268,0.2142857142857142,0.0630252100840336,0.0252100840336134,0.0126050420168067
143,0.0958904109589041,0.1643835616438356,0.0301369863013698,0.021917808219178,0.0164383561643835
144,0.0966666666666666,0.2,0.04,0.0366666666666666,0.0333333333333333
145,0.0930493273542601,0.1917040358744394,0.0493273542600896,0.0302690582959641,0.0190582959641255
146,0.0642201834862385,0.2018348623853211,0.0321100917431192,0.018348623853211,0.018348623853211
147,0.1607629427792915,0.2070844686648501,0.0245231607629427,0.0326975476839237,0.0653950953678474
148,0.1261829652996845,0.2271293375394321,0.0220820189274447,0.0347003154574132,0.028391167192429
149,0.0954128440366972,0.1908256880733945,0.0275229357798165,0.0238532110091743,0.0201834862385321
150,0.1225806451612903,0.1516129032258064,0.0290322580645161,0.0354838709677419,0.0580645161290322
151,0.0982905982905982,0.1666666666666666,0.0512820512820512,0.0341880341880341,0.0384615384615384
152,0.0647058823529411,0.2235294117647059,0.0647058823529411,0.0176470588235294,0.0176470588235294
153,0.0622406639004149,0.2302904564315352,0.0539419087136929,0.0373443983402489,0.0145228215767634
154,0.0864197530864197,0.1975308641975308,0.0432098765432098,0.0,0.0061728395061728
155,0.1477832512315271,0.2118226600985221,0.0394088669950738,0.0344827586206896,0.0492610837438423
156,0.081145584725537,0.2243436754176611,0.0477326968973747,0.035799522673031,0.0119331742243436
157,0.125,0.215625,0.090625,0.025,0.059375
158,0.0965250965250965,0.2393822393822393,0.0617760617760617,0.0193050193050193,0.0154440154440154
159,0.0997191011235955,0.2008426966292134,0.0491573033707865,0.023876404494382,0.0603932584269662
160,0.1128608923884514,0.1916010498687664,0.0393700787401574,0.0787401574803149,0.0498687664041994
161,0.0528169014084507,0.1619718309859155,0.0387323943661971,0.0422535211267605,0.0316901408450704
162,0.1219512195121951,0.1777003484320557,0.0209059233449477,0.0348432055749128,0.0418118466898954
163,0.0701754385964912,0.2,0.0491228070175438,0.0210526315789473,0.0245614035087719
164,0.1027522935779816,0.1926605504587156,0.0495412844036697,0.0293577981651376,0.0146788990825688
165,0.1061643835616438,0.2363013698630137,0.0445205479452054,0.0068493150684931,0.0136986301369863
166,0.1012987012987013,0.1792207792207792,0.0103896103896103,0.0259740259740259,0.0207792207792207
167,0.0945945945945946,0.2567567567567567,0.0202702702702702,0.0,0.0135135135135135
168,0.1212121212121212,0.2234848484848484,0.0378787878787878,0.0265151515151515,0.0303030303030303
169,0.0926829268292682,0.2097560975609756,0.0341463414634146,0.0439024390243902,0.0195121951219512
170,0.1137254901960784,0.1725490196078431,0.0235294117647058,0.0392156862745098,0.0392156862745098
171,0.1154929577464788,0.228169014084507,0.0647887323943662,0.0112676056338028,0.0309859154929577
172,0.0737327188940092,0.1751152073732718,0.0138248847926267,0.0138248847926267,0.0230414746543778
173,0.0772532188841201,0.1974248927038626,0.0343347639484978,0.0257510729613733,0.0128755364806866
174,0.093167701863354,0.1801242236024844,0.0124223602484472,0.031055900621118,0.0062111801242236
175,0.1012658227848101,0.1835443037974683,0.0316455696202531,0.0189873417721519,0.0253164556962025
176,0.1173469387755102,0.1989795918367347,0.0493197278911564,0.0408163265306122,0.0272108843537414
177,0.1,0.1928571428571428,0.0642857142857142,0.0309523809523809,0.0357142857142857
178,0.087719298245614,0.2055137844611528,0.0551378446115288,0.0325814536340852,0.025062656641604
179,0.1132075471698113,0.2515723270440251,0.0251572327044025,0.0062893081761006,0.0188679245283018
180,0.1054263565891472,0.17984496124031,0.0434108527131782,0.0310077519379844,0.0372093023255813
181,0.1244444444444444,0.2044444444444444,0.0222222222222222,0.0266666666666666,0.0177777777777777
182,0.1097560975609756,0.2,0.0292682926829268,0.0292682926829268,0.0414634146341463
183,0.1072261072261072,0.2167832167832167,0.0326340326340326,0.0233100233100233,0.0372960372960372
184,0.1428571428571428,0.2040816326530612,0.0285714285714285,0.0122448979591836,0.0285714285714285
185,0.1129943502824858,0.1836158192090395,0.0451977401129943,0.0508474576271186,0.0423728813559322
186,0.1013824884792626,0.1705069124423963,0.032258064516129,0.0138248847926267,0.032258064516129
187,0.1239669421487603,0.140495867768595,0.0,0.024793388429752,0.0330578512396694
188,0.1406844106463878,0.1939163498098859,0.0456273764258555,0.0152091254752851,0.0684410646387832
189,0.1050847457627118,0.2576271186440678,0.0576271186440678,0.0271186440677966,0.0033898305084745
190,0.0948905109489051,0.2043795620437956,0.0291970802919708,0.0145985401459854,0.0364963503649635
191,0.0845070422535211,0.2300469483568075,0.028169014084507,0.0234741784037558,0.0093896713615023
192,0.1327433628318584,0.2079646017699115,0.0442477876106194,0.0398230088495575,0.0176991150442477
193,0.0980392156862745,0.2627450980392157,0.0901960784313725,0.0274509803921568,0.0431372549019607
194,0.1120689655172413,0.168103448275862,0.021551724137931,0.0258620689655172,0.021551724137931
195,0.1074168797953964,0.1994884910485933,0.0511508951406649,0.0383631713554987,0.0204603580562659
196,0.1030927835051546,0.2216494845360824,0.0541237113402061,0.0335051546391752,0.0283505154639175
197,0.0987261146496815,0.2165605095541401,0.0414012738853503,0.0318471337579617,0.0254777070063694
198,0.0751445086705202,0.2312138728323699,0.0346820809248554,0.0057803468208092,0.0
199,0.1192660550458715,0.1926605504587156,0.055045871559633,0.036697247706422,0.0091743119266055
200,0.1072664359861591,0.1626297577854671,0.0276816608996539,0.0519031141868512,0.0380622837370242
201,0.101010101010101,0.202020202020202,0.101010101010101,0.0505050505050505,0.0353535353535353
202,0.1283422459893048,0.1711229946524064,0.0695187165775401,0.0320855614973262,0.0427807486631016
203,0.132183908045977,0.1896551724137931,0.0344827586206896,0.0517241379310344,0.0459770114942528
204,0.0995475113122171,0.1855203619909502,0.0497737556561085,0.0226244343891402,0.0135746606334841
205,0.100502512562814,0.2060301507537688,0.0351758793969849,0.0201005025125628,0.0251256281407035
206,0.055045871559633,0.2018348623853211,0.0321100917431192,0.0045871559633027,0.0045871559633027
207,0.0903614457831325,0.216867469879518,0.0240963855421686,0.0120481927710843,0.0240963855421686
208,0.0990990990990991,0.2387387387387387,0.027027027027027,0.009009009009009,0.0225225225225225
209,0.0802469135802469,0.228395061728395,0.0432098765432098,0.0246913580246913,0.0123456790123456
210,0.1714285714285714,0.2,0.0285714285714285,0.0666666666666666,0.0666666666666666
211,0.0962962962962963,0.2,0.0518518518518518,0.0444444444444444,0.037037037037037
212,0.1144578313253012,0.1927710843373494,0.0481927710843373,0.0060240963855421,0.0481927710843373
213,0.0955414012738853,0.2802547770700637,0.1210191082802547,0.0063694267515923,0.0063694267515923
214,0.0833333333333333,0.25,0.0657894736842105,0.043859649122807,0.0263157894736842
215,0.1263157894736842,0.1894736842105263,0.0421052631578947,0.0210526315789473,0.0210526315789473
216,0.109090909090909,0.209090909090909,0.0363636363636363,0.0181818181818181,0.009090909090909
217,0.0952380952380952,0.2,0.0095238095238095,0.0,0.0285714285714285
218,0.158273381294964,0.1223021582733813,0.0287769784172661,0.0359712230215827,0.0719424460431654
219,0.1411764705882353,0.1529411764705882,0.0235294117647058,0.0470588235294117,0.0470588235294117
220,0.1104972375690607,0.2044198895027624,0.0276243093922651,0.0441988950276243,0.0220994475138121
221,0.0962566844919786,0.2032085561497326,0.0962566844919786,0.053475935828877,0.0641711229946524
222,0.0980392156862745,0.2450980392156862,0.0098039215686274,0.0,0.0392156862745098
223,0.0642201834862385,0.2018348623853211,0.0275229357798165,0.0,0.0091743119266055
224,0.0935672514619883,0.2280701754385964,0.0467836257309941,0.0175438596491228,0.023391812865497
225,0.0777027027027027,0.1722972972972972,0.0371621621621621,0.0202702702702702,0.0236486486486486
226,0.09375,0.28125,0.0078125,0.015625,0.015625
227,0.1148648648648648,0.2229729729729729,0.0743243243243243,0.0337837837837837,0.027027027027027
228,0.0903954802259887,0.2259887005649717,0.0451977401129943,0.0,0.0225988700564971
229,0.1271929824561403,0.2587719298245614,0.0482456140350877,0.0350877192982456,0.0131578947368421
230,0.0808080808080808,0.1616161616161616,0.0303030303030303,0.0,0.0303030303030303
231,0.1310344827586207,0.1862068965517241,0.0620689655172413,0.0551724137931034,0.0206896551724137
232,0.081967213114754,0.2540983606557377,0.0163934426229508,0.040983606557377,0.0081967213114754
233,0.1418439716312056,0.2340425531914893,0.0354609929078014,0.0425531914893617,0.0354609929078014
234,0.0833333333333333,0.1875,0.0416666666666666,0.0104166666666666,0.0104166666666666
235,0.1228813559322034,0.2076271186440678,0.059322033898305,0.0127118644067796,0.0338983050847457
236,0.1179039301310043,0.2423580786026201,0.0633187772925764,0.056768558951965,0.0240174672489082
237,0.0888888888888888,0.2555555555555555,0.0611111111111111,0.0555555555555555,0.0277777777777777
238,0.1059322033898305,0.211864406779661,0.0423728813559322,0.0211864406779661,0.0338983050847457
239,0.0973451327433628,0.2300884955752212,0.0353982300884955,0.0265486725663716,0.0088495575221238
240,0.1226415094339622,0.2264150943396226,0.0188679245283018,0.0283018867924528,0.0188679245283018
241,0.1120689655172413,0.1896551724137931,0.0172413793103448,0.0,0.0258620689655172
242,0.127906976744186,0.2209302325581395,0.0232558139534883,0.0116279069767441,0.0
243,0.0760233918128654,0.2748538011695906,0.023391812865497,0.0175438596491228,0.0116959064327485
244,0.1743119266055046,0.2293577981651376,0.036697247706422,0.0642201834862385,0.0275229357798165
245,0.0867052023121387,0.2427745664739884,0.0057803468208092,0.0,0.0115606936416184
246,0.0925925925925925,0.2222222222222222,0.037037037037037,0.0185185185185185,0.0185185185185185
247,0.1420118343195266,0.2485207100591716,0.029585798816568,0.0355029585798816,0.0177514792899408
248,0.1105527638190954,0.2462311557788944,0.0150753768844221,0.0150753768844221,0.0150753768844221
249,0.0917874396135265,0.178743961352657,0.0338164251207729,0.0193236714975845,0.0048309178743961
250,0.1584158415841584,0.1287128712871287,0.0297029702970297,0.0396039603960396,0.0594059405940594
251,0.1029411764705882,0.2352941176470588,0.0514705882352941,0.0294117647058823,0.0220588235294117
252,0.0658682634730539,0.1616766467065868,0.0419161676646706,0.0538922155688622,0.0059880239520958
253,0.1149425287356321,0.1954022988505747,0.0344827586206896,0.0229885057471264,0.0114942528735632
254,0.1019417475728155,0.1844660194174757,0.0145631067961165,0.0485436893203883,0.0242718446601941
255,0.1504424778761062,0.2035398230088495,0.0265486725663716,0.0353982300884955,0.0353982300884955
256,0.0833333333333333,0.2222222222222222,0.0277777777777777,0.0166666666666666,0.0333333333333333
257,0.0996563573883161,0.2199312714776632,0.0309278350515463,0.0206185567010309,0.0240549828178694
258,0.0986842105263157,0.1907894736842105,0.0394736842105263,0.0197368421052631,0.0328947368421052
259,0.0975609756097561,0.2012195121951219,0.0426829268292682,0.024390243902439,0.024390243902439
260,0.1,0.2375,0.05625,0.0375,0.025
261,0.093984962406015,0.2218045112781954,0.0526315789473684,0.0225563909774436,0.0112781954887218
262,0.03,0.058,0.016,0.01,0.008
263,0.106951871657754,0.2245989304812834,0.0481283422459893,0.053475935828877,0.0160427807486631
264,0.1138211382113821,0.2276422764227642,0.056910569105691,0.024390243902439,0.032520325203252
265,0.1176470588235294,0.2026143790849673,0.0457516339869281,0.0130718954248366,0.0196078431372549
266,0.1474654377880184,0.2211981566820276,0.0368663594470046,0.0576036866359447,0.032258064516129
267,0.1546391752577319,0.1993127147766323,0.0309278350515463,0.0343642611683848,0.0687285223367697
268,0.1397058823529411,0.2205882352941176,0.0514705882352941,0.0147058823529411,0.0147058823529411
269,0.125,0.1447368421052631,0.0526315789473684,0.0263157894736842,0.0526315789473684
270,0.1027777777777777,0.2027777777777777,0.0805555555555555,0.0555555555555555,0.025
271,0.1052631578947368,0.2330827067669172,0.0526315789473684,0.075187969924812,0.0075187969924812
272,0.1176470588235294,0.2483660130718954,0.0261437908496732,0.0261437908496732,0.0392156862745098
273,0.1019108280254777,0.1719745222929936,0.0700636942675159,0.0318471337579617,0.0063694267515923
274,0.111587982832618,0.2274678111587982,0.0214592274678111,0.0643776824034334,0.0257510729613733
275,0.1,0.1294117647058823,0.0235294117647058,0.0647058823529411,0.0470588235294117
276,0.1067415730337078,0.2219101123595505,0.0252808988764044,0.0196629213483146,0.047752808988764
277,0.1347150259067357,0.1865284974093264,0.0362694300518134,0.0569948186528497,0.0621761658031088
278,0.0805369127516778,0.2013422818791946,0.0604026845637583,0.0268456375838926,0.0067114093959731
279,0.1117021276595744,0.175531914893617,0.026595744680851,0.026595744680851,0.0638297872340425
280,0.1256983240223463,0.2234636871508379,0.0586592178770949,0.0502793296089385,0.047486033519553
281,0.0773809523809523,0.1904761904761904,0.0476190476190476,0.0119047619047619,0.0297619047619047
282,0.1256544502617801,0.1832460732984293,0.0209424083769633,0.0209424083769633,0.0209424083769633
283,0.0979381443298969,0.1958762886597938,0.0309278350515463,0.0309278350515463,0.0206185567010309
284,0.1157407407407407,0.2314814814814814,0.0324074074074074,0.0231481481481481,0.0138888888888888
285,0.0592105263157894,0.2368421052631578,0.0657894736842105,0.0394736842105263,0.0
286,0.1141304347826086,0.217391304347826,0.0380434782608695,0.0543478260869565,0.0217391304347826
287,0.1345291479820627,0.1883408071748878,0.0224215246636771,0.0358744394618834,0.0269058295964125
288,0.0520833333333333,0.2395833333333333,0.03125,0.0104166666666666,0.0
289,0.0697674418604651,0.1767441860465116,0.027906976744186,0.0093023255813953,0.0325581395348837
290,0.1157102539981185,0.2144873000940733,0.0714957666980244,0.0423330197554092,0.0498588899341486
291,0.1021671826625387,0.2074303405572755,0.0495356037151702,0.0216718266253869,0.0278637770897832
292,0.0659340659340659,0.1923076923076923,0.0219780219780219,0.0219780219780219,0.0164835164835164
293,0.1136363636363636,0.1623376623376623,0.0551948051948051,0.0779220779220779,0.0551948051948051
294,0.1464968152866242,0.1337579617834395,0.0382165605095541,0.0382165605095541,0.0700636942675159
295,0.1164021164021164,0.1693121693121693,0.0529100529100529,0.0211640211640211,0.0105820105820105
296,0.1176470588235294,0.1985294117647058,0.0441176470588235,0.0367647058823529,0.0220588235294117
297,0.0852272727272727,0.2386363636363636,0.0227272727272727,0.0113636363636363,0.0227272727272727
298,0.1194029850746268,0.208955223880597,0.0298507462686567,0.0298507462686567,0.044776119402985
299,0.0838323353293413,0.2215568862275449,0.0419161676646706,0.0059880239520958,0.029940119760479
300,0.1225806451612903,0.2258064516129032,0.0193548387096774,0.0064516129032258,0.0774193548387096
301,0.0683229813664596,0.1739130434782608,0.0807453416149068,0.031055900621118,0.031055900621118
302,0.0992907801418439,0.2411347517730496,0.0425531914893617,0.0212765957446808,0.0141843971631205
303,0.1041666666666666,0.3125,0.0833333333333333,0.0416666666666666,0.0416666666666666
304,0.0915841584158415,0.1831683168316831,0.0643564356435643,0.0272277227722772,0.0247524752475247
305,0.0684210526315789,0.2,0.0473684210526315,0.0157894736842105,0.0105263157894736
306,0.1034482758620689,0.2413793103448276,0.043103448275862,0.0344827586206896,0.0344827586206896
307,0.0977443609022556,0.2406015037593984,0.0300751879699248,0.0150375939849624,0.0150375939849624
308,0.0666666666666666,0.1333333333333333,0.0148148148148148,0.0296296296296296,0.0222222222222222
309,0.1327014218009478,0.1990521327014218,0.0331753554502369,0.0047393364928909,0.0094786729857819
310,0.0842105263157894,0.2105263157894736,0.0947368421052631,0.0210526315789473,0.0631578947368421
311,0.0555555555555555,0.2063492063492063,0.0317460317460317,0.0476190476190476,0.0079365079365079
312,0.0843881856540084,0.1940928270042194,0.0717299578059071,0.0126582278481012,0.0126582278481012
313,0.1176470588235294,0.2941176470588235,0.0588235294117647,0.0588235294117647,0.0
314,0.1139896373056994,0.2279792746113989,0.0362694300518134,0.0155440414507772,0.0259067357512953
315,0.1050228310502283,0.182648401826484,0.0319634703196347,0.0365296803652968,0.0410958904109589
316,0.081081081081081,0.2162162162162162,0.054054054054054,0.054054054054054,0.0
317,0.0569948186528497,0.2124352331606217,0.0414507772020725,0.0207253886010362,0.0155440414507772
318,0.0929577464788732,0.2253521126760563,0.0929577464788732,0.0309859154929577,0.0197183098591549
319,0.0828025477707006,0.1847133757961783,0.0573248407643312,0.019108280254777,0.0063694267515923
320,0.1259259259259259,0.2296296296296296,0.1111111111111111,0.0074074074074074,0.0296296296296296
321,0.0705882352941176,0.2294117647058823,0.0235294117647058,0.0058823529411764,0.0176470588235294
322,0.0490196078431372,0.2254901960784313,0.0098039215686274,0.0196078431372549,0.0098039215686274
323,0.0990990990990991,0.2702702702702703,0.027027027027027,0.027027027027027,0.009009009009009
324,0.081967213114754,0.1967213114754098,0.0573770491803278,0.0,0.0
325,0.1586206896551724,0.1586206896551724,0.0137931034482758,0.0482758620689655,0.0275862068965517
326,0.0628019323671497,0.1932367149758454,0.072463768115942,0.0410628019323671,0.0314009661835748
327,0.0952380952380952,0.2559523809523809,0.0416666666666666,0.0119047619047619,0.0297619047619047
328,0.11,0.17,0.04,0.0366666666666666,0.0433333333333333
329,0.1304347826086956,0.2318840579710145,0.0289855072463768,0.0144927536231884,0.0869565217391304
330,0.1438356164383561,0.2123287671232876,0.0205479452054794,0.0136986301369863,0.0684931506849315
331,0.0647058823529411,0.2176470588235294,0.0588235294117647,0.0176470588235294,0.0117647058823529
332,0.058252427184466,0.2233009708737864,0.0388349514563106,0.0,0.0097087378640776
333,0.0989010989010989,0.184981684981685,0.0549450549450549,0.0311355311355311,0.0329670329670329
334,0.0863309352517985,0.2158273381294964,0.0575539568345323,0.0215827338129496,0.0287769784172661
335,0.1285714285714285,0.2,0.0285714285714285,0.0285714285714285,0.0142857142857142
336,0.0398009950248756,0.2288557213930348,0.0746268656716417,0.0298507462686567,0.0099502487562189
337,0.1,0.1764705882352941,0.0529411764705882,0.0529411764705882,0.0294117647058823
338,0.107981220657277,0.2206572769953051,0.0422535211267605,0.0516431924882629,0.0328638497652582
339,0.096,0.224,0.032,0.016,0.016
340,0.092391304347826,0.1793478260869565,0.0815217391304347,0.0543478260869565,0.0434782608695652
341,0.0576923076923076,0.2371794871794871,0.0448717948717948,0.0128205128205128,0.0192307692307692
342,0.1164383561643835,0.2146118721461187,0.0388127853881278,0.0410958904109589,0.0525114155251141
343,0.1221374045801526,0.2595419847328244,0.0763358778625954,0.0305343511450381,0.0458015267175572
344,0.1047619047619047,0.2285714285714285,0.0761904761904762,0.0285714285714285,0.0285714285714285
345,0.0695187165775401,0.1978609625668449,0.0160427807486631,0.0106951871657754,0.0213903743315508
346,0.1529745042492918,0.1501416430594901,0.036827195467422,0.065155807365439,0.0906515580736544
347,0.1167883211678832,0.2262773722627737,0.0291970802919708,0.0291970802919708,0.0218978102189781
348,0.0615384615384615,0.2,0.0769230769230769,0.0153846153846153,0.0153846153846153
349,0.0959409594095941,0.2029520295202952,0.03690036900369,0.047970479704797,0.022140221402214
350,0.1291866028708134,0.2057416267942583,0.062200956937799,0.0191387559808612,0.0191387559808612
351,0.1021377672209026,0.2565320665083135,0.0451306413301662,0.0237529691211401,0.0190023752969121
352,0.0985221674876847,0.1871921182266009,0.0394088669950738,0.0295566502463054,0.0197044334975369
353,0.1333333333333333,0.1866666666666666,0.0533333333333333,0.04,0.0666666666666666
354,0.1055555555555555,0.2277777777777777,0.0555555555555555,0.0277777777777777,0.0111111111111111
355,0.0757575757575757,0.1553030303030303,0.0454545454545454,0.0227272727272727,0.0189393939393939
356,0.1544117647058823,0.213235294117647,0.025735294117647,0.0147058823529411,0.0367647058823529
357,0.086021505376344,0.1792114695340501,0.057347670250896,0.03584229390681,0.010752688172043
358,0.1084905660377358,0.160377358490566,0.0330188679245283,0.0188679245283018,0.0141509433962264
359,0.1243243243243243,0.2054054054054054,0.0486486486486486,0.0162162162162162,0.0594594594594594
360,0.1428571428571428,0.1785714285714285,0.0428571428571428,0.0464285714285714,0.0357142857142857
361,0.123076923076923,0.1769230769230769,0.0153846153846153,0.0307692307692307,0.023076923076923
362,0.0957446808510638,0.2127659574468085,0.0531914893617021,0.0319148936170212,0.0
363,0.1409168081494057,0.1544991511035653,0.0526315789473684,0.0390492359932088,0.0611205432937181
364,0.0707964601769911,0.2212389380530973,0.0442477876106194,0.0088495575221238,0.0442477876106194
365,0.0594059405940594,0.1584158415841584,0.0,0.0099009900990099,0.0
366,0.0849056603773584,0.2358490566037736,0.0471698113207547,0.0471698113207547,0.0283018867924528
367,0.0677083333333333,0.2135416666666666,0.03125,0.0208333333333333,0.0104166666666666
368,0.1052631578947368,0.2236842105263158,0.0,0.0,0.0
369,0.0972222222222222,0.1944444444444444,0.0347222222222222,0.0208333333333333,0.0277777777777777
370,0.1257861635220125,0.2138364779874214,0.0251572327044025,0.0125786163522012,0.0188679245283018
371,0.0748299319727891,0.1904761904761904,0.0408163265306122,0.0272108843537414,0.0408163265306122
372,0.052863436123348,0.185022026431718,0.0220264317180616,0.0176211453744493,0.0220264317180616
373,0.0888888888888888,0.1666666666666666,0.0111111111111111,0.0,0.0111111111111111
374,0.1526717557251908,0.2137404580152671,0.0458015267175572,0.0076335877862595,0.0076335877862595
375,0.1077441077441077,0.2087542087542087,0.0505050505050505,0.0404040404040404,0.0639730639730639
376,0.0747126436781609,0.1839080459770115,0.0402298850574712,0.0114942528735632,0.0114942528735632
377,0.1047619047619047,0.2142857142857142,0.0523809523809523,0.0571428571428571,0.0666666666666666
378,0.1052631578947368,0.2302631578947368,0.0460526315789473,0.0131578947368421,0.0328947368421052
379,0.1196911196911196,0.1891891891891892,0.054054054054054,0.0482625482625482,0.0888030888030888
380,0.08,0.2,0.0615384615384615,0.04,0.0184615384615384
381,0.0864197530864197,0.2962962962962963,0.037037037037037,0.0246913580246913,0.0123456790123456
382,0.1048951048951049,0.1905594405594405,0.0262237762237762,0.0209790209790209,0.0227272727272727
383,0.1129032258064516,0.2150537634408602,0.075268817204301,0.043010752688172,0.043010752688172
384,0.1031746031746031,0.2261904761904762,0.0714285714285714,0.0515873015873015,0.0476190476190476
385,0.0945945945945946,0.1824324324324324,0.0608108108108108,0.0,0.0337837837837837
386,0.0987654320987654,0.2160493827160493,0.0493827160493827,0.0061728395061728,0.0123456790123456
387,0.1202185792349726,0.1639344262295081,0.0382513661202185,0.0546448087431694,0.0710382513661202
388,0.0912408759124087,0.1897810218978102,0.0693430656934306,0.0291970802919708,0.010948905109489
389,0.0883190883190883,0.2535612535612536,0.0256410256410256,0.0227920227920227,0.0142450142450142
390,0.1013513513513513,0.1824324324324324,0.0472972972972973,0.054054054054054,0.0067567567567567
391,0.0987654320987654,0.1975308641975308,0.0123456790123456,0.0061728395061728,0.0185185185185185
392,0.0886262924667651,0.1920236336779911,0.0502215657311669,0.0398818316100443,0.0369276218611521
393,0.1438848920863309,0.2517985611510791,0.0503597122302158,0.014388489208633,0.0215827338129496
394,0.1167664670658682,0.2155688622754491,0.0508982035928143,0.0239520958083832,0.0479041916167664
395,0.088235294117647,0.2205882352941176,0.0661764705882353,0.0294117647058823,0.0220588235294117
396,0.0888888888888888,0.2277777777777777,0.0055555555555555,0.0111111111111111,0.0055555555555555
397,0.0708955223880597,0.167910447761194,0.0410447761194029,0.0410447761194029,0.0298507462686567
398,0.1206896551724138,0.2025862068965517,0.0646551724137931,0.0172413793103448,0.0387931034482758
399,0.0793103448275862,0.2275862068965517,0.0482758620689655,0.0275862068965517,0.0275862068965517
400,0.0652818991097922,0.2106824925816023,0.0356083086053412,0.0207715133531157,0.0148367952522255
401,0.0662824207492795,0.1757925072046109,0.0605187319884726,0.0605187319884726,0.0259365994236311
402,0.086021505376344,0.2311827956989247,0.0268817204301075,0.032258064516129,0.010752688172043
403,0.1666666666666666,0.3333333333333333,0.0555555555555555,0.0,0.0
404,0.0939226519337016,0.2154696132596685,0.0662983425414364,0.0386740331491712,0.0552486187845303
405,0.1043478260869565,0.217391304347826,0.0347826086956521,0.0521739130434782,0.008695652173913
406,0.0592592592592592,0.2074074074074074,0.0592592592592592,0.0296296296296296,0.0
407,0.0634146341463414,0.2536585365853658,0.0634146341463414,0.0439024390243902,0.0146341463414634
408,0.0708661417322834,0.2913385826771653,0.0629921259842519,0.0236220472440944,0.0314960629921259
409,0.0883534136546184,0.216867469879518,0.0682730923694779,0.0261044176706827,0.0140562248995983
410,0.0844444444444444,0.2222222222222222,0.0488888888888888,0.0133333333333333,0.0311111111111111
411,0.0609137055837563,0.1954314720812182,0.032994923857868,0.0126903553299492,0.0177664974619289
412,0.1256544502617801,0.2041884816753926,0.0785340314136125,0.0680628272251308,0.0575916230366492
413,0.0357142857142857,0.1785714285714285,0.0595238095238095,0.0,0.0119047619047619
414,0.0952380952380952,0.2797619047619047,0.0535714285714285,0.0238095238095238,0.0297619047619047
415,0.1014492753623188,0.2077294685990338,0.0531400966183574,0.0193236714975845,0.0096618357487922
416,0.0979729729729729,0.1807432432432432,0.0625,0.0304054054054054,0.0152027027027027
417,0.0641025641025641,0.173076923076923,0.0576923076923076,0.0192307692307692,0.032051282051282
418,0.0924855491329479,0.2427745664739884,0.0115606936416184,0.0231213872832369,0.0346820809248554
419,0.0170454545454545,0.2443181818181818,0.0397727272727272,0.0227272727272727,0.0056818181818181
420,0.1129032258064516,0.1720430107526881,0.0161290322580645,0.032258064516129,0.0053763440860215
421,0.1009615384615384,0.2403846153846154,0.0240384615384615,0.0240384615384615,0.0336538461538461
422,0.1140939597315436,0.174496644295302,0.0335570469798657,0.0335570469798657,0.1476510067114094
423,0.0869565217391304,0.2146739130434782,0.0380434782608695,0.0244565217391304,0.0081521739130434
424,0.092814371257485,0.2095808383233532,0.0359281437125748,0.0179640718562874,0.0239520958083832
425,0.073170731707317,0.2195121951219512,0.024390243902439,0.0,0.0
426,0.1215686274509803,0.196078431372549,0.0196078431372549,0.0431372549019607,0.0627450980392156
427,0.1710526315789473,0.2368421052631578,0.0263157894736842,0.0,0.0263157894736842
428,0.108695652173913,0.181159420289855,0.0652173913043478,0.0241545893719806,0.0169082125603864
429,0.1272727272727272,0.1772727272727272,0.0136363636363636,0.0136363636363636,0.0454545454545454
430,0.1295620437956204,0.2062043795620438,0.0547445255474452,0.0218978102189781,0.041970802919708
431,0.0985401459854014,0.1824817518248175,0.0510948905109489,0.0218978102189781,0.0474452554744525
432,0.1008264462809917,0.2033057851239669,0.0314049586776859,0.0314049586776859,0.0214876033057851
433,0.1063829787234042,0.2553191489361702,0.0468085106382978,0.0212765957446808,0.0042553191489361
434,0.0918367346938775,0.2142857142857142,0.0612244897959183,0.0204081632653061,0.0408163265306122
435,0.0891719745222929,0.2038216560509554,0.0636942675159235,0.0127388535031847,0.0
436,0.0890052356020942,0.2408376963350785,0.031413612565445,0.0418848167539267,0.0418848167539267
437,0.1314553990610328,0.1971830985915492,0.0375586854460093,0.0046948356807511,0.0328638497652582
438,0.1012658227848101,0.2109704641350211,0.0295358649789029,0.0590717299578059,0.0295358649789029
439,0.1424148606811145,0.1888544891640866,0.0681114551083591,0.0371517027863777,0.0340557275541795
440,0.1096774193548387,0.1354838709677419,0.032258064516129,0.0387096774193548,0.032258064516129
441,0.1282051282051282,0.1978021978021978,0.0659340659340659,0.0293040293040293,0.0402930402930402
442,0.1530054644808743,0.1912568306010929,0.0382513661202185,0.0327868852459016,0.0437158469945355
443,0.0925925925925925,0.1666666666666666,0.0277777777777777,0.0,0.0185185185185185
444,0.1151832460732984,0.1884816753926701,0.0157068062827225,0.0261780104712041,0.0209424083769633
445,0.0552486187845303,0.1823204419889502,0.0883977900552486,0.005524861878453,0.0220994475138121
446,0.0980392156862745,0.196078431372549,0.0490196078431372,0.0392156862745098,0.0637254901960784
447,0.1158301158301158,0.1891891891891892,0.0308880308880308,0.0501930501930501,0.0424710424710424
448,0.1017964071856287,0.1796407185628742,0.0718562874251497,0.0419161676646706,0.0179640718562874
449,0.0758293838862559,0.2227488151658767,0.0189573459715639,0.0094786729857819,0.0142180094786729
450,0.1145833333333333,0.1510416666666666,0.0520833333333333,0.015625,0.0260416666666666
451,0.0727272727272727,0.2036363636363636,0.0618181818181818,0.0254545454545454,0.0327272727272727
452,0.0775193798449612,0.1627906976744186,0.0,0.0,0.0310077519379844
453,0.0656934306569343,0.2080291970802919,0.0912408759124087,0.0328467153284671,0.0364963503649635
454,0.1392405063291139,0.189873417721519,0.0295358649789029,0.0548523206751054,0.0548523206751054
455,0.1145584725536992,0.1742243436754176,0.0429594272076372,0.0548926014319809,0.0405727923627685
456,0.1265508684863523,0.1439205955334987,0.0471464019851116,0.0471464019851116,0.119106699751861
457,0.1210526315789473,0.2263157894736842,0.0157894736842105,0.0263157894736842,0.0263157894736842
458,0.0909090909090909,0.2130681818181818,0.0795454545454545,0.0227272727272727,0.0284090909090909
459,0.1294117647058823,0.2176470588235294,0.0529411764705882,0.0411764705882352,0.0058823529411764
460,0.1432664756446991,0.1719197707736389,0.0429799426934097,0.0487106017191977,0.0372492836676217
461,0.1012658227848101,0.1962025316455696,0.0379746835443038,0.0189873417721519,0.050632911392405
462,0.0955882352941176,0.2573529411764705,0.0514705882352941,0.0220588235294117,0.0441176470588235
463,0.0875,0.24375,0.05625,0.0125,0.00625
464,0.1,0.2096774193548387,0.0677419354838709,0.0419354838709677,0.0290322580645161
465,0.1111111111111111,0.2314814814814814,0.0462962962962962,0.037037037037037,0.0509259259259259
466,0.1578947368421052,0.1954887218045112,0.037593984962406,0.0451127819548872,0.037593984962406
467,0.1317567567567567,0.1993243243243243,0.0405405405405405,0.0439189189189189,0.0202702702702702
468,0.1278688524590163,0.2163934426229508,0.0393442622950819,0.0262295081967213,0.0229508196721311
469,0.0977011494252873,0.1982758620689655,0.0603448275862069,0.0517241379310344,0.0258620689655172
470,0.1307506053268765,0.2227602905569007,0.0605326876513317,0.0484261501210653,0.0581113801452784
471,0.1424657534246575,0.1643835616438356,0.0082191780821917,0.0383561643835616,0.0794520547945205
472,0.0899280575539568,0.2050359712230215,0.0575539568345323,0.0179856115107913,0.0179856115107913
473,0.1255230125523012,0.1924686192468619,0.00418410041841,0.0334728033472803,0.0460251046025104
474,0.1459459459459459,0.1891891891891892,0.0432432432432432,0.0108108108108108,0.0054054054054054
475,0.0944055944055944,0.2412587412587412,0.0944055944055944,0.0489510489510489,0.0349650349650349
476,0.0815450643776824,0.1716738197424892,0.0600858369098712,0.0600858369098712,0.0171673819742489
477,0.1218905472636815,0.1641791044776119,0.0522388059701492,0.0472636815920398,0.0348258706467661
478,0.0849673202614379,0.2549019607843137,0.0588235294117647,0.0359477124183006,0.0065359477124183
479,0.1111111111111111,0.1777777777777777,0.0111111111111111,0.0,0.0555555555555555
480,0.1111111111111111,0.1851851851851851,0.037037037037037,0.074074074074074,0.037037037037037
481,0.1059602649006622,0.1986754966887417,0.0397350993377483,0.0132450331125827,0.0331125827814569
482,0.0869565217391304,0.2119565217391304,0.0380434782608695,0.0326086956521739,0.0271739130434782
483,0.0941704035874439,0.2376681614349775,0.0313901345291479,0.0134529147982062,0.0179372197309417
484,0.136986301369863,0.1643835616438356,0.0547945205479452,0.047945205479452,0.0273972602739726
485,0.120253164556962,0.2215189873417721,0.0854430379746835,0.0253164556962025,0.0316455696202531
486,0.0722433460076045,0.2167300380228136,0.026615969581749,0.0380228136882129,0.0152091254752851
487,0.1146953405017921,0.1899641577060931,0.046594982078853,0.025089605734767,0.043010752688172
488,0.1010830324909747,0.1732851985559566,0.0649819494584837,0.0433212996389891,0.0180505415162454
489,0.0885416666666666,0.2239583333333333,0.0572916666666666,0.0260416666666666,0.0520833333333333
490,0.1777777777777777,0.2888888888888888,0.0,0.0,0.0444444444444444
491,0.1052631578947368,0.1674641148325359,0.0334928229665071,0.0191387559808612,0.0191387559808612
492,0.1205007824726134,0.190923317683881,0.0532081377151799,0.0453834115805946,0.0610328638497652
493,0.1020408163265306,0.2244897959183673,0.0153061224489795,0.0306122448979591,0.0357142857142857
494,0.1346153846153846,0.2307692307692307,0.0256410256410256,0.0641025641025641,0.0512820512820512
495,0.1259259259259259,0.2518518518518518,0.0666666666666666,0.037037037037037,0.037037037037037
496,0.0976430976430976,0.2356902356902357,0.0841750841750841,0.037037037037037,0.0134680134680134
497,0.0902255639097744,0.2406015037593984,0.0,0.0,0.0225563909774436
498,0.1121794871794871,0.1891025641025641,0.0544871794871794,0.0192307692307692,0.0705128205128205
499,0.1,0.2153846153846154,0.0461538461538461,0.0153846153846153,0.0307692307692307
500,0.0671641791044776,0.2276119402985074,0.0671641791044776,0.0261194029850746,0.0223880597014925
501,0.0854922279792746,0.2227979274611398,0.0466321243523316,0.0362694300518134,0.0233160621761658
502,0.0948275862068965,0.2392241379310344,0.0538793103448275,0.043103448275862,0.0387931034482758
503,0.0993788819875776,0.2360248447204969,0.0372670807453416,0.0434782608695652,0.0248447204968944
504,0.1063829787234042,0.226950354609929,0.0496453900709219,0.0283687943262411,0.0496453900709219
505,0.0869565217391304,0.2608695652173913,0.017391304347826,0.0,0.008695652173913
506,0.1086142322097378,0.247191011235955,0.0262172284644194,0.0411985018726591,0.0374531835205992
507,0.0733333333333333,0.2266666666666666,0.04,0.0133333333333333,0.02
508,0.1114369501466275,0.2082111436950146,0.0703812316715542,0.0498533724340175,0.0366568914956011
509,0.1017964071856287,0.2335329341317365,0.0359281437125748,0.0179640718562874,0.029940119760479
510,0.1329639889196676,0.2520775623268698,0.074792243767313,0.0166204986149584,0.0304709141274238
511,0.0991189427312775,0.1784140969162995,0.0550660792951541,0.0572687224669603,0.0440528634361233
512,0.1688311688311688,0.1948051948051948,0.0194805194805194,0.0324675324675324,0.0616883116883116
513,0.081967213114754,0.1864754098360656,0.0696721311475409,0.0512295081967213,0.0225409836065573
514,0.0857988165680473,0.1627218934911242,0.0887573964497041,0.0502958579881656,0.0236686390532544
515,0.0748898678414096,0.224669603524229,0.079295154185022,0.0308370044052863,0.0044052863436123
516,0.0779816513761468,0.2568807339449541,0.036697247706422,0.018348623853211,0.0229357798165137
517,0.1310344827586207,0.2103448275862069,0.0862068965517241,0.0379310344827586,0.0586206896551724
518,0.1152941176470588,0.1976470588235294,0.0235294117647058,0.028235294117647,0.0235294117647058
519,0.1513002364066193,0.1702127659574468,0.0591016548463357,0.0543735224586288,0.0732860520094562
520,0.0911062906724512,0.2451193058568329,0.0260303687635574,0.0477223427331887,0.0325379609544468
521,0.0870445344129554,0.2145748987854251,0.0323886639676113,0.0242914979757085,0.0465587044534413
522,0.1290322580645161,0.2078853046594982,0.050179211469534,0.057347670250896,0.025089605734767
523,0.1020408163265306,0.2397959183673469,0.0459183673469387,0.0204081632653061,0.0204081632653061
524,0.1174603174603174,0.2349206349206349,0.0476190476190476,0.0412698412698412,0.0253968253968253
525,0.1280276816608996,0.1972318339100346,0.0449826989619377,0.0276816608996539,0.0276816608996539
526,0.0971786833855799,0.225705329153605,0.0877742946708464,0.0815047021943573,0.0313479623824451
527,0.1235294117647058,0.2117647058823529,0.0470588235294117,0.0235294117647058,0.0411764705882352
528,0.0707070707070707,0.2525252525252525,0.0808080808080808,0.0101010101010101,0.0101010101010101
529,0.1405405405405405,0.1837837837837838,0.0594594594594594,0.054054054054054,0.0756756756756756
530,0.0990990990990991,0.2072072072072072,0.027027027027027,0.0585585585585585,0.0315315315315315
531,0.127831715210356,0.2119741100323624,0.0339805825242718,0.0436893203883495,0.0647249190938511
532,0.12,0.2685714285714285,0.0228571428571428,0.0171428571428571,0.0228571428571428
533,0.1140939597315436,0.2147651006711409,0.0201342281879194,0.0,0.0134228187919463
534,0.1223404255319148,0.2393617021276596,0.0478723404255319,0.0319148936170212,0.0319148936170212
535,0.0654761904761904,0.1666666666666666,0.0595238095238095,0.0654761904761904,0.0416666666666666
536,0.1368421052631579,0.2210526315789473,0.0473684210526315,0.0210526315789473,0.031578947368421
537,0.087719298245614,0.2631578947368421,0.087719298245614,0.0350877192982456,0.0350877192982456
538,0.1090425531914893,0.1808510638297872,0.0718085106382978,0.0425531914893617,0.0186170212765957
539,0.1035294117647058,0.2329411764705882,0.0517647058823529,0.0352941176470588,0.0305882352941176
540,0.140625,0.1927083333333333,0.0572916666666666,0.0364583333333333,0.0208333333333333
541,0.0642201834862385,0.2201834862385321,0.0458715596330275,0.0,0.0
542,0.0902255639097744,0.1917293233082706,0.0808270676691729,0.0225563909774436,0.0281954887218045
543,0.0748663101604278,0.1711229946524064,0.0481283422459893,0.0160427807486631,0.0160427807486631
544,0.1037037037037037,0.1851851851851851,0.0629629629629629,0.0407407407407407,0.0333333333333333
545,0.0793650793650793,0.1984126984126984,0.0476190476190476,0.0079365079365079,0.0079365079365079
546,0.0837209302325581,0.1860465116279069,0.0744186046511627,0.027906976744186,0.013953488372093
547,0.0773480662983425,0.2486187845303867,0.0469613259668508,0.011049723756906,0.0248618784530386
548,0.1056338028169014,0.1971830985915492,0.028169014084507,0.0140845070422535,0.0070422535211267
549,0.1384180790960452,0.2259887005649717,0.019774011299435,0.0423728813559322,0.0480225988700565
550,0.0992063492063492,0.1626984126984127,0.0813492063492063,0.0337301587301587,0.0238095238095238
551,0.0898203592814371,0.2095808383233532,0.0119760479041916,0.0119760479041916,0.0059880239520958
552,0.1294117647058823,0.2176470588235294,0.0411764705882352,0.0117647058823529,0.0294117647058823
553,0.1226415094339622,0.2452830188679245,0.0377358490566037,0.0377358490566037,0.0188679245283018
554,0.0816831683168316,0.1806930693069307,0.0816831683168316,0.0321782178217821,0.0198019801980198
555,0.0826086956521739,0.2304347826086956,0.0739130434782608,0.0260869565217391,0.008695652173913
556,0.0925925925925925,0.2067901234567901,0.0493827160493827,0.0462962962962962,0.0401234567901234
557,0.1415094339622641,0.1792452830188679,0.0,0.0188679245283018,0.0188679245283018
558,0.1083333333333333,0.19375,0.0791666666666666,0.05625,0.0458333333333333
559,0.1130434782608695,0.208695652173913,0.0521739130434782,0.0,0.0260869565217391
560,0.1223404255319148,0.1968085106382978,0.0159574468085106,0.0319148936170212,0.0425531914893617
561,0.0950819672131147,0.2360655737704918,0.0786885245901639,0.0229508196721311,0.0262295081967213
562,0.1111111111111111,0.2777777777777778,0.0555555555555555,0.0277777777777777,0.0277777777777777
563,0.1055900621118012,0.217391304347826,0.062111801242236,0.0993788819875776,0.0124223602484472
564,0.09375,0.18125,0.0541666666666666,0.0270833333333333,0.0145833333333333
565,0.0949720670391061,0.217877094972067,0.0223463687150838,0.0111731843575419,0.0055865921787709
566,0.0855457227138643,0.2035398230088495,0.0589970501474926,0.0353982300884955,0.0206489675516224
567,0.0719424460431654,0.1762589928057553,0.1079136690647482,0.0107913669064748,0.039568345323741
568,0.0939597315436241,0.2315436241610738,0.023489932885906,0.023489932885906,0.0268456375838926
569,0.1125,0.2541666666666666,0.0375,0.0208333333333333,0.0375
570,0.11,0.195,0.06,0.05,0.065
571,0.1121019108280254,0.1885350318471337,0.0458598726114649,0.0522292993630573,0.0331210191082802
572,0.1093247588424437,0.2057877813504823,0.045016077170418,0.0385852090032154,0.0321543408360128
573,0.0829875518672199,0.1991701244813278,0.0248962655601659,0.0082987551867219,0.0082987551867219
574,0.0973154362416107,0.1845637583892617,0.046979865771812,0.0268456375838926,0.046979865771812
575,0.1438127090301003,0.1672240802675585,0.0535117056856187,0.0501672240802675,0.0735785953177257
576,0.1040268456375839,0.1879194630872483,0.0838926174496644,0.0134228187919463,0.0100671140939597
577,0.084870848708487,0.2435424354243542,0.025830258302583,0.018450184501845,0.018450184501845
578,0.1181434599156118,0.1729957805907173,0.0253164556962025,0.0168776371308016,0.0295358649789029
579,0.0821917808219178,0.1780821917808219,0.0547945205479452,0.0,0.0
580,0.078590785907859,0.2140921409214092,0.078590785907859,0.024390243902439,0.037940379403794
581,0.1108033240997229,0.185595567867036,0.0554016620498614,0.0443213296398892,0.038781163434903
582,0.0769230769230769,0.282051282051282,0.0128205128205128,0.0,0.0384615384615384
583,0.057471264367816,0.2030651340996168,0.0804597701149425,0.0153256704980842,0.0114942528735632
584,0.1151919866444073,0.1702838063439065,0.0484140233722871,0.0417362270450751,0.0400667779632721
585,0.1305841924398625,0.1958762886597938,0.0481099656357388,0.0137457044673539,0.0309278350515463
586,0.1302325581395348,0.2441860465116279,0.0186046511627906,0.0325581395348837,0.0372093023255813
587,0.075,0.2035714285714285,0.0571428571428571,0.0464285714285714,0.0464285714285714
588,0.1173184357541899,0.2011173184357542,0.1117318435754189,0.0335195530726257,0.0502793296089385
589,0.1081081081081081,0.1756756756756756,0.0135135135135135,0.0135135135135135,0.0405405405405405
590,0.0735785953177257,0.1939799331103679,0.0668896321070234,0.0267558528428093,0.0267558528428093
591,0.1037891268533772,0.2421746293245469,0.0708401976935749,0.0230642504118616,0.0345963756177924
592,0.0785340314136125,0.3193717277486911,0.0366492146596858,0.0209424083769633,0.0209424083769633
593,0.1179245283018868,0.2216981132075471,0.0471698113207547,0.0188679245283018,0.0377358490566037
594,0.1144945188794153,0.2326431181485992,0.0548112058465286,0.0475030450669914,0.0316686967113276
595,0.1531914893617021,0.1787234042553191,0.0595744680851063,0.051063829787234,0.025531914893617
596,0.1065375302663438,0.1767554479418886,0.0629539951573849,0.0629539951573849,0.0484261501210653
597,0.080091533180778,0.1967963386727688,0.0411899313501144,0.0434782608695652,0.022883295194508
598,0.0838323353293413,0.1676646706586826,0.1137724550898203,0.0359281437125748,0.0239520958083832
599,0.0930232558139534,0.2325581395348837,0.0930232558139534,0.0232558139534883,0.0465116279069767
600,0.2155688622754491,0.1377245508982036,0.0119760479041916,0.0119760479041916,0.1017964071856287
601,0.2058823529411764,0.2058823529411764,0.0294117647058823,0.0588235294117647,0.0294117647058823
602,0.1024590163934426,0.2663934426229508,0.0327868852459016,0.0163934426229508,0.0286885245901639
603,0.0739549839228295,0.2057877813504823,0.0836012861736334,0.022508038585209,0.0064308681672025
604,0.096875,0.2359375,0.046875,0.0078125,0.01875
605,0.0657894736842105,0.2763157894736842,0.0131578947368421,0.0,0.0131578947368421
606,0.0983050847457627,0.2440677966101695,0.0372881355932203,0.0101694915254237,0.0169491525423728
607,0.0945273631840796,0.2139303482587064,0.0796019900497512,0.0199004975124378,0.0199004975124378
608,0.0990990990990991,0.1891891891891892,0.09009009009009,0.027027027027027,0.018018018018018
609,0.110091743119266,0.2087155963302752,0.0688073394495412,0.0389908256880734,0.036697247706422
610,0.1270801815431164,0.2027231467473525,0.048411497730711,0.0272314674735249,0.0332829046898638
611,0.0980392156862745,0.1904761904761904,0.0308123249299719,0.0392156862745098,0.0476190476190476
612,0.1150442477876106,0.1504424778761062,0.0707964601769911,0.0973451327433628,0.0353982300884955
613,0.072463768115942,0.2065217391304347,0.0760869565217391,0.0144927536231884,0.0036231884057971
614,0.1566820276497695,0.1612903225806451,0.0460829493087557,0.0414746543778801,0.0368663594470046
615,0.1032258064516129,0.1838709677419354,0.0290322580645161,0.0258064516129032,0.0258064516129032
616,0.1141868512110726,0.2076124567474048,0.0726643598615917,0.0276816608996539,0.0276816608996539
617,0.0966767371601208,0.1933534743202417,0.0906344410876132,0.0634441087613293,0.0604229607250755
618,0.0743801652892562,0.2809917355371901,0.0661157024793388,0.0330578512396694,0.024793388429752
619,0.0782312925170068,0.1700680272108843,0.064625850340136,0.064625850340136,0.0544217687074829
620,0.0711111111111111,0.2577777777777778,0.0711111111111111,0.0133333333333333,0.0355555555555555
621,0.085,0.205,0.055,0.055,0.0
622,0.1098039215686274,0.1607843137254902,0.0627450980392156,0.0274509803921568,0.0392156862745098
623,0.1161048689138576,0.2284644194756554,0.048689138576779,0.0074906367041198,0.0149812734082397
624,0.1212121212121212,0.2424242424242424,0.0303030303030303,0.0404040404040404,0.0707070707070707
625,0.1224489795918367,0.2186588921282798,0.0495626822157434,0.0845481049562682,0.0670553935860058
626,0.1062618595825427,0.2182163187855787,0.0512333965844402,0.0132827324478178,0.0341555977229601
627,0.0916666666666666,0.2222222222222222,0.0527777777777777,0.0472222222222222,0.0555555555555555
628,0.0797101449275362,0.2318840579710145,0.0398550724637681,0.0144927536231884,0.0326086956521739
629,0.1025641025641025,0.1948717948717948,0.041025641025641,0.0205128205128205,0.0358974358974358
630,0.1288343558282208,0.1963190184049079,0.0429447852760736,0.0122699386503067,0.0368098159509202
631,0.0973597359735973,0.2145214521452145,0.061056105610561,0.0198019801980198,0.0594059405940594
632,0.0858585858585858,0.1363636363636363,0.0606060606060606,0.0303030303030303,0.0353535353535353
633,0.1166666666666666,0.2203703703703703,0.0407407407407407,0.0203703703703703,0.0407407407407407
634,0.1217391304347826,0.2130434782608695,0.0652173913043478,0.0434782608695652,0.0739130434782608
635,0.0932038834951456,0.1572815533980582,0.062135922330097,0.0388349514563106,0.0524271844660194
636,0.054054054054054,0.1486486486486486,0.027027027027027,0.0135135135135135,0.0135135135135135
637,0.0956284153005464,0.2240437158469945,0.0491803278688524,0.0300546448087431,0.0109289617486338
638,0.1133540372670807,0.1645962732919254,0.0434782608695652,0.0496894409937888,0.0667701863354037
639,0.126099706744868,0.2228739002932551,0.0498533724340175,0.0381231671554252,0.0234604105571847
640,0.0790513833992094,0.3201581027667984,0.0355731225296442,0.0079051383399209,0.0118577075098814
641,0.0735294117647058,0.2205882352941176,0.0514705882352941,0.0367647058823529,0.0147058823529411
642,0.090625,0.196875,0.053125,0.040625,0.025
643,0.1282051282051282,0.2115384615384615,0.0608974358974358,0.0416666666666666,0.0032051282051282
644,0.1139240506329113,0.240506329113924,0.050632911392405,0.0,0.0126582278481012
645,0.1296992481203007,0.212406015037594,0.0413533834586466,0.037593984962406,0.0281954887218045
646,0.1352459016393442,0.2008196721311475,0.0286885245901639,0.040983606557377,0.081967213114754
647,0.0906801007556675,0.1511335012594458,0.0478589420654911,0.0453400503778337,0.0629722921914357
648,0.1038062283737024,0.2249134948096885,0.0415224913494809,0.0207612456747404,0.0207612456747404
649,0.1203703703703703,0.162037037037037,0.0555555555555555,0.0324074074074074,0.037037037037037
650,0.2,0.4,0.1333333333333333,0.0,0.0
651,0.1070234113712374,0.2274247491638795,0.0167224080267558,0.0167224080267558,0.0267558528428093
652,0.1108108108108108,0.2378378378378378,0.0648648648648648,0.0432432432432432,0.0351351351351351
653,0.1304347826086956,0.2695652173913043,0.0521739130434782,0.008695652173913,0.0260869565217391
654,0.0869565217391304,0.2422360248447205,0.0559006211180124,0.0186335403726708,0.0
655,0.0903954802259887,0.1807909604519774,0.0621468926553672,0.03954802259887,0.03954802259887
656,0.125,0.225,0.04375,0.025,0.03125
657,0.1072164948453608,0.1876288659793814,0.0309278350515463,0.0432989690721649,0.0206185567010309
658,0.0899470899470899,0.2063492063492063,0.037037037037037,0.0052910052910052,0.0317460317460317
659,0.0876712328767123,0.2054794520547945,0.0520547945205479,0.0383561643835616,0.0410958904109589
660,0.1318681318681318,0.2197802197802197,0.0549450549450549,0.0219780219780219,0.0659340659340659
661,0.1018518518518518,0.2222222222222222,0.0601851851851851,0.0277777777777777,0.0231481481481481
662,0.0898203592814371,0.2155688622754491,0.0838323353293413,0.0449101796407185,0.0149700598802395
663,0.096,0.228,0.032,0.04,0.016
664,0.1258741258741259,0.1958041958041958,0.0069930069930069,0.0209790209790209,0.0559440559440559
665,0.0744920993227991,0.2031602708803611,0.0948081264108352,0.0632054176072234,0.0519187358916478
666,0.1232876712328767,0.2009132420091324,0.0684931506849315,0.0365296803652968,0.0091324200913242
667,0.1278688524590163,0.2196721311475409,0.0557377049180327,0.0426229508196721,0.0262295081967213
668,0.1021671826625387,0.2043343653250774,0.1083591331269349,0.0495356037151702,0.0371517027863777
669,0.0849673202614379,0.2254901960784313,0.0697167755991285,0.0326797385620915,0.0359477124183006
670,0.1059602649006622,0.2516556291390728,0.0264900662251655,0.0132450331125827,0.0198675496688741
671,0.0851648351648351,0.2252747252747252,0.0521978021978022,0.0109890109890109,0.0082417582417582
672,0.0678571428571428,0.2357142857142857,0.05,0.0464285714285714,0.0178571428571428
673,0.1229508196721311,0.2090163934426229,0.0614754098360655,0.0327868852459016,0.0368852459016393
674,0.0655430711610486,0.2116104868913857,0.0655430711610486,0.0205992509363295,0.0224719101123595
675,0.1526717557251908,0.2213740458015267,0.0114503816793893,0.0305343511450381,0.0534351145038167
676,0.1129707112970711,0.205020920502092,0.0502092050209205,0.0460251046025104,0.0292887029288702
677,0.1020408163265306,0.2091836734693877,0.0663265306122449,0.0459183673469387,0.0357142857142857
678,0.1029411764705882,0.2279411764705882,0.0367647058823529,0.0147058823529411,0.0073529411764705
679,0.0893854748603352,0.1620111731843575,0.0670391061452514,0.0167597765363128,0.0055865921787709
680,0.1124031007751938,0.1976744186046511,0.0465116279069767,0.0348837209302325,0.0348837209302325
681,0.0532544378698224,0.2544378698224852,0.059171597633136,0.0118343195266272,0.0177514792899408
682,0.09375,0.25,0.04375,0.025,0.0125
683,0.1220930232558139,0.2093023255813953,0.0465116279069767,0.0116279069767441,0.0174418604651162
684,0.0972972972972973,0.2054054054054054,0.0756756756756756,0.027027027027027,0.0324324324324324
685,0.1138888888888888,0.1527777777777778,0.0555555555555555,0.05,0.0361111111111111
686,0.09375,0.21875,0.0078125,0.0078125,0.0234375
687,0.0961538461538461,0.2163461538461538,0.0673076923076923,0.0144230769230769,0.0456730769230769
688,0.10625,0.19375,0.075,0.0125,0.01875
689,0.0909090909090909,0.1888111888111888,0.0419580419580419,0.0279720279720279,0.0489510489510489
690,0.0350877192982456,0.2543859649122807,0.0614035087719298,0.0263157894736842,0.0087719298245614
691,0.0753424657534246,0.1952054794520548,0.0376712328767123,0.023972602739726,0.0445205479452054
692,0.0815047021943573,0.2163009404388714,0.0470219435736677,0.0376175548589341,0.0219435736677116
693,0.1004566210045662,0.1780821917808219,0.0182648401826484,0.0547945205479452,0.0136986301369863
694,0.0839160839160839,0.1993006993006993,0.0734265734265734,0.0069930069930069,0.0104895104895104
695,0.0989583333333333,0.1979166666666666,0.0729166666666666,0.015625,0.0052083333333333
696,0.0867768595041322,0.2479338842975206,0.0289256198347107,0.0082644628099173,0.0165289256198347
698,0.0931372549019607,0.2156862745098039,0.0588235294117647,0.0196078431372549,0.0294117647058823
699,0.073170731707317,0.2398373983739837,0.0691056910569105,0.032520325203252,0.0365853658536585
700,0.0881057268722467,0.1938325991189427,0.026431718061674,0.013215859030837,0.0176211453744493
701,0.1241830065359477,0.2287581699346405,0.0261437908496732,0.0326797385620915,0.0130718954248366
702,0.1201923076923077,0.1490384615384615,0.0625,0.0288461538461538,0.0384615384615384
703,0.0954545454545454,0.2727272727272727,0.0454545454545454,0.0136363636363636,0.0227272727272727
704,0.1035598705501618,0.2297734627831715,0.0258899676375404,0.0161812297734627,0.0420711974110032
705,0.0952380952380952,0.2666666666666666,0.0571428571428571,0.0095238095238095,0.0285714285714285
706,0.0699774266365688,0.1636568848758465,0.0485327313769751,0.0316027088036117,0.0259593679458239
707,0.1108179419525065,0.20844327176781,0.0633245382585752,0.021108179419525,0.050131926121372
708,0.0588235294117647,0.2058823529411764,0.0941176470588235,0.0352941176470588,0.0235294117647058
709,0.0630914826498422,0.2018927444794952,0.0725552050473186,0.0473186119873817,0.0189274447949526
710,0.0933014354066985,0.2224880382775119,0.0741626794258373,0.0191387559808612,0.0478468899521531
711,0.1121495327102803,0.205607476635514,0.0373831775700934,0.0373831775700934,0.0373831775700934
712,0.1104651162790697,0.2558139534883721,0.0116279069767441,0.0174418604651162,0.0174418604651162
713,0.1117021276595744,0.1914893617021276,0.0585106382978723,0.0851063829787234,0.026595744680851
714,0.0803858520900321,0.2186495176848874,0.0578778135048231,0.0385852090032154,0.0128617363344051
715,0.0727272727272727,0.2318181818181818,0.0863636363636363,0.0272727272727272,0.0045454545454545
716,0.1105263157894736,0.1947368421052631,0.0473684210526315,0.0421052631578947,0.0157894736842105
717,0.1020408163265306,0.1564625850340136,0.0793650793650793,0.0362811791383219,0.0340136054421768
718,0.0923076923076923,0.1846153846153846,0.0846153846153846,0.0384615384615384,0.0384615384615384
719,0.1065573770491803,0.1885245901639344,0.0573770491803278,0.0327868852459016,0.0368852459016393
720,0.0957746478873239,0.1746478873239436,0.0591549295774647,0.0366197183098591,0.0169014084507042
721,0.0911270983213429,0.2014388489208633,0.0599520383693045,0.026378896882494,0.0239808153477218
722,0.112781954887218,0.2631578947368421,0.0827067669172932,0.0075187969924812,0.0
723,0.0820668693009118,0.2340425531914893,0.0790273556231003,0.0151975683890577,0.0212765957446808
724,0.099502487562189,0.1741293532338308,0.044776119402985,0.0348258706467661,0.0298507462686567
725,0.0888888888888888,0.174074074074074,0.0407407407407407,0.037037037037037,0.0074074074074074
726,0.073394495412844,0.2247706422018348,0.0412844036697247,0.0137614678899082,0.0091743119266055
727,0.0743243243243243,0.2364864864864864,0.0743243243243243,0.0405405405405405,0.027027027027027
728,0.066066066066066,0.2252252252252252,0.069069069069069,0.051051051051051,0.033033033033033
729,0.0826666666666666,0.2026666666666666,0.0826666666666666,0.04,0.0386666666666666
730,0.0676328502415458,0.2222222222222222,0.0338164251207729,0.0144927536231884,0.0241545893719806
731,0.0935162094763092,0.1458852867830423,0.0286783042394014,0.0336658354114713,0.0461346633416458
732,0.1329923273657289,0.2301790281329923,0.0485933503836317,0.0332480818414322,0.0409207161125319
733,0.12,0.24,0.05,0.02,0.055
734,0.1098591549295774,0.1577464788732394,0.0394366197183098,0.028169014084507,0.0169014084507042
735,0.1304347826086956,0.2097186700767263,0.0358056265984654,0.0460358056265984,0.0281329923273657
736,0.073076923076923,0.1961538461538461,0.0615384615384615,0.0346153846153846,0.0115384615384615
737,0.0867469879518072,0.1975903614457831,0.0457831325301204,0.0433734939759036,0.0409638554216867
738,0.0855018587360594,0.1784386617100371,0.0557620817843866,0.0297397769516728,0.037174721189591
739,0.0761421319796954,0.248730964467005,0.0253807106598984,0.0203045685279187,0.015228426395939
740,0.0966386554621848,0.2016806722689075,0.042016806722689,0.0378151260504201,0.0084033613445378
741,0.0698198198198198,0.1599099099099099,0.1148648648648648,0.063063063063063,0.0337837837837837
742,0.0869565217391304,0.1987577639751552,0.0559006211180124,0.0124223602484472,0.0186335403726708
743,0.1328125,0.265625,0.0390625,0.0390625,0.03125
744,0.1420765027322404,0.1530054644808743,0.0382513661202185,0.0382513661202185,0.0382513661202185
745,0.0817120622568093,0.2023346303501945,0.1011673151750972,0.0116731517509727,0.0077821011673151
746,0.1130434782608695,0.1782608695652174,0.0478260869565217,0.0521739130434782,0.0565217391304347
747,0.096,0.176,0.024,0.048,0.048
748,0.0829145728643216,0.1959798994974874,0.0402010050251256,0.0201005025125628,0.0201005025125628
749,0.0698689956331877,0.2096069868995633,0.0349344978165938,0.0131004366812227,0.0043668122270742
750,0.1030640668523676,0.1866295264623955,0.0779944289693593,0.0417827298050139,0.0306406685236768
751,0.0807017543859649,0.2280701754385964,0.0807017543859649,0.031578947368421,0.0175438596491228
752,0.073170731707317,0.2276422764227642,0.016260162601626,0.016260162601626,0.032520325203252
753,0.10062893081761,0.1761006289308176,0.0566037735849056,0.050314465408805,0.0220125786163522
754,0.1011608623548922,0.1824212271973466,0.0646766169154228,0.0232172470978441,0.0199004975124378
755,0.1222222222222222,0.2333333333333333,0.0555555555555555,0.0,0.0
756,0.0957446808510638,0.1835106382978723,0.0691489361702127,0.0186170212765957,0.0212765957446808
757,0.0791788856304985,0.1818181818181818,0.0439882697947214,0.0527859237536656,0.0439882697947214
758,0.0883116883116883,0.1896103896103896,0.0363636363636363,0.0155844155844155,0.0519480519480519
759,0.1067285382830626,0.2459396751740139,0.0208816705336426,0.0301624129930394,0.0394431554524361
760,0.0989010989010989,0.1978021978021978,0.0439560439560439,0.0329670329670329,0.0
761,0.0677083333333333,0.1979166666666666,0.0520833333333333,0.0104166666666666,0.0260416666666666
762,0.1111111111111111,0.1777777777777777,0.074074074074074,0.0222222222222222,0.0296296296296296
763,0.0944881889763779,0.1653543307086614,0.0629921259842519,0.0078740157480314,0.0236220472440944
764,0.1129032258064516,0.2225806451612903,0.032258064516129,0.0354838709677419,0.0258064516129032
765,0.0849056603773584,0.2358490566037736,0.0188679245283018,0.0188679245283018,0.0235849056603773
766,0.0969696969696969,0.1878787878787878,0.0363636363636363,0.0121212121212121,0.0121212121212121
767,0.0730593607305936,0.1872146118721461,0.0821917808219178,0.0639269406392694,0.0410958904109589
768,0.1150442477876106,0.2123893805309734,0.0088495575221238,0.0221238938053097,0.0265486725663716
769,0.0757575757575757,0.2121212121212121,0.0606060606060606,0.0151515151515151,0.0151515151515151
770,0.1409090909090909,0.1454545454545454,0.0363636363636363,0.0227272727272727,0.0272727272727272
771,0.0588235294117647,0.25,0.0,0.0147058823529411,0.0294117647058823
772,0.0714285714285714,0.2244897959183673,0.0510204081632653,0.010204081632653,0.0510204081632653
773,0.0831099195710455,0.1903485254691689,0.0857908847184986,0.0294906166219839,0.0214477211796246
774,0.1300448430493273,0.1524663677130044,0.0358744394618834,0.0538116591928251,0.0627802690582959
775,0.1111111111111111,0.1388888888888889,0.0625,0.0208333333333333,0.0208333333333333
776,0.1407407407407407,0.2296296296296296,0.0,0.0296296296296296,0.0296296296296296
777,0.0564516129032258,0.1854838709677419,0.0241935483870967,0.0241935483870967,0.0080645161290322
778,0.1055555555555555,0.1777777777777777,0.0,0.0333333333333333,0.0277777777777777
779,0.0617977528089887,0.1797752808988764,0.0337078651685393,0.0337078651685393,0.0112359550561797
780,0.1074074074074074,0.2111111111111111,0.0592592592592592,0.0148148148148148,0.0518518518518518
781,0.1074561403508772,0.1732456140350877,0.0679824561403508,0.0328947368421052,0.0087719298245614
782,0.125,0.175,0.065,0.015,0.02
783,0.1210191082802547,0.1656050955414012,0.0828025477707006,0.0318471337579617,0.1146496815286624
784,0.0976744186046511,0.1860465116279069,0.0093023255813953,0.0093023255813953,0.027906976744186
785,0.1137123745819397,0.1939799331103679,0.0903010033444816,0.020066889632107,0.0267558528428093
786,0.0847457627118644,0.1977401129943503,0.0451977401129943,0.03954802259887,0.0338983050847457
787,0.1048387096774193,0.2580645161290322,0.0725806451612903,0.0,0.0241935483870967
788,0.0833333333333333,0.2083333333333333,0.0,0.0416666666666666,0.0
789,0.0654205607476635,0.1775700934579439,0.0186915887850467,0.0186915887850467,0.02803738317757
790,0.0784313725490196,0.1764705882352941,0.0065359477124183,0.0130718954248366,0.0326797385620915
791,0.1266375545851528,0.1790393013100436,0.0043668122270742,0.0174672489082969,0.0436681222707423
792,0.1463414634146341,0.2357723577235772,0.056910569105691,0.048780487804878,0.040650406504065
793,0.0966981132075471,0.1650943396226415,0.0542452830188679,0.0330188679245283,0.0542452830188679
794,0.0588235294117647,0.1711229946524064,0.0481283422459893,0.0106951871657754,0.0320855614973262
795,0.077490774907749,0.2066420664206642,0.062730627306273,0.025830258302583,0.018450184501845
796,0.1101694915254237,0.1567796610169491,0.0889830508474576,0.0338983050847457,0.0211864406779661
797,0.0950226244343891,0.1764705882352941,0.0950226244343891,0.0226244343891402,0.0090497737556561
798,0.1098901098901098,0.2234432234432234,0.0146520146520146,0.0439560439560439,0.0329670329670329
799,0.0403225806451612,0.1451612903225806,0.0403225806451612,0.0,0.0161290322580645
800,0.078125,0.1953125,0.0625,0.046875,0.0234375
801,0.1023255813953488,0.1674418604651162,0.0232558139534883,0.0511627906976744,0.0232558139534883
802,0.1009174311926605,0.2110091743119266,0.0458715596330275,0.0091743119266055,0.0275229357798165
803,0.1091954022988505,0.2126436781609195,0.028735632183908,0.0172413793103448,0.0459770114942528
804,0.106060606060606,0.1931818181818181,0.0909090909090909,0.0151515151515151,0.0151515151515151
805,0.0625,0.2395833333333333,0.0208333333333333,0.0,0.0208333333333333
806,0.1026785714285714,0.1919642857142857,0.03125,0.0178571428571428,0.0223214285714285
807,0.100502512562814,0.2211055276381909,0.0603015075376884,0.050251256281407,0.050251256281407
808,0.0931506849315068,0.2,0.0684931506849315,0.0328767123287671,0.0136986301369863
809,0.0847457627118644,0.2372881355932203,0.0508474576271186,0.0508474576271186,0.0169491525423728
810,0.1322314049586777,0.1652892561983471,0.0578512396694214,0.0909090909090909,0.0495867768595041
811,0.1055555555555555,0.2111111111111111,0.0583333333333333,0.0222222222222222,0.0305555555555555
812,0.0615384615384615,0.2653846153846154,0.0615384615384615,0.0038461538461538,0.0153846153846153
813,0.0909090909090909,0.2272727272727272,0.0454545454545454,0.0363636363636363,0.0
814,0.0933852140077821,0.2178988326848249,0.0700389105058365,0.0350194552529182,0.0077821011673151
815,0.1294964028776978,0.1438848920863309,0.0071942446043165,0.014388489208633,0.0071942446043165
816,0.1217391304347826,0.217391304347826,0.0434782608695652,0.0434782608695652,0.0260869565217391
817,0.0961538461538461,0.1987179487179487,0.0448717948717948,0.0352564102564102,0.0416666666666666
818,0.1063829787234042,0.1914893617021276,0.0446808510638297,0.051063829787234,0.0489361702127659
819,0.087719298245614,0.2105263157894736,0.0,0.0,0.0263157894736842
820,0.0870786516853932,0.1853932584269663,0.0674157303370786,0.0308988764044943,0.0421348314606741
821,0.1186440677966101,0.1949152542372881,0.0338983050847457,0.0254237288135593,0.0423728813559322
822,0.0909090909090909,0.2196969696969697,0.0757575757575757,0.0075757575757575,0.0075757575757575
823,0.1,0.1714285714285714,0.0333333333333333,0.0238095238095238,0.0142857142857142
824,0.081081081081081,0.1891891891891892,0.081081081081081,0.009009009009009,0.045045045045045
825,0.0825082508250825,0.2046204620462046,0.0693069306930693,0.0363036303630363,0.0396039603960396
826,0.1048951048951049,0.2027972027972027,0.0349650349650349,0.0349650349650349,0.0139860139860139
827,0.1103896103896103,0.1590909090909091,0.1006493506493506,0.0259740259740259,0.0097402597402597
828,0.0838509316770186,0.2049689440993788,0.1024844720496894,0.0186335403726708,0.015527950310559
829,0.1041095890410958,0.1945205479452054,0.0767123287671232,0.0301369863013698,0.0191780821917808
830,0.2048192771084337,0.180722891566265,0.0481927710843373,0.0602409638554216,0.072289156626506
831,0.1146953405017921,0.2258064516129032,0.046594982078853,0.021505376344086,0.046594982078853
832,0.1056910569105691,0.1747967479674796,0.048780487804878,0.0365853658536585,0.0691056910569105
833,0.074074074074074,0.1957671957671957,0.0476190476190476,0.0105820105820105,0.0158730158730158
834,0.1192660550458715,0.2477064220183486,0.018348623853211,0.018348623853211,0.0275229357798165
835,0.1007067137809187,0.1713780918727915,0.0565371024734982,0.0229681978798586,0.0318021201413427
836,0.0863930885529157,0.1598272138228941,0.0583153347732181,0.0453563714902807,0.0345572354211663
837,0.0978723404255319,0.2382978723404255,0.0340425531914893,0.0297872340425531,0.0297872340425531
838,0.1132686084142394,0.2006472491909385,0.0679611650485436,0.0097087378640776,0.0064724919093851
839,0.1161048689138576,0.1760299625468165,0.0674157303370786,0.0262172284644194,0.0411985018726591
840,0.0905349794238683,0.2181069958847736,0.0823045267489712,0.0082304526748971,0.0205761316872428
841,0.0818181818181818,0.2545454545454545,0.0181818181818181,0.0,0.0454545454545454
842,0.0961538461538461,0.2884615384615384,0.0192307692307692,0.0192307692307692,0.0192307692307692
843,0.119047619047619,0.1984126984126984,0.0317460317460317,0.0238095238095238,0.0
844,0.0495049504950495,0.1881188118811881,0.0,0.0,0.0198019801980198
845,0.0717131474103585,0.2151394422310757,0.0677290836653386,0.0119521912350597,0.0239043824701195
846,0.1033210332103321,0.1808118081180811,0.03690036900369,0.0239852398523985,0.040590405904059
847,0.1256038647342995,0.1739130434782608,0.0676328502415458,0.0483091787439613,0.038647342995169
848,0.1313868613138686,0.1423357664233576,0.0693430656934306,0.0583941605839416,0.0291970802919708
849,0.1255605381165919,0.2152466367713004,0.0403587443946188,0.0089686098654708,0.0179372197309417
850,0.0871794871794871,0.2153846153846154,0.1179487179487179,0.0205128205128205,0.0205128205128205
851,0.0828025477707006,0.197452229299363,0.0828025477707006,0.0,0.0127388535031847
852,0.0827586206896551,0.1793103448275862,0.0689655172413793,0.0482758620689655,0.0137931034482758
853,0.0833333333333333,0.1747311827956989,0.086021505376344,0.0510752688172043,0.0161290322580645
854,0.128099173553719,0.1611570247933884,0.0619834710743801,0.0371900826446281,0.0330578512396694
855,0.1288343558282208,0.1963190184049079,0.0061349693251533,0.0122699386503067,0.0184049079754601
856,0.0643274853801169,0.1871345029239766,0.0350877192982456,0.0058479532163742,0.0058479532163742
857,0.1285714285714285,0.1714285714285714,0.0571428571428571,0.0285714285714285,0.0142857142857142
858,0.1324324324324324,0.1864864864864865,0.0405405405405405,0.0378378378378378,0.0621621621621621
859,0.1267605633802817,0.2183098591549295,0.0211267605633802,0.028169014084507,0.0422535211267605
860,0.0773480662983425,0.1878453038674033,0.0220994475138121,0.005524861878453,0.011049723756906
861,0.0962343096234309,0.2259414225941422,0.0794979079497908,0.0292887029288702,0.0334728033472803
862,0.0939226519337016,0.1767955801104972,0.0939226519337016,0.0497237569060773,0.0718232044198895
863,0.101063829787234,0.1808510638297872,0.0425531914893617,0.0478723404255319,0.0425531914893617
864,0.101010101010101,0.2474747474747475,0.0909090909090909,0.0202020202020202,0.0252525252525252
865,0.0909090909090909,0.1704545454545454,0.0056818181818181,0.0113636363636363,0.0227272727272727
866,0.108,0.208,0.02,0.024,0.028
867,0.075,0.18125,0.05,0.0625,0.01875
868,0.0959595959595959,0.1616161616161616,0.0353535353535353,0.0505050505050505,0.0303030303030303
869,0.125,0.2112068965517241,0.0043103448275862,0.0258620689655172,0.0732758620689655
870,0.0679012345679012,0.2098765432098765,0.0308641975308641,0.0,0.0308641975308641
871,0.0849673202614379,0.2026143790849673,0.0555555555555555,0.0326797385620915,0.0261437908496732
872,0.065359477124183,0.1830065359477124,0.0196078431372549,0.0065359477124183,0.0326797385620915
873,0.1777777777777777,0.1777777777777777,0.0555555555555555,0.0333333333333333,0.0222222222222222
874,0.0790273556231003,0.1914893617021276,0.060790273556231,0.0364741641337386,0.0425531914893617
875,0.0929203539823008,0.2389380530973451,0.0398230088495575,0.0221238938053097,0.0088495575221238
876,0.1077348066298342,0.1933701657458563,0.0497237569060773,0.0303867403314917,0.0414364640883977
877,0.0807453416149068,0.2049689440993788,0.0993788819875776,0.031055900621118,0.0124223602484472
878,0.0866666666666666,0.2133333333333333,0.0133333333333333,0.04,0.04
879,0.0887850467289719,0.2242990654205607,0.0654205607476635,0.0373831775700934,0.0186915887850467
880,0.0797101449275362,0.1739130434782608,0.072463768115942,0.0,0.0144927536231884
881,0.052863436123348,0.2334801762114537,0.0308370044052863,0.0220264317180616,0.013215859030837
882,0.1219512195121951,0.1585365853658536,0.024390243902439,0.0,0.0121951219512195
883,0.0878378378378378,0.2567567567567567,0.0405405405405405,0.0202702702702702,0.0337837837837837
884,0.0689655172413793,0.1724137931034483,0.0344827586206896,0.0344827586206896,0.0344827586206896
885,0.1133004926108374,0.1954022988505747,0.0279146141215106,0.0525451559934318,0.0443349753694581
886,0.0560747663551401,0.2429906542056074,0.0373831775700934,0.0,0.0467289719626168
887,0.0833333333333333,0.2083333333333333,0.05,0.0333333333333333,0.05
888,0.0889679715302491,0.1779359430604982,0.0427046263345195,0.0213523131672597,0.0249110320284697
889,0.0905172413793103,0.2047413793103448,0.043103448275862,0.043103448275862,0.0172413793103448
890,0.1034482758620689,0.2482758620689655,0.0620689655172413,0.0413793103448275,0.0413793103448275
891,0.0717299578059071,0.2362869198312236,0.0253164556962025,0.0337552742616033,0.0295358649789029
892,0.0880503144654088,0.1886792452830188,0.0440251572327044,0.0251572327044025,0.0188679245283018
893,0.1096774193548387,0.2129032258064516,0.0451612903225806,0.0709677419354838,0.0064516129032258
894,0.0881057268722467,0.2599118942731278,0.026431718061674,0.013215859030837,0.026431718061674
895,0.117391304347826,0.1913043478260869,0.0478260869565217,0.0652173913043478,0.1
896,0.1111111111111111,0.1717171717171717,0.0202020202020202,0.0202020202020202,0.0404040404040404
897,0.0839002267573696,0.2335600907029478,0.0498866213151927,0.0589569160997732,0.0181405895691609
898,0.0995850622406639,0.1991701244813278,0.0456431535269709,0.0414937759336099,0.0788381742738589
899,0.1254901960784313,0.196078431372549,0.0196078431372549,0.0156862745098039,0.0392156862745098
900,0.0903954802259887,0.2005649717514124,0.0819209039548022,0.019774011299435,0.019774011299435
901,0.088235294117647,0.2941176470588235,0.0,0.0,0.0
902,0.1138888888888888,0.2472222222222222,0.0805555555555555,0.0138888888888888,0.0138888888888888
903,0.1203007518796992,0.1917293233082706,0.0507518796992481,0.0601503759398496,0.0432330827067669
904,0.1161616161616161,0.2171717171717171,0.0757575757575757,0.0353535353535353,0.0454545454545454
905,0.146788990825688,0.1880733944954128,0.0275229357798165,0.0321100917431192,0.0504587155963302
906,0.0654205607476635,0.2429906542056074,0.0841121495327102,0.0560747663551401,0.02803738317757
907,0.1474895397489539,0.1987447698744769,0.0690376569037656,0.053347280334728,0.0470711297071129
908,0.1296928327645051,0.167235494880546,0.0477815699658703,0.0409556313993174,0.0887372013651877
909,0.0982142857142857,0.1785714285714285,0.0089285714285714,0.0089285714285714,0.0178571428571428
910,0.0989583333333333,0.1822916666666666,0.015625,0.0260416666666666,0.046875
911,0.06,0.24,0.06,0.0,0.02
912,0.1256038647342995,0.2222222222222222,0.0869565217391304,0.0434782608695652,0.0241545893719806
913,0.099502487562189,0.2537313432835821,0.0497512437810945,0.0248756218905472,0.0348258706467661
914,0.0945945945945946,0.2128378378378378,0.0236486486486486,0.0236486486486486,0.0337837837837837
915,0.1159420289855072,0.1739130434782608,0.038647342995169,0.0676328502415458,0.0531400966183574
916,0.1237373737373737,0.2121212121212121,0.0252525252525252,0.0454545454545454,0.0202020202020202
917,0.0762711864406779,0.2288135593220339,0.059322033898305,0.0423728813559322,0.0169491525423728
918,0.09375,0.25,0.075,0.03125,0.03125
919,0.0606060606060606,0.1363636363636363,0.0303030303030303,0.0,0.0454545454545454
920,0.1152542372881356,0.1559322033898305,0.0372881355932203,0.0203389830508474,0.0610169491525423
921,0.073170731707317,0.1890243902439024,0.0304878048780487,0.048780487804878,0.048780487804878
922,0.1048387096774193,0.3064516129032258,0.064516129032258,0.0161290322580645,0.0241935483870967
923,0.1009174311926605,0.2247706422018348,0.0596330275229357,0.0091743119266055,0.0045871559633027
924,0.1142857142857142,0.1904761904761904,0.0428571428571428,0.0285714285714285,0.0428571428571428
925,0.029126213592233,0.233009708737864,0.058252427184466,0.0,0.0
926,0.1058823529411764,0.2235294117647059,0.0705882352941176,0.0117647058823529,0.0117647058823529
927,0.1139489194499017,0.2082514734774067,0.0530451866404715,0.0451866404715127,0.0491159135559921
928,0.0814814814814814,0.1777777777777777,0.0592592592592592,0.0074074074074074,0.037037037037037
929,0.106951871657754,0.2433155080213903,0.0775401069518716,0.0294117647058823,0.0374331550802139
930,0.1428571428571428,0.1836734693877551,0.0,0.0408163265306122,0.0408163265306122
931,0.0984848484848484,0.25,0.0378787878787878,0.0265151515151515,0.034090909090909
932,0.1076604554865424,0.2091097308488612,0.0227743271221532,0.0289855072463768,0.020703933747412
933,0.092378752886836,0.184757505773672,0.0577367205542725,0.0369515011547344,0.0254041570438799
934,0.0733333333333333,0.18,0.0533333333333333,0.0466666666666666,0.0066666666666666
935,0.145985401459854,0.1715328467153284,0.0255474452554744,0.0474452554744525,0.0291970802919708
936,0.0949367088607595,0.2911392405063291,0.0316455696202531,0.0126582278481012,0.0
937,0.1030927835051546,0.2474226804123711,0.0412371134020618,0.0309278350515463,0.0103092783505154
938,0.1228070175438596,0.1842105263157894,0.0701754385964912,0.0263157894736842,0.0087719298245614
939,0.0857142857142857,0.2285714285714285,0.0285714285714285,0.0,0.0
940,0.0670103092783505,0.2061855670103092,0.0670103092783505,0.0360824742268041,0.0103092783505154
941,0.1180124223602484,0.15527950310559,0.1055900621118012,0.031055900621118,0.0248447204968944
942,0.1282051282051282,0.2564102564102564,0.0854700854700854,0.0341880341880341,0.0256410256410256
943,0.094017094017094,0.245014245014245,0.0484330484330484,0.0398860398860398,0.0341880341880341
944,0.1904761904761904,0.1904761904761904,0.0952380952380952,0.0476190476190476,0.0
945,0.0920502092050209,0.2217573221757322,0.0376569037656903,0.0125523012552301,0.0292887029288702
946,0.1360544217687075,0.2108843537414966,0.0136054421768707,0.0272108843537414,0.0136054421768707
947,0.0902255639097744,0.2030075187969924,0.0451127819548872,0.0225563909774436,0.0601503759398496
948,0.0460526315789473,0.1842105263157894,0.0592105263157894,0.0197368421052631,0.0197368421052631
949,0.0985915492957746,0.204225352112676,0.0704225352112676,0.0211267605633802,0.0352112676056338
950,0.0841121495327102,0.1962616822429906,0.0467289719626168,0.0560747663551401,0.0
951,0.0798122065727699,0.2300469483568075,0.0422535211267605,0.028169014084507,0.028169014084507
952,0.081081081081081,0.1576576576576576,0.0765765765765765,0.009009009009009,0.0315315315315315
953,0.1769230769230769,0.2,0.0461538461538461,0.0461538461538461,0.0461538461538461
954,0.0959595959595959,0.2222222222222222,0.0303030303030303,0.0303030303030303,0.0404040404040404
955,0.1156462585034013,0.2607709750566893,0.0657596371882086,0.0362811791383219,0.0226757369614512
956,0.0978260869565217,0.1902173913043478,0.0326086956521739,0.0217391304347826,0.0271739130434782
957,0.0782122905027933,0.1955307262569832,0.0726256983240223,0.0223463687150838,0.0279329608938547
958,0.04,0.28,0.04,0.0,0.0
959,0.0920436817472698,0.2137285491419656,0.0655226209048362,0.0234009360374415,0.0296411856474258
960,0.1184210526315789,0.2039473684210526,0.0263157894736842,0.0394736842105263,0.0526315789473684
961,0.2051282051282051,0.282051282051282,0.0,0.0256410256410256,0.0512820512820512
962,0.0990990990990991,0.2297297297297297,0.036036036036036,0.0225225225225225,0.018018018018018
963,0.0984042553191489,0.2313829787234042,0.0611702127659574,0.0292553191489361,0.0319148936170212
964,0.068,0.28,0.02,0.012,0.008
965,0.088235294117647,0.2235294117647059,0.0588235294117647,0.0352941176470588,0.0411764705882352
966,0.1015228426395939,0.2385786802030456,0.0761421319796954,0.0253807106598984,0.0203045685279187
967,0.0784313725490196,0.196078431372549,0.088235294117647,0.0294117647058823,0.0392156862745098
968,0.0847457627118644,0.211864406779661,0.059322033898305,0.0338983050847457,0.0084745762711864
969,0.1170212765957446,0.2154255319148936,0.0930851063829787,0.0478723404255319,0.0292553191489361
970,0.1165644171779141,0.2453987730061349,0.0736196319018405,0.0306748466257668,0.0368098159509202
971,0.0778443113772455,0.2335329341317365,0.0658682634730539,0.059880239520958,0.0239520958083832
972,0.0774193548387096,0.232258064516129,0.0903225806451612,0.0193548387096774,0.0451612903225806
973,0.1256830601092896,0.180327868852459,0.0491803278688524,0.0109289617486338,0.0273224043715847
974,0.0769230769230769,0.2366863905325443,0.0650887573964497,0.0118343195266272,0.0236686390532544
975,0.1108179419525065,0.1873350923482849,0.0659630606860158,0.0633245382585752,0.050131926121372
976,0.096590909090909,0.2727272727272727,0.0738636363636363,0.0397727272727272,0.0170454545454545
977,0.1123595505617977,0.247191011235955,0.0449438202247191,0.0056179775280898,0.0168539325842696
978,0.15,0.3,0.0,0.0,0.0
979,0.093984962406015,0.1992481203007518,0.0488721804511278,0.0225563909774436,0.0225563909774436
980,0.1644295302013423,0.1543624161073825,0.0369127516778523,0.0369127516778523,0.087248322147651
981,0.0775193798449612,0.1705426356589147,0.0387596899224806,0.0232558139534883,0.0155038759689922
982,0.0789473684210526,0.2236842105263158,0.0460526315789473,0.0592105263157894,0.0197368421052631
983,0.119047619047619,0.1666666666666666,0.0095238095238095,0.0142857142857142,0.0238095238095238
984,0.0756013745704467,0.2027491408934708,0.0756013745704467,0.0309278350515463,0.0137457044673539
985,0.079136690647482,0.158273381294964,0.014388489208633,0.014388489208633,0.0215827338129496
986,0.1610169491525423,0.1991525423728813,0.0169491525423728,0.0338983050847457,0.0466101694915254
987,0.1302521008403361,0.2100840336134453,0.0294117647058823,0.0210084033613445,0.0210084033613445
988,0.1013824884792626,0.2442396313364055,0.0552995391705069,0.0368663594470046,0.0276497695852534
989,0.0887573964497041,0.2011834319526627,0.029585798816568,0.0355029585798816,0.0473372781065088
990,0.1229508196721311,0.2049180327868852,0.040983606557377,0.0,0.0245901639344262
991,0.0851063829787234,0.2375886524822695,0.0390070921985815,0.0567375886524822,0.0390070921985815
992,0.1149425287356321,0.2758620689655172,0.0517241379310344,0.0402298850574712,0.028735632183908
993,0.0760869565217391,0.2282608695652173,0.0652173913043478,0.0108695652173913,0.0108695652173913
994,0.075,0.225,0.0875,0.025,0.0125
995,0.081081081081081,0.227027027027027,0.027027027027027,0.0054054054054054,0.0216216216216216
996,0.1118421052631579,0.2039473684210526,0.006578947368421,0.0263157894736842,0.0197368421052631
997,0.1132686084142394,0.1974110032362459,0.0420711974110032,0.0129449838187702,0.0258899676375404
998,0.1209677419354838,0.1854838709677419,0.0403225806451612,0.0483870967741935,0.0483870967741935
999,0.130879345603272,0.1881390593047034,0.0429447852760736,0.0470347648261758,0.0572597137014314
1000,0.0781010719754977,0.226646248085758,0.0612557427258805,0.0229709035222052,0.0214395099540581
1001,0.0526315789473684,0.1428571428571428,0.037593984962406,0.037593984962406,0.037593984962406
1002,0.0747663551401869,0.1401869158878504,0.0467289719626168,0.02803738317757,0.0093457943925233
1003,0.1,0.1363636363636363,0.0363636363636363,0.0363636363636363,0.0272727272727272
1004,0.0970464135021097,0.1856540084388185,0.080168776371308,0.0379746835443038,0.0464135021097046
1005,0.08,0.22,0.06,0.07,0.04
1006,0.0673076923076923,0.25,0.0336538461538461,0.0048076923076923,0.0096153846153846
1007,0.0974025974025974,0.1948051948051948,0.0519480519480519,0.0259740259740259,0.0292207792207792
1008,0.1208791208791208,0.1923076923076923,0.0384615384615384,0.0219780219780219,0.0329670329670329
1009,0.102803738317757,0.1308411214953271,0.0700934579439252,0.0560747663551401,0.0887850467289719
1010,0.1512605042016806,0.2100840336134453,0.0084033613445378,0.042016806722689,0.0084033613445378
1011,0.1284185493460166,0.1938168846611177,0.0368608799048751,0.0630202140309155,0.070154577883472
1012,0.0900473933649289,0.2085308056872037,0.0331753554502369,0.0142180094786729,0.0142180094786729
1013,0.1428571428571428,0.2352941176470588,0.0504201680672268,0.042016806722689,0.0168067226890756
1014,0.0952380952380952,0.1978021978021978,0.0659340659340659,0.0347985347985348,0.0293040293040293
1015,0.085972850678733,0.167420814479638,0.0361990950226244,0.0361990950226244,0.0452488687782805
1016,0.1156716417910447,0.1529850746268656,0.0261194029850746,0.0335820895522388,0.0597014925373134
1017,0.09,0.23,0.04,0.06,0.02
1018,0.0972222222222222,0.2638888888888889,0.0486111111111111,0.0069444444444444,0.0138888888888888
1019,0.0923076923076923,0.1948717948717948,0.082051282051282,0.0615384615384615,0.0307692307692307
1020,0.0697674418604651,0.2186046511627907,0.0325581395348837,0.0093023255813953,0.0093023255813953
1021,0.0752941176470588,0.1905882352941176,0.0329411764705882,0.0305882352941176,0.0235294117647058
1022,0.1280487804878048,0.1707317073170731,0.0060975609756097,0.0304878048780487,0.048780487804878
1023,0.1008771929824561,0.219298245614035,0.0350877192982456,0.0131578947368421,0.0087719298245614
1024,0.0892857142857142,0.1964285714285714,0.0446428571428571,0.0089285714285714,0.0
1025,0.072289156626506,0.2048192771084337,0.0240963855421686,0.0,0.0
1026,0.1346153846153846,0.2307692307692307,0.0307692307692307,0.0269230769230769,0.05
1027,0.0892857142857142,0.2142857142857142,0.0267857142857142,0.0,0.0535714285714285
1028,0.1063829787234042,0.2127659574468085,0.0496453900709219,0.0212765957446808,0.0354609929078014
1029,0.0660377358490566,0.2264150943396226,0.0283018867924528,0.0094339622641509,0.0
1030,0.0892857142857142,0.1785714285714285,0.0357142857142857,0.0446428571428571,0.0535714285714285
1031,0.1313131313131313,0.1919191919191919,0.0303030303030303,0.0,0.0101010101010101
1032,0.1125827814569536,0.1655629139072847,0.0066225165562913,0.0066225165562913,0.0
1033,0.1172413793103448,0.1724137931034483,0.0551724137931034,0.0275862068965517,0.0551724137931034
1034,0.0896860986547085,0.2062780269058296,0.0179372197309417,0.0224215246636771,0.0448430493273542
1035,0.06,0.26,0.055,0.015,0.025
1036,0.0975609756097561,0.2032520325203252,0.024390243902439,0.008130081300813,0.016260162601626
1037,0.1009771986970684,0.1921824104234527,0.0618892508143322,0.022801302931596,0.0260586319218241
1038,0.0571428571428571,0.2476190476190476,0.0476190476190476,0.0,0.0
1039,0.1066666666666666,0.2466666666666666,0.02,0.0333333333333333,0.0266666666666666
1040,0.0642201834862385,0.2477064220183486,0.0275229357798165,0.018348623853211,0.018348623853211
1041,0.1138211382113821,0.2276422764227642,0.016260162601626,0.024390243902439,0.032520325203252
1042,0.1058823529411764,0.1176470588235294,0.0352941176470588,0.0823529411764705,0.0823529411764705
1043,0.0856031128404669,0.1984435797665369,0.0155642023346303,0.0077821011673151,0.0233463035019455
1044,0.0405405405405405,0.2297297297297297,0.0675675675675675,0.054054054054054,0.0135135135135135
1045,0.0994764397905759,0.2094240837696335,0.0523560209424083,0.0366492146596858,0.0366492146596858
1046,0.0445103857566765,0.2255192878338278,0.0474777448071216,0.0237388724035608,0.029673590504451
1047,0.0765765765765765,0.2207207207207207,0.045045045045045,0.0225225225225225,0.0135135135135135
1048,0.131578947368421,0.1491228070175438,0.043859649122807,0.0,0.0350877192982456
1049,0.1621621621621621,0.1891891891891892,0.018018018018018,0.0,0.045045045045045
1050,0.1096774193548387,0.2064516129032258,0.0258064516129032,0.0258064516129032,0.0129032258064516
1051,0.0862944162436548,0.2182741116751269,0.0253807106598984,0.015228426395939,0.0253807106598984
1052,0.072463768115942,0.1594202898550724,0.0144927536231884,0.0241545893719806,0.0144927536231884
1053,0.0848,0.2144,0.0352,0.0368,0.056
1054,0.0701754385964912,0.2573099415204678,0.0467836257309941,0.0350877192982456,0.0116959064327485
1055,0.1428571428571428,0.238095238095238,0.0714285714285714,0.0238095238095238,0.0357142857142857
1056,0.0890052356020942,0.2041884816753926,0.0261780104712041,0.0418848167539267,0.0418848167539267
1057,0.1217712177121771,0.1955719557195571,0.077490774907749,0.033210332103321,0.03690036900369
1058,0.0833333333333333,0.2083333333333333,0.0416666666666666,0.0208333333333333,0.0208333333333333
1059,0.1203438395415472,0.1747851002865329,0.0601719197707736,0.0487106017191977,0.0687679083094555
1060,0.1103896103896103,0.1948051948051948,0.0259740259740259,0.0194805194805194,0.0194805194805194
1061,0.1002949852507374,0.1976401179941003,0.0619469026548672,0.0589970501474926,0.0353982300884955
1062,0.0774647887323943,0.1830985915492957,0.0211267605633802,0.0633802816901408,0.0211267605633802
1063,0.0796019900497512,0.1840796019900497,0.0497512437810945,0.0398009950248756,0.0149253731343283
1064,0.0578034682080924,0.1965317919075144,0.0751445086705202,0.0289017341040462,0.0173410404624277
1065,0.0721649484536082,0.1546391752577319,0.0206185567010309,0.0463917525773195,0.0
1066,0.1102661596958174,0.2357414448669201,0.0380228136882129,0.0190114068441064,0.0190114068441064
1067,0.1320754716981132,0.2122641509433962,0.0377358490566037,0.0094339622641509,0.0235849056603773
1068,0.1054421768707483,0.1938775510204081,0.0272108843537414,0.0510204081632653,0.0510204081632653
1069,0.16875,0.2,0.01875,0.025,0.05625
1070,0.0476190476190476,0.238095238095238,0.0476190476190476,0.0,0.0
1071,0.1009174311926605,0.2431192660550458,0.0229357798165137,0.0045871559633027,0.0229357798165137
1072,0.1222222222222222,0.174074074074074,0.0444444444444444,0.037037037037037,0.0444444444444444
1073,0.06875,0.2375,0.05625,0.0,0.01875
1074,0.0526315789473684,0.1842105263157894,0.031578947368421,0.0157894736842105,0.0157894736842105
1075,0.1029411764705882,0.2573529411764705,0.025735294117647,0.0294117647058823,0.0330882352941176
1076,0.1132075471698113,0.2452830188679245,0.0377358490566037,0.0377358490566037,0.0094339622641509
1077,0.0705128205128205,0.1891025641025641,0.0416666666666666,0.0416666666666666,0.0192307692307692
1078,0.0709677419354838,0.2129032258064516,0.0580645161290322,0.0129032258064516,0.0
1079,0.0844444444444444,0.2311111111111111,0.0533333333333333,0.0088888888888888,0.0088888888888888
1080,0.0948275862068965,0.1767241379310344,0.0560344827586206,0.043103448275862,0.021551724137931
1081,0.110091743119266,0.1834862385321101,0.036697247706422,0.018348623853211,0.018348623853211
1082,0.15625,0.203125,0.0078125,0.015625,0.03125
1083,0.0934065934065934,0.1813186813186813,0.0549450549450549,0.0329670329670329,0.0604395604395604
1084,0.087378640776699,0.3300970873786408,0.0776699029126213,0.029126213592233,0.029126213592233
1085,0.1402439024390244,0.1524390243902439,0.0121951219512195,0.0304878048780487,0.073170731707317
1086,0.070110701107011,0.2103321033210332,0.047970479704797,0.022140221402214,0.03690036900369
1087,0.1253263707571801,0.1879895561357702,0.0287206266318537,0.052219321148825,0.0391644908616188
1088,0.0948905109489051,0.2408759124087591,0.0145985401459854,0.0,0.0072992700729927
1089,0.0804597701149425,0.2298850574712643,0.028735632183908,0.0057471264367816,0.0057471264367816
1090,0.1277533039647577,0.1938325991189427,0.026431718061674,0.0220264317180616,0.0748898678414096
1091,0.0735294117647058,0.2450980392156862,0.034313725490196,0.0098039215686274,0.0147058823529411
1092,0.0622222222222222,0.2044444444444444,0.0133333333333333,0.0177777777777777,0.0311111111111111
1093,0.073170731707317,0.1951219512195122,0.032520325203252,0.016260162601626,0.016260162601626
1094,0.0737704918032786,0.2622950819672131,0.0,0.0081967213114754,0.0163934426229508
1095,0.1875,0.1875,0.0625,0.0,0.125
1096,0.0886075949367088,0.240506329113924,0.0632911392405063,0.0379746835443038,0.0253164556962025
1097,0.1265306122448979,0.1551020408163265,0.036734693877551,0.0326530612244898,0.0489795918367346
1098,0.12,0.2177777777777777,0.0488888888888888,0.0266666666666666,0.0266666666666666
1099,0.0769230769230769,0.2179487179487179,0.0384615384615384,0.0064102564102564,0.0128205128205128
1100,0.0575539568345323,0.1870503597122302,0.0431654676258992,0.0215827338129496,0.0071942446043165
1101,0.0939597315436241,0.2550335570469799,0.0268456375838926,0.0134228187919463,0.0134228187919463
1102,0.0771513353115727,0.1691394658753709,0.0534124629080118,0.0415430267062314,0.0504451038575667
1103,0.1206896551724138,0.2241379310344827,0.0402298850574712,0.0172413793103448,0.0057471264367816
1104,0.0838323353293413,0.2275449101796407,0.0778443113772455,0.0179640718562874,0.0239520958083832
1105,0.1654135338345864,0.2030075187969924,0.0225563909774436,0.0300751879699248,0.0150375939849624
1106,0.0950570342205323,0.2053231939163498,0.0418250950570342,0.0076045627376425,0.0342205323193916
1107,0.1261261261261261,0.1891891891891892,0.063063063063063,0.027027027027027,0.033033033033033
1108,0.0765765765765765,0.1801801801801801,0.0405405405405405,0.045045045045045,0.0225225225225225
1109,0.1019108280254777,0.2611464968152866,0.0636942675159235,0.0063694267515923,0.0127388535031847
1110,0.0857142857142857,0.2163265306122449,0.0408163265306122,0.0244897959183673,0.0204081632653061
1111,0.0826446280991735,0.1983471074380165,0.024793388429752,0.0578512396694214,0.0082644628099173
1112,0.090014064697609,0.1940928270042194,0.0576652601969057,0.0379746835443038,0.0379746835443038
1113,0.1012145748987854,0.194331983805668,0.020242914979757,0.0242914979757085,0.0121457489878542
1114,0.1322314049586777,0.1735537190082644,0.0661157024793388,0.0330578512396694,0.0495867768595041
1115,0.1037344398340249,0.2053941908713693,0.0311203319502074,0.0248962655601659,0.0228215767634854
1116,0.0857142857142857,0.2063492063492063,0.0253968253968253,0.0349206349206349,0.0349206349206349
1117,0.073170731707317,0.1585365853658536,0.1097560975609756,0.024390243902439,0.024390243902439
1118,0.1062355658198614,0.2009237875288683,0.0669745958429561,0.0392609699769053,0.0508083140877598
1119,0.0714285714285714,0.2142857142857142,0.0535714285714285,0.0178571428571428,0.0446428571428571
1120,0.1036036036036036,0.1891891891891892,0.027027027027027,0.018018018018018,0.027027027027027
1121,0.0580645161290322,0.2645161290322581,0.0451612903225806,0.0258064516129032,0.0064516129032258
1122,0.1276595744680851,0.2127659574468085,0.0106382978723404,0.0212765957446808,0.0106382978723404
1123,0.0962566844919786,0.2513368983957219,0.0588235294117647,0.0213903743315508,0.0160427807486631
1124,0.0973871733966745,0.1995249406175772,0.0498812351543943,0.0213776722090261,0.0190023752969121
1125,0.0844155844155844,0.2402597402597402,0.0389610389610389,0.0584415584415584,0.0324675324675324
1126,0.063063063063063,0.1756756756756756,0.072072072072072,0.0135135135135135,0.009009009009009
1127,0.0803571428571428,0.1875,0.0714285714285714,0.0446428571428571,0.0267857142857142
1128,0.0933333333333333,0.1822222222222222,0.0222222222222222,0.04,0.0266666666666666
1129,0.093103448275862,0.2310344827586206,0.0482758620689655,0.0275862068965517,0.0172413793103448
1130,0.1083333333333333,0.2316666666666666,0.025,0.0216666666666666,0.0366666666666666
1131,0.0921052631578947,0.2456140350877192,0.0,0.0131578947368421,0.0219298245614035
1132,0.1126760563380281,0.2394366197183098,0.0140845070422535,0.0,0.028169014084507
1133,0.1033210332103321,0.2250922509225092,0.033210332103321,0.033210332103321,0.029520295202952
1134,0.1309523809523809,0.2202380952380952,0.0238095238095238,0.0059523809523809,0.0476190476190476
1135,0.0972222222222222,0.25,0.0208333333333333,0.0138888888888888,0.0277777777777777
1136,0.1014492753623188,0.2415458937198067,0.0483091787439613,0.0096618357487922,0.0289855072463768
1137,0.0725806451612903,0.1693548387096774,0.0241935483870967,0.0241935483870967,0.0161290322580645
1138,0.08130081300813,0.2357723577235772,0.065040650406504,0.0,0.024390243902439
1139,0.0839694656488549,0.2061068702290076,0.0305343511450381,0.0,0.015267175572519
1140,0.0807453416149068,0.15527950310559,0.031055900621118,0.0372670807453416,0.0248447204968944
1141,0.1324503311258278,0.1920529801324503,0.0662251655629139,0.0066225165562913,0.0132450331125827
1142,0.1578947368421052,0.2105263157894736,0.0,0.0,0.0526315789473684
1143,0.0974358974358974,0.2102564102564102,0.0153846153846153,0.0256410256410256,0.0358974358974358
1144,0.1215469613259668,0.1767955801104972,0.0331491712707182,0.0276243093922651,0.0497237569060773
1145,0.1,0.1666666666666666,0.0666666666666666,0.0,0.0
1146,0.1428571428571428,0.1614906832298136,0.031055900621118,0.0186335403726708,0.062111801242236
1147,0.1233933161953727,0.2185089974293059,0.0334190231362467,0.0488431876606683,0.0642673521850899
1148,0.0809248554913294,0.2774566473988439,0.0520231213872832,0.0057803468208092,0.0289017341040462
1149,0.1064814814814814,0.2222222222222222,0.0555555555555555,0.0509259259259259,0.0324074074074074
1150,0.1062992125984252,0.1889763779527559,0.0039370078740157,0.0196850393700787,0.0354330708661417
1151,0.0952380952380952,0.2047619047619047,0.0238095238095238,0.0095238095238095,0.0142857142857142
1152,0.0285714285714285,0.2,0.0571428571428571,0.0,0.0285714285714285
1153,0.0901639344262295,0.1557377049180328,0.040983606557377,0.081967213114754,0.0327868852459016
1154,0.0857142857142857,0.1714285714285714,0.04,0.0457142857142857,0.0114285714285714
1155,0.0594594594594594,0.2378378378378378,0.027027027027027,0.0108108108108108,0.0054054054054054
1156,0.0517241379310344,0.1781609195402299,0.0172413793103448,0.0172413793103448,0.0
1157,0.0817391304347826,0.2121739130434782,0.0278260869565217,0.0260869565217391,0.0278260869565217
1158,0.131578947368421,0.2593984962406015,0.0150375939849624,0.0225563909774436,0.018796992481203
1159,0.1416666666666666,0.175,0.0333333333333333,0.0375,0.0416666666666666
1160,0.1376146788990825,0.2752293577981651,0.0091743119266055,0.018348623853211,0.018348623853211
1161,0.09375,0.21875,0.04375,0.01875,0.00625
1162,0.1155778894472361,0.185929648241206,0.0351758793969849,0.0402010050251256,0.0050251256281407
1163,0.1256038647342995,0.178743961352657,0.0628019323671497,0.0338164251207729,0.0
1164,0.0625,0.21875,0.01875,0.00625,0.01875
1165,0.0960334029227557,0.1691022964509394,0.0772442588726513,0.0542797494780793,0.0501043841336116
1166,0.1005586592178771,0.1787709497206704,0.0167597765363128,0.0167597765363128,0.0167597765363128
1167,0.0869565217391304,0.2536231884057971,0.036231884057971,0.0144927536231884,0.0217391304347826
1168,0.1142857142857142,0.2142857142857142,0.0714285714285714,0.0,0.0285714285714285
1169,0.073170731707317,0.1672473867595819,0.024390243902439,0.024390243902439,0.0139372822299651
1170,0.1169590643274853,0.1988304093567251,0.0292397660818713,0.0175438596491228,0.0584795321637426
1171,0.1132075471698113,0.270440251572327,0.0188679245283018,0.0251572327044025,0.0
1172,0.1554054054054054,0.1621621621621621,0.0337837837837837,0.0405405405405405,0.054054054054054
1173,0.1056910569105691,0.1910569105691057,0.08130081300813,0.016260162601626,0.008130081300813
1174,0.0808823529411764,0.1764705882352941,0.0,0.0073529411764705,0.0220588235294117
1175,0.1028938906752411,0.180064308681672,0.0289389067524115,0.0160771704180064,0.0128617363344051
1176,0.1282051282051282,0.1923076923076923,0.0192307692307692,0.032051282051282,0.0192307692307692
1177,0.0892857142857142,0.2023809523809523,0.0595238095238095,0.0238095238095238,0.0119047619047619
1178,0.064516129032258,0.2211981566820276,0.0921658986175115,0.0046082949308755,0.0092165898617511
1179,0.0783132530120482,0.1987951807228915,0.0602409638554216,0.0060240963855421,0.0060240963855421
1180,0.109090909090909,0.1909090909090909,0.009090909090909,0.0,0.009090909090909
1181,0.0858585858585858,0.2474747474747475,0.0353535353535353,0.0353535353535353,0.0202020202020202
1182,0.0869565217391304,0.1936758893280632,0.0237154150197628,0.0355731225296442,0.0434782608695652
1183,0.1,0.28,0.04,0.0,0.02
1184,0.1182795698924731,0.2473118279569892,0.032258064516129,0.043010752688172,0.0376344086021505
1185,0.1160220994475138,0.2320441988950276,0.0386740331491712,0.0276243093922651,0.0165745856353591
1186,0.0804597701149425,0.1762452107279693,0.0344827586206896,0.0229885057471264,0.0306513409961685
1187,0.0902255639097744,0.2706766917293233,0.0526315789473684,0.0150375939849624,0.0150375939849624
1188,0.0987654320987654,0.1666666666666666,0.037037037037037,0.0,0.0308641975308641
1189,0.1084745762711864,0.1762711864406779,0.0745762711864406,0.023728813559322,0.0440677966101694
1190,0.0509259259259259,0.2314814814814814,0.0277777777777777,0.0324074074074074,0.0046296296296296
1191,0.1038961038961039,0.2337662337662337,0.0649350649350649,0.0194805194805194,0.0259740259740259
1192,0.0987654320987654,0.2469135802469135,0.0185185185185185,0.0123456790123456,0.0
1193,0.0909090909090909,0.2363636363636363,0.0363636363636363,0.0181818181818181,0.0
1194,0.1226415094339622,0.1981132075471698,0.0566037735849056,0.0,0.0377358490566037
1195,0.0666666666666666,0.1333333333333333,0.0555555555555555,0.0,0.0222222222222222
1196,0.1286307053941908,0.1825726141078838,0.0248962655601659,0.0456431535269709,0.0497925311203319
1197,0.0583333333333333,0.175,0.0083333333333333,0.0166666666666666,0.0166666666666666
1198,0.0970873786407767,0.233009708737864,0.029126213592233,0.0194174757281553,0.0388349514563106
1199,0.0909090909090909,0.2192513368983957,0.0641711229946524,0.0320855614973262,0.0160427807486631
1200,0.09375,0.1875,0.0520833333333333,0.0104166666666666,0.0104166666666666
1201,0.0802919708029197,0.2262773722627737,0.0875912408759124,0.0583941605839416,0.0218978102189781
1202,0.1176470588235294,0.2171945701357466,0.0361990950226244,0.0180995475113122,0.004524886877828
1203,0.06875,0.20625,0.0375,0.01875,0.025
1204,0.1204379562043795,0.2481751824817518,0.0328467153284671,0.0072992700729927,0.0182481751824817
1205,0.0769230769230769,0.194331983805668,0.0566801619433198,0.020242914979757,0.0283400809716599
1206,0.1956521739130435,0.1739130434782608,0.0217391304347826,0.0,0.0217391304347826
1207,0.0672268907563025,0.1596638655462184,0.0504201680672268,0.0,0.042016806722689
1208,0.1162790697674418,0.1953488372093023,0.027906976744186,0.013953488372093,0.0093023255813953
1209,0.1280788177339901,0.1871921182266009,0.0246305418719211,0.0394088669950738,0.0246305418719211
1210,0.0798722044728434,0.2204472843450479,0.0383386581469648,0.0127795527156549,0.0095846645367412
1211,0.1196581196581196,0.2094017094017094,0.0341880341880341,0.017094017094017,0.0213675213675213
1212,0.0806451612903225,0.2016129032258064,0.0161290322580645,0.0080645161290322,0.0241935483870967
1213,0.0764705882352941,0.2411764705882353,0.0411764705882352,0.0529411764705882,0.0235294117647058
1214,0.1102362204724409,0.1496062992125984,0.0078740157480314,0.0157480314960629,0.0236220472440944
1215,0.1,0.1866666666666666,0.0666666666666666,0.0133333333333333,0.0266666666666666
1216,0.1318681318681318,0.2032967032967033,0.0659340659340659,0.0164835164835164,0.0219780219780219
1217,0.1182266009852216,0.2315270935960591,0.0197044334975369,0.0246305418719211,0.0197044334975369
1218,0.1156462585034013,0.2006802721088435,0.0204081632653061,0.0204081632653061,0.0374149659863945
1219,0.1489361702127659,0.1914893617021276,0.0283687943262411,0.0354609929078014,0.0283687943262411
1220,0.1133333333333333,0.1466666666666666,0.0466666666666666,0.02,0.0133333333333333
1221,0.0980392156862745,0.196078431372549,0.0294117647058823,0.0392156862745098,0.0
1222,0.1062992125984252,0.2165354330708661,0.0275590551181102,0.0275590551181102,0.0196850393700787
1223,0.1143911439114391,0.1918819188191882,0.014760147601476,0.025830258302583,0.022140221402214
1224,0.1257485029940119,0.2455089820359281,0.0718562874251497,0.0419161676646706,0.0179640718562874
1225,0.0714285714285714,0.2197802197802197,0.0274725274725274,0.0164835164835164,0.0439560439560439
1226,0.0795107033639143,0.1987767584097859,0.0672782874617737,0.036697247706422,0.0030581039755351
1227,0.1065088757396449,0.1715976331360946,0.0059171597633136,0.0177514792899408,0.0059171597633136
1228,0.0519480519480519,0.1948051948051948,0.0,0.0,0.0129870129870129
1229,0.1322314049586777,0.256198347107438,0.0,0.0165289256198347,0.0495867768595041
1230,0.0909090909090909,0.202020202020202,0.0353535353535353,0.0252525252525252,0.0
1231,0.1029411764705882,0.1838235294117647,0.0220588235294117,0.0220588235294117,0.0073529411764705
1232,0.1111111111111111,0.2323232323232323,0.0303030303030303,0.0303030303030303,0.0202020202020202
1233,0.2142857142857142,0.25,0.0,0.0,0.0357142857142857
1234,0.116504854368932,0.203883495145631,0.0097087378640776,0.0097087378640776,0.029126213592233
1235,0.112781954887218,0.225563909774436,0.0150375939849624,0.0225563909774436,0.0225563909774436
1236,0.1038961038961039,0.2207792207792207,0.0324675324675324,0.0,0.0259740259740259
1237,0.1159420289855072,0.1932367149758454,0.0048309178743961,0.0241545893719806,0.0434782608695652
1238,0.0895522388059701,0.208955223880597,0.0298507462686567,0.0,0.0223880597014925
1239,0.1217948717948717,0.1858974358974359,0.0192307692307692,0.0128205128205128,0.0448717948717948
1240,0.0909090909090909,0.1961722488038277,0.0287081339712918,0.0095693779904306,0.0143540669856459
1241,0.0909090909090909,0.1818181818181818,0.0,0.0,0.0
1242,0.06,0.18,0.04,0.04,0.04
1243,0.1818181818181818,0.1818181818181818,0.0909090909090909,0.0,0.0
1244,0.1325301204819277,0.1927710843373494,0.0180722891566265,0.0421686746987951,0.1204819277108433
1245,0.1181434599156118,0.2236286919831223,0.0759493670886076,0.0337552742616033,0.0295358649789029
1246,0.1153846153846153,0.1923076923076923,0.0615384615384615,0.0615384615384615,0.023076923076923
1247,0.1168831168831168,0.2012987012987013,0.0519480519480519,0.0357142857142857,0.0259740259740259
1248,0.1025641025641025,0.1978021978021978,0.0146520146520146,0.0183150183150183,0.0293040293040293
1249,0.1272189349112426,0.1775147928994082,0.0621301775147929,0.0414201183431952,0.0769230769230769
1250,0.0865384615384615,0.2211538461538461,0.048076923076923,0.0192307692307692,0.0
1251,0.0807453416149068,0.2049689440993788,0.0372670807453416,0.0124223602484472,0.0124223602484472
1252,0.1037037037037037,0.1802469135802469,0.0222222222222222,0.0271604938271604,0.0271604938271604
1253,0.1094147582697201,0.1908396946564885,0.0407124681933842,0.0508905852417302,0.0458015267175572
1254,0.0748663101604278,0.2299465240641711,0.0267379679144385,0.0160427807486631,0.0106951871657754
1255,0.1578947368421052,0.2631578947368421,0.0614035087719298,0.0175438596491228,0.043859649122807
1256,0.1,0.2666666666666666,0.025,0.0083333333333333,0.0
1257,0.0945945945945946,0.2027027027027027,0.0378378378378378,0.0243243243243243,0.0486486486486486
1258,0.06875,0.184375,0.046875,0.040625,0.021875
1259,0.1031390134529148,0.242152466367713,0.0448430493273542,0.0538116591928251,0.0313901345291479
1260,0.1172839506172839,0.2222222222222222,0.0308641975308641,0.0123456790123456,0.0308641975308641
1261,0.1348837209302325,0.2046511627906976,0.0697674418604651,0.013953488372093,0.0604651162790697
1262,0.0906666666666666,0.192,0.0906666666666666,0.0426666666666666,0.0266666666666666
1263,0.1666666666666666,0.225,0.0333333333333333,0.0333333333333333,0.025
1264,0.120253164556962,0.120253164556962,0.0696202531645569,0.0443037974683544,0.0411392405063291
1265,0.0961538461538461,0.2192307692307692,0.0307692307692307,0.0461538461538461,0.0538461538461538
1266,0.1041009463722397,0.1924290220820189,0.0662460567823343,0.0630914826498422,0.0347003154574132
1267,0.112781954887218,0.1954887218045112,0.037593984962406,0.0300751879699248,0.0300751879699248
1268,0.1,0.2416666666666666,0.0333333333333333,0.0416666666666666,0.0083333333333333
1269,0.1372549019607843,0.1519607843137254,0.0049019607843137,0.0147058823529411,0.088235294117647
1270,0.1262135922330097,0.174757281553398,0.0679611650485436,0.0388349514563106,0.0194174757281553
1271,0.1111111111111111,0.1543209876543209,0.0493827160493827,0.0555555555555555,0.0185185185185185
1272,0.1077844311377245,0.2095808383233532,0.0479041916167664,0.0119760479041916,0.0359281437125748
1273,0.0677966101694915,0.2372881355932203,0.0932203389830508,0.0,0.0
1274,0.0831556503198294,0.1769722814498933,0.0639658848614072,0.0341151385927505,0.0405117270788912
1275,0.043103448275862,0.1810344827586207,0.0603448275862069,0.0,0.0258620689655172
1276,0.1264705882352941,0.1588235294117647,0.0588235294117647,0.0294117647058823,0.038235294117647
1277,0.0632911392405063,0.1924050632911392,0.0582278481012658,0.0455696202531645,0.0253164556962025
1278,0.1104294478527607,0.1503067484662576,0.0613496932515337,0.0276073619631901,0.0214723926380368
1279,0.1139896373056994,0.1865284974093264,0.0569948186528497,0.0310880829015544,0.005181347150259
1280,0.083743842364532,0.167487684729064,0.0197044334975369,0.0246305418719211,0.0295566502463054
1281,0.0847457627118644,0.2485875706214689,0.0790960451977401,0.0169491525423728,0.0112994350282485
1282,0.0755555555555555,0.2177777777777777,0.0311111111111111,0.0222222222222222,0.0222222222222222
1283,0.0821917808219178,0.1986301369863013,0.0684931506849315,0.0068493150684931,0.0136986301369863
1284,0.0926517571884984,0.1629392971246006,0.0766773162939297,0.0255591054313099,0.0063897763578274
1285,0.1026785714285714,0.1919642857142857,0.0758928571428571,0.0267857142857142,0.03125
1286,0.1028571428571428,0.2571428571428571,0.04,0.0114285714285714,0.0228571428571428
1287,0.0987261146496815,0.1847133757961783,0.0764331210191082,0.0605095541401273,0.0318471337579617
1288,0.0756756756756756,0.2324324324324324,0.0594594594594594,0.0432432432432432,0.0324324324324324
1289,0.1300813008130081,0.1788617886178861,0.040650406504065,0.016260162601626,0.016260162601626
1290,0.0921985815602836,0.1985815602836879,0.0070921985815602,0.0496453900709219,0.0141843971631205
1291,0.1333333333333333,0.1848484848484848,0.0515151515151515,0.0424242424242424,0.0424242424242424
1292,0.1140350877192982,0.1900584795321637,0.0555555555555555,0.0409356725146198,0.023391812865497
1293,0.125,0.2083333333333333,0.0833333333333333,0.0208333333333333,0.0104166666666666
1294,0.0952380952380952,0.238095238095238,0.1428571428571428,0.0,0.0476190476190476
1295,0.0898876404494382,0.2359550561797752,0.0224719101123595,0.0505617977528089,0.0561797752808988
1296,0.0902255639097744,0.1917293233082706,0.0639097744360902,0.0112781954887218,0.0263157894736842
1297,0.1064257028112449,0.2369477911646586,0.0522088353413654,0.0180722891566265,0.0261044176706827
1298,0.1220930232558139,0.2122093023255813,0.0290697674418604,0.0145348837209302,0.0494186046511627
1299,0.0869565217391304,0.2919254658385093,0.0248447204968944,0.0124223602484472,0.0124223602484472
1300,0.0888888888888888,0.2740740740740741,0.0148148148148148,0.0148148148148148,0.0444444444444444
1301,0.1054852320675105,0.1814345991561181,0.1054852320675105,0.0464135021097046,0.0084388185654008
1302,0.11284046692607,0.1828793774319066,0.0894941634241245,0.0116731517509727,0.0155642023346303
1303,0.1101928374655647,0.2176308539944903,0.0440771349862259,0.0165289256198347,0.0358126721763085
1304,0.1017964071856287,0.2455089820359281,0.0658682634730539,0.0179640718562874,0.0239520958083832
1305,0.1197183098591549,0.1901408450704225,0.0352112676056338,0.0352112676056338,0.0070422535211267
1306,0.1028571428571428,0.1714285714285714,0.0914285714285714,0.0571428571428571,0.0171428571428571
1307,0.1049723756906077,0.2154696132596685,0.0220994475138121,0.0,0.0331491712707182
1308,0.0647482014388489,0.1870503597122302,0.0719424460431654,0.0287769784172661,0.0071942446043165
1309,0.1299435028248587,0.2372881355932203,0.0508474576271186,0.0225988700564971,0.03954802259887
1310,0.0495495495495495,0.1576576576576576,0.0495495495495495,0.009009009009009,0.0135135135135135
1311,0.1158536585365853,0.1585365853658536,0.0975609756097561,0.0365853658536585,0.0182926829268292
1312,0.1139240506329113,0.1518987341772152,0.050632911392405,0.0443037974683544,0.0189873417721519
1313,0.0996309963099631,0.1623616236162361,0.033210332103321,0.047970479704797,0.033210332103321
1314,0.1370716510903426,0.1775700934579439,0.0404984423676012,0.0498442367601246,0.0685358255451713
1315,0.1162790697674418,0.2325581395348837,0.0697674418604651,0.0,0.0
1316,0.1147227533460803,0.1854684512428298,0.0803059273422562,0.0420650095602294,0.022944550669216
1317,0.0847457627118644,0.2033898305084746,0.0423728813559322,0.0169491525423728,0.0423728813559322
1318,0.1030927835051546,0.2061855670103092,0.056701030927835,0.0154639175257731,0.0154639175257731
1319,0.1388888888888889,0.1712962962962963,0.0601851851851851,0.0231481481481481,0.0462962962962962
1320,0.1127450980392156,0.2107843137254902,0.0784313725490196,0.0490196078431372,0.0588235294117647
1321,0.0756302521008403,0.2436974789915966,0.042016806722689,0.0378151260504201,0.0294117647058823
1322,0.1011235955056179,0.1910112359550561,0.0112359550561797,0.0,0.0449438202247191
1323,0.1208791208791208,0.1758241758241758,0.0219780219780219,0.0439560439560439,0.0219780219780219
1324,0.0846774193548387,0.2177419354838709,0.064516129032258,0.032258064516129,0.0685483870967741
1325,0.1100323624595469,0.174757281553398,0.087378640776699,0.0355987055016181,0.0097087378640776
1326,0.0817307692307692,0.25,0.0288461538461538,0.0192307692307692,0.0144230769230769
1327,0.0941176470588235,0.1941176470588235,0.0294117647058823,0.0235294117647058,0.0117647058823529
1328,0.1131498470948012,0.1559633027522936,0.036697247706422,0.0305810397553516,0.0428134556574923
1329,0.0773809523809523,0.238095238095238,0.0595238095238095,0.0059523809523809,0.0297619047619047
1330,0.147239263803681,0.1901840490797546,0.0368098159509202,0.0245398773006134,0.0490797546012269
1331,0.0687022900763358,0.2748091603053435,0.0534351145038167,0.0076335877862595,0.0305343511450381
1332,0.0905172413793103,0.1637931034482758,0.0991379310344827,0.0086206896551724,0.0
1333,0.152027027027027,0.1891891891891892,0.0168918918918918,0.0337837837837837,0.0202702702702702
1334,0.0931372549019607,0.1666666666666666,0.0588235294117647,0.0196078431372549,0.0196078431372549
1335,0.1048387096774193,0.2258064516129032,0.032258064516129,0.032258064516129,0.0
1336,0.1336633663366336,0.2029702970297029,0.0297029702970297,0.0495049504950495,0.0445544554455445
1337,0.1428571428571428,0.2428571428571428,0.0142857142857142,0.0428571428571428,0.0
1338,0.1176470588235294,0.1730103806228373,0.0138408304498269,0.0242214532871972,0.0311418685121107
1339,0.0958083832335329,0.2395209580838323,0.1077844311377245,0.0119760479041916,0.0239520958083832
1340,0.0625,0.21875,0.03125,0.0,0.0
1341,0.1085271317829457,0.2093023255813953,0.0697674418604651,0.0426356589147286,0.0193798449612403
1342,0.0951219512195122,0.2292682926829268,0.073170731707317,0.0317073170731707,0.0414634146341463
1343,0.0681818181818181,0.2045454545454545,0.0984848484848484,0.0227272727272727,0.0227272727272727
1344,0.0869565217391304,0.1793478260869565,0.0815217391304347,0.0,0.0380434782608695
1345,0.0897435897435897,0.1858974358974359,0.0705128205128205,0.032051282051282,0.0384615384615384
1346,0.1089108910891089,0.1534653465346534,0.099009900990099,0.0148514851485148,0.0445544554455445
1347,0.0930232558139534,0.1581395348837209,0.0604651162790697,0.0186046511627906,0.0093023255813953
1348,0.1488095238095238,0.2202380952380952,0.0416666666666666,0.0,0.0654761904761904
1349,0.0517241379310344,0.2068965517241379,0.0258620689655172,0.0,0.0
1350,0.1179487179487179,0.2512820512820513,0.0461538461538461,0.0461538461538461,0.0358974358974358
1351,0.1141304347826086,0.1956521739130435,0.0597826086956521,0.0108695652173913,0.0543478260869565
1352,0.0825688073394495,0.2110091743119266,0.0397553516819571,0.018348623853211,0.0336391437308868
1353,0.1370967741935483,0.1491935483870967,0.0282258064516129,0.0524193548387096,0.0120967741935483
1354,0.0788177339901477,0.2660098522167488,0.0738916256157635,0.0049261083743842,0.0147783251231527
1355,0.0935251798561151,0.2661870503597122,0.0719424460431654,0.0503597122302158,0.0359712230215827
1356,0.096551724137931,0.1379310344827586,0.0413793103448275,0.0137931034482758,0.0206896551724137
1357,0.1011235955056179,0.1947565543071161,0.0524344569288389,0.0112359550561797,0.0187265917602996
1358,0.12,0.1333333333333333,0.0266666666666666,0.04,0.0266666666666666
1359,0.1102941176470588,0.150735294117647,0.1029411764705882,0.0477941176470588,0.0330882352941176
1360,0.1343283582089552,0.1243781094527363,0.0597014925373134,0.0199004975124378,0.0348258706467661
1361,0.0751445086705202,0.2196531791907514,0.0462427745664739,0.0231213872832369,0.0231213872832369
1362,0.1119402985074626,0.1455223880597015,0.0634328358208955,0.0373134328358208,0.044776119402985
1363,0.0989399293286219,0.2473498233215547,0.0353356890459364,0.0353356890459364,0.0106007067137809
1364,0.111597374179431,0.2166301969365426,0.0590809628008752,0.024070021881838,0.0262582056892779
1365,0.1265822784810126,0.2109704641350211,0.0717299578059071,0.0337552742616033,0.0253164556962025
1366,0.1075949367088607,0.1645569620253164,0.0696202531645569,0.0126582278481012,0.0126582278481012
1367,0.0828402366863905,0.2130177514792899,0.1065088757396449,0.0236686390532544,0.029585798816568
1368,0.0853080568720379,0.1706161137440758,0.0331753554502369,0.0189573459715639,0.0568720379146919
1369,0.0684931506849315,0.184931506849315,0.0205479452054794,0.0136986301369863,0.0410958904109589
1370,0.0857142857142857,0.2642857142857143,0.0071428571428571,0.0357142857142857,0.0071428571428571
1371,0.1525423728813559,0.1751412429378531,0.0677966101694915,0.0112994350282485,0.0451977401129943
1372,0.0833333333333333,0.1893939393939394,0.0643939393939393,0.0492424242424242,0.0113636363636363
1373,0.123076923076923,0.2461538461538461,0.0717948717948717,0.0153846153846153,0.0358974358974358
1374,0.1030042918454935,0.1716738197424892,0.0257510729613733,0.0600858369098712,0.0472103004291845
1375,0.0972222222222222,0.2152777777777778,0.0347222222222222,0.0138888888888888,0.0138888888888888
1376,0.1260869565217391,0.2,0.0565217391304347,0.0326086956521739,0.017391304347826
1377,0.0824742268041237,0.2010309278350515,0.0927835051546391,0.0412371134020618,0.0103092783505154
1378,0.106951871657754,0.1925133689839572,0.0641711229946524,0.0160427807486631,0.0160427807486631
1379,0.1089108910891089,0.1683168316831683,0.099009900990099,0.0297029702970297,0.0594059405940594
1380,0.1111111111111111,0.1805555555555555,0.0486111111111111,0.0138888888888888,0.0625
1381,0.1153846153846153,0.1923076923076923,0.0,0.0,0.0384615384615384
1382,0.095505617977528,0.2078651685393258,0.0337078651685393,0.0056179775280898,0.0168539325842696
1383,0.0862944162436548,0.1624365482233502,0.0507614213197969,0.0203045685279187,0.0304568527918781
1384,0.0860759493670886,0.1949367088607595,0.0481012658227848,0.0177215189873417,0.0227848101265822
1385,0.0909090909090909,0.2055335968379446,0.075098814229249,0.0079051383399209,0.0039525691699604
1386,0.0781893004115226,0.1810699588477366,0.0576131687242798,0.0246913580246913,0.0411522633744856
1387,0.09375,0.1614583333333333,0.0677083333333333,0.0364583333333333,0.0260416666666666
1388,0.0986842105263157,0.2039473684210526,0.0394736842105263,0.0460526315789473,0.0197368421052631
1389,0.1094527363184079,0.1940298507462686,0.0845771144278607,0.0298507462686567,0.0398009950248756
1390,0.0927152317880794,0.1721854304635761,0.0331125827814569,0.0066225165562913,0.0198675496688741
1391,0.1025641025641025,0.1721611721611721,0.0256410256410256,0.0476190476190476,0.0366300366300366
1392,0.1071428571428571,0.1590909090909091,0.0292207792207792,0.0162337662337662,0.0162337662337662
1393,0.1153846153846153,0.1923076923076923,0.0,0.0,0.0
1394,0.0863309352517985,0.2086330935251798,0.0359712230215827,0.0215827338129496,0.0215827338129496
1395,0.1169590643274853,0.1988304093567251,0.0350877192982456,0.0175438596491228,0.023391812865497
1396,0.0686274509803921,0.196078431372549,0.0686274509803921,0.0098039215686274,0.0196078431372549
1397,0.1176470588235294,0.1176470588235294,0.0,0.0,0.0
1398,0.0857142857142857,0.2071428571428571,0.0142857142857142,0.0071428571428571,0.0214285714285714
1399,0.124223602484472,0.3043478260869565,0.0124223602484472,0.0062111801242236,0.0062111801242236
1400,0.0830039525691699,0.217391304347826,0.0474308300395256,0.0197628458498023,0.0434782608695652
1401,0.1158536585365853,0.2560975609756097,0.0060975609756097,0.0182926829268292,0.024390243902439
1402,0.1013513513513513,0.1689189189189189,0.0405405405405405,0.0135135135135135,0.0202702702702702
1403,0.150887573964497,0.1834319526627219,0.029585798816568,0.044378698224852,0.0502958579881656
1404,0.095505617977528,0.2752808988764045,0.0674157303370786,0.0056179775280898,0.0393258426966292
1405,0.0934579439252336,0.2429906542056074,0.0186915887850467,0.0186915887850467,0.0186915887850467
1406,0.0945945945945946,0.1486486486486486,0.027027027027027,0.0135135135135135,0.1013513513513513
1407,0.1264367816091954,0.2183908045977011,0.057471264367816,0.0229885057471264,0.0229885057471264
1408,0.0673575129533678,0.2176165803108808,0.0155440414507772,0.005181347150259,0.0259067357512953
1409,0.15625,0.2604166666666667,0.03125,0.0208333333333333,0.0104166666666666
1410,0.1071428571428571,0.1488095238095238,0.0595238095238095,0.0476190476190476,0.0595238095238095
1411,0.0895522388059701,0.2288557213930348,0.0398009950248756,0.0149253731343283,0.0348258706467661
1412,0.0693641618497109,0.1907514450867052,0.0578034682080924,0.0115606936416184,0.0289017341040462
1413,0.0806451612903225,0.1903225806451612,0.0774193548387096,0.0354838709677419,0.0354838709677419
1414,0.1262135922330097,0.2378640776699029,0.0436893203883495,0.0339805825242718,0.0631067961165048
1415,0.0897435897435897,0.2564102564102564,0.032051282051282,0.0192307692307692,0.0192307692307692
1416,0.1076923076923077,0.1794871794871795,0.0205128205128205,0.0358974358974358,0.0358974358974358
1417,0.1111111111111111,0.1925925925925926,0.0444444444444444,0.0259259259259259,0.0222222222222222
1418,0.0928270042194092,0.1856540084388185,0.0337552742616033,0.0379746835443038,0.0970464135021097
1419,0.0938511326860841,0.1844660194174757,0.0258899676375404,0.0194174757281553,0.0194174757281553
1420,0.0974842767295597,0.2232704402515723,0.0314465408805031,0.0314465408805031,0.0094339622641509
1421,0.1132075471698113,0.2515723270440251,0.0188679245283018,0.0125786163522012,0.0
1422,0.108695652173913,0.2608695652173913,0.0326086956521739,0.0217391304347826,0.0326086956521739
1423,0.1042944785276073,0.2699386503067484,0.0184049079754601,0.0122699386503067,0.0061349693251533
1424,0.109375,0.2239583333333333,0.046875,0.0104166666666666,0.0208333333333333
1425,0.0555555555555555,0.2407407407407407,0.037037037037037,0.0,0.0185185185185185
1426,0.1661631419939577,0.1812688821752265,0.0271903323262839,0.039274924471299,0.0725075528700906
1427,0.081081081081081,0.2054054054054054,0.081081081081081,0.0216216216216216,0.0
1428,0.053030303030303,0.2121212121212121,0.053030303030303,0.0151515151515151,0.0075757575757575
1429,0.0689655172413793,0.1810344827586207,0.0948275862068965,0.0258620689655172,0.0
1430,0.1014492753623188,0.2391304347826087,0.036231884057971,0.0507246376811594,0.036231884057971
1431,0.1204819277108433,0.2228915662650602,0.0903614457831325,0.036144578313253,0.0602409638554216
1432,0.0759493670886076,0.2025316455696202,0.0126582278481012,0.0253164556962025,0.0253164556962025
1433,0.0987654320987654,0.1851851851851851,0.0802469135802469,0.0123456790123456,0.037037037037037
1434,0.1236842105263157,0.1736842105263158,0.0263157894736842,0.031578947368421,0.0210526315789473
1435,0.1495327102803738,0.1822429906542056,0.0327102803738317,0.0186915887850467,0.02803738317757
1436,0.1258741258741259,0.1573426573426573,0.0244755244755244,0.0489510489510489,0.0314685314685314
1437,0.0845070422535211,0.2746478873239437,0.0915492957746478,0.0070422535211267,0.028169014084507
1438,0.0569948186528497,0.238341968911917,0.0569948186528497,0.0207253886010362,0.005181347150259
1439,0.125,0.1875,0.0048076923076923,0.0384615384615384,0.0288461538461538
1440,0.0656934306569343,0.2043795620437956,0.0072992700729927,0.0145985401459854,0.0
1441,0.1223404255319148,0.202127659574468,0.0319148936170212,0.026595744680851,0.0159574468085106
1442,0.0868347338935574,0.2156862745098039,0.0588235294117647,0.0336134453781512,0.0196078431372549
1443,0.0933333333333333,0.12,0.0133333333333333,0.0333333333333333,0.0133333333333333
1444,0.0945945945945946,0.1801801801801801,0.0225225225225225,0.0405405405405405,0.027027027027027
1445,0.0738255033557047,0.2214765100671141,0.0201342281879194,0.0134228187919463,0.0
1446,0.0785714285714285,0.2071428571428571,0.0142857142857142,0.0285714285714285,0.0071428571428571
1447,0.1025641025641025,0.2478632478632478,0.0512820512820512,0.017094017094017,0.0085470085470085
1448,0.1210762331838565,0.1973094170403587,0.0538116591928251,0.0269058295964125,0.0672645739910313
1449,0.1021897810218978,0.2554744525547445,0.0364963503649635,0.0145985401459854,0.0145985401459854
1450,0.0769230769230769,0.2307692307692307,0.0355029585798816,0.029585798816568,0.0355029585798816
1451,0.0938628158844765,0.2382671480144404,0.0180505415162454,0.03971119133574,0.0361010830324909
1452,0.0852272727272727,0.1988636363636363,0.03125,0.0085227272727272,0.0198863636363636
1453,0.1330798479087452,0.1711026615969581,0.0608365019011406,0.0570342205323193,0.0760456273764258
1454,0.1363636363636363,0.209090909090909,0.0181818181818181,0.0454545454545454,0.059090909090909
1455,0.1085972850678733,0.1809954751131221,0.0271493212669683,0.0497737556561085,0.0226244343891402
1456,0.1111111111111111,0.2865497076023391,0.0760233918128654,0.0175438596491228,0.0058479532163742
1457,0.1019490254872563,0.12143928035982,0.0359820089955022,0.0509745127436281,0.0389805097451274
1458,0.0526315789473684,0.2105263157894736,0.0701754385964912,0.0087719298245614,0.0087719298245614
1459,0.1035856573705179,0.2270916334661354,0.0677290836653386,0.047808764940239,0.0358565737051792
1460,0.1339285714285714,0.2589285714285714,0.0178571428571428,0.0,0.0446428571428571
1461,0.1016042780748663,0.2192513368983957,0.0481283422459893,0.0427807486631016,0.0267379679144385
1462,0.088235294117647,0.2,0.0470588235294117,0.0,0.0176470588235294
1463,0.0535714285714285,0.2142857142857142,0.0446428571428571,0.0178571428571428,0.0267857142857142
1464,0.1004784688995215,0.1961722488038277,0.0813397129186602,0.0287081339712918,0.0095693779904306
1465,0.1185185185185185,0.1851851851851851,0.0592592592592592,0.0296296296296296,0.0185185185185185
1466,0.0734463276836158,0.2033898305084746,0.0112994350282485,0.0112994350282485,0.0112994350282485
1467,0.0839160839160839,0.2167832167832167,0.0349650349650349,0.0069930069930069,0.0069930069930069
1469,0.1361702127659574,0.2,0.0127659574468085,0.0085106382978723,0.025531914893617
1470,0.1035856573705179,0.2031872509960159,0.0438247011952191,0.0159362549800796,0.0318725099601593
1471,0.1290322580645161,0.1827956989247312,0.014336917562724,0.03584229390681,0.07168458781362
1472,0.0778443113772455,0.2634730538922156,0.0119760479041916,0.0239520958083832,0.0059880239520958
1473,0.1176470588235294,0.2560553633217993,0.0207612456747404,0.0138408304498269,0.0242214532871972
1474,0.1214285714285714,0.2142857142857142,0.0214285714285714,0.0214285714285714,0.0
1475,0.1237623762376237,0.2376237623762376,0.0247524752475247,0.0099009900990099,0.0198019801980198
1476,0.1145833333333333,0.1875,0.0104166666666666,0.0104166666666666,0.03125
1477,0.1158536585365853,0.1585365853658536,0.0121951219512195,0.0426829268292682,0.0670731707317073
1478,0.0607734806629834,0.1381215469613259,0.0220994475138121,0.0220994475138121,0.0165745856353591
1479,0.0876132930513595,0.2386706948640483,0.0211480362537764,0.0241691842900302,0.0120845921450151
1480,0.0857142857142857,0.2476190476190476,0.0,0.019047619047619,0.0
1481,0.1313131313131313,0.2323232323232323,0.0,0.0707070707070707,0.0404040404040404
1482,0.0632183908045977,0.1954022988505747,0.0172413793103448,0.0,0.0057471264367816
1483,0.0966183574879227,0.1884057971014492,0.0531400966183574,0.0289855072463768,0.0193236714975845
1484,0.0869565217391304,0.1884057971014492,0.0579710144927536,0.0217391304347826,0.0289855072463768
1485,0.0714285714285714,0.1623376623376623,0.0064935064935064,0.0194805194805194,0.0259740259740259
1486,0.0844155844155844,0.1818181818181818,0.0324675324675324,0.0519480519480519,0.0259740259740259
1487,0.1026490066225165,0.2218543046357615,0.0298013245033112,0.0397350993377483,0.0132450331125827
1488,0.0642201834862385,0.2477064220183486,0.0504587155963302,0.0321100917431192,0.0137614678899082
1489,0.125,0.13,0.005,0.05,0.06
1490,0.0980392156862745,0.2156862745098039,0.0392156862745098,0.0980392156862745,0.0392156862745098
1491,0.1172413793103448,0.2206896551724138,0.0275862068965517,0.0137931034482758,0.0275862068965517
1492,0.1300813008130081,0.1951219512195122,0.024390243902439,0.016260162601626,0.024390243902439
1493,0.0927152317880794,0.304635761589404,0.0066225165562913,0.0198675496688741,0.0198675496688741
1494,0.0981012658227848,0.1962025316455696,0.0474683544303797,0.0316455696202531,0.0348101265822784
1495,0.0671140939597315,0.1879194630872483,0.0671140939597315,0.0134228187919463,0.0201342281879194
1496,0.0866425992779783,0.2129963898916967,0.0433212996389891,0.0108303249097472,0.0288808664259927
1497,0.092526690391459,0.2170818505338078,0.0604982206405693,0.0249110320284697,0.0142348754448398
1498,0.0902255639097744,0.244360902255639,0.0639097744360902,0.0037593984962406,0.0263157894736842
1499,0.1146496815286624,0.197452229299363,0.0636942675159235,0.0764331210191082,0.0382165605095541
1500,0.1133004926108374,0.2266009852216748,0.0246305418719211,0.0049261083743842,0.0147783251231527
1501,0.1159420289855072,0.2101449275362318,0.0289855072463768,0.036231884057971,0.0507246376811594
1502,0.1441441441441441,0.2162162162162162,0.039039039039039,0.024024024024024,0.033033033033033
1503,0.0672645739910313,0.2511210762331838,0.0403587443946188,0.0224215246636771,0.0179372197309417
1504,0.0617283950617283,0.2345679012345679,0.0617283950617283,0.0,0.0
1505,0.1054313099041533,0.1853035143769968,0.0670926517571885,0.0351437699680511,0.0447284345047923
1506,0.0935672514619883,0.2105263157894736,0.0350877192982456,0.023391812865497,0.023391812865497
1507,0.0848484848484848,0.2363636363636363,0.0848484848484848,0.0303030303030303,0.0121212121212121
1508,0.1098265895953757,0.2023121387283237,0.0289017341040462,0.0173410404624277,0.0115606936416184
1509,0.0571428571428571,0.1857142857142857,0.0428571428571428,0.0357142857142857,0.0214285714285714
1510,0.1208791208791208,0.2032967032967033,0.0329670329670329,0.0274725274725274,0.0274725274725274
1511,0.0844155844155844,0.1883116883116883,0.0324675324675324,0.0324675324675324,0.0129870129870129
1512,0.1156716417910447,0.2052238805970149,0.0223880597014925,0.0373134328358208,0.044776119402985
1513,0.0935251798561151,0.1942446043165467,0.014388489208633,0.0071942446043165,0.0287769784172661
1514,0.1549295774647887,0.2225352112676056,0.0507042253521126,0.0450704225352112,0.056338028169014
1515,0.0722543352601156,0.2138728323699422,0.0346820809248554,0.0144508670520231,0.0231213872832369
1516,0.1381578947368421,0.2171052631578947,0.0657894736842105,0.0328947368421052,0.0197368421052631
1517,0.1153846153846153,0.3461538461538461,0.0384615384615384,0.0769230769230769,0.0
1518,0.0935251798561151,0.2014388489208633,0.0719424460431654,0.0071942446043165,0.0575539568345323
1519,0.0970149253731343,0.2164179104477611,0.044776119402985,0.0373134328358208,0.0335820895522388
1520,0.1617647058823529,0.1764705882352941,0.0294117647058823,0.0441176470588235,0.0294117647058823
1521,0.1302083333333333,0.171875,0.0260416666666666,0.0208333333333333,0.03125
1522,0.0816326530612244,0.2006802721088435,0.0306122448979591,0.010204081632653,0.0204081632653061
1523,0.0482758620689655,0.1241379310344827,0.0137931034482758,0.0206896551724137,0.0206896551724137
1524,0.0692041522491349,0.1868512110726643,0.0242214532871972,0.0173010380622837,0.0173010380622837
1525,0.1,0.1828571428571428,0.0257142857142857,0.0485714285714285,0.0314285714285714
1526,0.1011904761904761,0.2023809523809523,0.0238095238095238,0.0357142857142857,0.0476190476190476
1527,0.1066666666666666,0.2533333333333333,0.0266666666666666,0.0,0.0133333333333333
1528,0.0931899641577061,0.2329749103942652,0.039426523297491,0.007168458781362,0.014336917562724
1529,0.0815450643776824,0.2403433476394849,0.0257510729613733,0.0257510729613733,0.0085836909871244
1530,0.0821917808219178,0.2191780821917808,0.0365296803652968,0.0228310502283105,0.0136986301369863
1531,0.0710059171597633,0.2130177514792899,0.0236686390532544,0.0177514792899408,0.0177514792899408
1532,0.0833333333333333,0.2058823529411764,0.0294117647058823,0.0049019607843137,0.0196078431372549
1533,0.1388888888888889,0.1944444444444444,0.0555555555555555,0.0277777777777777,0.0694444444444444
1534,0.088235294117647,0.1529411764705882,0.0235294117647058,0.0235294117647058,0.0235294117647058
1535,0.0967741935483871,0.1935483870967742,0.0268817204301075,0.021505376344086,0.0483870967741935
1536,0.0681818181818181,0.1647727272727272,0.0227272727272727,0.0170454545454545,0.0227272727272727
1537,0.0744680851063829,0.1489361702127659,0.0425531914893617,0.0,0.0
1538,0.1095890410958904,0.273972602739726,0.0365296803652968,0.0136986301369863,0.0136986301369863
1539,0.1153846153846153,0.2278106508875739,0.044378698224852,0.0384615384615384,0.0384615384615384
1540,0.1062992125984252,0.2125984251968504,0.1062992125984252,0.0314960629921259,0.0393700787401574
1541,0.0854271356783919,0.1457286432160804,0.0402010050251256,0.0050251256281407,0.0201005025125628
1542,0.1041666666666666,0.1666666666666666,0.0104166666666666,0.0416666666666666,0.0520833333333333
1543,0.08,0.2044444444444444,0.0311111111111111,0.04,0.0222222222222222
1544,0.1075268817204301,0.2043010752688172,0.032258064516129,0.0,0.010752688172043
1545,0.0913043478260869,0.2260869565217391,0.0521739130434782,0.0217391304347826,0.0347826086956521
1546,0.1457286432160804,0.2211055276381909,0.0150753768844221,0.050251256281407,0.0150753768844221
1547,0.1492537313432835,0.1492537313432835,0.0149253731343283,0.044776119402985,0.0149253731343283
1548,0.1164658634538152,0.2088353413654618,0.0441767068273092,0.0200803212851405,0.0120481927710843
1549,0.096085409252669,0.2491103202846975,0.0284697508896797,0.0249110320284697,0.0284697508896797
1550,0.0539568345323741,0.1546762589928057,0.0107913669064748,0.0107913669064748,0.0107913669064748
1551,0.1193181818181818,0.1306818181818181,0.0625,0.0397727272727272,0.0625
1552,0.0774647887323943,0.1338028169014084,0.056338028169014,0.0140845070422535,0.0492957746478873
1553,0.0518134715025906,0.1658031088082901,0.0362694300518134,0.0362694300518134,0.005181347150259
1554,0.1166666666666666,0.1722222222222222,0.05,0.0277777777777777,0.05
1555,0.1063829787234042,0.1808510638297872,0.0744680851063829,0.0053191489361702,0.026595744680851
1556,0.0576923076923076,0.1923076923076923,0.0705128205128205,0.032051282051282,0.032051282051282
1557,0.1578947368421052,0.18796992481203,0.0601503759398496,0.0601503759398496,0.0075187969924812
1558,0.0886075949367088,0.170886075949367,0.0886075949367088,0.0316455696202531,0.0379746835443038
1559,0.0923076923076923,0.2538461538461538,0.0846153846153846,0.0384615384615384,0.0461538461538461
1560,0.1240875912408759,0.2116788321167883,0.0510948905109489,0.0,0.0218978102189781
1561,0.136150234741784,0.1784037558685446,0.0375586854460093,0.0657276995305164,0.0234741784037558
1562,0.0803571428571428,0.2232142857142857,0.0357142857142857,0.0089285714285714,0.0178571428571428
1563,0.1196319018404908,0.2392638036809816,0.0460122699386503,0.0398773006134969,0.0276073619631901
1564,0.0943396226415094,0.2311320754716981,0.0141509433962264,0.0094339622641509,0.0141509433962264
1565,0.1081081081081081,0.2548262548262548,0.0463320463320463,0.0077220077220077,0.0308880308880308
1566,0.0989010989010989,0.1978021978021978,0.0366300366300366,0.0366300366300366,0.0256410256410256
1567,0.0817610062893081,0.2578616352201258,0.0880503144654088,0.0125786163522012,0.0125786163522012
1568,0.0714285714285714,0.2040816326530612,0.0255102040816326,0.0204081632653061,0.0255102040816326
1569,0.1155913978494623,0.1774193548387097,0.0188172043010752,0.0161290322580645,0.0134408602150537
1570,0.1595744680851064,0.2127659574468085,0.0531914893617021,0.0425531914893617,0.0531914893617021
1571,0.1095890410958904,0.2260273972602739,0.0205479452054794,0.0410958904109589,0.0273972602739726
1572,0.0662251655629139,0.2251655629139073,0.0397350993377483,0.0264900662251655,0.0331125827814569
1573,0.1223404255319148,0.2180851063829787,0.0478723404255319,0.0159574468085106,0.0159574468085106
1574,0.0941176470588235,0.2705882352941176,0.0235294117647058,0.0,0.0117647058823529
1575,0.0867052023121387,0.1965317919075144,0.0289017341040462,0.0346820809248554,0.0173410404624277
1576,0.088235294117647,0.2521008403361344,0.0210084033613445,0.0252100840336134,0.0252100840336134
1577,0.108695652173913,0.2028985507246377,0.0144927536231884,0.0072463768115942,0.0217391304347826
1578,0.0952380952380952,0.2424242424242424,0.0389610389610389,0.0259740259740259,0.0129870129870129
1579,0.0790697674418604,0.213953488372093,0.027906976744186,0.013953488372093,0.013953488372093
1580,0.0745341614906832,0.2670807453416149,0.0434782608695652,0.0,0.0186335403726708
1581,0.0776699029126213,0.2233009708737864,0.0388349514563106,0.029126213592233,0.0194174757281553
1582,0.1,0.1875,0.0625,0.0375,0.0125
1583,0.0916030534351145,0.1755725190839694,0.015267175572519,0.0,0.0229007633587786
1584,0.0789473684210526,0.1875,0.0361842105263157,0.0098684210526315,0.0164473684210526
1585,0.0808510638297872,0.1659574468085106,0.0425531914893617,0.0468085106382978,0.0212765957446808
1586,0.1214285714285714,0.3,0.05,0.0142857142857142,0.0285714285714285
1587,0.1089108910891089,0.2145214521452145,0.0627062706270627,0.0363036303630363,0.0264026402640264
1588,0.0961538461538461,0.2307692307692307,0.0384615384615384,0.0192307692307692,0.0
1589,0.0621761658031088,0.2435233160621761,0.0207253886010362,0.0259067357512953,0.0259067357512953
1590,0.0912280701754386,0.1789473684210526,0.0385964912280701,0.0456140350877193,0.0210526315789473
1591,0.0843881856540084,0.1983122362869198,0.0084388185654008,0.0126582278481012,0.0126582278481012
1592,0.1102941176470588,0.2058823529411764,0.0220588235294117,0.0220588235294117,0.0294117647058823
1593,0.1219512195121951,0.1707317073170731,0.048780487804878,0.0609756097560975,0.0365853658536585
1594,0.0608108108108108,0.2702702702702703,0.0405405405405405,0.027027027027027,0.0
1595,0.1323529411764706,0.2647058823529412,0.0441176470588235,0.0,0.0441176470588235
1596,0.0794223826714801,0.2057761732851985,0.0324909747292418,0.0433212996389891,0.03971119133574
1597,0.109090909090909,0.1727272727272727,0.0227272727272727,0.0227272727272727,0.0
1598,0.0802469135802469,0.2098765432098765,0.0061728395061728,0.0061728395061728,0.0123456790123456
1599,0.0961538461538461,0.2692307692307692,0.0192307692307692,0.0288461538461538,0.0384615384615384
1600,0.059322033898305,0.2457627118644068,0.0084745762711864,0.0254237288135593,0.0254237288135593
1601,0.1041666666666666,0.25,0.0416666666666666,0.0208333333333333,0.0
1602,0.10062893081761,0.1949685534591195,0.050314465408805,0.0314465408805031,0.0062893081761006
1603,0.1020408163265306,0.1768707482993197,0.0272108843537414,0.0204081632653061,0.0204081632653061
1604,0.0940366972477064,0.1995412844036697,0.0275229357798165,0.0298165137614678,0.0298165137614678
1605,0.0909090909090909,0.1969696969696969,0.0454545454545454,0.0367965367965368,0.0389610389610389
1606,0.0915492957746478,0.176056338028169,0.056338028169014,0.0211267605633802,0.0316901408450704
1607,0.0813953488372093,0.2232558139534883,0.0395348837209302,0.0209302325581395,0.027906976744186
1608,0.0661478599221789,0.1906614785992217,0.0661478599221789,0.0544747081712062,0.0116731517509727
1609,0.0888888888888888,0.2,0.074074074074074,0.0074074074074074,0.0148148148148148
1610,0.1243523316062176,0.233160621761658,0.0207253886010362,0.0259067357512953,0.0103626943005181
1611,0.101010101010101,0.1616161616161616,0.0303030303030303,0.0606060606060606,0.0303030303030303
1612,0.0984455958549222,0.2227979274611398,0.0518134715025906,0.0207253886010362,0.0310880829015544
1613,0.0806451612903225,0.2204301075268817,0.021505376344086,0.010752688172043,0.032258064516129
1614,0.0887573964497041,0.2189349112426035,0.0177514792899408,0.0,0.0236686390532544
1615,0.0547945205479452,0.2191780821917808,0.0616438356164383,0.0205479452054794,0.0068493150684931
1616,0.1025641025641025,0.1794871794871795,0.017094017094017,0.0256410256410256,0.0341880341880341
1617,0.0828025477707006,0.1528662420382165,0.0764331210191082,0.0063694267515923,0.0254777070063694
1618,0.0707070707070707,0.1818181818181818,0.0555555555555555,0.0252525252525252,0.0252525252525252
1619,0.0812182741116751,0.1658206429780034,0.0287648054145516,0.0118443316412859,0.015228426395939
1620,0.075268817204301,0.1612903225806451,0.0967741935483871,0.0,0.010752688172043
1621,0.1133333333333333,0.22,0.0333333333333333,0.0266666666666666,0.0466666666666666
1622,0.1130136986301369,0.1883561643835616,0.0205479452054794,0.0445205479452054,0.0513698630136986
1623,0.2727272727272727,0.2727272727272727,0.0,0.0,0.0909090909090909
1624,0.1122448979591836,0.2346938775510204,0.0510204081632653,0.010204081632653,0.0204081632653061
1625,0.1172413793103448,0.2137931034482758,0.0,0.0482758620689655,0.0137931034482758
1626,0.0660377358490566,0.2547169811320754,0.0283018867924528,0.0,0.0094339622641509
1627,0.0856031128404669,0.2140077821011673,0.0155642023346303,0.0194552529182879,0.0233463035019455
1628,0.0620155038759689,0.2403100775193798,0.0697674418604651,0.0155038759689922,0.0
1629,0.1196581196581196,0.1538461538461538,0.0256410256410256,0.0427350427350427,0.0085470085470085
1630,0.11875,0.19375,0.05,0.04375,0.025
1631,0.0983606557377049,0.1393442622950819,0.0081967213114754,0.0163934426229508,0.0163934426229508
1632,0.0705128205128205,0.173076923076923,0.0384615384615384,0.0064102564102564,0.0256410256410256
1633,0.1215469613259668,0.2154696132596685,0.0441988950276243,0.005524861878453,0.0276243093922651
1634,0.1062801932367149,0.217391304347826,0.0531400966183574,0.038647342995169,0.0193236714975845
1635,0.1073170731707317,0.2146341463414634,0.0292682926829268,0.0195121951219512,0.048780487804878
1636,0.081967213114754,0.2049180327868852,0.0573770491803278,0.0081967213114754,0.0163934426229508
1637,0.1180327868852459,0.2163934426229508,0.0393442622950819,0.0229508196721311,0.0098360655737704
1638,0.0918367346938775,0.2448979591836734,0.0612244897959183,0.0,0.0408163265306122
1639,0.1259842519685039,0.1968503937007874,0.0708661417322834,0.0078740157480314,0.0236220472440944
1640,0.0678733031674208,0.2171945701357466,0.0407239819004524,0.0497737556561085,0.0316742081447963
1641,0.14453125,0.20703125,0.0390625,0.046875,0.04296875
1642,0.10062893081761,0.2327044025157232,0.050314465408805,0.0314465408805031,0.0188679245283018
1643,0.0858585858585858,0.2323232323232323,0.0353535353535353,0.0151515151515151,0.0252525252525252
1644,0.0921985815602836,0.2198581560283688,0.0425531914893617,0.0283687943262411,0.0354609929078014
1645,0.1436781609195402,0.1264367816091954,0.0862068965517241,0.0459770114942528,0.0344827586206896
1646,0.0714285714285714,0.2142857142857142,0.0294117647058823,0.0336134453781512,0.0168067226890756
1647,0.03125,0.25,0.0208333333333333,0.0208333333333333,0.0
1648,0.1123595505617977,0.247191011235955,0.0337078651685393,0.0561797752808988,0.0112359550561797
1649,0.1095890410958904,0.2876712328767123,0.0410958904109589,0.0136986301369863,0.0
1650,0.1097560975609756,0.2469512195121951,0.048780487804878,0.0426829268292682,0.0457317073170731
1651,0.0875912408759124,0.2262773722627737,0.0291970802919708,0.0072992700729927,0.0218978102189781
1652,0.1083333333333333,0.25,0.0583333333333333,0.0166666666666666,0.0083333333333333
1653,0.0903954802259887,0.1638418079096045,0.0508474576271186,0.0225988700564971,0.0338983050847457
1654,0.0789473684210526,0.175438596491228,0.0175438596491228,0.0307017543859649,0.0087719298245614
1655,0.1323529411764706,0.1691176470588235,0.0367647058823529,0.0220588235294117,0.0367647058823529
1656,0.0921052631578947,0.1885964912280701,0.0263157894736842,0.0526315789473684,0.0394736842105263
1657,0.087431693989071,0.2185792349726776,0.0765027322404371,0.0218579234972677,0.0382513661202185
1658,0.1048387096774193,0.2338709677419354,0.0080645161290322,0.0483870967741935,0.032258064516129
1659,0.0833333333333333,0.2222222222222222,0.0,0.0277777777777777,0.0277777777777777
1660,0.1020408163265306,0.173469387755102,0.0408163265306122,0.010204081632653,0.0204081632653061
1661,0.1161825726141078,0.1701244813278008,0.0041493775933609,0.0331950207468879,0.0663900414937759
1662,0.1052631578947368,0.1862348178137652,0.0445344129554655,0.0404858299595141,0.0445344129554655
1663,0.0818181818181818,0.2454545454545454,0.0181818181818181,0.0272727272727272,0.009090909090909
1664,0.1132075471698113,0.1698113207547169,0.0314465408805031,0.0188679245283018,0.0188679245283018
1665,0.064516129032258,0.282258064516129,0.0806451612903225,0.032258064516129,0.0161290322580645
1666,0.1136363636363636,0.2121212121212121,0.0454545454545454,0.0454545454545454,0.0227272727272727
1667,0.1019108280254777,0.2292993630573248,0.0127388535031847,0.0127388535031847,0.0063694267515923
1668,0.0736842105263157,0.1894736842105263,0.0263157894736842,0.031578947368421,0.0105263157894736
1669,0.0769230769230769,0.1987179487179487,0.032051282051282,0.0192307692307692,0.0192307692307692
1670,0.0933660933660933,0.2211302211302211,0.0417690417690417,0.0245700245700245,0.0221130221130221
1671,0.0694444444444444,0.1736111111111111,0.0902777777777777,0.0277777777777777,0.0347222222222222
1672,0.0985915492957746,0.2112676056338028,0.0422535211267605,0.0140845070422535,0.0422535211267605
1673,0.1381578947368421,0.1907894736842105,0.0328947368421052,0.0328947368421052,0.0197368421052631
1674,0.1254612546125461,0.2324723247232472,0.047970479704797,0.007380073800738,0.022140221402214
1675,0.0629921259842519,0.0944881889763779,0.0,0.0157480314960629,0.0314960629921259
1676,0.0746268656716417,0.208955223880597,0.0298507462686567,0.0,0.0149253731343283
1677,0.0817307692307692,0.2259615384615384,0.0432692307692307,0.0096153846153846,0.0192307692307692
1678,0.0916666666666666,0.2416666666666666,0.0416666666666666,0.0583333333333333,0.0
1679,0.0891089108910891,0.1782178217821782,0.0,0.0099009900990099,0.0297029702970297
1680,0.1256038647342995,0.2077294685990338,0.0144927536231884,0.0434782608695652,0.0579710144927536
1681,0.1325301204819277,0.2048192771084337,0.0240963855421686,0.0120481927710843,0.0
1682,0.0807453416149068,0.2360248447204969,0.0434782608695652,0.0496894409937888,0.031055900621118
1683,0.1142857142857142,0.1928571428571428,0.0071428571428571,0.0,0.0071428571428571
1684,0.0909090909090909,0.2803030303030303,0.0681818181818181,0.0227272727272727,0.0
1685,0.0576923076923076,0.1826923076923076,0.0192307692307692,0.0096153846153846,0.0384615384615384
1686,0.0909090909090909,0.2231404958677686,0.0454545454545454,0.0206611570247933,0.0330578512396694
1687,0.0947368421052631,0.1578947368421052,0.0,0.0,0.0105263157894736
1688,0.130718954248366,0.196078431372549,0.0392156862745098,0.0261437908496732,0.0392156862745098
1689,0.11,0.18,0.01,0.03,0.05
1690,0.0425531914893617,0.0992907801418439,0.0638297872340425,0.0070921985815602,0.0283687943262411
1691,0.105,0.21,0.03,0.065,0.035
1692,0.064,0.168,0.024,0.016,0.024
1693,0.0845771144278607,0.208955223880597,0.0398009950248756,0.0149253731343283,0.0149253731343283
1694,0.0851063829787234,0.1985815602836879,0.0141843971631205,0.0354609929078014,0.0141843971631205
1695,0.10828025477707,0.2356687898089172,0.0318471337579617,0.0254777070063694,0.0318471337579617
1696,0.1095890410958904,0.2260273972602739,0.047945205479452,0.0410958904109589,0.0136986301369863
1697,0.1443298969072164,0.2164948453608247,0.0103092783505154,0.0309278350515463,0.0309278350515463
1698,0.0465116279069767,0.1627906976744186,0.0697674418604651,0.0,0.0
1699,0.1045751633986928,0.1764705882352941,0.0980392156862745,0.0588235294117647,0.0457516339869281
1700,0.110576923076923,0.1971153846153846,0.0625,0.0817307692307692,0.0384615384615384
1701,0.1081081081081081,0.1981981981981982,0.063063063063063,0.045045045045045,0.063063063063063
1702,0.063063063063063,0.1801801801801801,0.036036036036036,0.045045045045045,0.0
1703,0.0980392156862745,0.2009803921568627,0.0245098039215686,0.0490196078431372,0.0196078431372549
1704,0.0680272108843537,0.2448979591836734,0.0136054421768707,0.0136054421768707,0.0068027210884353
1705,0.1595744680851064,0.2234042553191489,0.0212765957446808,0.0106382978723404,0.0212765957446808
1706,0.1135135135135135,0.2864864864864865,0.054054054054054,0.0054054054054054,0.054054054054054
1707,0.0662251655629139,0.2516556291390728,0.0066225165562913,0.0331125827814569,0.0264900662251655
1708,0.1126373626373626,0.2225274725274725,0.0796703296703296,0.0357142857142857,0.0219780219780219
1709,0.1666666666666666,0.2916666666666667,0.0,0.0,0.0
1710,0.0642201834862385,0.2477064220183486,0.0412844036697247,0.055045871559633,0.0137614678899082
1711,0.0753768844221105,0.271356783919598,0.0251256281407035,0.0251256281407035,0.0100502512562814
1712,0.1162790697674418,0.2093023255813953,0.0465116279069767,0.0232558139534883,0.0387596899224806
1713,0.09375,0.2421875,0.03125,0.03125,0.015625
1714,0.1491228070175438,0.1885964912280701,0.0570175438596491,0.0350877192982456,0.0614035087719298
1715,0.0960698689956331,0.1834061135371179,0.0349344978165938,0.0,0.0131004366812227
1716,0.0858369098712446,0.2532188841201717,0.0515021459227467,0.03862660944206,0.0085836909871244
1717,0.1411042944785276,0.2269938650306748,0.0490797546012269,0.0429447852760736,0.0245398773006134
1718,0.1219512195121951,0.1951219512195122,0.0439024390243902,0.024390243902439,0.0097560975609756
1719,0.0975609756097561,0.1951219512195122,0.073170731707317,0.0121951219512195,0.0
1720,0.1286173633440514,0.1897106109324758,0.0321543408360128,0.0192926045016077,0.0385852090032154
1721,0.0916666666666666,0.2416666666666666,0.0666666666666666,0.0166666666666666,0.025
1722,0.1117647058823529,0.2176470588235294,0.0352941176470588,0.0705882352941176,0.0411764705882352
1723,0.075098814229249,0.2134387351778656,0.067193675889328,0.0474308300395256,0.0395256916996047
1724,0.0921052631578947,0.2171052631578947,0.0723684210526315,0.0592105263157894,0.0263157894736842
1725,0.0754716981132075,0.2075471698113207,0.0188679245283018,0.0283018867924528,0.0188679245283018
1726,0.0972222222222222,0.2083333333333333,0.0324074074074074,0.0046296296296296,0.0324074074074074
1727,0.0903954802259887,0.192090395480226,0.0338983050847457,0.0056497175141242,0.0112994350282485
1728,0.1185185185185185,0.1925925925925926,0.0888888888888888,0.0222222222222222,0.0148148148148148
1729,0.0991735537190082,0.2727272727272727,0.0661157024793388,0.024793388429752,0.0165289256198347
1730,0.0836820083682008,0.1841004184100418,0.0502092050209205,0.0334728033472803,0.0418410041841004
1731,0.0930232558139534,0.2186046511627907,0.041860465116279,0.0186046511627906,0.0232558139534883
1732,0.0886075949367088,0.2455696202531645,0.0379746835443038,0.0278481012658227,0.010126582278481
1733,0.0909090909090909,0.2303030303030303,0.0666666666666666,0.0363636363636363,0.0303030303030303
1734,0.1037735849056603,0.1981132075471698,0.0283018867924528,0.0188679245283018,0.0188679245283018
1735,0.1179245283018868,0.2122641509433962,0.0613207547169811,0.0235849056603773,0.0471698113207547
1736,0.1461538461538461,0.1923076923076923,0.0384615384615384,0.023076923076923,0.0076923076923076
1737,0.1140939597315436,0.1342281879194631,0.0335570469798657,0.0268456375838926,0.0536912751677852
1738,0.1282051282051282,0.2115384615384615,0.0512820512820512,0.0448717948717948,0.032051282051282
1739,0.0925925925925925,0.2407407407407407,0.0185185185185185,0.0277777777777777,0.0462962962962962
1740,0.1182364729458917,0.2044088176352705,0.0440881763527054,0.0460921843687374,0.0440881763527054
1741,0.0697674418604651,0.2209302325581395,0.127906976744186,0.0581395348837209,0.0465116279069767
1742,0.0983606557377049,0.2540983606557377,0.081967213114754,0.0163934426229508,0.0081967213114754
1743,0.1091954022988505,0.1954022988505747,0.028735632183908,0.0229885057471264,0.0517241379310344
1744,0.1346153846153846,0.2115384615384615,0.0064102564102564,0.032051282051282,0.0576923076923076
1745,0.0914634146341463,0.2073170731707317,0.048780487804878,0.024390243902439,0.0365853658536585
1746,0.125,0.2237903225806451,0.0604838709677419,0.034274193548387,0.0282258064516129
1747,0.12,0.18,0.03,0.03,0.02
1748,0.1137254901960784,0.1686274509803921,0.0196078431372549,0.0352941176470588,0.0196078431372549
1749,0.1365638766519823,0.2466960352422907,0.026431718061674,0.0176211453744493,0.0616740088105726
1750,0.08,0.22,0.08,0.02,0.04
1751,0.1367521367521367,0.1623931623931624,0.017094017094017,0.0,0.0085470085470085
1752,0.1280487804878048,0.2195121951219512,0.0670731707317073,0.048780487804878,0.0365853658536585
1753,0.0666666666666666,0.2666666666666666,0.037037037037037,0.0148148148148148,0.0
1754,0.0974025974025974,0.2402597402597402,0.0844155844155844,0.0129870129870129,0.0129870129870129
1755,0.1025641025641025,0.2393162393162393,0.0769230769230769,0.0341880341880341,0.0256410256410256
1756,0.0594795539033457,0.1895910780669145,0.0260223048327137,0.0037174721189591,0.0111524163568773
1757,0.0803571428571428,0.25,0.0267857142857142,0.0178571428571428,0.0
1758,0.082687338501292,0.2093023255813953,0.0490956072351421,0.0284237726098191,0.0465116279069767
1759,0.0991735537190082,0.2396694214876033,0.0165289256198347,0.0826446280991735,0.0
1760,0.081081081081081,0.2072072072072072,0.027027027027027,0.0,0.036036036036036
1761,0.09,0.235,0.065,0.01,0.0
1762,0.0940766550522648,0.229965156794425,0.0662020905923344,0.0522648083623693,0.0348432055749128
1763,0.089430894308943,0.2357723577235772,0.040650406504065,0.0,0.024390243902439
1764,0.0985401459854014,0.2262773722627737,0.0364963503649635,0.0182481751824817,0.0218978102189781
1765,0.1043165467625899,0.2230215827338129,0.0467625899280575,0.039568345323741,0.0071942446043165
1766,0.0618556701030927,0.2783505154639175,0.0206185567010309,0.0,0.0103092783505154
1767,0.12109375,0.19140625,0.0234375,0.02734375,0.0703125
1768,0.0655737704918032,0.2021857923497267,0.0655737704918032,0.0437158469945355,0.0109289617486338
1769,0.0785340314136125,0.2356020942408377,0.0732984293193717,0.0052356020942408,0.0157068062827225
1770,0.1858407079646017,0.2123893805309734,0.0265486725663716,0.0088495575221238,0.0265486725663716
1771,0.1301369863013698,0.2191780821917808,0.0342465753424657,0.0205479452054794,0.0410958904109589
1772,0.099009900990099,0.2277227722772277,0.0742574257425742,0.0247524752475247,0.0396039603960396
1773,0.1240601503759398,0.2142857142857142,0.018796992481203,0.0300751879699248,0.037593984962406
1774,0.160919540229885,0.2298850574712643,0.0114942528735632,0.0459770114942528,0.028735632183908
1775,0.0547945205479452,0.1780821917808219,0.0205479452054794,0.0136986301369863,0.0068493150684931
1776,0.0977777777777777,0.2133333333333333,0.0222222222222222,0.0222222222222222,0.0133333333333333
1777,0.0947368421052631,0.1736842105263158,0.0368421052631578,0.0263157894736842,0.0157894736842105
1778,0.0632911392405063,0.240506329113924,0.0316455696202531,0.0316455696202531,0.0063291139240506
1779,0.1276595744680851,0.2553191489361702,0.0283687943262411,0.0354609929078014,0.0354609929078014
1780,0.0773809523809523,0.2678571428571428,0.0416666666666666,0.0178571428571428,0.0119047619047619
1781,0.1304347826086956,0.1971014492753623,0.0318840579710144,0.0521739130434782,0.0463768115942029
1782,0.0823529411764705,0.2,0.0705882352941176,0.0588235294117647,0.0117647058823529
1783,0.132,0.168,0.04,0.02,0.048
1784,0.1206030150753768,0.2160804020100502,0.0351758793969849,0.0351758793969849,0.0402010050251256
1785,0.0982142857142857,0.2053571428571428,0.0267857142857142,0.0357142857142857,0.0089285714285714
1786,0.0344827586206896,0.2413793103448276,0.0689655172413793,0.0,0.0
1787,0.087248322147651,0.2147651006711409,0.0134228187919463,0.0,0.0335570469798657
1788,0.1111111111111111,0.2296296296296296,0.0444444444444444,0.0148148148148148,0.0296296296296296
1789,0.0751173708920187,0.244131455399061,0.028169014084507,0.0046948356807511,0.0140845070422535
1790,0.1473684210526315,0.1894736842105263,0.0421052631578947,0.0105263157894736,0.0421052631578947
1791,0.0934393638170974,0.2306163021868787,0.0337972166998011,0.0298210735586481,0.0238568588469184
1792,0.1224489795918367,0.2448979591836734,0.0204081632653061,0.0,0.0612244897959183
1793,0.102803738317757,0.2616822429906542,0.0373831775700934,0.0,0.0093457943925233
1794,0.1067615658362989,0.1814946619217081,0.0569395017793594,0.0320284697508896,0.0213523131672597
1795,0.0932400932400932,0.1864801864801865,0.0512820512820512,0.0419580419580419,0.0326340326340326
1796,0.088235294117647,0.25,0.088235294117647,0.0,0.0294117647058823
1797,0.1138014527845036,0.2203389830508474,0.0653753026634382,0.0556900726392251,0.0460048426150121
1798,0.1064814814814814,0.1944444444444444,0.0787037037037037,0.0138888888888888,0.0324074074074074
1799,0.0606060606060606,0.1818181818181818,0.0151515151515151,0.0,0.0
1800,0.1023622047244094,0.2362204724409448,0.0472440944881889,0.0078740157480314,0.0157480314960629
1801,0.1076115485564304,0.1942257217847769,0.0433070866141732,0.0524934383202099,0.0275590551181102
1802,0.1034482758620689,0.2873563218390804,0.0114942528735632,0.0402298850574712,0.0172413793103448
1803,0.0833333333333333,0.2202380952380952,0.0416666666666666,0.0119047619047619,0.0238095238095238
1804,0.0825688073394495,0.2201834862385321,0.0458715596330275,0.036697247706422,0.055045871559633
1805,0.1013513513513513,0.2027027027027027,0.027027027027027,0.027027027027027,0.0202702702702702
1806,0.0916030534351145,0.2290076335877862,0.0839694656488549,0.015267175572519,0.0305343511450381
1807,0.1082089552238805,0.2014925373134328,0.0298507462686567,0.0186567164179104,0.003731343283582
1808,0.082051282051282,0.1589743589743589,0.041025641025641,0.0051282051282051,0.0102564102564102
1809,0.096,0.288,0.008,0.016,0.016
1810,0.0337078651685393,0.1573033707865168,0.0337078651685393,0.0112359550561797,0.0
1811,0.109375,0.25,0.015625,0.0390625,0.015625
1812,0.0833333333333333,0.1791666666666666,0.0458333333333333,0.0458333333333333,0.025
1813,0.1329479768786127,0.2196531791907514,0.0346820809248554,0.0173410404624277,0.0346820809248554
1814,0.125,0.1704545454545454,0.0568181818181818,0.0454545454545454,0.0227272727272727
1815,0.1181818181818181,0.2181818181818181,0.0545454545454545,0.0363636363636363,0.0363636363636363
1816,0.0744680851063829,0.202127659574468,0.0531914893617021,0.0106382978723404,0.0106382978723404
1817,0.1318681318681318,0.2197802197802197,0.0604395604395604,0.0439560439560439,0.0219780219780219
1818,0.0878186968838526,0.2124645892351274,0.0141643059490084,0.0283286118980169,0.0169971671388102
1819,0.1428571428571428,0.2467532467532467,0.0519480519480519,0.0649350649350649,0.0
1820,0.0714285714285714,0.3214285714285714,0.1071428571428571,0.0,0.0
1821,0.0928961748633879,0.2185792349726776,0.0218579234972677,0.0273224043715847,0.0163934426229508
1822,0.0583333333333333,0.3,0.05,0.0083333333333333,0.0
1823,0.1428571428571428,0.2077922077922078,0.0194805194805194,0.0,0.0259740259740259
1824,0.0483091787439613,0.2028985507246377,0.0434782608695652,0.0048309178743961,0.0241545893719806
1825,0.1011235955056179,0.2247191011235955,0.0,0.0,0.0
1826,0.12,0.4,0.0,0.0,0.0
1827,0.0727272727272727,0.2181818181818181,0.0363636363636363,0.0,0.0
1828,0.0981595092024539,0.2269938650306748,0.0368098159509202,0.0184049079754601,0.0061349693251533
1829,0.1,0.275,0.0,0.025,0.025
1830,0.078125,0.2109375,0.0546875,0.0,0.0234375
1831,0.1269841269841269,0.1968253968253968,0.0380952380952381,0.0476190476190476,0.0380952380952381
1832,0.0957446808510638,0.1808510638297872,0.0319148936170212,0.0319148936170212,0.0212765957446808
1833,0.0894736842105263,0.1789473684210526,0.0421052631578947,0.0421052631578947,0.0368421052631578
1834,0.0826666666666666,0.1306666666666666,0.0426666666666666,0.008,0.008
1835,0.1403508771929824,0.1052631578947368,0.0,0.0,0.087719298245614
1836,0.0903010033444816,0.2307692307692307,0.0267558528428093,0.020066889632107,0.0234113712374581
1837,0.1083916083916083,0.2097902097902098,0.0874125874125874,0.0139860139860139,0.0209790209790209
1838,0.1302083333333333,0.1875,0.0260416666666666,0.0260416666666666,0.0364583333333333
1839,0.0457516339869281,0.130718954248366,0.0261437908496732,0.0065359477124183,0.0130718954248366
1840,0.1147540983606557,0.2163934426229508,0.0590163934426229,0.0295081967213114,0.0327868852459016
1841,0.1,0.25,0.15,0.0,0.0
1842,0.1123595505617977,0.1910112359550561,0.0674157303370786,0.0337078651685393,0.0449438202247191
1843,0.0643274853801169,0.1929824561403508,0.0292397660818713,0.023391812865497,0.0116959064327485
1844,0.0772946859903381,0.2318840579710145,0.0628019323671497,0.0,0.0144927536231884
1845,0.09009009009009,0.2522522522522522,0.027027027027027,0.045045045045045,0.027027027027027
1846,0.1009174311926605,0.2568807339449541,0.0275229357798165,0.0091743119266055,0.018348623853211
1847,0.0879629629629629,0.2037037037037037,0.0555555555555555,0.037037037037037,0.0185185185185185
1848,0.0992907801418439,0.2340425531914893,0.0283687943262411,0.0212765957446808,0.0283687943262411
1849,0.0689655172413793,0.2275862068965517,0.0620689655172413,0.0068965517241379,0.0206896551724137
1850,0.1145038167938931,0.2366412213740458,0.0305343511450381,0.0,0.015267175572519
1851,0.0818713450292397,0.1988304093567251,0.023391812865497,0.0116959064327485,0.0116959064327485
1852,0.1494845360824742,0.1855670103092783,0.0463917525773195,0.0257731958762886,0.0515463917525773
1853,0.0977443609022556,0.225563909774436,0.037593984962406,0.0150375939849624,0.0225563909774436
1854,0.0940766550522648,0.1916376306620209,0.0592334494773519,0.0557491289198606,0.0313588850174216
1855,0.0666666666666666,0.1916666666666666,0.0416666666666666,0.0166666666666666,0.0166666666666666
1856,0.086092715231788,0.1788079470198675,0.0331125827814569,0.0264900662251655,0.0264900662251655
1857,0.1214285714285714,0.2178571428571428,0.0285714285714285,0.0321428571428571,0.0107142857142857
1858,0.0833333333333333,0.25,0.0,0.0,0.0
1859,0.1208791208791208,0.1978021978021978,0.0109890109890109,0.0219780219780219,0.0329670329670329
1860,0.0829694323144104,0.2663755458515284,0.0174672489082969,0.0174672489082969,0.0480349344978165
1861,0.0963855421686747,0.1566265060240964,0.0481927710843373,0.072289156626506,0.0602409638554216
1862,0.0849056603773584,0.1981132075471698,0.0943396226415094,0.0566037735849056,0.0283018867924528
1863,0.1539634146341463,0.1554878048780487,0.0365853658536585,0.0838414634146341,0.0640243902439024
1864,0.1126760563380281,0.1971830985915492,0.0,0.0,0.0
1865,0.1116279069767441,0.1534883720930232,0.0325581395348837,0.027906976744186,0.0186046511627906
1866,0.1379310344827586,0.2344827586206896,0.0068965517241379,0.0344827586206896,0.0689655172413793
1867,0.1379310344827586,0.2068965517241379,0.0517241379310344,0.0114942528735632,0.0804597701149425
1868,0.0625,0.2053571428571428,0.0357142857142857,0.0,0.0178571428571428
1869,0.0963855421686747,0.2590361445783132,0.036144578313253,0.0240963855421686,0.0180722891566265
1870,0.0962962962962963,0.2,0.0296296296296296,0.0444444444444444,0.0222222222222222
1871,0.0923694779116465,0.2088353413654618,0.0240963855421686,0.036144578313253,0.0040160642570281
1872,0.1111111111111111,0.2,0.0,0.0,0.0222222222222222
1873,0.0906735751295336,0.1839378238341968,0.038860103626943,0.0569948186528497,0.0595854922279792
1874,0.119047619047619,0.2023809523809523,0.0416666666666666,0.0297619047619047,0.0297619047619047
1875,0.1413612565445026,0.1675392670157068,0.06282722513089,0.0575916230366492,0.0523560209424083
1876,0.13,0.25,0.03,0.02,0.04
1877,0.0769230769230769,0.2307692307692307,0.0219780219780219,0.0219780219780219,0.0109890109890109
1878,0.0990990990990991,0.3018018018018018,0.045045045045045,0.0315315315315315,0.027027027027027
1879,0.0923076923076923,0.2769230769230769,0.0461538461538461,0.0307692307692307,0.0307692307692307
1880,0.1111111111111111,0.3333333333333333,0.0246913580246913,0.0,0.0123456790123456
1881,0.1108033240997229,0.2132963988919667,0.0193905817174515,0.0554016620498614,0.0360110803324099
1882,0.1201923076923077,0.1875,0.0336538461538461,0.048076923076923,0.0528846153846153
1883,0.1102941176470588,0.1911764705882352,0.0220588235294117,0.0147058823529411,0.0147058823529411
1884,0.088235294117647,0.1544117647058823,0.0294117647058823,0.0073529411764705,0.0147058823529411
1885,0.1126005361930295,0.195710455764075,0.0455764075067024,0.0428954423592493,0.0616621983914209
1886,0.0899280575539568,0.2482014388489208,0.0503597122302158,0.0251798561151079,0.0287769784172661
1887,0.08,0.3,0.0,0.02,0.0
1888,0.16,0.26,0.08,0.0,0.06
1889,0.1078431372549019,0.2254901960784313,0.0490196078431372,0.0,0.0098039215686274
1890,0.1235955056179775,0.2584269662921348,0.0112359550561797,0.0224719101123595,0.0224719101123595
1891,0.1153846153846153,0.2115384615384615,0.0,0.0192307692307692,0.0192307692307692
1892,0.06,0.2,0.075,0.015,0.02
1893,0.0952380952380952,0.2261904761904762,0.0238095238095238,0.0119047619047619,0.0119047619047619
1894,0.119205298013245,0.2251655629139073,0.0662251655629139,0.0331125827814569,0.0264900662251655
1895,0.1007751937984496,0.2286821705426356,0.0503875968992248,0.0155038759689922,0.0271317829457364
1896,0.088235294117647,0.2058823529411764,0.0392156862745098,0.0,0.0
1897,0.0769230769230769,0.2615384615384615,0.0,0.0,0.0307692307692307
1898,0.0918367346938775,0.173469387755102,0.0663265306122449,0.0306122448979591,0.0153061224489795
1899,0.0760233918128654,0.2163742690058479,0.0058479532163742,0.0116959064327485,0.0116959064327485
1900,0.0920245398773006,0.2085889570552147,0.0368098159509202,0.0122699386503067,0.0122699386503067
1901,0.1256038647342995,0.1980676328502415,0.0048309178743961,0.0289855072463768,0.0289855072463768
1902,0.1065573770491803,0.2131147540983606,0.0983606557377049,0.081967213114754,0.0655737704918032
1903,0.08,0.2666666666666666,0.0133333333333333,0.02,0.0133333333333333
1904,0.0458715596330275,0.1743119266055046,0.1009174311926605,0.0275229357798165,0.0091743119266055
1905,0.1209677419354838,0.2177419354838709,0.0161290322580645,0.0080645161290322,0.032258064516129
1906,0.095,0.225,0.02,0.01,0.015
1907,0.1538461538461538,0.1709401709401709,0.0256410256410256,0.0512820512820512,0.017094017094017
1908,0.0843373493975903,0.1927710843373494,0.0843373493975903,0.036144578313253,0.0240963855421686
1909,0.0719424460431654,0.2446043165467626,0.1007194244604316,0.0359712230215827,0.0215827338129496
1910,0.1089108910891089,0.2178217821782178,0.0198019801980198,0.0198019801980198,0.0495049504950495
1911,0.0638297872340425,0.2056737588652482,0.0851063829787234,0.0283687943262411,0.0141843971631205
1912,0.0977011494252873,0.2701149425287356,0.0402298850574712,0.0172413793103448,0.0114942528735632
1913,0.1186440677966101,0.1525423728813559,0.0169491525423728,0.0508474576271186,0.0
1914,0.1229946524064171,0.1871657754010695,0.0481283422459893,0.0427807486631016,0.0160427807486631
1915,0.1020408163265306,0.2448979591836734,0.0476190476190476,0.0408163265306122,0.0340136054421768
1916,0.1142857142857142,0.2571428571428571,0.0285714285714285,0.0142857142857142,0.0
1917,0.1016949152542373,0.1949152542372881,0.0296610169491525,0.0127118644067796,0.0338983050847457
1918,0.0972222222222222,0.2222222222222222,0.0208333333333333,0.0277777777777777,0.0138888888888888
1919,0.1068376068376068,0.2222222222222222,0.0427350427350427,0.047008547008547,0.0128205128205128
1920,0.06875,0.225,0.0625,0.03125,0.0125
1921,0.1111111111111111,0.1851851851851851,0.0123456790123456,0.0246913580246913,0.037037037037037
1922,0.096045197740113,0.1751412429378531,0.0169491525423728,0.0225988700564971,0.0112994350282485
1923,0.0440251572327044,0.1761006289308176,0.0251572327044025,0.0062893081761006,0.0125786163522012
1924,0.12,0.26,0.0066666666666666,0.02,0.0533333333333333
1925,0.0808823529411764,0.213235294117647,0.0698529411764705,0.025735294117647,0.0477941176470588
1926,0.0884353741496598,0.2040816326530612,0.0408163265306122,0.0408163265306122,0.0408163265306122
1927,0.0808080808080808,0.2222222222222222,0.0101010101010101,0.0101010101010101,0.0
1928,0.1329113924050632,0.189873417721519,0.0443037974683544,0.0253164556962025,0.0443037974683544
1929,0.1005291005291005,0.2222222222222222,0.0264550264550264,0.0211640211640211,0.0158730158730158
1930,0.0925925925925925,0.25,0.0462962962962962,0.037037037037037,0.0277777777777777
1931,0.103641456582633,0.2044817927170868,0.0280112044817927,0.0224089635854341,0.0336134453781512
1932,0.0915032679738562,0.2875816993464052,0.0588235294117647,0.0,0.0196078431372549
1933,0.1236263736263736,0.2087912087912088,0.0686813186813186,0.0439560439560439,0.0576923076923076
1934,0.0839813374805598,0.19751166407465,0.0528771384136858,0.0404354587869362,0.0513219284603421
1935,0.1471861471861472,0.2337662337662337,0.0432900432900432,0.0259740259740259,0.0216450216450216
1936,0.1257485029940119,0.1676646706586826,0.0359281437125748,0.0778443113772455,0.0359281437125748
1937,0.081081081081081,0.2027027027027027,0.027027027027027,0.027027027027027,0.0135135135135135
1938,0.0569948186528497,0.2487046632124352,0.0310880829015544,0.005181347150259,0.0155440414507772
1939,0.0920245398773006,0.2392638036809816,0.0368098159509202,0.0,0.0306748466257668
1940,0.1016949152542373,0.2711864406779661,0.0677966101694915,0.0254237288135593,0.0338983050847457
1941,0.0869565217391304,0.1884057971014492,0.0579710144927536,0.0289855072463768,0.0144927536231884
1942,0.1246612466124661,0.1761517615176151,0.029810298102981,0.040650406504065,0.037940379403794
1943,0.1111111111111111,0.1851851851851851,0.0462962962962962,0.0648148148148148,0.0185185185185185
1944,0.1463414634146341,0.1544715447154471,0.024390243902439,0.032520325203252,0.040650406504065
1945,0.0820895522388059,0.208955223880597,0.044776119402985,0.044776119402985,0.0335820895522388
1946,0.1153846153846153,0.2051282051282051,0.0641025641025641,0.0256410256410256,0.0384615384615384
1947,0.0958904109589041,0.3082191780821918,0.0753424657534246,0.0136986301369863,0.0
1948,0.0878378378378378,0.1756756756756756,0.0337837837837837,0.0202702702702702,0.0202702702702702
1949,0.1254019292604501,0.2090032154340836,0.0353697749196141,0.0128617363344051,0.0257234726688102
1950,0.1358490566037735,0.1886792452830188,0.0339622641509433,0.0339622641509433,0.0452830188679245
1951,0.1206896551724138,0.25,0.0172413793103448,0.0172413793103448,0.0258620689655172
1952,0.1261261261261261,0.1576576576576576,0.0405405405405405,0.0315315315315315,0.0315315315315315
1953,0.0869565217391304,0.1793478260869565,0.0271739130434782,0.0217391304347826,0.0217391304347826
1954,0.1055900621118012,0.1739130434782608,0.0559006211180124,0.0062111801242236,0.0062111801242236
1955,0.0618892508143322,0.1889250814332247,0.0358306188925081,0.006514657980456,0.019543973941368
1956,0.0858895705521472,0.2269938650306748,0.0306748466257668,0.0061349693251533,0.0306748466257668
1957,0.1034482758620689,0.2241379310344827,0.0,0.0172413793103448,0.0
1958,0.0815047021943573,0.1974921630094044,0.0595611285266457,0.0344827586206896,0.0470219435736677
1959,0.1515151515151515,0.2222222222222222,0.0202020202020202,0.0303030303030303,0.0555555555555555
1960,0.0918367346938775,0.2346938775510204,0.0306122448979591,0.010204081632653,0.010204081632653
1961,0.1666666666666666,0.1842105263157894,0.0263157894736842,0.0526315789473684,0.0526315789473684
1962,0.1525423728813559,0.2711864406779661,0.0677966101694915,0.0,0.0
1963,0.1193181818181818,0.1988636363636363,0.0454545454545454,0.0284090909090909,0.0170454545454545
1964,0.130718954248366,0.2418300653594771,0.0718954248366013,0.0392156862745098,0.0196078431372549
1965,0.0710059171597633,0.1893491124260355,0.0473372781065088,0.0236686390532544,0.0236686390532544
1966,0.0775193798449612,0.1705426356589147,0.0930232558139534,0.0232558139534883,0.0232558139534883
1967,0.1234866828087167,0.2009685230024213,0.0484261501210653,0.0460048426150121,0.0266343825665859
1968,0.1791044776119403,0.1343283582089552,0.044776119402985,0.0,0.0298507462686567
1969,0.0775193798449612,0.2248062015503876,0.0387596899224806,0.0542635658914728,0.0232558139534883
1970,0.0787878787878787,0.1878787878787878,0.0666666666666666,0.0181818181818181,0.0242424242424242
1971,0.1022727272727272,0.2026515151515151,0.053030303030303,0.0397727272727272,0.0397727272727272
1972,0.1157894736842105,0.2210526315789473,0.0657894736842105,0.0394736842105263,0.0473684210526315
1973,0.1085043988269794,0.2170087976539589,0.0733137829912023,0.0586510263929618,0.0351906158357771
1974,0.0842105263157894,0.1789473684210526,0.0526315789473684,0.0447368421052631,0.0421052631578947
1975,0.0797546012269938,0.2453987730061349,0.0490797546012269,0.0,0.0245398773006134
1976,0.1041666666666666,0.25,0.0208333333333333,0.0069444444444444,0.0347222222222222
1977,0.1304347826086956,0.2292490118577075,0.0316205533596837,0.0158102766798418,0.0197628458498023
1978,0.0592592592592592,0.1518518518518518,0.0444444444444444,0.0074074074074074,0.0074074074074074
1979,0.1075268817204301,0.2258064516129032,0.053763440860215,0.032258064516129,0.0
1980,0.1256544502617801,0.1832460732984293,0.0418848167539267,0.031413612565445,0.0209424083769633
1981,0.0926829268292682,0.2341463414634146,0.0292682926829268,0.0,0.0195121951219512
1982,0.0918367346938775,0.2142857142857142,0.0306122448979591,0.0204081632653061,0.010204081632653
1983,0.0736842105263157,0.2421052631578947,0.0526315789473684,0.0210526315789473,0.0
1984,0.0963855421686747,0.216867469879518,0.0481927710843373,0.0391566265060241,0.0271084337349397
1985,0.0760869565217391,0.2065217391304347,0.0543478260869565,0.0543478260869565,0.0217391304347826
1986,0.056338028169014,0.2323943661971831,0.056338028169014,0.0070422535211267,0.0
1987,0.1206030150753768,0.202680067001675,0.0251256281407035,0.016750418760469,0.0251256281407035
1988,0.1283783783783783,0.2027027027027027,0.054054054054054,0.054054054054054,0.0202702702702702
1989,0.0841121495327102,0.1869158878504672,0.0747663551401869,0.0186915887850467,0.02803738317757
1990,0.0571428571428571,0.2857142857142857,0.0142857142857142,0.0285714285714285,0.0285714285714285
1991,0.1299435028248587,0.1581920903954802,0.0564971751412429,0.0338983050847457,0.03954802259887
1992,0.0809248554913294,0.1791907514450867,0.0751445086705202,0.0231213872832369,0.0231213872832369
1993,0.0491803278688524,0.2622950819672131,0.0245901639344262,0.0081967213114754,0.0
1994,0.0808080808080808,0.2626262626262626,0.0909090909090909,0.0,0.0101010101010101
1995,0.0952380952380952,0.2142857142857142,0.0634920634920634,0.0079365079365079,0.0079365079365079
1996,0.1327433628318584,0.2212389380530973,0.0530973451327433,0.0176991150442477,0.0442477876106194
1997,0.0961538461538461,0.25,0.048076923076923,0.0288461538461538,0.0192307692307692
1998,0.1218274111675127,0.2030456852791878,0.0253807106598984,0.0380710659898477,0.0304568527918781
1999,0.0821917808219178,0.2328767123287671,0.0821917808219178,0.0273972602739726,0.0136986301369863
2000,0.1521739130434782,0.1630434782608695,0.0434782608695652,0.0434782608695652,0.0271739130434782
2001,0.0891089108910891,0.2079207920792079,0.0396039603960396,0.0297029702970297,0.0099009900990099
2002,0.0948905109489051,0.218978102189781,0.010948905109489,0.0437956204379562,0.0255474452554744
2003,0.1048951048951049,0.1748251748251748,0.0419580419580419,0.0209790209790209,0.0559440559440559
2004,0.1411764705882353,0.1647058823529411,0.0352941176470588,0.0,0.0117647058823529
2005,0.1318681318681318,0.2124542124542124,0.0549450549450549,0.0256410256410256,0.0183150183150183
2006,0.0930232558139534,0.1937984496124031,0.0542635658914728,0.0232558139534883,0.0232558139534883
2007,0.1142857142857142,0.2,0.0571428571428571,0.0,0.0571428571428571
2008,0.1319796954314721,0.2588832487309644,0.0253807106598984,0.015228426395939,0.0304568527918781
2009,0.12,0.2,0.04,0.0133333333333333,0.0133333333333333
2010,0.085,0.215,0.04,0.06,0.015
2011,0.1013824884792626,0.2073732718894009,0.0737327188940092,0.0414746543778801,0.0138248847926267
2012,0.0584415584415584,0.2402597402597402,0.0259740259740259,0.0194805194805194,0.0259740259740259
2013,0.0504587155963302,0.2431192660550458,0.0321100917431192,0.0091743119266055,0.0137614678899082
2014,0.1111111111111111,0.1699346405228758,0.0196078431372549,0.0457516339869281,0.0261437908496732
2015,0.0979381443298969,0.190721649484536,0.0154639175257731,0.0360824742268041,0.0103092783505154
2016,0.0895522388059701,0.2686567164179104,0.0149253731343283,0.0074626865671641,0.0149253731343283
2017,0.1039603960396039,0.2326732673267326,0.0396039603960396,0.0544554455445544,0.0297029702970297
2018,0.1147540983606557,0.2131147540983606,0.0491803278688524,0.0245901639344262,0.0491803278688524
2019,0.0797872340425532,0.175531914893617,0.0425531914893617,0.0159574468085106,0.0106382978723404
2020,0.075268817204301,0.1075268817204301,0.043010752688172,0.032258064516129,0.021505376344086
2021,0.1208791208791208,0.2087912087912088,0.0109890109890109,0.0054945054945054,0.0164835164835164
2022,0.1009174311926605,0.1559633027522936,0.0275229357798165,0.0091743119266055,0.0
2023,0.1076923076923077,0.1692307692307692,0.0892307692307692,0.0492307692307692,0.0215384615384615
2024,0.0903225806451612,0.2258064516129032,0.0387096774193548,0.0129032258064516,0.0387096774193548
2025,0.0934959349593495,0.2276422764227642,0.0609756097560975,0.0121951219512195,0.016260162601626
2026,0.0802919708029197,0.1970802919708029,0.0437956204379562,0.0145985401459854,0.0437956204379562
2027,0.0901639344262295,0.2704918032786885,0.0245901639344262,0.0081967213114754,0.040983606557377
2028,0.0723684210526315,0.2302631578947368,0.0328947368421052,0.0263157894736842,0.0460526315789473
2029,0.0784313725490196,0.2,0.0470588235294117,0.0156862745098039,0.0156862745098039
2030,0.1571428571428571,0.1785714285714285,0.0142857142857142,0.0571428571428571,0.0857142857142857
2031,0.135593220338983,0.192090395480226,0.0282485875706214,0.0169491525423728,0.0508474576271186
2032,0.1254901960784313,0.1764705882352941,0.0196078431372549,0.0509803921568627,0.0352941176470588
2033,0.0697674418604651,0.2093023255813953,0.0116279069767441,0.0116279069767441,0.0
2034,0.0909090909090909,0.2727272727272727,0.0,0.0,0.0
2035,0.0782312925170068,0.2006802721088435,0.0578231292517006,0.0340136054421768,0.0204081632653061
2036,0.0964467005076142,0.2284263959390862,0.0456852791878172,0.0253807106598984,0.0101522842639593
2037,0.1188811188811188,0.2517482517482518,0.0279720279720279,0.0139860139860139,0.0559440559440559
2038,0.1260869565217391,0.2,0.0782608695652174,0.0347826086956521,0.0391304347826087
2039,0.1162790697674418,0.2325581395348837,0.0174418604651162,0.0232558139534883,0.0290697674418604
2040,0.0922330097087378,0.2135922330097087,0.0388349514563106,0.029126213592233,0.0097087378640776
2041,0.08,0.224,0.008,0.016,0.016
2042,0.1121495327102803,0.1869158878504672,0.0186915887850467,0.0,0.0186915887850467
2043,0.0867052023121387,0.2254335260115607,0.0520231213872832,0.0289017341040462,0.0404624277456647
2044,0.1075268817204301,0.2150537634408602,0.0698924731182795,0.0161290322580645,0.0376344086021505
2045,0.0971428571428571,0.1942857142857142,0.04,0.0228571428571428,0.0628571428571428
2046,0.0973451327433628,0.1769911504424778,0.0353982300884955,0.0353982300884955,0.0
2047,0.1376146788990825,0.1697247706422018,0.0275229357798165,0.0458715596330275,0.073394495412844
2048,0.103641456582633,0.1848739495798319,0.0308123249299719,0.042016806722689,0.0364145658263305
2049,0.1215066828675577,0.1889428918590522,0.0455650060753341,0.0492102065613608,0.0613608748481166
2050,0.1473684210526315,0.2,0.0421052631578947,0.031578947368421,0.0105263157894736
2051,0.1111111111111111,0.1919191919191919,0.0303030303030303,0.0303030303030303,0.0
2052,0.0978260869565217,0.1413043478260869,0.0652173913043478,0.0434782608695652,0.0217391304347826
2053,0.0918367346938775,0.2653061224489796,0.0918367346938775,0.0204081632653061,0.0204081632653061
2054,0.1538461538461538,0.1623931623931624,0.0256410256410256,0.017094017094017,0.0598290598290598
2055,0.0660377358490566,0.1886792452830188,0.0188679245283018,0.0,0.0188679245283018
2056,0.0909090909090909,0.1515151515151515,0.0404040404040404,0.0707070707070707,0.0606060606060606
2057,0.0689655172413793,0.2298850574712643,0.0,0.0114942528735632,0.0114942528735632
2058,0.0753968253968253,0.2142857142857142,0.0238095238095238,0.0158730158730158,0.0238095238095238
2059,0.0754716981132075,0.2264150943396226,0.0251572327044025,0.0,0.0251572327044025
2060,0.1408450704225352,0.2112676056338028,0.028169014084507,0.0140845070422535,0.028169014084507
2061,0.0909090909090909,0.2323232323232323,0.0101010101010101,0.0101010101010101,0.0404040404040404
2062,0.1619718309859155,0.176056338028169,0.028169014084507,0.028169014084507,0.0140845070422535
2063,0.1551724137931034,0.1810344827586207,0.043103448275862,0.043103448275862,0.043103448275862
2064,0.1904761904761904,0.1309523809523809,0.0178571428571428,0.0952380952380952,0.0476190476190476
2065,0.0754716981132075,0.2075471698113207,0.0377358490566037,0.0377358490566037,0.0188679245283018
2066,0.094240837696335,0.2513089005235602,0.0890052356020942,0.0261780104712041,0.0209424083769633
2067,0.1293532338308457,0.1592039800995024,0.044776119402985,0.0248756218905472,0.0348258706467661
2068,0.1027397260273972,0.2054794520547945,0.0821917808219178,0.0136986301369863,0.0205479452054794
2069,0.1213872832369942,0.2023121387283237,0.0924855491329479,0.0057803468208092,0.0404624277456647
2070,0.0942028985507246,0.2028985507246377,0.0434782608695652,0.0,0.0144927536231884
2071,0.0955882352941176,0.2058823529411764,0.0147058823529411,0.0147058823529411,0.0220588235294117
2072,0.101010101010101,0.1616161616161616,0.0303030303030303,0.0202020202020202,0.0404040404040404
2073,0.0730593607305936,0.1461187214611872,0.0502283105022831,0.0273972602739726,0.0228310502283105
2074,0.074074074074074,0.1944444444444444,0.1111111111111111,0.0555555555555555,0.0185185185185185
2075,0.158953722334004,0.1951710261569416,0.056338028169014,0.0523138832997987,0.0523138832997987
2076,0.0888888888888888,0.2055555555555555,0.0444444444444444,0.0,0.0166666666666666
2077,0.0913705583756345,0.2131979695431472,0.0456852791878172,0.0203045685279187,0.015228426395939
2078,0.1076923076923077,0.2846153846153846,0.0538461538461538,0.0076923076923076,0.0384615384615384
2079,0.0913043478260869,0.2652173913043478,0.0695652173913043,0.008695652173913,0.0347826086956521
2080,0.1043956043956044,0.1593406593406593,0.0164835164835164,0.0274725274725274,0.0164835164835164
2081,0.1,0.2272727272727272,0.009090909090909,0.0181818181818181,0.0272727272727272
2082,0.1260869565217391,0.2043478260869565,0.0434782608695652,0.0391304347826087,0.0304347826086956
2083,0.0547945205479452,0.2465753424657534,0.0273972602739726,0.0,0.0136986301369863
2084,0.0852272727272727,0.2329545454545454,0.0227272727272727,0.0,0.0227272727272727
2085,0.1496062992125984,0.1732283464566929,0.0472440944881889,0.0787401574803149,0.0314960629921259
2086,0.0957446808510638,0.2234042553191489,0.0638297872340425,0.0212765957446808,0.0531914893617021
2087,0.0942028985507246,0.217391304347826,0.0434782608695652,0.0072463768115942,0.0072463768115942
2088,0.0821917808219178,0.1643835616438356,0.0136986301369863,0.0136986301369863,0.0136986301369863
2089,0.1343283582089552,0.1641791044776119,0.0298507462686567,0.0248756218905472,0.0199004975124378
2090,0.0857142857142857,0.2285714285714285,0.0685714285714285,0.0342857142857142,0.0114285714285714
2091,0.1182795698924731,0.2741935483870967,0.0268817204301075,0.0161290322580645,0.0268817204301075
2092,0.0714285714285714,0.2448979591836734,0.0153061224489795,0.0,0.010204081632653
2093,0.0769230769230769,0.1978021978021978,0.0219780219780219,0.0329670329670329,0.0329670329670329
2094,0.1022727272727272,0.2215909090909091,0.034090909090909,0.0511363636363636,0.034090909090909
2095,0.0931899641577061,0.1756272401433691,0.032258064516129,0.028673835125448,0.028673835125448
2096,0.0909090909090909,0.1818181818181818,0.0151515151515151,0.0,0.0151515151515151
2097,0.0952380952380952,0.2142857142857142,0.0476190476190476,0.0119047619047619,0.0119047619047619
2098,0.0503597122302158,0.2182254196642686,0.0383693045563549,0.014388489208633,0.0095923261390887
2099,0.087719298245614,0.2631578947368421,0.0350877192982456,0.0526315789473684,0.0
2100,0.1072664359861591,0.2110726643598615,0.0484429065743944,0.0173010380622837,0.0173010380622837
2101,0.1012658227848101,0.2151898734177215,0.1012658227848101,0.050632911392405,0.0632911392405063
2102,0.0672268907563025,0.1932773109243697,0.0168067226890756,0.0,0.0168067226890756
2103,0.1151515151515151,0.2303030303030303,0.0181818181818181,0.0242424242424242,0.0363636363636363
2104,0.0545454545454545,0.1909090909090909,0.0727272727272727,0.0181818181818181,0.0181818181818181
2105,0.0751445086705202,0.1907514450867052,0.0520231213872832,0.0115606936416184,0.0057803468208092
2106,0.0653061224489796,0.2285714285714285,0.0408163265306122,0.0204081632653061,0.0122448979591836
2107,0.1037037037037037,0.1851851851851851,0.0296296296296296,0.037037037037037,0.0148148148148148
2108,0.1009174311926605,0.2385321100917431,0.0458715596330275,0.0091743119266055,0.0458715596330275
2109,0.109090909090909,0.209090909090909,0.0363636363636363,0.0,0.0181818181818181
2110,0.1153846153846153,0.2564102564102564,0.0512820512820512,0.0512820512820512,0.0256410256410256
2111,0.0714285714285714,0.2040816326530612,0.0306122448979591,0.010204081632653,0.0204081632653061
2112,0.0808080808080808,0.2121212121212121,0.0505050505050505,0.0202020202020202,0.0
2113,0.1324200913242009,0.1780821917808219,0.0136986301369863,0.0410958904109589,0.0273972602739726
2114,0.0649350649350649,0.2207792207792207,0.0129870129870129,0.0389610389610389,0.0129870129870129
2115,0.1085271317829457,0.2170542635658914,0.0620155038759689,0.0310077519379844,0.0232558139534883
2116,0.1184210526315789,0.1973684210526315,0.006578947368421,0.0131578947368421,0.006578947368421
2117,0.1035502958579881,0.1923076923076923,0.0355029585798816,0.0207100591715976,0.0207100591715976
2118,0.1120689655172413,0.25,0.0603448275862069,0.0,0.0344827586206896
2119,0.0798969072164948,0.2190721649484536,0.0335051546391752,0.0231958762886597,0.0154639175257731
2120,0.0694444444444444,0.2083333333333333,0.0555555555555555,0.0,0.0
2121,0.1216931216931216,0.2486772486772486,0.0846560846560846,0.0211640211640211,0.0211640211640211
2122,0.0666666666666666,0.2,0.12,0.0133333333333333,0.0266666666666666
2123,0.0888888888888888,0.2333333333333333,0.0444444444444444,0.0333333333333333,0.0111111111111111
2124,0.0879120879120879,0.1648351648351648,0.0219780219780219,0.0,0.0
2125,0.1428571428571428,0.25,0.0119047619047619,0.0119047619047619,0.0
2126,0.1297709923664122,0.2061068702290076,0.0610687022900763,0.0381679389312977,0.0419847328244274
2127,0.073394495412844,0.1681957186544342,0.0214067278287461,0.0122324159021406,0.0214067278287461
2128,0.0854700854700854,0.2307692307692307,0.017094017094017,0.017094017094017,0.0085470085470085
2129,0.087378640776699,0.233009708737864,0.0970873786407767,0.0388349514563106,0.0194174757281553
2130,0.0606060606060606,0.1616161616161616,0.0303030303030303,0.0101010101010101,0.0303030303030303
2131,0.0869565217391304,0.3043478260869565,0.0521739130434782,0.0260869565217391,0.008695652173913
2132,0.0899280575539568,0.197841726618705,0.0359712230215827,0.0035971223021582,0.0251798561151079
2133,0.0946745562130177,0.1834319526627219,0.0414201183431952,0.0236686390532544,0.0118343195266272
2134,0.0769230769230769,0.1923076923076923,0.0128205128205128,0.0128205128205128,0.0256410256410256
2135,0.0847457627118644,0.1779661016949152,0.0084745762711864,0.0084745762711864,0.0254237288135593
2136,0.0798479087452471,0.182509505703422,0.0228136882129277,0.0228136882129277,0.0152091254752851
2137,0.072289156626506,0.1927710843373494,0.0421686746987951,0.0,0.0120481927710843
2138,0.1063829787234042,0.1773049645390071,0.0709219858156028,0.0212765957446808,0.0425531914893617
2139,0.1173184357541899,0.2346368715083799,0.0558659217877094,0.0167597765363128,0.0446927374301676
2140,0.0503597122302158,0.2230215827338129,0.0575539568345323,0.0215827338129496,0.014388489208633
2141,0.0813559322033898,0.1898305084745762,0.047457627118644,0.0406779661016949,0.0135593220338983
2142,0.0705882352941176,0.1411764705882353,0.0705882352941176,0.0235294117647058,0.0235294117647058
2143,0.1046511627906976,0.1860465116279069,0.0232558139534883,0.0116279069767441,0.0232558139534883
2144,0.0888888888888888,0.2222222222222222,0.0296296296296296,0.0296296296296296,0.037037037037037
2145,0.0622710622710622,0.1904761904761904,0.0439560439560439,0.0073260073260073,0.0256410256410256
2146,0.0736196319018405,0.1840490797546012,0.0981595092024539,0.0061349693251533,0.0122699386503067
2147,0.123076923076923,0.2461538461538461,0.0461538461538461,0.0384615384615384,0.0538461538461538
2148,0.0633802816901408,0.2605633802816901,0.0774647887323943,0.0,0.0
2149,0.0510204081632653,0.2142857142857142,0.0306122448979591,0.0510204081632653,0.0
2150,0.0588235294117647,0.213235294117647,0.0,0.0147058823529411,0.0147058823529411
2151,0.1575757575757575,0.2121212121212121,0.0363636363636363,0.0363636363636363,0.0242424242424242
2152,0.1171052631578947,0.1723684210526316,0.0684210526315789,0.0513157894736842,0.0486842105263157
2153,0.1034482758620689,0.2137931034482758,0.0137931034482758,0.0068965517241379,0.0344827586206896
2154,0.0367647058823529,0.213235294117647,0.0392156862745098,0.0073529411764705,0.0098039215686274
2155,0.0992907801418439,0.1489361702127659,0.0212765957446808,0.0283687943262411,0.0425531914893617
2156,0.1,0.2235294117647059,0.0411764705882352,0.0411764705882352,0.0117647058823529
2157,0.1651376146788991,0.2201834862385321,0.018348623853211,0.018348623853211,0.0275229357798165
2158,0.1462264150943396,0.2216981132075471,0.0094339622641509,0.0283018867924528,0.0471698113207547
2159,0.1566265060240964,0.2409638554216867,0.0240963855421686,0.0120481927710843,0.0240963855421686
2160,0.1071428571428571,0.1339285714285714,0.0089285714285714,0.0089285714285714,0.0178571428571428
2161,0.1282051282051282,0.2222222222222222,0.0085470085470085,0.017094017094017,0.0256410256410256
2162,0.1214285714285714,0.2071428571428571,0.05,0.0142857142857142,0.0428571428571428
2163,0.0714285714285714,0.1928571428571428,0.0428571428571428,0.0428571428571428,0.0142857142857142
2164,0.0888888888888888,0.182716049382716,0.0246913580246913,0.0123456790123456,0.0222222222222222
2165,0.0769230769230769,0.1978021978021978,0.0219780219780219,0.0219780219780219,0.0219780219780219
2166,0.0723684210526315,0.2039473684210526,0.006578947368421,0.0197368421052631,0.0263157894736842
2167,0.0792079207920792,0.2178217821782178,0.0297029702970297,0.0198019801980198,0.0396039603960396
2168,0.1042654028436018,0.1895734597156398,0.0094786729857819,0.0521327014218009,0.0189573459715639
2169,0.1176470588235294,0.1647058823529411,0.0117647058823529,0.0235294117647058,0.0117647058823529
2170,0.091743119266055,0.2201834862385321,0.0275229357798165,0.055045871559633,0.0458715596330275
2171,0.1448275862068965,0.2689655172413793,0.0206896551724137,0.0413793103448275,0.0137931034482758
2172,0.0783410138248847,0.1336405529953917,0.0368663594470046,0.0552995391705069,0.0184331797235023
2173,0.0808823529411764,0.213235294117647,0.0220588235294117,0.0147058823529411,0.0220588235294117
2174,0.1240875912408759,0.2481751824817518,0.0072992700729927,0.0145985401459854,0.0218978102189781
2175,0.0905923344947735,0.229965156794425,0.0383275261324041,0.024390243902439,0.0209059233449477
2176,0.081081081081081,0.2635135135135135,0.0202702702702702,0.0135135135135135,0.054054054054054
2177,0.1192660550458715,0.2201834862385321,0.0,0.0229357798165137,0.0321100917431192
2178,0.081081081081081,0.1801801801801801,0.027027027027027,0.018018018018018,0.036036036036036
2179,0.0617283950617283,0.2222222222222222,0.0123456790123456,0.0,0.0
2180,0.1297709923664122,0.2519083969465648,0.015267175572519,0.0534351145038167,0.0381679389312977
2181,0.0957446808510638,0.2127659574468085,0.0212765957446808,0.0,0.0
2182,0.08,0.1733333333333333,0.0866666666666666,0.0533333333333333,0.0333333333333333
2183,0.1034482758620689,0.1551724137931034,0.0172413793103448,0.0517241379310344,0.043103448275862
2184,0.1592356687898089,0.1847133757961783,0.0445859872611464,0.0828025477707006,0.0573248407643312
2185,0.1181434599156118,0.1940928270042194,0.0632911392405063,0.0253164556962025,0.0126582278481012
2186,0.1259259259259259,0.2148148148148148,0.0222222222222222,0.0518518518518518,0.0296296296296296
2187,0.0769230769230769,0.2027972027972027,0.0349650349650349,0.0209790209790209,0.0069930069930069
2188,0.0841584158415841,0.1881188118811881,0.0346534653465346,0.0099009900990099,0.0099009900990099
2189,0.0935672514619883,0.1578947368421052,0.023391812865497,0.0116959064327485,0.023391812865497
2190,0.081967213114754,0.1967213114754098,0.0491803278688524,0.0,0.0163934426229508
2191,0.0636042402826855,0.2084805653710247,0.0459363957597173,0.0106007067137809,0.0247349823321554
2192,0.0833333333333333,0.2051282051282051,0.0192307692307692,0.0128205128205128,0.0
2193,0.0722222222222222,0.2194444444444444,0.0333333333333333,0.0138888888888888,0.0166666666666666
2194,0.0781893004115226,0.1851851851851851,0.0123456790123456,0.0246913580246913,0.0205761316872428
2195,0.1063829787234042,0.2127659574468085,0.0691489361702127,0.026595744680851,0.0212765957446808
2196,0.1515151515151515,0.2272727272727272,0.0454545454545454,0.0454545454545454,0.0303030303030303
2197,0.0708333333333333,0.1958333333333333,0.0541666666666666,0.0416666666666666,0.0208333333333333
2198,0.1276595744680851,0.2695035460992908,0.0354609929078014,0.0,0.0141843971631205
2199,0.1653225806451612,0.2379032258064516,0.0443548387096774,0.0564516129032258,0.0524193548387096
2200,0.1056603773584905,0.2150943396226415,0.0264150943396226,0.0150943396226415,0.0339622641509433
2201,0.1341463414634146,0.2804878048780488,0.024390243902439,0.0,0.0365853658536585
2202,0.0505050505050505,0.2121212121212121,0.0454545454545454,0.0252525252525252,0.0151515151515151
2203,0.088235294117647,0.2745098039215686,0.0196078431372549,0.0,0.0098039215686274
2204,0.0717948717948717,0.2051282051282051,0.041025641025641,0.0153846153846153,0.0102564102564102
2205,0.0826446280991735,0.2479338842975206,0.0413223140495867,0.0413223140495867,0.0082644628099173
2206,0.1125827814569536,0.1788079470198675,0.0794701986754966,0.0198675496688741,0.0264900662251655
2207,0.1052631578947368,0.2368421052631578,0.0394736842105263,0.0263157894736842,0.0526315789473684
2208,0.1,0.1928571428571428,0.05,0.0285714285714285,0.0214285714285714
2209,0.1195652173913043,0.2010869565217391,0.0271739130434782,0.0163043478260869,0.0326086956521739
2210,0.1048951048951049,0.1468531468531468,0.0139860139860139,0.0279720279720279,0.0419580419580419
2211,0.0895522388059701,0.2164179104477611,0.0298507462686567,0.0298507462686567,0.0223880597014925
2212,0.1117647058823529,0.1588235294117647,0.0588235294117647,0.0411764705882352,0.0529411764705882
2213,0.0916030534351145,0.2748091603053435,0.0305343511450381,0.0305343511450381,0.015267175572519
2214,0.0804597701149425,0.2068965517241379,0.0229885057471264,0.0,0.0229885057471264
2215,0.037037037037037,0.2074074074074074,0.0148148148148148,0.0148148148148148,0.0148148148148148
2216,0.108433734939759,0.2108433734939759,0.0240963855421686,0.0240963855421686,0.0180722891566265
2217,0.1148936170212766,0.1744680851063829,0.0425531914893617,0.0340425531914893,0.0425531914893617
2218,0.1013513513513513,0.2432432432432432,0.0608108108108108,0.0202702702702702,0.027027027027027
2219,0.0932642487046632,0.2176165803108808,0.0414507772020725,0.0310880829015544,0.0259067357512953
2220,0.0388888888888888,0.2777777777777778,0.0277777777777777,0.0111111111111111,0.0055555555555555
2221,0.1127049180327868,0.1762295081967213,0.040983606557377,0.026639344262295,0.0430327868852459
2222,0.075,0.25,0.0625,0.00625,0.00625
2223,0.0661764705882353,0.2205882352941176,0.0220588235294117,0.0147058823529411,0.0073529411764705
2224,0.1034482758620689,0.1724137931034483,0.0492610837438423,0.0197044334975369,0.0098522167487684
2225,0.1483870967741935,0.2064516129032258,0.0193548387096774,0.0258064516129032,0.0129032258064516
2226,0.0866141732283464,0.1811023622047244,0.0236220472440944,0.0236220472440944,0.0157480314960629
2227,0.1089743589743589,0.173076923076923,0.0512820512820512,0.0448717948717948,0.0128205128205128
2228,0.1030927835051546,0.2096219931271477,0.0240549828178694,0.0412371134020618,0.0206185567010309
2229,0.0725388601036269,0.2590673575129533,0.0259067357512953,0.0207253886010362,0.0362694300518134
2230,0.0952380952380952,0.1746031746031746,0.0317460317460317,0.0,0.0158730158730158
2231,0.0701754385964912,0.2543859649122807,0.0087719298245614,0.0263157894736842,0.0263157894736842
2232,0.1098901098901098,0.2857142857142857,0.0549450549450549,0.0329670329670329,0.0109890109890109
2233,0.0539215686274509,0.2205882352941176,0.034313725490196,0.0196078431372549,0.0147058823529411
2234,0.1009174311926605,0.1743119266055046,0.018348623853211,0.0642201834862385,0.0091743119266055
2235,0.1219512195121951,0.1707317073170731,0.0853658536585365,0.0365853658536585,0.0365853658536585
2236,0.1392405063291139,0.1139240506329113,0.0253164556962025,0.0,0.0253164556962025
2237,0.0689655172413793,0.2155172413793103,0.0258620689655172,0.0086206896551724,0.0344827586206896
2238,0.171875,0.1875,0.03125,0.0625,0.046875
2239,0.08,0.22,0.052,0.044,0.044
2240,0.0625,0.2125,0.0375,0.0,0.0125
2241,0.0973451327433628,0.1858407079646017,0.0265486725663716,0.0353982300884955,0.0
2242,0.0617283950617283,0.2716049382716049,0.074074074074074,0.0,0.0
2243,0.102803738317757,0.1214953271028037,0.0467289719626168,0.02803738317757,0.02803738317757
2244,0.0888252148997134,0.1690544412607449,0.0544412607449856,0.0458452722063037,0.0315186246418338
2245,0.0889679715302491,0.2419928825622775,0.0320284697508896,0.0213523131672597,0.0320284697508896
2246,0.2156862745098039,0.1666666666666666,0.0490196078431372,0.0784313725490196,0.0588235294117647
2247,0.1408450704225352,0.2253521126760563,0.0422535211267605,0.0422535211267605,0.0422535211267605
2248,0.0842105263157894,0.1684210526315789,0.0210526315789473,0.0210526315789473,0.0105263157894736
2249,0.110091743119266,0.2110091743119266,0.0275229357798165,0.091743119266055,0.055045871559633
2250,0.1442307692307692,0.2211538461538461,0.0192307692307692,0.0192307692307692,0.0192307692307692
2251,0.1262135922330097,0.1844660194174757,0.0485436893203883,0.0,0.0388349514563106
2252,0.0989010989010989,0.2087912087912088,0.0329670329670329,0.0,0.0219780219780219
2253,0.1354166666666666,0.2916666666666667,0.0625,0.0,0.0208333333333333
2254,0.128440366972477,0.2110091743119266,0.055045871559633,0.0275229357798165,0.0275229357798165
2255,0.0769230769230769,0.1794871794871795,0.0128205128205128,0.0256410256410256,0.0128205128205128
2256,0.1052631578947368,0.2210526315789473,0.0421052631578947,0.0421052631578947,0.0105263157894736
2257,0.1145038167938931,0.2442748091603053,0.0305343511450381,0.0305343511450381,0.0534351145038167
2258,0.1698113207547169,0.1698113207547169,0.0377358490566037,0.0188679245283018,0.0377358490566037
2259,0.1,0.24,0.06,0.04,0.02
2260,0.1142857142857142,0.2571428571428571,0.0666666666666666,0.0380952380952381,0.0285714285714285
2261,0.1884057971014492,0.2028985507246377,0.072463768115942,0.0434782608695652,0.0289855072463768
2262,0.0698924731182795,0.2580645161290322,0.0376344086021505,0.053763440860215,0.0
2263,0.1009174311926605,0.2201834862385321,0.036697247706422,0.0,0.0091743119266055
2264,0.0611353711790393,0.2008733624454148,0.0262008733624454,0.0349344978165938,0.0087336244541484
2265,0.0916030534351145,0.1603053435114503,0.0839694656488549,0.0458015267175572,0.0381679389312977
2266,0.091743119266055,0.2018348623853211,0.073394495412844,0.0275229357798165,0.0091743119266055
2267,0.1203703703703703,0.1944444444444444,0.0277777777777777,0.0092592592592592,0.0092592592592592
2268,0.081967213114754,0.2950819672131147,0.0655737704918032,0.0163934426229508,0.0163934426229508
2269,0.1481481481481481,0.1925925925925926,0.0518518518518518,0.0148148148148148,0.0148148148148148
2270,0.128440366972477,0.2110091743119266,0.0642201834862385,0.0458715596330275,0.0275229357798165
2271,0.0978723404255319,0.2042553191489361,0.0212765957446808,0.0170212765957446,0.025531914893617
2272,0.0666666666666666,0.1948717948717948,0.0615384615384615,0.0358974358974358,0.0256410256410256
2273,0.0515463917525773,0.2783505154639175,0.0515463917525773,0.0,0.0154639175257731
2274,0.1024096385542168,0.2228915662650602,0.036144578313253,0.0060240963855421,0.0240963855421686
2275,0.0954773869346733,0.2010050251256281,0.0251256281407035,0.0100502512562814,0.0301507537688442
2276,0.1371428571428571,0.1428571428571428,0.0228571428571428,0.0285714285714285,0.0571428571428571
2277,0.086021505376344,0.1756272401433691,0.068100358422939,0.03584229390681,0.039426523297491
2278,0.1088435374149659,0.1020408163265306,0.0680272108843537,0.0544217687074829,0.0136054421768707
2279,0.0769230769230769,0.2051282051282051,0.0769230769230769,0.0598290598290598,0.0256410256410256
2280,0.0608108108108108,0.25,0.0337837837837837,0.0067567567567567,0.0135135135135135
2281,0.1035502958579881,0.1686390532544378,0.0384615384615384,0.0532544378698224,0.029585798816568
2282,0.1074766355140186,0.2149532710280373,0.0186915887850467,0.0186915887850467,0.0327102803738317
2283,0.1075268817204301,0.2258064516129032,0.064516129032258,0.0268817204301075,0.032258064516129
2284,0.0857142857142857,0.1428571428571428,0.0457142857142857,0.0514285714285714,0.0342857142857142
2285,0.0594059405940594,0.1881188118811881,0.0495049504950495,0.0495049504950495,0.0297029702970297
2286,0.0747663551401869,0.2242990654205607,0.0560747663551401,0.0093457943925233,0.0186915887850467
2287,0.0610687022900763,0.1679389312977099,0.0381679389312977,0.0076335877862595,0.015267175572519
2288,0.0952380952380952,0.2539682539682539,0.0158730158730158,0.0396825396825396,0.0158730158730158
2289,0.0784982935153583,0.2116040955631399,0.030716723549488,0.030716723549488,0.0341296928327645
2290,0.0957446808510638,0.2127659574468085,0.0531914893617021,0.0851063829787234,0.0425531914893617
2291,0.0627450980392156,0.2235294117647059,0.0392156862745098,0.0274509803921568,0.0196078431372549
2292,0.1173184357541899,0.1787709497206704,0.0502793296089385,0.0614525139664804,0.0502793296089385
2293,0.0916666666666666,0.2208333333333333,0.0333333333333333,0.0333333333333333,0.025
2294,0.1170212765957446,0.2287234042553191,0.026595744680851,0.026595744680851,0.0159574468085106
2295,0.1271186440677966,0.2033898305084746,0.0423728813559322,0.0381355932203389,0.0296610169491525
2296,0.1276595744680851,0.1843971631205673,0.0496453900709219,0.0283687943262411,0.0283687943262411
2297,0.1296296296296296,0.2592592592592592,0.0185185185185185,0.037037037037037,0.0277777777777777
2298,0.1377049180327869,0.1901639344262295,0.0229508196721311,0.0229508196721311,0.0688524590163934
2299,0.09375,0.2421875,0.046875,0.0390625,0.01953125
2300,0.0909090909090909,0.2200956937799043,0.0478468899521531,0.0239234449760765,0.0095693779904306
2301,0.1317365269461078,0.1437125748502994,0.0359281437125748,0.0179640718562874,0.059880239520958
2302,0.1143911439114391,0.1808118081180811,0.059040590405904,0.047970479704797,0.055350553505535
2303,0.1075949367088607,0.240506329113924,0.050632911392405,0.0443037974683544,0.0316455696202531
2304,0.0852272727272727,0.2159090909090909,0.0625,0.0227272727272727,0.034090909090909
2305,0.0966666666666666,0.22,0.03,0.0366666666666666,0.0133333333333333
2306,0.1111111111111111,0.1937984496124031,0.0516795865633074,0.0361757105943152,0.0439276485788113
2307,0.0864197530864197,0.1851851851851851,0.0082304526748971,0.0411522633744856,0.037037037037037
2308,0.0994764397905759,0.2094240837696335,0.0471204188481675,0.0261780104712041,0.0471204188481675
2309,0.127906976744186,0.2093023255813953,0.0232558139534883,0.0116279069767441,0.0
2310,0.0896551724137931,0.2068965517241379,0.0482758620689655,0.0206896551724137,0.0068965517241379
2311,0.0934959349593495,0.2317073170731707,0.024390243902439,0.0121951219512195,0.016260162601626
2312,0.1081081081081081,0.1846846846846846,0.0135135135135135,0.0315315315315315,0.072072072072072
2313,0.1079545454545454,0.2102272727272727,0.0227272727272727,0.0113636363636363,0.0568181818181818
2314,0.0869565217391304,0.217391304347826,0.0434782608695652,0.0,0.0217391304347826
2315,0.0916030534351145,0.2022900763358778,0.0305343511450381,0.0381679389312977,0.0343511450381679
2316,0.0653266331658291,0.2010050251256281,0.0753768844221105,0.0150753768844221,0.0452261306532663
2317,0.0754716981132075,0.1981132075471698,0.0943396226415094,0.0188679245283018,0.0
2318,0.109375,0.1640625,0.0234375,0.0390625,0.046875
2319,0.0844444444444444,0.2044444444444444,0.0177777777777777,0.0266666666666666,0.0133333333333333
2320,0.1707317073170731,0.2134146341463414,0.048780487804878,0.024390243902439,0.0426829268292682
2321,0.1379310344827586,0.1655172413793103,0.0275862068965517,0.0206896551724137,0.0413793103448275
2322,0.0933333333333333,0.2133333333333333,0.0266666666666666,0.0,0.0133333333333333
2323,0.1875,0.3125,0.0,0.0625,0.0
2324,0.1104972375690607,0.1823204419889502,0.0331491712707182,0.0220994475138121,0.0718232044198895
2325,0.1101694915254237,0.1864406779661017,0.0296610169491525,0.0296610169491525,0.0508474576271186
2326,0.1282051282051282,0.2307692307692307,0.0427350427350427,0.0341880341880341,0.0256410256410256
2327,0.0905797101449275,0.181159420289855,0.0289855072463768,0.0434782608695652,0.0072463768115942
2328,0.0813397129186602,0.1866028708133971,0.0669856459330143,0.0047846889952153,0.0239234449760765
2329,0.0956937799043062,0.1578947368421052,0.0382775119617224,0.0526315789473684,0.0287081339712918
2330,0.0985915492957746,0.215962441314554,0.0375586854460093,0.0046948356807511,0.0046948356807511
2331,0.1367521367521367,0.1794871794871795,0.0598290598290598,0.0512820512820512,0.017094017094017
2332,0.0462962962962962,0.1944444444444444,0.037037037037037,0.0092592592592592,0.0092592592592592
2333,0.0677966101694915,0.2627118644067797,0.0084745762711864,0.0,0.0169491525423728
2334,0.082437275985663,0.2114695340501792,0.064516129032258,0.032258064516129,0.032258064516129
2335,0.0851063829787234,0.2234042553191489,0.0425531914893617,0.0212765957446808,0.0159574468085106
2336,0.1071428571428571,0.1883116883116883,0.0487012987012987,0.0389610389610389,0.0357142857142857
2337,0.1162162162162162,0.2486486486486486,0.0351351351351351,0.0351351351351351,0.0351351351351351
2338,0.1382636655948553,0.1752411575562701,0.0209003215434083,0.0353697749196141,0.045016077170418
2339,0.1353383458646616,0.2030075187969924,0.0676691729323308,0.0225563909774436,0.0225563909774436
2340,0.0921501706484641,0.1638225255972696,0.0068259385665529,0.0204778156996587,0.0341296928327645
2341,0.1121495327102803,0.219626168224299,0.0420560747663551,0.014018691588785,0.0233644859813084
2342,0.0787401574803149,0.2440944881889764,0.0433070866141732,0.0314960629921259,0.0157480314960629
2343,0.1119691119691119,0.1621621621621621,0.0231660231660231,0.0579150579150579,0.0463320463320463
2344,0.0891089108910891,0.2277227722772277,0.0495049504950495,0.0198019801980198,0.0
2345,0.1592920353982301,0.1504424778761062,0.0,0.0353982300884955,0.0619469026548672
2346,0.0708955223880597,0.1977611940298507,0.0186567164179104,0.0074626865671641,0.0111940298507462
2347,0.0710059171597633,0.1893491124260355,0.0118343195266272,0.0118343195266272,0.0236686390532544
2348,0.0871794871794871,0.1769230769230769,0.0487179487179487,0.0256410256410256,0.023076923076923
2349,0.1301775147928994,0.2130177514792899,0.0355029585798816,0.0355029585798816,0.0177514792899408
2350,0.0555555555555555,0.2777777777777778,0.1111111111111111,0.0555555555555555,0.0555555555555555
2351,0.0504201680672268,0.1512605042016806,0.0168067226890756,0.0,0.0
2352,0.1176470588235294,0.2352941176470588,0.0661764705882353,0.0294117647058823,0.0147058823529411
2353,0.0847457627118644,0.2203389830508474,0.059322033898305,0.0423728813559322,0.0338983050847457
2354,0.089430894308943,0.2276422764227642,0.032520325203252,0.008130081300813,0.056910569105691
2355,0.0695970695970696,0.1941391941391941,0.0402930402930402,0.0366300366300366,0.0036630036630036
2356,0.1068249258160237,0.1602373887240356,0.0356083086053412,0.0385756676557863,0.0207715133531157
2357,0.0927835051546391,0.2268041237113402,0.0412371134020618,0.0,0.0
2358,0.1081081081081081,0.2,0.0216216216216216,0.0054054054054054,0.0108108108108108
2359,0.094240837696335,0.1413612565445026,0.0366492146596858,0.0261780104712041,0.0471204188481675
2360,0.1111111111111111,0.2847222222222222,0.0486111111111111,0.0416666666666666,0.0208333333333333
2361,0.1278538812785388,0.2009132420091324,0.0410958904109589,0.0273972602739726,0.0273972602739726
2362,0.0816326530612244,0.2,0.0244897959183673,0.0122448979591836,0.0244897959183673
2363,0.0843373493975903,0.2289156626506024,0.0441767068273092,0.0281124497991967,0.0281124497991967
2364,0.1341463414634146,0.1615853658536585,0.0274390243902439,0.0304878048780487,0.0762195121951219
2365,0.074074074074074,0.1759259259259259,0.0185185185185185,0.0,0.0
2366,0.0769230769230769,0.1608391608391608,0.0209790209790209,0.0209790209790209,0.0139860139860139
2367,0.0852272727272727,0.1931818181818181,0.0681818181818181,0.0170454545454545,0.0284090909090909
2368,0.1065088757396449,0.2603550295857988,0.0355029585798816,0.029585798816568,0.0236686390532544
2369,0.1014760147601476,0.1863468634686347,0.044280442804428,0.0498154981549815,0.0387453874538745
2370,0.0833333333333333,0.2115384615384615,0.0512820512820512,0.0192307692307692,0.0192307692307692
2371,0.101010101010101,0.2323232323232323,0.0909090909090909,0.0303030303030303,0.0404040404040404
2372,0.1005586592178771,0.2290502793296089,0.0391061452513966,0.0279329608938547,0.0335195530726257
2373,0.0952380952380952,0.2285714285714285,0.019047619047619,0.019047619047619,0.0380952380952381
2374,0.095,0.16,0.055,0.025,0.02
2375,0.15527950310559,0.2670807453416149,0.0372670807453416,0.031055900621118,0.0186335403726708
2376,0.0757575757575757,0.1515151515151515,0.0151515151515151,0.0454545454545454,0.0
2377,0.0923076923076923,0.2769230769230769,0.023076923076923,0.0076923076923076,0.0
2378,0.0583333333333333,0.1833333333333333,0.0166666666666666,0.0,0.0
2379,0.0661157024793388,0.2231404958677686,0.0165289256198347,0.0330578512396694,0.0165289256198347
2380,0.0888888888888888,0.2555555555555555,0.0611111111111111,0.0277777777777777,0.0111111111111111
2381,0.1191011235955056,0.2269662921348314,0.0359550561797752,0.0404494382022471,0.0404494382022471
2382,0.0909090909090909,0.1866028708133971,0.0717703349282296,0.0478468899521531,0.0191387559808612
2383,0.048780487804878,0.1951219512195122,0.032520325203252,0.016260162601626,0.032520325203252
2384,0.092511013215859,0.198237885462555,0.0220264317180616,0.0308370044052863,0.026431718061674
2385,0.0967741935483871,0.2193548387096774,0.0451612903225806,0.0258064516129032,0.0387096774193548
2386,0.0952380952380952,0.2023809523809523,0.0654761904761904,0.0297619047619047,0.0297619047619047
2387,0.0815217391304347,0.1956521739130435,0.0326086956521739,0.0054347826086956,0.0108695652173913
2388,0.1125827814569536,0.1854304635761589,0.0198675496688741,0.0231788079470198,0.0562913907284768
2389,0.0856031128404669,0.2140077821011673,0.0116731517509727,0.0389105058365758,0.0272373540856031
2390,0.111913357400722,0.1660649819494584,0.0361010830324909,0.03971119133574,0.0324909747292418
2391,0.1183673469387755,0.2244897959183673,0.0163265306122449,0.0122448979591836,0.0530612244897959
2392,0.136094674556213,0.2366863905325443,0.029585798816568,0.029585798816568,0.0118343195266272
2393,0.1196581196581196,0.2393162393162393,0.0427350427350427,0.0,0.017094017094017
2394,0.1025641025641025,0.2307692307692307,0.0307692307692307,0.0205128205128205,0.0205128205128205
2395,0.1231343283582089,0.1744402985074626,0.0391791044776119,0.0494402985074626,0.0345149253731343
2396,0.1047120418848167,0.1832460732984293,0.0471204188481675,0.0287958115183246,0.0392670157068062
2397,0.0930232558139534,0.2015503875968992,0.0155038759689922,0.0271317829457364,0.0116279069767441
2398,0.0723404255319148,0.2297872340425532,0.0382978723404255,0.0212765957446808,0.0127659574468085
2399,0.0958083832335329,0.1976047904191616,0.0359281437125748,0.0209580838323353,0.0269461077844311
2400,0.0752212389380531,0.2256637168141592,0.0575221238938053,0.0132743362831858,0.0176991150442477
2401,0.1188118811881188,0.2054455445544554,0.0371287128712871,0.042079207920792,0.0173267326732673
2402,0.101010101010101,0.2171717171717171,0.0656565656565656,0.0303030303030303,0.0252525252525252
2403,0.0873362445414847,0.2445414847161572,0.0480349344978165,0.0436681222707423,0.0131004366812227
2404,0.0722222222222222,0.2,0.0444444444444444,0.0444444444444444,0.0055555555555555
2405,0.1428571428571428,0.1928571428571428,0.05,0.0285714285714285,0.0071428571428571
2406,0.0648648648648648,0.2,0.0324324324324324,0.0756756756756756,0.0216216216216216
2407,0.0780487804878048,0.2439024390243902,0.0097560975609756,0.0146341463414634,0.0146341463414634
2408,0.1034482758620689,0.2068965517241379,0.0172413793103448,0.0172413793103448,0.0517241379310344
2409,0.0891719745222929,0.1719745222929936,0.019108280254777,0.0,0.0063694267515923
2410,0.0776699029126213,0.1812297734627831,0.0420711974110032,0.0161812297734627,0.0226537216828478
2411,0.1009174311926605,0.2293577981651376,0.0137614678899082,0.0229357798165137,0.018348623853211
2412,0.0964467005076142,0.2284263959390862,0.0406091370558375,0.065989847715736,0.015228426395939
2413,0.0806451612903225,0.2258064516129032,0.0698924731182795,0.032258064516129,0.0268817204301075
2414,0.0825688073394495,0.1651376146788991,0.0275229357798165,0.036697247706422,0.0275229357798165
2415,0.0972972972972973,0.2432432432432432,0.0486486486486486,0.0216216216216216,0.0486486486486486
2416,0.1208333333333333,0.1958333333333333,0.0583333333333333,0.0166666666666666,0.0416666666666666
2417,0.0939226519337016,0.1878453038674033,0.0331491712707182,0.0276243093922651,0.005524861878453
2418,0.1170212765957446,0.2340425531914893,0.0638297872340425,0.0106382978723404,0.0319148936170212
2419,0.0592592592592592,0.2518518518518518,0.037037037037037,0.0222222222222222,0.0
2420,0.0947368421052631,0.1684210526315789,0.0368421052631578,0.0578947368421052,0.0210526315789473
2421,0.0944055944055944,0.2447552447552447,0.0349650349650349,0.0034965034965034,0.0174825174825174
2422,0.0995260663507109,0.1800947867298578,0.0094786729857819,0.0142180094786729,0.0331753554502369
2423,0.0948275862068965,0.2068965517241379,0.0172413793103448,0.0344827586206896,0.0258620689655172
2424,0.158273381294964,0.2517985611510791,0.0431654676258992,0.0287769784172661,0.0359712230215827
2425,0.095679012345679,0.1512345679012345,0.0524691358024691,0.0308641975308641,0.0462962962962962
2426,0.0946745562130177,0.2189349112426035,0.0562130177514792,0.029585798816568,0.0177514792899408
2427,0.0714285714285714,0.2857142857142857,0.0,0.0,0.0
2428,0.0919540229885057,0.2183908045977011,0.057471264367816,0.057471264367816,0.0114942528735632
2429,0.1140350877192982,0.1842105263157894,0.0350877192982456,0.0087719298245614,0.0263157894736842
2430,0.1,0.2583333333333333,0.05,0.0166666666666666,0.0
2431,0.0773809523809523,0.1309523809523809,0.0238095238095238,0.0238095238095238,0.0178571428571428
2432,0.0942028985507246,0.2028985507246377,0.0217391304347826,0.0072463768115942,0.0144927536231884
2433,0.0769230769230769,0.3365384615384615,0.0192307692307692,0.0,0.0192307692307692
2434,0.0928961748633879,0.2240437158469945,0.0163934426229508,0.0327868852459016,0.0327868852459016
2435,0.1052631578947368,0.2105263157894736,0.0526315789473684,0.023391812865497,0.0175438596491228
2436,0.0977777777777777,0.1955555555555555,0.0444444444444444,0.0444444444444444,0.0488888888888888
2437,0.1146496815286624,0.2038216560509554,0.0509554140127388,0.0318471337579617,0.0382165605095541
2438,0.075,0.1583333333333333,0.0166666666666666,0.0,0.0166666666666666
2439,0.1052631578947368,0.2421052631578947,0.0631578947368421,0.0210526315789473,0.0210526315789473
2440,0.078125,0.2109375,0.0234375,0.03125,0.015625
2441,0.1007751937984496,0.2170542635658914,0.0465116279069767,0.0387596899224806,0.0310077519379844
2442,0.0696202531645569,0.2088607594936709,0.0126582278481012,0.0063291139240506,0.0253164556962025
2443,0.064516129032258,0.2211981566820276,0.0737327188940092,0.0414746543778801,0.0138248847926267
2444,0.1092896174863388,0.2240437158469945,0.0109289617486338,0.0437158469945355,0.0218579234972677
2445,0.1293103448275862,0.1810344827586207,0.0258620689655172,0.0258620689655172,0.0258620689655172
2446,0.1437908496732026,0.2026143790849673,0.0392156862745098,0.0196078431372549,0.0326797385620915
2447,0.1578947368421052,0.3684210526315789,0.0,0.0,0.0
2448,0.1202185792349726,0.1912568306010929,0.0273224043715847,0.0054644808743169,0.0163934426229508
2449,0.1323529411764706,0.1764705882352941,0.0735294117647058,0.088235294117647,0.088235294117647
2450,0.1172413793103448,0.2482758620689655,0.0758620689655172,0.0206896551724137,0.0482758620689655
2451,0.0944881889763779,0.2440944881889764,0.0393700787401574,0.0393700787401574,0.0236220472440944
2452,0.0875,0.1875,0.025,0.025,0.0125
2453,0.142156862745098,0.2352941176470588,0.0294117647058823,0.0245098039215686,0.034313725490196
2454,0.0588235294117647,0.2352941176470588,0.0784313725490196,0.0392156862745098,0.0
2455,0.0954545454545454,0.2590909090909091,0.0363636363636363,0.0272727272727272,0.0
2456,0.0707070707070707,0.207070707070707,0.0202020202020202,0.0151515151515151,0.005050505050505
2457,0.1025641025641025,0.1987179487179487,0.032051282051282,0.0576923076923076,0.0256410256410256
2458,0.0842105263157894,0.2526315789473684,0.0421052631578947,0.0421052631578947,0.0210526315789473
2459,0.0921658986175115,0.2119815668202765,0.064516129032258,0.0599078341013824,0.0276497695852534
2460,0.0983606557377049,0.2049180327868852,0.0491803278688524,0.0327868852459016,0.0491803278688524
2461,0.074074074074074,0.2345679012345679,0.0246913580246913,0.0493827160493827,0.0123456790123456
2462,0.0952380952380952,0.2698412698412698,0.0555555555555555,0.0317460317460317,0.0238095238095238
2463,0.0899653979238754,0.2006920415224913,0.0346020761245674,0.0276816608996539,0.0311418685121107
2464,0.0620689655172413,0.2620689655172414,0.1034482758620689,0.0206896551724137,0.0137931034482758
2465,0.0833333333333333,0.2407407407407407,0.0555555555555555,0.0092592592592592,0.0092592592592592
2466,0.1078167115902965,0.2102425876010781,0.0269541778975741,0.045822102425876,0.0107816711590296
2467,0.1058823529411764,0.2705882352941176,0.0470588235294117,0.0176470588235294,0.0294117647058823
2468,0.1111111111111111,0.2716049382716049,0.0781893004115226,0.0452674897119341,0.0164609053497942
2469,0.0867768595041322,0.1818181818181818,0.0330578512396694,0.0289256198347107,0.024793388429752
2470,0.1301369863013698,0.2054794520547945,0.0273972602739726,0.0273972602739726,0.0410958904109589
2471,0.1262135922330097,0.2184466019417475,0.0388349514563106,0.0194174757281553,0.0339805825242718
2472,0.0797101449275362,0.1956521739130435,0.0434782608695652,0.0289855072463768,0.0289855072463768
2473,0.0647058823529411,0.1823529411764705,0.088235294117647,0.0117647058823529,0.0058823529411764
2474,0.1219512195121951,0.2384823848238482,0.05420054200542,0.029810298102981,0.013550135501355
2475,0.1278195488721804,0.169172932330827,0.018796992481203,0.0263157894736842,0.056390977443609
2476,0.0757575757575757,0.2045454545454545,0.0227272727272727,0.0681818181818181,0.0075757575757575
2477,0.1071428571428571,0.1714285714285714,0.0428571428571428,0.05,0.1
2478,0.1286089238845144,0.1863517060367454,0.0419947506561679,0.0603674540682414,0.0393700787401574
2479,0.1052631578947368,0.3308270676691729,0.1052631578947368,0.0225563909774436,0.0150375939849624
2480,0.0833333333333333,0.1363636363636363,0.053030303030303,0.0833333333333333,0.0757575757575757
2481,0.1,0.1708333333333333,0.0291666666666666,0.025,0.0958333333333333
2482,0.1029411764705882,0.1676470588235294,0.0323529411764705,0.0411764705882352,0.0117647058823529
2483,0.0434782608695652,0.1304347826086956,0.0543478260869565,0.0108695652173913,0.0217391304347826
2484,0.0950570342205323,0.1787072243346007,0.0380228136882129,0.0570342205323193,0.0228136882129277
2485,0.1208053691275167,0.2214765100671141,0.0201342281879194,0.0067114093959731,0.0268456375838926
2486,0.10062893081761,0.1823899371069182,0.0880503144654088,0.0314465408805031,0.050314465408805
2487,0.1165644171779141,0.1932515337423312,0.0429447852760736,0.0245398773006134,0.0398773006134969
2488,0.1044303797468354,0.2088607594936709,0.060126582278481,0.0316455696202531,0.0316455696202531
2489,0.0441176470588235,0.2205882352941176,0.0808823529411764,0.0220588235294117,0.0073529411764705
2490,0.096938775510204,0.1989795918367347,0.0255102040816326,0.0408163265306122,0.0510204081632653
2491,0.0884955752212389,0.1991150442477876,0.0530973451327433,0.0575221238938053,0.0309734513274336
2492,0.0851648351648351,0.184065934065934,0.0439560439560439,0.0357142857142857,0.0357142857142857
2493,0.1122994652406417,0.1978609625668449,0.0374331550802139,0.0481283422459893,0.0427807486631016
2494,0.1020408163265306,0.2,0.036734693877551,0.0244897959183673,0.0489795918367346
2495,0.1732673267326732,0.1683168316831683,0.0346534653465346,0.0594059405940594,0.0841584158415841
2496,0.0629370629370629,0.2097902097902098,0.0349650349650349,0.0349650349650349,0.0069930069930069
2497,0.0981595092024539,0.3190184049079754,0.0490797546012269,0.0306748466257668,0.0
2498,0.109090909090909,0.2,0.0409090909090909,0.0272727272727272,0.0227272727272727
2499,0.1764705882352941,0.2941176470588235,0.0588235294117647,0.0,0.0
2500,0.1052631578947368,0.1917293233082706,0.0263157894736842,0.0338345864661654,0.0526315789473684
2501,0.1373626373626373,0.2142857142857142,0.0219780219780219,0.0439560439560439,0.0439560439560439
2502,0.0979020979020979,0.1590909090909091,0.0192307692307692,0.0314685314685314,0.0472027972027972
2503,0.1225490196078431,0.1813725490196078,0.0294117647058823,0.0441176470588235,0.0441176470588235
2504,0.0873015873015873,0.2619047619047619,0.0555555555555555,0.0317460317460317,0.0317460317460317
2505,0.1186440677966101,0.2076271186440678,0.0254237288135593,0.059322033898305,0.0677966101694915
2506,0.0774647887323943,0.204225352112676,0.0633802816901408,0.0140845070422535,0.0070422535211267
2507,0.1075268817204301,0.2150537634408602,0.021505376344086,0.021505376344086,0.010752688172043
2508,0.0732758620689655,0.1939655172413793,0.021551724137931,0.0172413793103448,0.0258620689655172
2509,0.0816326530612244,0.2397959183673469,0.0255102040816326,0.0306122448979591,0.0357142857142857
2510,0.0991735537190082,0.1487603305785124,0.0330578512396694,0.024793388429752,0.0413223140495867
2511,0.08130081300813,0.1869918699186991,0.1300813008130081,0.048780487804878,0.024390243902439
2512,0.1370967741935483,0.2258064516129032,0.032258064516129,0.0161290322580645,0.0
2513,0.1118568232662192,0.192393736017897,0.0536912751677852,0.0313199105145413,0.0380313199105145
2514,0.065,0.215,0.03,0.035,0.02
2515,0.0658682634730539,0.3233532934131736,0.0419161676646706,0.029940119760479,0.0239520958083832
2516,0.0700636942675159,0.197452229299363,0.019108280254777,0.0254777070063694,0.0063694267515923
2517,0.0623052959501557,0.1931464174454828,0.0342679127725856,0.0186915887850467,0.0031152647975077
2518,0.1306818181818181,0.1988636363636363,0.0227272727272727,0.0397727272727272,0.0284090909090909
2519,0.1019736842105263,0.194078947368421,0.0263157894736842,0.0230263157894736,0.0394736842105263
2520,0.1071428571428571,0.2738095238095238,0.0476190476190476,0.0238095238095238,0.0476190476190476
2521,0.0573248407643312,0.2547770700636942,0.0573248407643312,0.0063694267515923,0.0063694267515923
2522,0.0909090909090909,0.1888111888111888,0.0419580419580419,0.0419580419580419,0.0279720279720279
2523,0.1196581196581196,0.2735042735042735,0.0683760683760683,0.0512820512820512,0.017094017094017
2524,0.0784313725490196,0.2401960784313725,0.0588235294117647,0.0049019607843137,0.0245098039215686
2525,0.0880503144654088,0.1572327044025157,0.0251572327044025,0.0188679245283018,0.0314465408805031
2526,0.0945945945945946,0.1689189189189189,0.0405405405405405,0.0472972972972973,0.027027027027027
2527,0.0923076923076923,0.1923076923076923,0.0384615384615384,0.0,0.023076923076923
2528,0.1366906474820144,0.2302158273381295,0.0431654676258992,0.0287769784172661,0.0215827338129496
2529,0.1323529411764706,0.1985294117647058,0.0147058823529411,0.0367647058823529,0.0367647058823529
2530,0.1124497991967871,0.1927710843373494,0.0160642570281124,0.0240963855421686,0.0160642570281124
2531,0.1764705882352941,0.196078431372549,0.0392156862745098,0.0196078431372549,0.0196078431372549
2532,0.088235294117647,0.1948529411764706,0.025735294117647,0.0220588235294117,0.0294117647058823
2533,0.078125,0.2734375,0.0078125,0.0,0.03125
2534,0.109375,0.2604166666666667,0.0104166666666666,0.015625,0.03125
2535,0.0892857142857142,0.2321428571428571,0.0357142857142857,0.0625,0.0535714285714285
2536,0.0714285714285714,0.2105263157894736,0.0413533834586466,0.037593984962406,0.0300751879699248
2537,0.0628019323671497,0.217391304347826,0.0434782608695652,0.0144927536231884,0.0193236714975845
2538,0.0815217391304347,0.217391304347826,0.0163043478260869,0.0217391304347826,0.0217391304347826
2539,0.13125,0.2,0.03125,0.03125,0.05
2540,0.0761904761904762,0.1809523809523809,0.0380952380952381,0.019047619047619,0.019047619047619
2541,0.0919117647058823,0.1801470588235294,0.0183823529411764,0.0367647058823529,0.0073529411764705
2542,0.095,0.245,0.07,0.01,0.01
2543,0.1005291005291005,0.2116402116402116,0.0687830687830687,0.0264550264550264,0.0052910052910052
2544,0.1157894736842105,0.2157894736842105,0.0105263157894736,0.0263157894736842,0.0473684210526315
2545,0.0909090909090909,0.2532467532467532,0.0194805194805194,0.0454545454545454,0.0389610389610389
2546,0.0938967136150234,0.2112676056338028,0.0328638497652582,0.0328638497652582,0.0187793427230046
2547,0.1041666666666666,0.3055555555555556,0.0347222222222222,0.0069444444444444,0.0138888888888888
2548,0.0833333333333333,0.2222222222222222,0.037037037037037,0.0185185185185185,0.0277777777777777
2549,0.0833333333333333,0.2361111111111111,0.074074074074074,0.0509259259259259,0.0
2550,0.1275167785234899,0.2013422818791946,0.0536912751677852,0.0335570469798657,0.0335570469798657
2551,0.1206896551724138,0.2327586206896551,0.0,0.0344827586206896,0.0
2552,0.0805084745762711,0.2415254237288135,0.0381355932203389,0.0042372881355932,0.0254237288135593
2553,0.1448275862068965,0.2206896551724138,0.0275862068965517,0.0344827586206896,0.0275862068965517
2554,0.0634920634920634,0.2539682539682539,0.0476190476190476,0.0079365079365079,0.0
2555,0.0846394984326018,0.2100313479623824,0.0344827586206896,0.0156739811912225,0.0156739811912225
2556,0.11,0.22,0.025,0.01,0.03
2557,0.0759493670886076,0.2278481012658227,0.0632911392405063,0.0253164556962025,0.0
2558,0.1078431372549019,0.2107843137254902,0.0245098039215686,0.034313725490196,0.0392156862745098
2559,0.1176470588235294,0.2245989304812834,0.0588235294117647,0.0320855614973262,0.053475935828877
2560,0.0434782608695652,0.1630434782608695,0.0434782608695652,0.0108695652173913,0.0
2561,0.0753768844221105,0.2060301507537688,0.0150753768844221,0.0150753768844221,0.0150753768844221
2562,0.078125,0.2734375,0.0390625,0.0078125,0.015625
2563,0.0758293838862559,0.1943127962085308,0.0663507109004739,0.0426540284360189,0.0142180094786729
2564,0.0532544378698224,0.2130177514792899,0.0414201183431952,0.0,0.0059171597633136
2565,0.1058823529411764,0.2705882352941176,0.0823529411764705,0.0470588235294117,0.0588235294117647
2566,0.0879120879120879,0.1373626373626373,0.0109890109890109,0.0384615384615384,0.0384615384615384
2567,0.126099706744868,0.2111436950146627,0.0469208211143695,0.0175953079178885,0.0527859237536656
2568,0.1215469613259668,0.2430939226519337,0.0220994475138121,0.011049723756906,0.005524861878453
2569,0.0838323353293413,0.2095808383233532,0.0538922155688622,0.0658682634730539,0.0179640718562874
2570,0.0869565217391304,0.2298136645962732,0.0559006211180124,0.0186335403726708,0.0062111801242236
2571,0.1313868613138686,0.2116788321167883,0.0656934306569343,0.0145985401459854,0.0145985401459854
2572,0.1079545454545454,0.2386363636363636,0.0284090909090909,0.034090909090909,0.0170454545454545
2573,0.1111111111111111,0.1693121693121693,0.0264550264550264,0.0476190476190476,0.0529100529100529
2574,0.0718562874251497,0.2005988023952095,0.0538922155688622,0.0329341317365269,0.0119760479041916
2575,0.1015625,0.2578125,0.0546875,0.03125,0.015625
2576,0.081081081081081,0.2054054054054054,0.0756756756756756,0.0351351351351351,0.0324324324324324
2577,0.1130952380952381,0.1785714285714285,0.0416666666666666,0.0476190476190476,0.0
2578,0.0762711864406779,0.1779661016949152,0.0508474576271186,0.0169491525423728,0.0
2579,0.0756302521008403,0.2352941176470588,0.0168067226890756,0.0336134453781512,0.0336134453781512
2580,0.1233480176211453,0.237885462555066,0.0352422907488986,0.0220264317180616,0.0308370044052863
2581,0.116,0.232,0.024,0.012,0.04
2582,0.1243243243243243,0.1837837837837838,0.027027027027027,0.0594594594594594,0.0378378378378378
2583,0.1111111111111111,0.2129629629629629,0.0,0.0092592592592592,0.0555555555555555
2584,0.1343283582089552,0.208955223880597,0.0074626865671641,0.0298507462686567,0.0820895522388059
2585,0.0728476821192053,0.2317880794701986,0.0596026490066225,0.0662251655629139,0.0264900662251655
2586,0.0909090909090909,0.1717171717171717,0.0202020202020202,0.0101010101010101,0.0202020202020202
2587,0.0612244897959183,0.1836734693877551,0.0340136054421768,0.0204081632653061,0.0136054421768707
2588,0.0931263858093126,0.1929046563192904,0.0598669623059867,0.0310421286031042,0.0443458980044345
2589,0.1046511627906976,0.2093023255813953,0.0,0.0,0.0348837209302325
2590,0.0784313725490196,0.1503267973856209,0.0130718954248366,0.0065359477124183,0.0130718954248366
2591,0.0618181818181818,0.1636363636363636,0.0218181818181818,0.0036363636363636,0.0145454545454545
2592,0.1258741258741259,0.3006993006993007,0.0489510489510489,0.0209790209790209,0.0209790209790209
2593,0.0701754385964912,0.1578947368421052,0.087719298245614,0.043859649122807,0.0263157894736842
2594,0.056910569105691,0.1382113821138211,0.016260162601626,0.024390243902439,0.008130081300813
2595,0.087248322147651,0.1476510067114094,0.0067114093959731,0.0402684563758389,0.0268456375838926
2596,0.0693069306930693,0.2475247524752475,0.099009900990099,0.0,0.0198019801980198
2597,0.109090909090909,0.2,0.0303030303030303,0.0303030303030303,0.0363636363636363
2598,0.1058823529411764,0.2058823529411764,0.0176470588235294,0.0176470588235294,0.0352941176470588
2599,0.0967117988394584,0.2224371373307543,0.0386847195357833,0.0425531914893617,0.02321083172147
2600,0.0842105263157894,0.2210526315789473,0.0842105263157894,0.0631578947368421,0.0210526315789473
2601,0.0584795321637426,0.2339181286549707,0.0175438596491228,0.0,0.0116959064327485
2602,0.0656565656565656,0.1767676767676767,0.0202020202020202,0.005050505050505,0.0101010101010101
2603,0.1083333333333333,0.2083333333333333,0.0,0.0333333333333333,0.0166666666666666
2604,0.0845070422535211,0.1971830985915492,0.0352112676056338,0.0140845070422535,0.0845070422535211
2605,0.040650406504065,0.1869918699186991,0.024390243902439,0.024390243902439,0.008130081300813
2606,0.0454545454545454,0.2181818181818181,0.0181818181818181,0.009090909090909,0.009090909090909
2607,0.0974729241877256,0.2202166064981949,0.0433212996389891,0.0216606498194945,0.0216606498194945
2608,0.086021505376344,0.2365591397849462,0.0483870967741935,0.021505376344086,0.0161290322580645
2609,0.1323529411764706,0.1397058823529411,0.0294117647058823,0.0441176470588235,0.0294117647058823
2610,0.1066666666666666,0.26,0.0333333333333333,0.08,0.02
2611,0.1139240506329113,0.2025316455696202,0.0295358649789029,0.0379746835443038,0.0548523206751054
2612,0.1193181818181818,0.1988636363636363,0.0284090909090909,0.0170454545454545,0.0227272727272727
2613,0.0757575757575757,0.2222222222222222,0.0505050505050505,0.0252525252525252,0.0404040404040404
2614,0.1095890410958904,0.2808219178082192,0.0205479452054794,0.0,0.0136986301369863
2615,0.0773195876288659,0.2216494845360824,0.0309278350515463,0.0051546391752577,0.0206185567010309
2616,0.089430894308943,0.2276422764227642,0.048780487804878,0.0,0.0
2617,0.124401913875598,0.2296650717703349,0.0239234449760765,0.0095693779904306,0.0239234449760765
2618,0.1012658227848101,0.1645569620253164,0.0253164556962025,0.0443037974683544,0.0316455696202531
2619,0.0737704918032786,0.2377049180327868,0.0245901639344262,0.0,0.0163934426229508
2620,0.1153846153846153,0.2115384615384615,0.0384615384615384,0.032051282051282,0.0256410256410256
2621,0.06282722513089,0.1623036649214659,0.0471204188481675,0.0,0.0157068062827225
2622,0.0887573964497041,0.2603550295857988,0.0177514792899408,0.0177514792899408,0.0059171597633136
2623,0.0651162790697674,0.1720930232558139,0.0046511627906976,0.0232558139534883,0.0093023255813953
2624,0.0429184549356223,0.2145922746781116,0.0429184549356223,0.03862660944206,0.0085836909871244
2625,0.0979381443298969,0.2010309278350515,0.0103092783505154,0.0257731958762886,0.0154639175257731
2626,0.0913978494623656,0.1989247311827957,0.021505376344086,0.0268817204301075,0.0161290322580645
2627,0.0863509749303621,0.2200557103064067,0.0389972144846796,0.0306406685236768,0.011142061281337
2628,0.0809248554913294,0.1676300578034682,0.0115606936416184,0.0057803468208092,0.0289017341040462
2629,0.0662650602409638,0.1987951807228915,0.0421686746987951,0.036144578313253,0.0240963855421686
2630,0.0603448275862069,0.1508620689655172,0.0172413793103448,0.0344827586206896,0.021551724137931
2631,0.1,0.18125,0.05,0.03125,0.01875
2632,0.0873015873015873,0.123015873015873,0.0079365079365079,0.0198412698412698,0.0277777777777777
2633,0.0739030023094688,0.1801385681293302,0.0346420323325635,0.0138568129330254,0.0115473441108545
2634,0.1138790035587188,0.2526690391459075,0.0391459074733096,0.0213523131672597,0.0427046263345195
2635,0.091743119266055,0.1788990825688073,0.0229357798165137,0.0458715596330275,0.036697247706422
2636,0.0625,0.2,0.025,0.00625,0.03125
2637,0.087431693989071,0.2349726775956284,0.0382513661202185,0.0327868852459016,0.0273224043715847
2638,0.1179775280898876,0.2078651685393258,0.0449438202247191,0.0449438202247191,0.0224719101123595
2639,0.0696202531645569,0.2594936708860759,0.0316455696202531,0.0379746835443038,0.0253164556962025
2640,0.1411042944785276,0.1840490797546012,0.0245398773006134,0.0490797546012269,0.0368098159509202
2641,0.0977777777777777,0.1955555555555555,0.0311111111111111,0.0355555555555555,0.0266666666666666
2642,0.1373626373626373,0.1978021978021978,0.0604395604395604,0.0164835164835164,0.0494505494505494
2643,0.1032258064516129,0.1870967741935484,0.0129032258064516,0.0129032258064516,0.0258064516129032
2644,0.0941176470588235,0.238235294117647,0.0852941176470588,0.0147058823529411,0.0411764705882352
2645,0.1428571428571428,0.1607142857142857,0.0416666666666666,0.0714285714285714,0.0952380952380952
2646,0.0517241379310344,0.2327586206896551,0.0172413793103448,0.0344827586206896,0.0
2647,0.101063829787234,0.1861702127659574,0.026595744680851,0.0159574468085106,0.0212765957446808
2648,0.0993788819875776,0.1677018633540372,0.031055900621118,0.031055900621118,0.031055900621118
2649,0.1011904761904761,0.238095238095238,0.0357142857142857,0.0178571428571428,0.0297619047619047
2650,0.1087866108786611,0.2635983263598326,0.0251046025104602,0.0209205020920502,0.0334728033472803
2651,0.0864197530864197,0.1851851851851851,0.0185185185185185,0.0123456790123456,0.0123456790123456
2652,0.1161616161616161,0.2727272727272727,0.0303030303030303,0.0151515151515151,0.0202020202020202
2653,0.0945945945945946,0.2027027027027027,0.0202702702702702,0.0067567567567567,0.027027027027027
2654,0.064,0.248,0.08,0.016,0.016
2655,0.1134453781512605,0.2394957983193277,0.0588235294117647,0.0462184873949579,0.0378151260504201
2656,0.1036269430051813,0.2694300518134715,0.0518134715025906,0.005181347150259,0.0310880829015544
2657,0.0948905109489051,0.218978102189781,0.072992700729927,0.0072992700729927,0.0072992700729927
2658,0.0849056603773584,0.2264150943396226,0.0518867924528301,0.0235849056603773,0.0047169811320754
2659,0.1125,0.21875,0.08125,0.01875,0.03125
2660,0.125,0.2236842105263158,0.0361842105263157,0.0296052631578947,0.0789473684210526
2661,0.202127659574468,0.1595744680851064,0.0319148936170212,0.0425531914893617,0.0744680851063829
2662,0.0993788819875776,0.217391304347826,0.0248447204968944,0.0124223602484472,0.0186335403726708
2663,0.1259842519685039,0.2598425196850393,0.0314960629921259,0.0236220472440944,0.0078740157480314
2664,0.1027667984189723,0.2015810276679842,0.0355731225296442,0.0237154150197628,0.0079051383399209
2665,0.1208791208791208,0.2087912087912088,0.0274725274725274,0.0329670329670329,0.0054945054945054
2666,0.0631578947368421,0.1894736842105263,0.0421052631578947,0.0210526315789473,0.0210526315789473
2667,0.0784313725490196,0.1715686274509804,0.0735294117647058,0.0392156862745098,0.0245098039215686
2668,0.086021505376344,0.2096774193548387,0.043010752688172,0.0,0.0161290322580645
2669,0.1010830324909747,0.2527075812274368,0.0324909747292418,0.0144404332129963,0.0288808664259927
2670,0.070110701107011,0.1734317343173431,0.077490774907749,0.033210332103321,0.018450184501845
2671,0.0823529411764705,0.2,0.0294117647058823,0.0176470588235294,0.0
2672,0.0970873786407767,0.1893203883495145,0.0388349514563106,0.0339805825242718,0.0242718446601941
2673,0.0863309352517985,0.2014388489208633,0.0719424460431654,0.0431654676258992,0.0215827338129496
2674,0.0736196319018405,0.2699386503067484,0.0429447852760736,0.0245398773006134,0.0122699386503067
2675,0.0947368421052631,0.1578947368421052,0.031578947368421,0.0210526315789473,0.0105263157894736
2676,0.1503267973856209,0.1045751633986928,0.0196078431372549,0.0784313725490196,0.0980392156862745
2677,0.1048951048951049,0.2517482517482518,0.0279720279720279,0.0069930069930069,0.0349650349650349
2678,0.1016260162601626,0.2073170731707317,0.0264227642276422,0.0020325203252032,0.0182926829268292
2679,0.0854092526690391,0.2099644128113879,0.0249110320284697,0.0320284697508896,0.0106761565836298
2680,0.0986842105263157,0.1973684210526315,0.0394736842105263,0.0197368421052631,0.0263157894736842
2681,0.0631067961165048,0.1844660194174757,0.0145631067961165,0.0,0.0048543689320388
2682,0.109090909090909,0.1878787878787878,0.0424242424242424,0.0363636363636363,0.006060606060606
2683,0.1075949367088607,0.1835443037974683,0.0126582278481012,0.0253164556962025,0.0316455696202531
2684,0.0785340314136125,0.2513089005235602,0.0104712041884816,0.0209424083769633,0.0209424083769633
2685,0.10727969348659,0.1800766283524904,0.0344827586206896,0.0153256704980842,0.0344827586206896
2686,0.1055276381909547,0.2010050251256281,0.0351758793969849,0.0150753768844221,0.0150753768844221
2687,0.1016260162601626,0.2235772357723577,0.0284552845528455,0.0,0.0203252032520325
2688,0.0795454545454545,0.2272727272727272,0.0416666666666666,0.0151515151515151,0.0189393939393939
2689,0.0588235294117647,0.226890756302521,0.0168067226890756,0.0252100840336134,0.0
2690,0.0684210526315789,0.2105263157894736,0.0526315789473684,0.0157894736842105,0.0157894736842105
2691,0.1276595744680851,0.2056737588652482,0.0141843971631205,0.0425531914893617,0.0283687943262411
2692,0.0909090909090909,0.2396694214876033,0.0206611570247933,0.012396694214876,0.0165289256198347
2693,0.0966183574879227,0.2061191626409017,0.0305958132045088,0.037037037037037,0.0338164251207729
2694,0.1307692307692307,0.2230769230769231,0.023076923076923,0.0153846153846153,0.023076923076923
2695,0.0705128205128205,0.25,0.0192307692307692,0.0128205128205128,0.0256410256410256
2696,0.1034482758620689,0.2758620689655172,0.057471264367816,0.0229885057471264,0.0172413793103448
2697,0.108433734939759,0.2048192771084337,0.0240963855421686,0.036144578313253,0.0301204819277108
2698,0.0913461538461538,0.1490384615384615,0.0288461538461538,0.0240384615384615,0.0192307692307692
2699,0.0642857142857142,0.2285714285714285,0.0214285714285714,0.0,0.0142857142857142
2700,0.1707317073170731,0.2439024390243902,0.032520325203252,0.016260162601626,0.0
2701,0.1138211382113821,0.2276422764227642,0.024390243902439,0.024390243902439,0.016260162601626
2702,0.0632911392405063,0.2848101265822785,0.0569620253164556,0.0063291139240506,0.0379746835443038
2703,0.0972972972972973,0.1702702702702702,0.0513513513513513,0.0513513513513513,0.027027027027027
2704,0.081081081081081,0.2054054054054054,0.0108108108108108,0.0324324324324324,0.0216216216216216
2705,0.1149425287356321,0.2068965517241379,0.0344827586206896,0.028735632183908,0.0229885057471264
2706,0.1396648044692737,0.1731843575418994,0.0223463687150838,0.0223463687150838,0.0446927374301676
2707,0.1446945337620578,0.180064308681672,0.0305466237942122,0.0562700964630225,0.090032154340836
2708,0.0930232558139534,0.2325581395348837,0.0465116279069767,0.0,0.0077519379844961
2709,0.0769230769230769,0.2019230769230769,0.0288461538461538,0.0096153846153846,0.0576923076923076
2710,0.0657894736842105,0.1973684210526315,0.0131578947368421,0.0328947368421052,0.0263157894736842
2711,0.059322033898305,0.2627118644067797,0.0423728813559322,0.0169491525423728,0.0084745762711864
2712,0.055813953488372,0.1813953488372093,0.0325581395348837,0.0372093023255813,0.013953488372093
2713,0.0838709677419354,0.2258064516129032,0.032258064516129,0.0387096774193548,0.0193548387096774
2714,0.0875420875420875,0.1818181818181818,0.0471380471380471,0.0067340067340067,0.0134680134680134
2715,0.0555555555555555,0.2301587301587301,0.1269841269841269,0.0158730158730158,0.0
2716,0.0920502092050209,0.2133891213389121,0.0209205020920502,0.0543933054393305,0.0209205020920502
2717,0.1145833333333333,0.2135416666666666,0.0625,0.0208333333333333,0.015625
2718,0.1068702290076335,0.2213740458015267,0.0381679389312977,0.0229007633587786,0.0381679389312977
2719,0.1544715447154471,0.2439024390243902,0.008130081300813,0.032520325203252,0.040650406504065
2720,0.0954773869346733,0.2060301507537688,0.0351758793969849,0.0100502512562814,0.0201005025125628
2721,0.1037735849056603,0.2735849056603773,0.0660377358490566,0.0471698113207547,0.0188679245283018
2722,0.1323529411764706,0.2279411764705882,0.0147058823529411,0.0,0.0441176470588235
2723,0.0606060606060606,0.2242424242424242,0.0424242424242424,0.0303030303030303,0.0121212121212121
2724,0.10062893081761,0.1823899371069182,0.0188679245283018,0.0628930817610062,0.0188679245283018
2725,0.1142857142857142,0.2457142857142857,0.0457142857142857,0.0228571428571428,0.0285714285714285
2726,0.0916030534351145,0.1526717557251908,0.0076335877862595,0.0229007633587786,0.0076335877862595
2727,0.0612244897959183,0.2040816326530612,0.0408163265306122,0.0068027210884353,0.0068027210884353
2728,0.144927536231884,0.2898550724637681,0.0434782608695652,0.0579710144927536,0.0434782608695652
2729,0.1044776119402985,0.2238805970149253,0.0348258706467661,0.044776119402985,0.044776119402985
2730,0.0675675675675675,0.2702702702702703,0.054054054054054,0.0168918918918918,0.0101351351351351
2731,0.1037344398340249,0.2365145228215767,0.0539419087136929,0.0124481327800829,0.0124481327800829
2732,0.1102362204724409,0.1574803149606299,0.0314960629921259,0.0551181102362204,0.0393700787401574
2733,0.0898876404494382,0.2209737827715356,0.0374531835205992,0.0337078651685393,0.0374531835205992
2734,0.144927536231884,0.217391304347826,0.0217391304347826,0.0434782608695652,0.0217391304347826
2735,0.0833333333333333,0.2598039215686274,0.0245098039215686,0.0098039215686274,0.0245098039215686
2736,0.1115702479338843,0.2148760330578512,0.012396694214876,0.0206611570247933,0.012396694214876
2737,0.089430894308943,0.2439024390243902,0.008130081300813,0.024390243902439,0.048780487804878
2738,0.1652173913043478,0.1913043478260869,0.017391304347826,0.0260869565217391,0.0608695652173913
2739,0.0610687022900763,0.2824427480916031,0.0687022900763358,0.0305343511450381,0.0305343511450381
2740,0.119047619047619,0.2,0.0238095238095238,0.019047619047619,0.0095238095238095
2741,0.0426356589147286,0.1550387596899224,0.0271317829457364,0.0155038759689922,0.0077519379844961
2742,0.0930232558139534,0.1860465116279069,0.0155038759689922,0.0232558139534883,0.0232558139534883
2743,0.0782122905027933,0.2011173184357542,0.0614525139664804,0.0446927374301676,0.0111731843575419
2744,0.0871369294605809,0.2406639004149377,0.0373443983402489,0.0124481327800829,0.0165975103734439
2745,0.0772532188841201,0.2489270386266094,0.0343347639484978,0.0085836909871244,0.0171673819742489
2746,0.0939597315436241,0.174496644295302,0.0402684563758389,0.0335570469798657,0.0335570469798657
2747,0.1111111111111111,0.2314814814814814,0.0,0.0185185185185185,0.0277777777777777
2748,0.0985401459854014,0.2080291970802919,0.0985401459854014,0.0182481751824817,0.0328467153284671
2749,0.1388888888888889,0.2222222222222222,0.0277777777777777,0.0277777777777777,0.0555555555555555
2750,0.0898203592814371,0.2514970059880239,0.0059880239520958,0.0059880239520958,0.0059880239520958
2751,0.1037735849056603,0.1839622641509433,0.0660377358490566,0.0283018867924528,0.0283018867924528
2752,0.1125827814569536,0.1986754966887417,0.0198675496688741,0.0397350993377483,0.0397350993377483
2753,0.1011904761904761,0.2142857142857142,0.0238095238095238,0.0238095238095238,0.0595238095238095
2754,0.0840336134453781,0.2156862745098039,0.0280112044817927,0.0252100840336134,0.0308123249299719
2755,0.0782608695652174,0.2391304347826087,0.0347826086956521,0.0260869565217391,0.0130434782608695
2756,0.1151079136690647,0.2014388489208633,0.014388489208633,0.0215827338129496,0.0287769784172661
2757,0.0725806451612903,0.1774193548387097,0.0080645161290322,0.0161290322580645,0.0080645161290322
2758,0.0871212121212121,0.1856060606060606,0.0416666666666666,0.0303030303030303,0.0151515151515151
2759,0.1111111111111111,0.1955555555555555,0.0177777777777777,0.0088888888888888,0.0133333333333333
2760,0.1052631578947368,0.2631578947368421,0.0526315789473684,0.0,0.0
2761,0.0797342192691029,0.1993355481727574,0.0465116279069767,0.0166112956810631,0.0099667774086378
2762,0.079295154185022,0.185022026431718,0.039647577092511,0.0308370044052863,0.013215859030837
2763,0.1224489795918367,0.1836734693877551,0.0612244897959183,0.0408163265306122,0.0714285714285714
2764,0.0947368421052631,0.2947368421052631,0.0421052631578947,0.0105263157894736,0.0210526315789473
2765,0.0709219858156028,0.2056737588652482,0.0212765957446808,0.0070921985815602,0.0
2766,0.106060606060606,0.1666666666666666,0.0454545454545454,0.0328282828282828,0.0555555555555555
2767,0.0864864864864864,0.2378378378378378,0.0216216216216216,0.0216216216216216,0.0162162162162162
2768,0.1297709923664122,0.1908396946564885,0.049618320610687,0.0305343511450381,0.015267175572519
2769,0.0837696335078534,0.1884816753926701,0.0209424083769633,0.0157068062827225,0.031413612565445
2770,0.0580645161290322,0.2516129032258064,0.032258064516129,0.032258064516129,0.0064516129032258
2771,0.1183431952662721,0.2130177514792899,0.014792899408284,0.0325443786982248,0.0236686390532544
2772,0.0563725490196078,0.1985294117647058,0.0367647058823529,0.017156862745098,0.0122549019607843
2773,0.0879120879120879,0.1868131868131868,0.0219780219780219,0.0219780219780219,0.0109890109890109
2774,0.0904522613065326,0.1708542713567839,0.0251256281407035,0.0150753768844221,0.0050251256281407
2775,0.1040268456375839,0.2449664429530201,0.0302013422818791,0.0201342281879194,0.0134228187919463
2776,0.1271676300578034,0.1849710982658959,0.0404624277456647,0.0462427745664739,0.0231213872832369
2777,0.088235294117647,0.1838235294117647,0.0441176470588235,0.0294117647058823,0.0220588235294117
2778,0.1052631578947368,0.2368421052631578,0.0263157894736842,0.0175438596491228,0.0
2779,0.102127659574468,0.1787234042553191,0.025531914893617,0.0638297872340425,0.0297872340425531
2780,0.1231884057971014,0.2246376811594203,0.0289855072463768,0.0434782608695652,0.0507246376811594
2781,0.0657276995305164,0.1784037558685446,0.0234741784037558,0.0375586854460093,0.0093896713615023
2782,0.1127450980392156,0.1862745098039215,0.0294117647058823,0.0392156862745098,0.0294117647058823
2783,0.1139896373056994,0.2124352331606217,0.0414507772020725,0.0259067357512953,0.0103626943005181
2784,0.0869565217391304,0.2391304347826087,0.0289855072463768,0.0217391304347826,0.0144927536231884
2785,0.0599078341013824,0.1658986175115207,0.0184331797235023,0.0276497695852534,0.0184331797235023
2786,0.1008771929824561,0.2456140350877192,0.0175438596491228,0.0219298245614035,0.0263157894736842
2787,0.1182266009852216,0.2413793103448276,0.0147783251231527,0.0049261083743842,0.0098522167487684
2788,0.1075268817204301,0.1774193548387097,0.0376344086021505,0.0,0.010752688172043
2789,0.088235294117647,0.2352941176470588,0.0661764705882353,0.0220588235294117,0.0294117647058823
2790,0.1404255319148936,0.1489361702127659,0.0468085106382978,0.0425531914893617,0.0297872340425531
2791,0.0651465798045602,0.2084690553745928,0.01628664495114,0.01628664495114,0.009771986970684
2792,0.0891089108910891,0.1782178217821782,0.0371287128712871,0.0198019801980198,0.0371287128712871
2793,0.0914285714285714,0.2171428571428571,0.0057142857142857,0.0,0.0171428571428571
2794,0.0839895013123359,0.2073490813648294,0.0341207349081364,0.0236220472440944,0.0262467191601049
2795,0.1083743842364532,0.2019704433497537,0.0344827586206896,0.0295566502463054,0.0098522167487684
2796,0.108695652173913,0.108695652173913,0.1014492753623188,0.036231884057971,0.0579710144927536
2797,0.0495049504950495,0.2425742574257425,0.0445544554455445,0.0099009900990099,0.0049504950495049
2798,0.1189189189189189,0.227027027027027,0.0432432432432432,0.027027027027027,0.0162162162162162
2799,0.0941176470588235,0.2117647058823529,0.1176470588235294,0.0117647058823529,0.0352941176470588
2800,0.1140350877192982,0.2280701754385964,0.0350877192982456,0.0350877192982456,0.0175438596491228
2801,0.0714285714285714,0.2142857142857142,0.0396825396825396,0.0714285714285714,0.0396825396825396
2802,0.091254752851711,0.2091254752851711,0.026615969581749,0.0228136882129277,0.026615969581749
2803,0.0952380952380952,0.1619047619047619,0.0285714285714285,0.0,0.0
2804,0.0941176470588235,0.2235294117647059,0.0411764705882352,0.0235294117647058,0.0411764705882352
2805,0.1206896551724138,0.1896551724137931,0.0086206896551724,0.0172413793103448,0.0172413793103448
2806,0.0978260869565217,0.181159420289855,0.0326086956521739,0.0253623188405797,0.0398550724637681
2807,0.1283783783783783,0.3175675675675675,0.0067567567567567,0.0202702702702702,0.027027027027027
2808,0.1304347826086956,0.2260869565217391,0.0608695652173913,0.017391304347826,0.017391304347826
2809,0.0974025974025974,0.2467532467532467,0.0324675324675324,0.0064935064935064,0.0194805194805194
2810,0.0912698412698412,0.1904761904761904,0.0515873015873015,0.0119047619047619,0.0277777777777777
2811,0.0840336134453781,0.2184873949579832,0.0504201680672268,0.0588235294117647,0.0336134453781512
2812,0.131578947368421,0.1842105263157894,0.0157894736842105,0.0105263157894736,0.0157894736842105
2813,0.1242603550295858,0.1775147928994082,0.029585798816568,0.0532544378698224,0.0118343195266272
2814,0.1384615384615384,0.1692307692307692,0.0,0.0307692307692307,0.0153846153846153
2815,0.1224489795918367,0.2,0.0612244897959183,0.0326530612244898,0.036734693877551
2816,0.1157024793388429,0.1900826446280991,0.0661157024793388,0.0495867768595041,0.024793388429752
2817,0.1368421052631579,0.2631578947368421,0.0526315789473684,0.0105263157894736,0.031578947368421
2818,0.0934579439252336,0.1962616822429906,0.02803738317757,0.0373831775700934,0.0654205607476635
2819,0.056338028169014,0.2464788732394366,0.028169014084507,0.0211267605633802,0.0070422535211267
2820,0.1186440677966101,0.1864406779661017,0.0338983050847457,0.0225988700564971,0.0282485875706214
2821,0.09,0.26,0.08,0.02,0.04
2822,0.1208791208791208,0.2087912087912088,0.0109890109890109,0.0274725274725274,0.0274725274725274
2823,0.1139240506329113,0.189873417721519,0.0632911392405063,0.0632911392405063,0.0126582278481012
2824,0.1176470588235294,0.1838235294117647,0.0220588235294117,0.0808823529411764,0.0441176470588235
2825,0.058252427184466,0.233009708737864,0.058252427184466,0.0194174757281553,0.029126213592233
2826,0.1232876712328767,0.2082191780821917,0.0493150684931506,0.0301369863013698,0.0191780821917808
2827,0.0785714285714285,0.1857142857142857,0.05,0.0357142857142857,0.0
2828,0.0721649484536082,0.1855670103092783,0.0618556701030927,0.0,0.0103092783505154
2829,0.0721153846153846,0.25,0.048076923076923,0.0384615384615384,0.0096153846153846
2830,0.1221374045801526,0.2213740458015267,0.015267175572519,0.015267175572519,0.0076335877862595
2831,0.0873015873015873,0.2301587301587301,0.0555555555555555,0.0079365079365079,0.0476190476190476
2832,0.1714285714285714,0.2285714285714285,0.0285714285714285,0.0,0.0571428571428571
2833,0.0840336134453781,0.2521008403361344,0.0924369747899159,0.0588235294117647,0.0084033613445378
2834,0.1005917159763313,0.2544378698224852,0.0414201183431952,0.0236686390532544,0.0236686390532544
2835,0.0952380952380952,0.2202380952380952,0.0595238095238095,0.0,0.0059523809523809
2836,0.1219512195121951,0.2378048780487804,0.0304878048780487,0.0182926829268292,0.0182926829268292
2837,0.0840336134453781,0.2016806722689075,0.0336134453781512,0.0168067226890756,0.0084033613445378
2838,0.0955882352941176,0.1691176470588235,0.0147058823529411,0.0073529411764705,0.0073529411764705
2839,0.1145038167938931,0.1717557251908397,0.0343511450381679,0.0381679389312977,0.049618320610687
2840,0.1052631578947368,0.2030075187969924,0.0150375939849624,0.0300751879699248,0.0150375939849624
2841,0.0857142857142857,0.2428571428571428,0.0357142857142857,0.0142857142857142,0.0071428571428571
2842,0.1283783783783783,0.2027027027027027,0.0135135135135135,0.027027027027027,0.027027027027027
2843,0.1343283582089552,0.2238805970149253,0.0074626865671641,0.0223880597014925,0.0373134328358208
2844,0.0984848484848484,0.2045454545454545,0.053030303030303,0.0075757575757575,0.0151515151515151
2845,0.1397849462365591,0.2150537634408602,0.032258064516129,0.010752688172043,0.010752688172043
2846,0.1083333333333333,0.2583333333333333,0.0166666666666666,0.05,0.025
2847,0.0815217391304347,0.2989130434782608,0.0326086956521739,0.0054347826086956,0.0108695652173913
2848,0.1183098591549295,0.1971830985915492,0.0366197183098591,0.0253521126760563,0.0140845070422535
2849,0.1223404255319148,0.202127659574468,0.0425531914893617,0.026595744680851,0.0212765957446808
2850,0.0797546012269938,0.2515337423312883,0.0552147239263803,0.0122699386503067,0.0061349693251533
2851,0.1056910569105691,0.1788617886178861,0.016260162601626,0.016260162601626,0.024390243902439
2852,0.0760869565217391,0.2065217391304347,0.0760869565217391,0.0108695652173913,0.0
2853,0.0759493670886076,0.2658227848101265,0.0126582278481012,0.0126582278481012,0.0
2854,0.1092436974789916,0.2100840336134453,0.0252100840336134,0.0,0.0168067226890756
2855,0.1264822134387351,0.2134387351778656,0.0434782608695652,0.0158102766798418,0.0197628458498023
2856,0.1382113821138211,0.2113821138211382,0.056910569105691,0.0447154471544715,0.0691056910569105
2857,0.1,0.15,0.05,0.0333333333333333,0.0333333333333333
2858,0.1210191082802547,0.2038216560509554,0.0445859872611464,0.019108280254777,0.0382165605095541
2859,0.1019108280254777,0.1719745222929936,0.0318471337579617,0.019108280254777,0.0127388535031847
2860,0.0878048780487804,0.2292682926829268,0.0390243902439024,0.0048780487804878,0.0292682926829268
2861,0.056338028169014,0.176056338028169,0.0211267605633802,0.0070422535211267,0.028169014084507
2862,0.0876288659793814,0.2061855670103092,0.0206185567010309,0.0103092783505154,0.0309278350515463
2863,0.1194029850746268,0.2313432835820895,0.0223880597014925,0.0298507462686567,0.0223880597014925
2864,0.1058823529411764,0.2,0.1294117647058823,0.0176470588235294,0.0235294117647058
2865,0.1457286432160804,0.2211055276381909,0.0653266331658291,0.0150753768844221,0.0552763819095477
2866,0.1037735849056603,0.2358490566037736,0.0283018867924528,0.0,0.0094339622641509
2867,0.0717131474103585,0.1952191235059761,0.0278884462151394,0.0358565737051792,0.0159362549800796
2868,0.0638297872340425,0.1914893617021276,0.0354609929078014,0.0070921985815602,0.0070921985815602
2869,0.0465116279069767,0.2015503875968992,0.0,0.0155038759689922,0.0
2870,0.0808823529411764,0.2058823529411764,0.0294117647058823,0.0183823529411764,0.0294117647058823
2871,0.0797546012269938,0.2147239263803681,0.0429447852760736,0.0184049079754601,0.0061349693251533
2872,0.1118881118881118,0.1888111888111888,0.0069930069930069,0.0349650349650349,0.0
2873,0.1594202898550724,0.1884057971014492,0.0434782608695652,0.0797101449275362,0.0072463768115942
2874,0.0789473684210526,0.1907894736842105,0.0328947368421052,0.0328947368421052,0.0131578947368421
2875,0.063953488372093,0.1686046511627907,0.063953488372093,0.0436046511627907,0.0465116279069767
2876,0.1111111111111111,0.2116402116402116,0.0529100529100529,0.0264550264550264,0.0211640211640211
2877,0.1267605633802817,0.2323943661971831,0.0352112676056338,0.0070422535211267,0.0492957746478873
2878,0.040983606557377,0.1147540983606557,0.0245901639344262,0.0573770491803278,0.0245901639344262
2879,0.075,0.225,0.05,0.0166666666666666,0.0166666666666666
2880,0.0949367088607595,0.2468354430379747,0.0379746835443038,0.0316455696202531,0.0253164556962025
2881,0.1144578313253012,0.2771084337349397,0.0180722891566265,0.0301204819277108,0.0301204819277108
2882,0.0534351145038167,0.1755725190839694,0.0229007633587786,0.0076335877862595,0.0305343511450381
2883,0.1265822784810126,0.189873417721519,0.0569620253164556,0.0316455696202531,0.0443037974683544
2884,0.08,0.22,0.0533333333333333,0.04,0.0133333333333333
2885,0.0979381443298969,0.2061855670103092,0.0206185567010309,0.0412371134020618,0.0206185567010309
2886,0.1395348837209302,0.1550387596899224,0.0232558139534883,0.0387596899224806,0.0387596899224806
2887,0.1040723981900452,0.2307692307692307,0.0135746606334841,0.0226244343891402,0.0316742081447963
2888,0.1008403361344537,0.2352941176470588,0.0336134453781512,0.0336134453781512,0.0252100840336134
2889,0.105726872246696,0.171806167400881,0.0308370044052863,0.052863436123348,0.0220264317180616
2890,0.0974842767295597,0.2327044025157232,0.0220125786163522,0.0188679245283018,0.0220125786163522
2891,0.0492957746478873,0.1549295774647887,0.0352112676056338,0.0,0.0140845070422535
2892,0.0631578947368421,0.2421052631578947,0.0526315789473684,0.0210526315789473,0.0105263157894736
2893,0.0779816513761468,0.2064220183486238,0.036697247706422,0.0229357798165137,0.018348623853211
2894,0.0959595959595959,0.1818181818181818,0.0303030303030303,0.0303030303030303,0.0252525252525252
2895,0.0603448275862069,0.2672413793103448,0.0172413793103448,0.0,0.0
2896,0.0588235294117647,0.2058823529411764,0.0147058823529411,0.0220588235294117,0.0073529411764705
2897,0.1185185185185185,0.1555555555555555,0.0296296296296296,0.0148148148148148,0.037037037037037
2898,0.0813953488372093,0.1860465116279069,0.0406976744186046,0.0174418604651162,0.0406976744186046
2899,0.0959595959595959,0.1792929292929292,0.0757575757575757,0.053030303030303,0.053030303030303
2900,0.0942028985507246,0.2536231884057971,0.072463768115942,0.036231884057971,0.0144927536231884
2901,0.0886075949367088,0.189873417721519,0.050632911392405,0.0379746835443038,0.0126582278481012
2902,0.0895522388059701,0.1691542288557214,0.0099502487562189,0.0149253731343283,0.0149253731343283
2903,0.096045197740113,0.1977401129943503,0.0112994350282485,0.0282485875706214,0.0225988700564971
2904,0.0821917808219178,0.273972602739726,0.0273972602739726,0.0,0.0205479452054794
2905,0.1229050279329608,0.1675977653631284,0.0446927374301676,0.0837988826815642,0.0391061452513966
2906,0.1052631578947368,0.2481203007518796,0.0451127819548872,0.0451127819548872,0.0225563909774436
2907,0.1042654028436018,0.1943127962085308,0.0189573459715639,0.0284360189573459,0.0284360189573459
2908,0.1060240963855421,0.2337349397590361,0.0674698795180722,0.0313253012048192,0.0337349397590361
2909,0.1666666666666666,0.2222222222222222,0.0555555555555555,0.0,0.0555555555555555
2910,0.0473372781065088,0.1893491124260355,0.0414201183431952,0.0355029585798816,0.0118343195266272
2911,0.0875576036866359,0.2073732718894009,0.0184331797235023,0.032258064516129,0.0506912442396313
2912,0.0938967136150234,0.1502347417840375,0.0657276995305164,0.0516431924882629,0.0234741784037558
2913,0.0888888888888888,0.1888888888888888,0.0111111111111111,0.0222222222222222,0.0222222222222222
2914,0.1052631578947368,0.1954887218045112,0.0075187969924812,0.0225563909774436,0.0225563909774436
2915,0.0703125,0.2578125,0.09375,0.03125,0.0390625
2916,0.1548672566371681,0.2035398230088495,0.0221238938053097,0.0176991150442477,0.0309734513274336
2917,0.1219512195121951,0.2134146341463414,0.048780487804878,0.0121951219512195,0.0182926829268292
2918,0.0843373493975903,0.1987951807228915,0.0120481927710843,0.0240963855421686,0.0301204819277108
2919,0.0649350649350649,0.1948051948051948,0.0129870129870129,0.0,0.0259740259740259
2920,0.1147540983606557,0.180327868852459,0.040983606557377,0.0081967213114754,0.0163934426229508
2921,0.0987654320987654,0.228395061728395,0.0185185185185185,0.0123456790123456,0.0185185185185185
2922,0.0674157303370786,0.247191011235955,0.0337078651685393,0.0112359550561797,0.0112359550561797
2923,0.1351351351351351,0.2162162162162162,0.0,0.0,0.018018018018018
2924,0.1403508771929824,0.1578947368421052,0.0,0.0,0.0
2925,0.1228070175438596,0.175438596491228,0.0350877192982456,0.0175438596491228,0.043859649122807
2926,0.1103896103896103,0.1883116883116883,0.0259740259740259,0.0194805194805194,0.0519480519480519
2927,0.0961538461538461,0.2692307692307692,0.0288461538461538,0.0,0.0384615384615384
2928,0.1,0.2,0.0454545454545454,0.0454545454545454,0.0272727272727272
2929,0.0649350649350649,0.2207792207792207,0.0259740259740259,0.0129870129870129,0.0129870129870129
2930,0.1309523809523809,0.1904761904761904,0.0119047619047619,0.0952380952380952,0.0476190476190476
2931,0.046875,0.171875,0.046875,0.03125,0.0
2932,0.1121495327102803,0.205607476635514,0.0560747663551401,0.02803738317757,0.0467289719626168
2933,0.1401869158878504,0.2242990654205607,0.0467289719626168,0.0093457943925233,0.0186915887850467
2934,0.1544117647058823,0.1838235294117647,0.0294117647058823,0.0441176470588235,0.0073529411764705
2935,0.0975609756097561,0.2113821138211382,0.0975609756097561,0.024390243902439,0.032520325203252
2936,0.0967741935483871,0.2096774193548387,0.032258064516129,0.032258064516129,0.032258064516129
2937,0.0695652173913043,0.2521739130434782,0.0521739130434782,0.0,0.008695652173913
2938,0.08,0.248,0.0,0.008,0.0
2939,0.1148936170212766,0.2212765957446808,0.0595744680851063,0.0085106382978723,0.051063829787234
2940,0.1282051282051282,0.2051282051282051,0.0128205128205128,0.0128205128205128,0.0512820512820512
2941,0.1195652173913043,0.1195652173913043,0.0108695652173913,0.0217391304347826,0.0760869565217391
2942,0.1030927835051546,0.1701030927835051,0.0309278350515463,0.0463917525773195,0.0618556701030927
2943,0.087719298245614,0.2339181286549707,0.0292397660818713,0.023391812865497,0.023391812865497
2944,0.1079545454545454,0.1931818181818181,0.0511363636363636,0.034090909090909,0.0454545454545454
2945,0.1197183098591549,0.2183098591549295,0.056338028169014,0.028169014084507,0.028169014084507
2946,0.0878378378378378,0.25,0.054054054054054,0.0135135135135135,0.0
2947,0.0864864864864864,0.2324324324324324,0.0216216216216216,0.0162162162162162,0.0162162162162162
2948,0.0884353741496598,0.2108843537414966,0.0,0.0204081632653061,0.0068027210884353
2949,0.0650887573964497,0.165680473372781,0.0355029585798816,0.0059171597633136,0.0177514792899408
2950,0.0314465408805031,0.270440251572327,0.0062893081761006,0.0062893081761006,0.0
2951,0.0975609756097561,0.2073170731707317,0.048780487804878,0.0609756097560975,0.0365853658536585
2952,0.0555555555555555,0.2222222222222222,0.0555555555555555,0.0111111111111111,0.0111111111111111
2953,0.0923076923076923,0.3307692307692307,0.0538461538461538,0.0076923076923076,0.0153846153846153
2954,0.0701754385964912,0.2543859649122807,0.0614035087719298,0.0087719298245614,0.0175438596491228
2955,0.1392405063291139,0.2784810126582278,0.0759493670886076,0.0,0.0
2956,0.0696202531645569,0.1582278481012658,0.0379746835443038,0.0253164556962025,0.0443037974683544
2957,0.088,0.304,0.064,0.024,0.008
2958,0.0930232558139534,0.2790697674418604,0.0232558139534883,0.0,0.0116279069767441
2959,0.0763888888888889,0.1805555555555555,0.0416666666666666,0.0277777777777777,0.0138888888888888
2960,0.1267605633802817,0.1901408450704225,0.0352112676056338,0.0070422535211267,0.0422535211267605
2961,0.0797546012269938,0.294478527607362,0.0061349693251533,0.0122699386503067,0.0368098159509202
2962,0.0988372093023255,0.1860465116279069,0.0290697674418604,0.0174418604651162,0.0116279069767441
2963,0.0747663551401869,0.2149532710280373,0.0560747663551401,0.0186915887850467,0.0093457943925233
2964,0.1338028169014084,0.2112676056338028,0.028169014084507,0.0140845070422535,0.0422535211267605
2965,0.0729166666666666,0.1848958333333333,0.0286458333333333,0.0234375,0.0078125
2966,0.1016949152542373,0.1991525423728813,0.0466101694915254,0.0423728813559322,0.0381355932203389
2967,0.1388888888888889,0.1944444444444444,0.0555555555555555,0.0,0.037037037037037
2968,0.0952380952380952,0.2142857142857142,0.0595238095238095,0.0297619047619047,0.0535714285714285
2969,0.1029411764705882,0.1985294117647058,0.0147058823529411,0.0294117647058823,0.0441176470588235
2970,0.0931372549019607,0.2009803921568627,0.0147058823529411,0.0392156862745098,0.0245098039215686
2971,0.1140065146579804,0.1889250814332247,0.019543973941368,0.0618892508143322,0.0260586319218241
2972,0.0416666666666666,0.2083333333333333,0.0416666666666666,0.0,0.0069444444444444
2973,0.086734693877551,0.1938775510204081,0.0459183673469387,0.0255102040816326,0.0255102040816326
2974,0.1125,0.2208333333333333,0.025,0.05,0.025
2975,0.1130434782608695,0.2115942028985507,0.0434782608695652,0.0289855072463768,0.0231884057971014
2976,0.0753424657534246,0.2123287671232876,0.0273972602739726,0.0068493150684931,0.0136986301369863
2977,0.0802919708029197,0.2335766423357664,0.0145985401459854,0.0072992700729927,0.0218978102189781
2978,0.055793991416309,0.2660944206008583,0.0643776824034334,0.0214592274678111,0.0171673819742489
2979,0.1170212765957446,0.1914893617021276,0.0425531914893617,0.0425531914893617,0.0744680851063829
2980,0.0929203539823008,0.1769911504424778,0.0486725663716814,0.0176991150442477,0.0221238938053097
2981,0.094017094017094,0.2649572649572649,0.0427350427350427,0.017094017094017,0.0085470085470085
2982,0.0886075949367088,0.189873417721519,0.0379746835443038,0.0,0.0253164556962025
2983,0.0699588477366255,0.1975308641975308,0.0329218106995884,0.0123456790123456,0.0082304526748971
2984,0.1079545454545454,0.2215909090909091,0.034090909090909,0.0056818181818181,0.0227272727272727
2985,0.0676691729323308,0.225563909774436,0.0150375939849624,0.0225563909774436,0.037593984962406
2986,0.1610169491525423,0.211864406779661,0.0508474576271186,0.0169491525423728,0.059322033898305
2987,0.1336032388663967,0.2186234817813765,0.0647773279352226,0.0526315789473684,0.0445344129554655
2988,0.1145833333333333,0.1666666666666666,0.0442708333333333,0.046875,0.03125
2989,0.0666666666666666,0.1714285714285714,0.0523809523809523,0.0380952380952381,0.0714285714285714
2990,0.1156462585034013,0.2517006802721088,0.0544217687074829,0.0204081632653061,0.0272108843537414
2991,0.100864553314121,0.1469740634005763,0.0547550432276657,0.0201729106628242,0.0345821325648415
2992,0.0594795539033457,0.20817843866171,0.0297397769516728,0.0260223048327137,0.0185873605947955
2993,0.0841584158415841,0.2128712871287128,0.0396039603960396,0.0148514851485148,0.0247524752475247
2994,0.0890410958904109,0.1986301369863013,0.0273972602739726,0.0410958904109589,0.0342465753424657
2995,0.1137440758293838,0.2132701421800948,0.0379146919431279,0.0331753554502369,0.0236966824644549
2996,0.0851851851851851,0.2222222222222222,0.037037037037037,0.0148148148148148,0.0222222222222222
2997,0.1159420289855072,0.2028985507246377,0.0289855072463768,0.0217391304347826,0.0289855072463768
2998,0.1214953271028037,0.1962616822429906,0.0186915887850467,0.0,0.02803738317757
2999,0.1162790697674418,0.1767441860465116,0.0325581395348837,0.0232558139534883,0.0372093023255813
3000,0.1134020618556701,0.1958762886597938,0.0,0.0206185567010309,0.0206185567010309
3001,0.1372549019607843,0.2222222222222222,0.0130718954248366,0.0718954248366013,0.0326797385620915
3002,0.1328125,0.2109375,0.046875,0.0625,0.0703125
3003,0.0765027322404371,0.1967213114754098,0.0437158469945355,0.0054644808743169,0.0054644808743169
3004,0.1018518518518518,0.2314814814814814,0.0648148148148148,0.0555555555555555,0.037037037037037
3005,0.1323529411764706,0.1985294117647058,0.0073529411764705,0.0147058823529411,0.0367647058823529
3006,0.0950413223140495,0.1983471074380165,0.0413223140495867,0.0454545454545454,0.0351239669421487
3007,0.132,0.196,0.04,0.02,0.02
3008,0.1119592875318066,0.2468193384223918,0.0407124681933842,0.0432569974554707,0.0254452926208651
3009,0.1048951048951049,0.2377622377622377,0.0209790209790209,0.0139860139860139,0.0419580419580419
3010,0.1,0.2777777777777778,0.0222222222222222,0.0111111111111111,0.0
3011,0.0967741935483871,0.2016129032258064,0.0403225806451612,0.0161290322580645,0.0161290322580645
3012,0.0687022900763358,0.1603053435114503,0.0229007633587786,0.0229007633587786,0.0076335877862595
3013,0.072,0.248,0.024,0.008,0.0
3014,0.1339285714285714,0.2232142857142857,0.0267857142857142,0.0178571428571428,0.0
3015,0.0877742946708464,0.1755485893416928,0.0313479623824451,0.012539184952978,0.018808777429467
3016,0.0972222222222222,0.2083333333333333,0.0138888888888888,0.0138888888888888,0.0694444444444444
3017,0.1178247734138972,0.1842900302114803,0.0271903323262839,0.0241691842900302,0.0453172205438066
3018,0.1127167630057803,0.2138728323699422,0.0173410404624277,0.0231213872832369,0.0173410404624277
3019,0.0862068965517241,0.2155172413793103,0.0258620689655172,0.0,0.0258620689655172
3020,0.0338983050847457,0.1949152542372881,0.0084745762711864,0.0,0.0
3021,0.1195652173913043,0.1847826086956521,0.0543478260869565,0.0108695652173913,0.0108695652173913
3022,0.0875576036866359,0.1612903225806451,0.0460829493087557,0.0092165898617511,0.0092165898617511
3023,0.0909090909090909,0.2107438016528925,0.0454545454545454,0.0330578512396694,0.024793388429752
3024,0.0980392156862745,0.2287581699346405,0.0326797385620915,0.0130718954248366,0.0130718954248366
3025,0.0659340659340659,0.1703296703296703,0.0549450549450549,0.0109890109890109,0.0054945054945054
3026,0.0875912408759124,0.2043795620437956,0.0218978102189781,0.0145985401459854,0.0218978102189781
3027,0.0526315789473684,0.2631578947368421,0.0263157894736842,0.0087719298245614,0.0087719298245614
3028,0.086720867208672,0.1869918699186991,0.029810298102981,0.024390243902439,0.016260162601626
3029,0.086021505376344,0.2043010752688172,0.0268817204301075,0.032258064516129,0.0268817204301075
3030,0.1049180327868852,0.1901639344262295,0.0327868852459016,0.0163934426229508,0.0196721311475409
3031,0.0547945205479452,0.136986301369863,0.0273972602739726,0.0205479452054794,0.0068493150684931
3032,0.0502793296089385,0.1731843575418994,0.0167597765363128,0.0,0.0111731843575419
3033,0.0505617977528089,0.247191011235955,0.0168539325842696,0.0056179775280898,0.0056179775280898
3034,0.0765027322404371,0.2295081967213114,0.0218579234972677,0.0109289617486338,0.0163934426229508
3035,0.1257485029940119,0.1916167664670658,0.0359281437125748,0.0179640718562874,0.0239520958083832
3036,0.0588235294117647,0.180672268907563,0.0294117647058823,0.0294117647058823,0.0126050420168067
3037,0.0991452991452991,0.2205128205128205,0.07008547008547,0.0547008547008547,0.0564102564102564
3038,0.0827586206896551,0.2344827586206896,0.0206896551724137,0.0275862068965517,0.0137931034482758
3039,0.092391304347826,0.266304347826087,0.0652173913043478,0.0163043478260869,0.0380434782608695
3040,0.0726256983240223,0.2681564245810056,0.0502793296089385,0.0391061452513966,0.0279329608938547
3041,0.1021505376344086,0.2043010752688172,0.0268817204301075,0.010752688172043,0.032258064516129
3042,0.1548387096774193,0.1806451612903225,0.0387096774193548,0.0193548387096774,0.0129032258064516
3043,0.1310344827586207,0.1517241379310344,0.0137931034482758,0.0413793103448275,0.0275862068965517
3044,0.0578512396694214,0.1735537190082644,0.024793388429752,0.0165289256198347,0.0330578512396694
3045,0.0909090909090909,0.2024793388429752,0.024793388429752,0.0289256198347107,0.024793388429752
3046,0.078125,0.203125,0.015625,0.0234375,0.015625
3047,0.1052631578947368,0.2456140350877192,0.0,0.0087719298245614,0.043859649122807
3048,0.1413043478260869,0.1521739130434782,0.0108695652173913,0.0108695652173913,0.0217391304347826
3049,0.0576923076923076,0.2692307692307692,0.0865384615384615,0.0192307692307692,0.048076923076923
3050,0.1508379888268156,0.2067039106145251,0.0558659217877094,0.0391061452513966,0.0111731843575419
3051,0.1263157894736842,0.231578947368421,0.0263157894736842,0.0526315789473684,0.0421052631578947
3052,0.1272727272727272,0.209090909090909,0.0454545454545454,0.0545454545454545,0.0545454545454545
3053,0.0855614973262032,0.2299465240641711,0.0213903743315508,0.0320855614973262,0.0106951871657754
3054,0.0833333333333333,0.2651515151515151,0.0,0.0227272727272727,0.0075757575757575
3055,0.0677966101694915,0.2429378531073446,0.0225988700564971,0.0169491525423728,0.0225988700564971
3056,0.1444444444444444,0.1666666666666666,0.0111111111111111,0.0277777777777777,0.0277777777777777
3057,0.0666666666666666,0.1809523809523809,0.0571428571428571,0.0,0.0095238095238095
3058,0.0933852140077821,0.159533073929961,0.0311284046692607,0.0583657587548638,0.0311284046692607
3059,0.1222222222222222,0.2,0.0277777777777777,0.0333333333333333,0.0166666666666666
3060,0.1157894736842105,0.1894736842105263,0.0140350877192982,0.0350877192982456,0.0421052631578947
3061,0.1311475409836065,0.2131147540983606,0.0573770491803278,0.0163934426229508,0.0327868852459016
3062,0.1111111111111111,0.2037037037037037,0.0802469135802469,0.0123456790123456,0.0185185185185185
3063,0.0522388059701492,0.1865671641791045,0.0074626865671641,0.0,0.0223880597014925
3064,0.0560747663551401,0.2523364485981308,0.0467289719626168,0.0186915887850467,0.0093457943925233
3065,0.0935672514619883,0.1929824561403508,0.0116959064327485,0.0175438596491228,0.0175438596491228
3066,0.0578947368421052,0.1947368421052631,0.031578947368421,0.0052631578947368,0.0
3067,0.1029411764705882,0.2794117647058823,0.0735294117647058,0.0,0.0147058823529411
3068,0.1052631578947368,0.2631578947368421,0.0631578947368421,0.0105263157894736,0.0105263157894736
3069,0.085201793721973,0.242152466367713,0.0493273542600896,0.0201793721973094,0.0201793721973094
3070,0.0765765765765765,0.2027027027027027,0.0225225225225225,0.009009009009009,0.0405405405405405
3071,0.1235955056179775,0.1404494382022472,0.0393258426966292,0.0393258426966292,0.0449438202247191
3072,0.0756302521008403,0.2016806722689075,0.042016806722689,0.0336134453781512,0.0084033613445378
3073,0.075,0.2,0.0375,0.0,0.0125
3074,0.089430894308943,0.2520325203252032,0.065040650406504,0.008130081300813,0.024390243902439
3075,0.075,0.24375,0.00625,0.01875,0.025
3076,0.0930232558139534,0.2093023255813953,0.0232558139534883,0.0465116279069767,0.0116279069767441
3077,0.0803571428571428,0.2678571428571428,0.0089285714285714,0.0267857142857142,0.0089285714285714
3078,0.0854700854700854,0.1623931623931624,0.1196581196581196,0.0427350427350427,0.0427350427350427
3079,0.0341880341880341,0.1367521367521367,0.0256410256410256,0.0,0.0
3080,0.0958083832335329,0.18562874251497,0.0359281437125748,0.0419161676646706,0.0239520958083832
3081,0.101010101010101,0.2222222222222222,0.0,0.0101010101010101,0.0202020202020202
3082,0.0776255707762557,0.2146118721461187,0.0319634703196347,0.045662100456621,0.0365296803652968
3083,0.1273885350318471,0.1656050955414012,0.0318471337579617,0.0127388535031847,0.0127388535031847
3084,0.1096774193548387,0.1806451612903225,0.0387096774193548,0.032258064516129,0.0258064516129032
3085,0.108433734939759,0.1746987951807229,0.0240963855421686,0.0,0.0301204819277108
3086,0.1363636363636363,0.2454545454545454,0.009090909090909,0.0181818181818181,0.0272727272727272
3087,0.1147540983606557,0.2459016393442623,0.0327868852459016,0.0163934426229508,0.0491803278688524
3088,0.0935960591133004,0.2266009852216748,0.064039408866995,0.0295566502463054,0.0295566502463054
3089,0.0693641618497109,0.1965317919075144,0.0231213872832369,0.0115606936416184,0.0173410404624277
3090,0.0849420849420849,0.2702702702702703,0.0308880308880308,0.0154440154440154,0.0038610038610038
3091,0.0794701986754966,0.1920529801324503,0.0397350993377483,0.0397350993377483,0.0264900662251655
3092,0.1288659793814432,0.2061855670103092,0.0257731958762886,0.0360824742268041,0.0257731958762886
3093,0.0666666666666666,0.2222222222222222,0.037037037037037,0.0,0.0
3094,0.0864197530864197,0.1851851851851851,0.074074074074074,0.0061728395061728,0.0123456790123456
3095,0.0964912280701754,0.1491228070175438,0.0614035087719298,0.0263157894736842,0.0087719298245614
3096,0.0738255033557047,0.2046979865771812,0.0302013422818791,0.023489932885906,0.0201342281879194
3097,0.0757575757575757,0.1742424242424242,0.0378787878787878,0.0075757575757575,0.0454545454545454
3098,0.0867052023121387,0.2080924855491329,0.0404624277456647,0.0115606936416184,0.0173410404624277
3099,0.088,0.216,0.064,0.016,0.032
3100,0.0782122905027933,0.1452513966480447,0.0279329608938547,0.0335195530726257,0.0446927374301676
3101,0.0703125,0.2265625,0.046875,0.0,0.0
3102,0.08130081300813,0.2439024390243902,0.0,0.008130081300813,0.016260162601626
3103,0.1006944444444444,0.2118055555555555,0.0555555555555555,0.0,0.0104166666666666
3104,0.1370967741935483,0.2177419354838709,0.0080645161290322,0.0,0.032258064516129
3105,0.1290322580645161,0.2177419354838709,0.0241935483870967,0.0161290322580645,0.0161290322580645
3106,0.1142857142857142,0.2238095238095238,0.0666666666666666,0.0523809523809523,0.0523809523809523
3107,0.0509259259259259,0.1666666666666666,0.0787037037037037,0.0046296296296296,0.0046296296296296
3108,0.0983009708737864,0.2014563106796116,0.0424757281553398,0.0266990291262135,0.0279126213592233
3109,0.0952380952380952,0.2142857142857142,0.0595238095238095,0.0535714285714285,0.0476190476190476
3110,0.0928571428571428,0.2785714285714286,0.0714285714285714,0.0071428571428571,0.0214285714285714
3111,0.0666666666666666,0.1714285714285714,0.0476190476190476,0.0,0.0
3112,0.0759493670886076,0.2468354430379747,0.0886075949367088,0.0126582278481012,0.0126582278481012
3113,0.0993788819875776,0.1987577639751552,0.031055900621118,0.0372670807453416,0.0434782608695652
3114,0.0755555555555555,0.1822222222222222,0.0355555555555555,0.0044444444444444,0.0133333333333333
3115,0.0957746478873239,0.2084507042253521,0.028169014084507,0.0169014084507042,0.0140845070422535
3116,0.0793650793650793,0.1968253968253968,0.0825396825396825,0.0222222222222222,0.0126984126984126
3117,0.099009900990099,0.2178217821782178,0.0346534653465346,0.0198019801980198,0.0297029702970297
3118,0.0927835051546391,0.1890034364261168,0.0309278350515463,0.0171821305841924,0.0137457044673539
3119,0.0696202531645569,0.2594936708860759,0.0569620253164556,0.0063291139240506,0.0189873417721519
3120,0.0949367088607595,0.1962025316455696,0.0253164556962025,0.0,0.0443037974683544
3121,0.0588235294117647,0.25,0.0294117647058823,0.0147058823529411,0.0147058823529411
3122,0.072072072072072,0.2297297297297297,0.0315315315315315,0.0045045045045045,0.009009009009009
3123,0.1076923076923077,0.1743589743589743,0.0307692307692307,0.0282051282051282,0.0256410256410256
3124,0.0893854748603352,0.2402234636871508,0.0391061452513966,0.0,0.0055865921787709
3125,0.0603015075376884,0.2110552763819095,0.0351758793969849,0.0201005025125628,0.0050251256281407
3126,0.0710382513661202,0.1967213114754098,0.0273224043715847,0.0163934426229508,0.0163934426229508
3127,0.1116883116883116,0.1948051948051948,0.0311688311688311,0.0415584415584415,0.0415584415584415
3128,0.0776699029126213,0.2135922330097087,0.029126213592233,0.0,0.0194174757281553
3129,0.0967741935483871,0.2488479262672811,0.0506912442396313,0.0276497695852534,0.0276497695852534
3130,0.0459363957597173,0.2332155477031802,0.0742049469964664,0.0,0.0212014134275618
3131,0.0615384615384615,0.1846153846153846,0.0461538461538461,0.0153846153846153,0.0307692307692307
3132,0.1553398058252427,0.2427184466019417,0.0194174757281553,0.0,0.0097087378640776
3133,0.0680272108843537,0.2176870748299319,0.0476190476190476,0.0136054421768707,0.0204081632653061
3134,0.0714285714285714,0.2142857142857142,0.0,0.0,0.0
3135,0.0789324247586598,0.2101078932424758,0.0403180011357183,0.0238500851788756,0.02328222600795
3136,0.1100323624595469,0.203883495145631,0.0517799352750809,0.0226537216828478,0.0323624595469255
3137,0.0629370629370629,0.2097902097902098,0.0069930069930069,0.0279720279720279,0.0139860139860139
3138,0.1206896551724138,0.1982758620689655,0.0344827586206896,0.0344827586206896,0.0603448275862069
3139,0.0803571428571428,0.2321428571428571,0.0491071428571428,0.0535714285714285,0.0133928571428571
3140,0.0963855421686747,0.2409638554216867,0.0602409638554216,0.0481927710843373,0.036144578313253
3141,0.1262135922330097,0.2427184466019417,0.0679611650485436,0.0097087378640776,0.0388349514563106
3142,0.0692307692307692,0.2461538461538461,0.0153846153846153,0.0076923076923076,0.023076923076923
3143,0.0838709677419354,0.232258064516129,0.0709677419354838,0.0064516129032258,0.0129032258064516
3144,0.0833333333333333,0.1888888888888888,0.0222222222222222,0.0111111111111111,0.0388888888888888
3145,0.1041666666666666,0.2083333333333333,0.0625,0.0416666666666666,0.0347222222222222
3146,0.0947368421052631,0.1508771929824561,0.0491228070175438,0.0350877192982456,0.0280701754385964
3147,0.0934579439252336,0.2149532710280373,0.02803738317757,0.0093457943925233,0.0467289719626168
3148,0.1313131313131313,0.1969696969696969,0.0151515151515151,0.0101010101010101,0.0303030303030303
3149,0.064,0.2026666666666666,0.024,0.0186666666666666,0.0053333333333333
3150,0.0944444444444444,0.2388888888888889,0.0222222222222222,0.0388888888888888,0.0222222222222222
3151,0.1,0.1857142857142857,0.0714285714285714,0.0142857142857142,0.0071428571428571
3152,0.1016949152542373,0.192090395480226,0.0225988700564971,0.03954802259887,0.0112994350282485
3153,0.0692307692307692,0.2307692307692307,0.0461538461538461,0.0153846153846153,0.023076923076923
3154,0.1420118343195266,0.2011834319526627,0.0355029585798816,0.0177514792899408,0.0177514792899408
3155,0.124223602484472,0.217391304347826,0.031055900621118,0.031055900621118,0.0683229813664596
3156,0.1070234113712374,0.2073578595317725,0.0267558528428093,0.0133779264214046,0.0301003344481605
3157,0.0619834710743801,0.2396694214876033,0.0454545454545454,0.0165289256198347,0.012396694214876
3158,0.0676691729323308,0.2481203007518796,0.0601503759398496,0.0225563909774436,0.0075187969924812
3159,0.0703517587939698,0.1758793969849246,0.0100502512562814,0.0251256281407035,0.0050251256281407
3160,0.0763888888888889,0.1875,0.0208333333333333,0.0555555555555555,0.0138888888888888
3161,0.0721649484536082,0.2164948453608247,0.0721649484536082,0.0,0.0
3162,0.04,0.2,0.02,0.0,0.02
3163,0.1222707423580786,0.1528384279475982,0.0218340611353711,0.0218340611353711,0.0393013100436681
3164,0.0969696969696969,0.1818181818181818,0.0545454545454545,0.0121212121212121,0.0303030303030303
3165,0.1020408163265306,0.1632653061224489,0.0272108843537414,0.0340136054421768,0.0340136054421768
3166,0.1153846153846153,0.2179487179487179,0.0256410256410256,0.0064102564102564,0.0256410256410256
3167,0.0923076923076923,0.1743589743589743,0.0307692307692307,0.0153846153846153,0.0205128205128205
3168,0.0935251798561151,0.1798561151079136,0.0359712230215827,0.0215827338129496,0.0359712230215827
3169,0.0792682926829268,0.2073170731707317,0.0670731707317073,0.0121951219512195,0.0121951219512195
3170,0.0822281167108753,0.2042440318302387,0.0371352785145888,0.0344827586206896,0.026525198938992
3171,0.095679012345679,0.1481481481481481,0.0185185185185185,0.0401234567901234,0.0246913580246913
3172,0.0977777777777777,0.2088888888888889,0.04,0.0533333333333333,0.0222222222222222
3173,0.080188679245283,0.1556603773584905,0.0235849056603773,0.0188679245283018,0.0330188679245283
3174,0.1012658227848101,0.2341772151898734,0.0253164556962025,0.0316455696202531,0.0126582278481012
3175,0.0918918918918919,0.2054054054054054,0.0702702702702702,0.0216216216216216,0.0216216216216216
3176,0.0932203389830508,0.2203389830508474,0.0466101694915254,0.0254237288135593,0.0254237288135593
3177,0.0547945205479452,0.2191780821917808,0.0410958904109589,0.0205479452054794,0.0068493150684931
3178,0.101063829787234,0.2340425531914893,0.0585106382978723,0.0319148936170212,0.0585106382978723
3179,0.0916666666666666,0.2333333333333333,0.0416666666666666,0.025,0.0166666666666666
3180,0.0630252100840336,0.1890756302521008,0.0252100840336134,0.0126050420168067,0.0084033613445378
3181,0.0939597315436241,0.2013422818791946,0.0536912751677852,0.0604026845637583,0.0402684563758389
3182,0.1076233183856502,0.2466367713004484,0.0358744394618834,0.0672645739910313,0.0134529147982062
3183,0.1428571428571428,0.1904761904761904,0.0238095238095238,0.0714285714285714,0.0238095238095238
3184,0.0684410646387832,0.1939163498098859,0.0380228136882129,0.0038022813688212,0.0190114068441064
3185,0.084,0.232,0.044,0.012,0.012
3186,0.087378640776699,0.203883495145631,0.0097087378640776,0.0097087378640776,0.029126213592233
3187,0.1105263157894736,0.1736842105263158,0.0263157894736842,0.0368421052631578,0.0157894736842105
3188,0.1136363636363636,0.1893939393939394,0.0303030303030303,0.0303030303030303,0.0227272727272727
3189,0.0820895522388059,0.2238805970149253,0.0298507462686567,0.0,0.0149253731343283
3190,0.0601092896174863,0.2240437158469945,0.0327868852459016,0.0054644808743169,0.0163934426229508
3191,0.0899280575539568,0.1942446043165467,0.0215827338129496,0.0179856115107913,0.0323741007194244
3192,0.0812720848056537,0.1766784452296819,0.0141342756183745,0.0176678445229682,0.0212014134275618
3193,0.0873015873015873,0.1349206349206349,0.0396825396825396,0.0158730158730158,0.0158730158730158
3194,0.0835654596100278,0.2172701949860724,0.0389972144846796,0.0362116991643454,0.0473537604456824
3195,0.0634920634920634,0.238095238095238,0.0317460317460317,0.0211640211640211,0.0105820105820105
3196,0.0777777777777777,0.1722222222222222,0.0555555555555555,0.0861111111111111,0.075
3197,0.0672645739910313,0.242152466367713,0.0313901345291479,0.0269058295964125,0.0224215246636771
3198,0.1052631578947368,0.2368421052631578,0.0592105263157894,0.0197368421052631,0.0263157894736842
3199,0.1038961038961039,0.25,0.0324675324675324,0.0389610389610389,0.0162337662337662
3200,0.1150442477876106,0.2123893805309734,0.0884955752212389,0.0265486725663716,0.0530973451327433
3201,0.1085714285714285,0.1771428571428571,0.0285714285714285,0.0057142857142857,0.0057142857142857
3202,0.1510791366906475,0.2086330935251798,0.0215827338129496,0.0215827338129496,0.014388489208633
3203,0.1369294605809128,0.2157676348547718,0.0165975103734439,0.0165975103734439,0.0331950207468879
3204,0.102112676056338,0.2218309859154929,0.0739436619718309,0.0176056338028169,0.0528169014084507
3205,0.1658767772511848,0.1706161137440758,0.0331753554502369,0.0616113744075829,0.0379146919431279
3206,0.1407766990291262,0.1601941747572815,0.0194174757281553,0.0485436893203883,0.0194174757281553
3207,0.108433734939759,0.1927710843373494,0.072289156626506,0.0,0.0120481927710843
3208,0.125,0.2272727272727272,0.0265151515151515,0.0189393939393939,0.0227272727272727
3209,0.0863636363636363,0.209090909090909,0.0454545454545454,0.0181818181818181,0.0227272727272727
3210,0.094017094017094,0.2051282051282051,0.0427350427350427,0.0085470085470085,0.017094017094017
3211,0.1148325358851674,0.1818181818181818,0.0287081339712918,0.0287081339712918,0.0382775119617224
3212,0.0857142857142857,0.2057142857142857,0.0228571428571428,0.0171428571428571,0.0228571428571428
3213,0.0655737704918032,0.1639344262295081,0.0245901639344262,0.0081967213114754,0.0163934426229508
3214,0.1034482758620689,0.2512315270935961,0.0689655172413793,0.0443349753694581,0.0197044334975369
3215,0.073394495412844,0.2477064220183486,0.0091743119266055,0.0091743119266055,0.0
3216,0.078125,0.209375,0.053125,0.0375,0.015625
3217,0.0932203389830508,0.1525423728813559,0.0423728813559322,0.0338983050847457,0.0508474576271186
3218,0.0944444444444444,0.2055555555555555,0.0277777777777777,0.0222222222222222,0.0166666666666666
3219,0.0919540229885057,0.1839080459770115,0.0229885057471264,0.0,0.0114942528735632
3220,0.1228070175438596,0.2163742690058479,0.023391812865497,0.0409356725146198,0.0175438596491228
3221,0.0677570093457943,0.2172897196261682,0.0490654205607476,0.02803738317757,0.0163551401869158
3222,0.1578947368421052,0.2030075187969924,0.0300751879699248,0.0150375939849624,0.0225563909774436
3223,0.064516129032258,0.2387096774193548,0.0129032258064516,0.0129032258064516,0.0129032258064516
3224,0.1,0.21875,0.05,0.0125,0.025
3225,0.1133144475920679,0.1983002832861189,0.0509915014164305,0.0283286118980169,0.0339943342776204
3226,0.0593607305936073,0.2100456621004566,0.0182648401826484,0.0,0.0091324200913242
3227,0.0734265734265734,0.1748251748251748,0.0209790209790209,0.0,0.0244755244755244
3228,0.1428571428571428,0.3571428571428571,0.0,0.0714285714285714,0.0
3229,0.0854700854700854,0.2136752136752136,0.0213675213675213,0.0213675213675213,0.0384615384615384
3230,0.0909090909090909,0.2134387351778656,0.0434782608695652,0.0276679841897233,0.0237154150197628
3231,0.0787671232876712,0.1917808219178082,0.0616438356164383,0.0582191780821917,0.0102739726027397
3232,0.1470588235294117,0.2573529411764705,0.0441176470588235,0.0220588235294117,0.0147058823529411
3233,0.108695652173913,0.217391304347826,0.0380434782608695,0.0108695652173913,0.0380434782608695
3234,0.1145510835913312,0.1981424148606811,0.0433436532507739,0.0464396284829721,0.0619195046439628
3235,0.0599078341013824,0.216589861751152,0.0506912442396313,0.0230414746543778,0.0184331797235023
3236,0.0656565656565656,0.2272727272727272,0.0606060606060606,0.0,0.0252525252525252
3237,0.25,0.15,0.05,0.0,0.0
3238,0.0930232558139534,0.2093023255813953,0.0232558139534883,0.0155038759689922,0.0232558139534883
3239,0.0775193798449612,0.2248062015503876,0.0232558139534883,0.0232558139534883,0.0387596899224806
3240,0.0892857142857142,0.1535714285714285,0.0178571428571428,0.0285714285714285,0.025
3241,0.0963855421686747,0.2409638554216867,0.0240963855421686,0.0,0.036144578313253
3242,0.1030927835051546,0.2474226804123711,0.0463917525773195,0.0103092783505154,0.0206185567010309
3243,0.0705882352941176,0.2352941176470588,0.0588235294117647,0.0,0.0352941176470588
3244,0.0996309963099631,0.2029520295202952,0.029520295202952,0.0,0.014760147601476
3245,0.078125,0.2578125,0.015625,0.0,0.03125
3246,0.1196581196581196,0.358974358974359,0.0085470085470085,0.0085470085470085,0.0256410256410256
3247,0.046875,0.234375,0.0416666666666666,0.0052083333333333,0.0104166666666666
3248,0.1176470588235294,0.2235294117647059,0.0235294117647058,0.0,0.0
3249,0.1428571428571428,0.1488095238095238,0.0178571428571428,0.0059523809523809,0.0535714285714285
3250,0.125,0.2142857142857142,0.0476190476190476,0.0416666666666666,0.0476190476190476
3251,0.0818713450292397,0.2076023391812865,0.0321637426900584,0.0175438596491228,0.0116959064327485
3252,0.0756302521008403,0.1764705882352941,0.0252100840336134,0.0042016806722689,0.0378151260504201
3253,0.0753623188405797,0.1942028985507246,0.0376811594202898,0.0202898550724637,0.0463768115942029
3254,0.1063829787234042,0.1914893617021276,0.0531914893617021,0.0372340425531914,0.0159574468085106
3255,0.0828402366863905,0.2071005917159763,0.0118343195266272,0.0118343195266272,0.029585798816568
3256,0.0756501182033096,0.2127659574468085,0.0709219858156028,0.0354609929078014,0.0236406619385342
3257,0.1381818181818181,0.2218181818181818,0.0436363636363636,0.029090909090909,0.0254545454545454
3258,0.0989583333333333,0.234375,0.0572916666666666,0.0520833333333333,0.0
3259,0.1400966183574879,0.2270531400966183,0.0676328502415458,0.0434782608695652,0.0048309178743961
3260,0.1350364963503649,0.2007299270072992,0.0401459854014598,0.0145985401459854,0.0401459854014598
3261,0.0705128205128205,0.2435897435897435,0.0576923076923076,0.0192307692307692,0.0
3262,0.0761904761904762,0.3142857142857143,0.0476190476190476,0.0285714285714285,0.0285714285714285
3263,0.1126760563380281,0.2112676056338028,0.0140845070422535,0.0140845070422535,0.028169014084507
3264,0.0855263157894736,0.2072368421052631,0.0460526315789473,0.0296052631578947,0.0263157894736842
3265,0.09375,0.203125,0.046875,0.0208333333333333,0.0208333333333333
3266,0.0926966292134831,0.1882022471910112,0.0730337078651685,0.0421348314606741,0.0421348314606741
3267,0.1013513513513513,0.2263513513513513,0.0337837837837837,0.0304054054054054,0.0202702702702702
3268,0.1018181818181818,0.1963636363636363,0.0872727272727272,0.0327272727272727,0.0363636363636363
3269,0.1156462585034013,0.2517006802721088,0.0544217687074829,0.0408163265306122,0.0476190476190476
3270,0.13,0.2,0.08,0.04,0.01
3271,0.1120689655172413,0.168103448275862,0.0517241379310344,0.0560344827586206,0.0517241379310344
3272,0.0784313725490196,0.2196078431372549,0.0431372549019607,0.0156862745098039,0.0196078431372549
3273,0.1237623762376237,0.2029702970297029,0.0396039603960396,0.0544554455445544,0.0247524752475247
3274,0.0822784810126582,0.1835443037974683,0.0443037974683544,0.0379746835443038,0.0126582278481012
3275,0.0876288659793814,0.2164948453608247,0.056701030927835,0.0360824742268041,0.0360824742268041
3276,0.1084905660377358,0.25,0.0188679245283018,0.0471698113207547,0.0283018867924528
3277,0.096938775510204,0.1989795918367347,0.0816326530612244,0.0510204081632653,0.0459183673469387
3278,0.1262135922330097,0.1553398058252427,0.0485436893203883,0.0145631067961165,0.0145631067961165
3279,0.0701754385964912,0.2631578947368421,0.0526315789473684,0.0175438596491228,0.0
3280,0.0775510204081632,0.1836734693877551,0.0285714285714285,0.0040816326530612,0.0081632653061224
3281,0.1138613861386138,0.2227722772277227,0.0445544554455445,0.0198019801980198,0.0693069306930693
3282,0.1038062283737024,0.2006920415224913,0.0415224913494809,0.0276816608996539,0.0484429065743944
3283,0.062111801242236,0.1677018633540372,0.031055900621118,0.0062111801242236,0.0062111801242236
3284,0.0996563573883161,0.2164948453608247,0.0549828178694158,0.0962199312714776,0.0274914089347079
3285,0.1263157894736842,0.2210526315789473,0.0526315789473684,0.0210526315789473,0.0105263157894736
3286,0.1262135922330097,0.2103559870550161,0.0194174757281553,0.0388349514563106,0.029126213592233
3287,0.094240837696335,0.2094240837696335,0.0523560209424083,0.0209424083769633,0.0157068062827225
3288,0.1067615658362989,0.1886120996441281,0.0320284697508896,0.0462633451957295,0.0355871886120996
3289,0.0570342205323193,0.1596958174904943,0.026615969581749,0.0190114068441064,0.0190114068441064
3290,0.1460340993328391,0.1890289103039288,0.0459599703484062,0.0400296515937731,0.0348406226834692
3291,0.110091743119266,0.2660550458715596,0.0458715596330275,0.0275229357798165,0.0275229357798165
3292,0.0994764397905759,0.2198952879581152,0.0157068062827225,0.0157068062827225,0.0104712041884816
3293,0.1022099447513812,0.2044198895027624,0.0331491712707182,0.0359116022099447,0.0220994475138121
3294,0.1010830324909747,0.223826714801444,0.0324909747292418,0.0180505415162454,0.0180505415162454
3295,0.1411530815109344,0.1669980119284294,0.0218687872763419,0.0477137176938369,0.0337972166998011
3296,0.1349862258953168,0.1597796143250688,0.0440771349862259,0.0303030303030303,0.0964187327823691
3297,0.064516129032258,0.2365591397849462,0.075268817204301,0.0,0.010752688172043
3298,0.0966183574879227,0.2270531400966183,0.0917874396135265,0.0048309178743961,0.0144927536231884
3299,0.1133333333333333,0.2733333333333333,0.02,0.0133333333333333,0.02
3300,0.0555555555555555,0.2777777777777778,0.0555555555555555,0.0,0.0
3301,0.0954063604240282,0.1696113074204947,0.0530035335689045,0.0282685512367491,0.0282685512367491
3302,0.0940919037199124,0.1881838074398249,0.0196936542669584,0.037199124726477,0.0328227571115973
3303,0.0925925925925925,0.2222222222222222,0.0555555555555555,0.0185185185185185,0.0
3304,0.0641025641025641,0.1923076923076923,0.0641025641025641,0.0128205128205128,0.0256410256410256
3305,0.1304347826086956,0.1932367149758454,0.0289855072463768,0.0241545893719806,0.038647342995169
3306,0.0661764705882353,0.2463235294117647,0.025735294117647,0.0330882352941176,0.0147058823529411
3307,0.1268292682926829,0.2439024390243902,0.0292682926829268,0.0195121951219512,0.0146341463414634
3308,0.0850202429149797,0.2064777327935222,0.0364372469635627,0.0242914979757085,0.0161943319838056
3309,0.0758928571428571,0.1741071428571428,0.0758928571428571,0.0178571428571428,0.0133928571428571
3310,0.1,0.2,0.0,0.0,0.0
3311,0.0943820224719101,0.195505617977528,0.0561797752808988,0.0404494382022471,0.0382022471910112
3312,0.1035714285714285,0.2392857142857143,0.0428571428571428,0.0214285714285714,0.0142857142857142
3313,0.0806451612903225,0.2298387096774193,0.0524193548387096,0.0120967741935483,0.0080645161290322
3314,0.073170731707317,0.2195121951219512,0.032520325203252,0.024390243902439,0.024390243902439
3315,0.0782122905027933,0.2234636871508379,0.0111731843575419,0.0167597765363128,0.0111731843575419
3316,0.1,0.2076923076923077,0.0,0.0461538461538461,0.0076923076923076
3317,0.0652173913043478,0.2028985507246377,0.0289855072463768,0.0217391304347826,0.0217391304347826
3318,0.1021897810218978,0.1897810218978102,0.0583941605839416,0.0072992700729927,0.0
3319,0.0620689655172413,0.2206896551724138,0.0620689655172413,0.0068965517241379,0.0137931034482758
3320,0.1068181818181818,0.1818181818181818,0.0636363636363636,0.0431818181818181,0.0159090909090909
3321,0.1052631578947368,0.1555023923444976,0.0502392344497607,0.0598086124401913,0.0334928229665071
3322,0.075,0.2625,0.0625,0.025,0.0125
3323,0.0909090909090909,0.1856060606060606,0.0378787878787878,0.0,0.0227272727272727
3324,0.1152647975077881,0.2398753894080997,0.0467289719626168,0.0498442367601246,0.0404984423676012
3325,0.1156069364161849,0.2312138728323699,0.0462427745664739,0.0520231213872832,0.0346820809248554
3326,0.0887096774193548,0.2419354838709677,0.0403225806451612,0.0241935483870967,0.0080645161290322
3327,0.1029411764705882,0.2316176470588235,0.0625,0.0220588235294117,0.0294117647058823
3328,0.1134020618556701,0.1546391752577319,0.0103092783505154,0.0618556701030927,0.0103092783505154
3329,0.1376518218623481,0.1417004048582996,0.0445344129554655,0.048582995951417,0.048582995951417
3330,0.1007751937984496,0.2325581395348837,0.0465116279069767,0.0271317829457364,0.0116279069767441
3331,0.0884615384615384,0.1769230769230769,0.023076923076923,0.0269230769230769,0.0192307692307692
3332,0.0608365019011406,0.2167300380228136,0.0304182509505703,0.026615969581749,0.0038022813688212
3333,0.1639344262295081,0.2240437158469945,0.0273224043715847,0.0382513661202185,0.0546448087431694
3334,0.0863636363636363,0.1954545454545454,0.0409090909090909,0.0318181818181818,0.0272727272727272
3335,0.0774647887323943,0.2147887323943662,0.0211267605633802,0.0316901408450704,0.0140845070422535
3336,0.1612903225806451,0.1935483870967742,0.0161290322580645,0.0483870967741935,0.064516129032258
3337,0.0991501416430594,0.2322946175637393,0.0566572237960339,0.0226628895184136,0.0283286118980169
3338,0.0722100656455142,0.1816192560175054,0.0218818380743982,0.0262582056892779,0.0043763676148796
3339,0.1092436974789916,0.2521008403361344,0.0336134453781512,0.0336134453781512,0.0252100840336134
3340,0.0574162679425837,0.277511961722488,0.062200956937799,0.0143540669856459,0.0191387559808612
3341,0.0955414012738853,0.2547770700636942,0.019108280254777,0.0127388535031847,0.0318471337579617
3342,0.1068376068376068,0.2222222222222222,0.0299145299145299,0.0341880341880341,0.0213675213675213
3343,0.091743119266055,0.2018348623853211,0.036697247706422,0.0275229357798165,0.0229357798165137
3344,0.0445344129554655,0.1093117408906882,0.020242914979757,0.0121457489878542,0.0040485829959514
3345,0.0743034055727554,0.1888544891640866,0.0185758513931888,0.0092879256965944,0.0340557275541795
3346,0.1042183622828784,0.1910669975186104,0.0148883374689826,0.0248138957816377,0.0173697270471464
3347,0.1024096385542168,0.2289156626506024,0.036144578313253,0.036144578313253,0.0210843373493975
3348,0.1232492997198879,0.2184873949579832,0.0280112044817927,0.0280112044817927,0.0308123249299719
3349,0.1186440677966101,0.2542372881355932,0.0847457627118644,0.0,0.0338983050847457
3350,0.0888888888888888,0.1911111111111111,0.0444444444444444,0.0311111111111111,0.04
3351,0.0873493975903614,0.2108433734939759,0.0783132530120482,0.0240963855421686,0.0271084337349397
3352,0.1424418604651162,0.2151162790697674,0.0552325581395348,0.0581395348837209,0.0145348837209302
3353,0.1024590163934426,0.2008196721311475,0.0614754098360655,0.0450819672131147,0.0286885245901639
3354,0.1714285714285714,0.2857142857142857,0.0142857142857142,0.0285714285714285,0.0285714285714285
3355,0.0823970037453183,0.1797752808988764,0.0262172284644194,0.0112359550561797,0.0299625468164794
3356,0.0958333333333333,0.2395833333333333,0.05,0.0479166666666666,0.03125
3357,0.1134020618556701,0.2371134020618556,0.0206185567010309,0.0309278350515463,0.0206185567010309
3358,0.150460593654043,0.2190378710337768,0.0573183213920163,0.052200614124872,0.0470829068577277
3359,0.0921658986175115,0.1935483870967742,0.0552995391705069,0.032258064516129,0.0184331797235023
3360,0.0655737704918032,0.2622950819672131,0.040983606557377,0.0245901639344262,0.0163934426229508
3361,0.1287128712871287,0.1881188118811881,0.0445544554455445,0.0742574257425742,0.0346534653465346
3362,0.1081081081081081,0.1981981981981982,0.0405405405405405,0.036036036036036,0.009009009009009
3363,0.0680272108843537,0.1768707482993197,0.0272108843537414,0.0340136054421768,0.0136054421768707
3364,0.1527777777777778,0.2222222222222222,0.0555555555555555,0.0138888888888888,0.0833333333333333
3365,0.1212121212121212,0.2222222222222222,0.0505050505050505,0.0101010101010101,0.0
3366,0.1565217391304348,0.2956521739130435,0.0,0.008695652173913,0.017391304347826
3367,0.0639386189258312,0.1790281329923273,0.0204603580562659,0.0102301790281329,0.0179028132992327
3368,0.1147540983606557,0.1967213114754098,0.0546448087431694,0.0,0.0054644808743169
3369,0.1074626865671641,0.1970149253731343,0.0388059701492537,0.0298507462686567,0.0328358208955223
3370,0.0638297872340425,0.1957446808510638,0.0170212765957446,0.0085106382978723,0.0212765957446808
3371,0.0716510903426791,0.1962616822429906,0.0529595015576324,0.0249221183800623,0.0249221183800623
3372,0.1224489795918367,0.2244897959183673,0.0204081632653061,0.0816326530612244,0.0204081632653061
3373,0.1643835616438356,0.273972602739726,0.0410958904109589,0.0547945205479452,0.0410958904109589
3374,0.0980392156862745,0.1490196078431372,0.0549019607843137,0.0313725490196078,0.0313725490196078
3375,0.0684931506849315,0.2945205479452055,0.0684931506849315,0.0,0.0136986301369863
3376,0.0848623853211009,0.1995412844036697,0.0252293577981651,0.0321100917431192,0.0435779816513761
3377,0.0887096774193548,0.1854838709677419,0.0201612903225806,0.0443548387096774,0.0161290322580645
3378,0.0828402366863905,0.1775147928994082,0.0710059171597633,0.0355029585798816,0.029585798816568
3379,0.1323529411764706,0.2205882352941176,0.0147058823529411,0.0,0.0588235294117647
3380,0.0609137055837563,0.1979695431472081,0.0253807106598984,0.0253807106598984,0.0253807106598984
3381,0.0802469135802469,0.2222222222222222,0.0462962962962962,0.0277777777777777,0.0123456790123456
3382,0.1,0.2,0.075,0.0,0.025
3383,0.1397849462365591,0.3118279569892473,0.043010752688172,0.0,0.064516129032258
3384,0.0957446808510638,0.2340425531914893,0.0319148936170212,0.0106382978723404,0.0212765957446808
3385,0.0838509316770186,0.2546583850931677,0.0559006211180124,0.0434782608695652,0.0093167701863354
3386,0.0769230769230769,0.3076923076923077,0.0769230769230769,0.0,0.0
3387,0.0923076923076923,0.2564102564102564,0.0256410256410256,0.0307692307692307,0.0205128205128205
3388,0.0992647058823529,0.2058823529411764,0.025735294117647,0.0441176470588235,0.0220588235294117
3389,0.1009174311926605,0.2110091743119266,0.0596330275229357,0.055045871559633,0.0275229357798165
3390,0.065040650406504,0.2032520325203252,0.008130081300813,0.016260162601626,0.016260162601626
3391,0.0998475609756097,0.2019817073170731,0.048780487804878,0.0396341463414634,0.0335365853658536
3392,0.1338582677165354,0.1889763779527559,0.0236220472440944,0.0157480314960629,0.0472440944881889
3393,0.099601593625498,0.2151394422310757,0.047808764940239,0.0398406374501992,0.0557768924302788
3394,0.1363636363636363,0.1477272727272727,0.0113636363636363,0.0,0.0454545454545454
3395,0.079646017699115,0.2079646017699115,0.0353982300884955,0.0176991150442477,0.0132743362831858
3396,0.0677290836653386,0.2310756972111553,0.0119521912350597,0.0358565737051792,0.0039840637450199
3397,0.0979228486646884,0.2047477744807121,0.0534124629080118,0.0178041543026706,0.0356083086053412
3398,0.1069958847736625,0.2139917695473251,0.0411522633744856,0.0411522633744856,0.0411522633744856
3399,0.084870848708487,0.1955719557195571,0.051660516605166,0.055350553505535,0.047970479704797
3400,0.1543209876543209,0.2160493827160493,0.0493827160493827,0.0123456790123456,0.0246913580246913
3401,0.059322033898305,0.1779661016949152,0.0254237288135593,0.0211864406779661,0.0381355932203389
3402,0.1032608695652173,0.1793478260869565,0.0271739130434782,0.0869565217391304,0.0380434782608695
3403,0.1304347826086956,0.2391304347826087,0.0869565217391304,0.0326086956521739,0.0217391304347826
3404,0.1242038216560509,0.2133757961783439,0.0127388535031847,0.0445859872611464,0.0477707006369426
3405,0.0538922155688622,0.2155688622754491,0.0419161676646706,0.0059880239520958,0.029940119760479
3406,0.1034482758620689,0.193103448275862,0.0206896551724137,0.0206896551724137,0.0344827586206896
3407,0.0869565217391304,0.1666666666666666,0.0,0.0217391304347826,0.0398550724637681
3408,0.1081081081081081,0.2162162162162162,0.027027027027027,0.054054054054054,0.0405405405405405
3409,0.0952380952380952,0.219047619047619,0.0380952380952381,0.019047619047619,0.019047619047619
3410,0.1122448979591836,0.1938775510204081,0.0408163265306122,0.0340136054421768,0.010204081632653
3411,0.1203007518796992,0.2481203007518796,0.0789473684210526,0.0112781954887218,0.0263157894736842
3412,0.1071428571428571,0.2142857142857142,0.0,0.0,0.0
3413,0.0979020979020979,0.2027972027972027,0.0629370629370629,0.0489510489510489,0.0629370629370629
3414,0.1096416382252559,0.2030716723549488,0.072098976109215,0.0669795221843003,0.0401023890784982
3415,0.1242937853107344,0.1751412429378531,0.0564971751412429,0.0169491525423728,0.0112994350282485
3416,0.0891719745222929,0.2229299363057325,0.054140127388535,0.0350318471337579,0.0222929936305732
3417,0.1089743589743589,0.2243589743589743,0.0256410256410256,0.0256410256410256,0.0128205128205128
3418,0.1144067796610169,0.1991525423728813,0.0296610169491525,0.0466101694915254,0.0508474576271186
3419,0.1218487394957983,0.2352941176470588,0.0252100840336134,0.0084033613445378,0.0378151260504201
3420,0.0818713450292397,0.1929824561403508,0.0643274853801169,0.023391812865497,0.0116959064327485
3421,0.108433734939759,0.180722891566265,0.0120481927710843,0.0120481927710843,0.0120481927710843
3422,0.1047297297297297,0.1554054054054054,0.0135135135135135,0.054054054054054,0.0202702702702702
3423,0.1025641025641025,0.2735042735042735,0.0598290598290598,0.0,0.0341880341880341
3424,0.0893470790378006,0.1718213058419244,0.0171821305841924,0.0343642611683848,0.0206185567010309
3425,0.0701754385964912,0.1859649122807017,0.0561403508771929,0.031578947368421,0.0140350877192982
3426,0.0512820512820512,0.1794871794871795,0.0512820512820512,0.0,0.017094017094017
3427,0.1090047393364928,0.1682464454976303,0.0355450236966824,0.0260663507109004,0.0355450236966824
3428,0.0842490842490842,0.238095238095238,0.0293040293040293,0.0402930402930402,0.0256410256410256
3429,0.095,0.1625,0.055,0.0225,0.0225
3430,0.0797546012269938,0.2024539877300613,0.0552147239263803,0.0184049079754601,0.0490797546012269
3431,0.1300403225806451,0.2046370967741935,0.0443548387096774,0.0453629032258064,0.0483870967741935
3432,0.0746268656716417,0.1791044776119403,0.0746268656716417,0.0298507462686567,0.0298507462686567
3433,0.0857142857142857,0.2857142857142857,0.0571428571428571,0.0,0.0
3434,0.1204819277108433,0.144578313253012,0.0421686746987951,0.036144578313253,0.0602409638554216
3435,0.0952380952380952,0.238095238095238,0.0238095238095238,0.0,0.0238095238095238
3436,0.079646017699115,0.2212389380530973,0.0398230088495575,0.0132743362831858,0.0221238938053097
3437,0.1048951048951049,0.2727272727272727,0.0349650349650349,0.0069930069930069,0.0139860139860139
3438,0.1119402985074626,0.2276119402985074,0.0373134328358208,0.0317164179104477,0.0279850746268656
3439,0.1052631578947368,0.2105263157894736,0.1052631578947368,0.0263157894736842,0.0526315789473684
3440,0.0607287449392712,0.2024291497975708,0.0445344129554655,0.0161943319838056,0.0121457489878542
3441,0.0941176470588235,0.2039215686274509,0.0627450980392156,0.0313725490196078,0.0235294117647058
3442,0.0971428571428571,0.2371428571428571,0.0428571428571428,0.0171428571428571,0.0457142857142857
3443,0.2,0.3,0.05,0.0,0.05
3444,0.0952380952380952,0.1809523809523809,0.0285714285714285,0.0142857142857142,0.0142857142857142
3445,0.0875,0.196875,0.05625,0.0375,0.028125
3446,0.0913705583756345,0.1725888324873096,0.0456852791878172,0.0253807106598984,0.0253807106598984
3447,0.0934579439252336,0.2523364485981308,0.0514018691588785,0.0233644859813084,0.0186915887850467
3448,0.1491228070175438,0.175438596491228,0.0350877192982456,0.0087719298245614,0.0263157894736842
3449,0.0838323353293413,0.2335329341317365,0.0359281437125748,0.0119760479041916,0.0059880239520958
3450,0.1275510204081632,0.1683673469387755,0.0357142857142857,0.010204081632653,0.0204081632653061
3451,0.1363636363636363,0.1909090909090909,0.0272727272727272,0.0454545454545454,0.0454545454545454
3452,0.1131386861313868,0.2700729927007299,0.0291970802919708,0.0145985401459854,0.0036496350364963
3453,0.0714285714285714,0.1326530612244898,0.0510204081632653,0.0510204081632653,0.0204081632653061
3454,0.1428571428571428,0.2040816326530612,0.0204081632653061,0.0408163265306122,0.0408163265306122
3455,0.0903614457831325,0.1987951807228915,0.0060240963855421,0.0060240963855421,0.0120481927710843
3456,0.1011904761904761,0.2678571428571428,0.0059523809523809,0.0357142857142857,0.0178571428571428
3457,0.1063829787234042,0.2127659574468085,0.0248226950354609,0.0390070921985815,0.0248226950354609
3458,0.0857142857142857,0.2285714285714285,0.0228571428571428,0.0,0.0342857142857142
3459,0.0681818181818181,0.2727272727272727,0.0,0.0,0.0
3460,0.1052631578947368,0.2163742690058479,0.0701754385964912,0.0409356725146198,0.0409356725146198
3461,0.0916666666666666,0.2083333333333333,0.0166666666666666,0.025,0.0
3462,0.0675675675675675,0.2972972972972973,0.0405405405405405,0.0405405405405405,0.0135135135135135
3463,0.0793650793650793,0.2619047619047619,0.0158730158730158,0.0079365079365079,0.0238095238095238
3464,0.0712074303405572,0.1702786377708978,0.0402476780185758,0.0154798761609907,0.0247678018575851
3465,0.1094890510948905,0.2335766423357664,0.0656934306569343,0.0218978102189781,0.0218978102189781
3466,0.069377990430622,0.2057416267942583,0.0358851674641148,0.0143540669856459,0.0143540669856459
3467,0.0703125,0.20703125,0.05859375,0.05078125,0.01171875
3468,0.1064935064935064,0.2831168831168831,0.0961038961038961,0.0155844155844155,0.0051948051948051
3469,0.0817307692307692,0.2067307692307692,0.0576923076923076,0.0288461538461538,0.048076923076923
3470,0.0828571428571428,0.2285714285714285,0.0228571428571428,0.0228571428571428,0.02
3471,0.1335616438356164,0.2294520547945205,0.0410958904109589,0.0171232876712328,0.023972602739726
3472,0.0803571428571428,0.2589285714285714,0.0446428571428571,0.0178571428571428,0.0
3473,0.0926430517711171,0.1716621253405994,0.0408719346049046,0.0217983651226158,0.0136239782016348
3474,0.062111801242236,0.1987577639751552,0.062111801242236,0.0062111801242236,0.0186335403726708
3475,0.0861111111111111,0.1444444444444444,0.0333333333333333,0.0222222222222222,0.0305555555555555
3476,0.0909090909090909,0.1818181818181818,0.0,0.0151515151515151,0.0757575757575757
3477,0.1513513513513513,0.1675675675675675,0.0108108108108108,0.0702702702702702,0.1027027027027027
3478,0.0522648083623693,0.2264808362369338,0.0278745644599303,0.0209059233449477,0.0174216027874564
3479,0.1006864988558352,0.2082379862700228,0.0480549199084668,0.0205949656750572,0.0160183066361556
3480,0.0555555555555555,0.2,0.0555555555555555,0.0111111111111111,0.0111111111111111
3481,0.0833333333333333,0.1875,0.0902777777777777,0.0277777777777777,0.0138888888888888
3482,0.1075268817204301,0.1920122887864823,0.0384024577572964,0.032258064516129,0.0414746543778801
3483,0.1050847457627118,0.2372881355932203,0.0033898305084745,0.0169491525423728,0.023728813559322
3484,0.0503597122302158,0.1942446043165467,0.0359712230215827,0.0431654676258992,0.0215827338129496
3485,0.1013986013986013,0.1748251748251748,0.0699300699300699,0.0454545454545454,0.0524475524475524
3486,0.1058201058201058,0.1798941798941798,0.0238095238095238,0.0423280423280423,0.0343915343915343
3487,0.072289156626506,0.1927710843373494,0.0421686746987951,0.0120481927710843,0.0120481927710843
3488,0.1021897810218978,0.2043795620437956,0.0145985401459854,0.0218978102189781,0.0145985401459854
3489,0.096590909090909,0.1931818181818181,0.034090909090909,0.0056818181818181,0.0113636363636363
3490,0.1098265895953757,0.1907514450867052,0.0433526011560693,0.0433526011560693,0.0260115606936416
3491,0.0777777777777777,0.2777777777777778,0.0333333333333333,0.0333333333333333,0.0111111111111111
3492,0.0819423368740516,0.2109256449165402,0.0531107738998482,0.0242792109256449,0.0182094081942336
3493,0.0631578947368421,0.2684210526315789,0.0789473684210526,0.0210526315789473,0.0368421052631578
3494,0.1277372262773722,0.2153284671532846,0.0401459854014598,0.0182481751824817,0.0218978102189781
3495,0.0476190476190476,0.238095238095238,0.0476190476190476,0.0,0.0
3496,0.1063122923588039,0.2292358803986711,0.0431893687707641,0.0398671096345514,0.0033222591362126
3497,0.0837004405286343,0.2334801762114537,0.026431718061674,0.0176211453744493,0.0176211453744493
3498,0.0720338983050847,0.1906779661016949,0.0423728813559322,0.0127118644067796,0.0127118644067796
3499,0.0843373493975903,0.1686746987951807,0.036144578313253,0.0,0.0
3500,0.1006036217303823,0.2122736418511066,0.0824949698189134,0.039235412474849,0.0231388329979879
3501,0.0853658536585365,0.2134146341463414,0.0670731707317073,0.0304878048780487,0.0182926829268292
3502,0.1008771929824561,0.2061403508771929,0.0921052631578947,0.0263157894736842,0.0175438596491228
3503,0.088235294117647,0.2058823529411764,0.0539215686274509,0.0441176470588235,0.0196078431372549
3504,0.0883977900552486,0.2209944751381215,0.0441988950276243,0.0276243093922651,0.0165745856353591
3505,0.0967741935483871,0.2451612903225806,0.0387096774193548,0.0709677419354838,0.0451612903225806
3506,0.0961538461538461,0.1692307692307692,0.0923076923076923,0.0384615384615384,0.0192307692307692
3507,0.075187969924812,0.2330827067669172,0.0451127819548872,0.0601503759398496,0.0225563909774436
3508,0.0897009966777408,0.2026578073089701,0.0232558139534883,0.0232558139534883,0.0099667774086378
3509,0.1034482758620689,0.2298850574712643,0.0689655172413793,0.0459770114942528,0.0229885057471264
3510,0.1348837209302325,0.1767441860465116,0.055813953488372,0.0186046511627906,0.0325581395348837
3511,0.064,0.296,0.032,0.0,0.032
3512,0.0904255319148936,0.2553191489361702,0.0638297872340425,0.0212765957446808,0.0053191489361702
3513,0.1677419354838709,0.2064516129032258,0.0451612903225806,0.032258064516129,0.0451612903225806
3514,0.075268817204301,0.2150537634408602,0.050179211469534,0.017921146953405,0.028673835125448
3515,0.115530303030303,0.1704545454545454,0.0662878787878787,0.0473484848484848,0.0643939393939393
3516,0.1578947368421052,0.2631578947368421,0.0,0.0,0.0
3517,0.081081081081081,0.1621621621621621,0.0405405405405405,0.0,0.0
3518,0.1111111111111111,0.3888888888888889,0.0555555555555555,0.0,0.0555555555555555
3519,0.08,0.1885714285714285,0.0114285714285714,0.0057142857142857,0.0171428571428571
3520,0.0901162790697674,0.2122093023255813,0.0348837209302325,0.0203488372093023,0.0290697674418604
3521,0.08,0.24,0.08,0.08,0.0
3522,0.0666666666666666,0.2166666666666666,0.05,0.0,0.0
3523,0.1246006389776357,0.15814696485623,0.0575079872204472,0.0495207667731629,0.047923322683706
3524,0.0872727272727272,0.1890909090909091,0.0436363636363636,0.0036363636363636,0.0145454545454545
3525,0.0709876543209876,0.228395061728395,0.074074074074074,0.0462962962962962,0.0123456790123456
3526,0.086734693877551,0.2091836734693877,0.1020408163265306,0.0204081632653061,0.0306122448979591
3527,0.1017964071856287,0.2634730538922156,0.0239520958083832,0.0239520958083832,0.0
3528,0.1082390953150242,0.2019386106623586,0.0339256865912762,0.0516962843295638,0.0274636510500807
3529,0.0914127423822714,0.2022160664819944,0.074792243767313,0.0470914127423822,0.0193905817174515
3530,0.0754716981132075,0.2037735849056604,0.0716981132075471,0.0754716981132075,0.0264150943396226
3531,0.0816901408450704,0.2845070422535211,0.0309859154929577,0.0056338028169014,0.0140845070422535
3532,0.097165991902834,0.2550607287449393,0.0809716599190283,0.0445344129554655,0.0040485829959514
3533,0.1590909090909091,0.1534090909090909,0.034090909090909,0.0511363636363636,0.0454545454545454
3534,0.1632653061224489,0.1938775510204081,0.0612244897959183,0.0204081632653061,0.010204081632653
3535,0.1071428571428571,0.2936507936507936,0.0436507936507936,0.0198412698412698,0.0079365079365079
3536,0.1292134831460674,0.2865168539325842,0.0280898876404494,0.0280898876404494,0.0168539325842696
3537,0.0744680851063829,0.2340425531914893,0.0425531914893617,0.0,0.0
3538,0.1318681318681318,0.2087912087912088,0.0109890109890109,0.0329670329670329,0.0219780219780219
3539,0.1052631578947368,0.2105263157894736,0.0526315789473684,0.0,0.0526315789473684
3540,0.0939226519337016,0.212707182320442,0.0524861878453038,0.0386740331491712,0.0248618784530386
3541,0.1073253833049403,0.2163543441226575,0.0511073253833049,0.0204429301533219,0.0374787052810902
3542,0.1409691629955947,0.185022026431718,0.066079295154185,0.026431718061674,0.026431718061674
3543,0.0826210826210826,0.1937321937321937,0.0199430199430199,0.0085470085470085,0.0227920227920227
3544,0.1073170731707317,0.1780487804878048,0.0512195121951219,0.0414634146341463,0.0170731707317073
3545,0.0946745562130177,0.1893491124260355,0.0355029585798816,0.0177514792899408,0.0325443786982248
3546,0.0987654320987654,0.2098765432098765,0.0246913580246913,0.0,0.037037037037037
3547,0.095,0.1975,0.0525,0.0375,0.0325
3548,0.0783132530120482,0.1927710843373494,0.0060240963855421,0.0120481927710843,0.0240963855421686
3549,0.072992700729927,0.2408759124087591,0.0802919708029197,0.0218978102189781,0.0291970802919708
3550,0.2142857142857142,0.0714285714285714,0.0,0.0,0.2857142857142857
3551,0.1143911439114391,0.2250922509225092,0.03690036900369,0.029520295202952,0.047970479704797
3552,0.0854503464203233,0.2424942263279445,0.0808314087759815,0.0438799076212471,0.0508083140877598
3553,0.0871369294605809,0.2448132780082987,0.0290456431535269,0.0082987551867219,0.0165975103734439
3554,0.1056910569105691,0.2357723577235772,0.032520325203252,0.008130081300813,0.008130081300813
3555,0.1522388059701492,0.1522388059701492,0.0149253731343283,0.053731343283582,0.0507462686567164
3556,0.0887096774193548,0.1935483870967742,0.0806451612903225,0.0080645161290322,0.0080645161290322
3557,0.1046511627906976,0.2209302325581395,0.0581395348837209,0.0377906976744186,0.0290697674418604
3558,0.1130434782608695,0.2,0.0347826086956521,0.0347826086956521,0.008695652173913
3559,0.0776255707762557,0.1780821917808219,0.0228310502283105,0.0091324200913242,0.0182648401826484
3560,0.0980392156862745,0.1862745098039215,0.0588235294117647,0.0294117647058823,0.0392156862745098
3561,0.0884955752212389,0.2831858407079646,0.0265486725663716,0.0176991150442477,0.0265486725663716
3562,0.1180555555555555,0.1944444444444444,0.0277777777777777,0.0243055555555555,0.0138888888888888
3563,0.0922619047619047,0.2261904761904762,0.0297619047619047,0.0297619047619047,0.0327380952380952
3564,0.1078431372549019,0.196078431372549,0.0490196078431372,0.0441176470588235,0.0245098039215686
3565,0.0833333333333333,0.2222222222222222,0.0833333333333333,0.0277777777777777,0.0277777777777777
3566,0.0833333333333333,0.2592592592592592,0.0092592592592592,0.037037037037037,0.0185185185185185
3567,0.0737913486005089,0.2824427480916031,0.0636132315521628,0.015267175572519,0.0127226463104325
3568,0.0658682634730539,0.1676646706586826,0.0479041916167664,0.0119760479041916,0.0239520958083832
3569,0.1092896174863388,0.2131147540983606,0.0655737704918032,0.0273224043715847,0.0218579234972677
3570,0.1428571428571428,0.2226890756302521,0.0336134453781512,0.042016806722689,0.0336134453781512
3571,0.1204819277108433,0.1967871485943775,0.0321285140562249,0.0401606425702811,0.0441767068273092
3572,0.1105263157894736,0.1894736842105263,0.0789473684210526,0.0684210526315789,0.0526315789473684
3573,0.0974025974025974,0.1883116883116883,0.0909090909090909,0.0519480519480519,0.0454545454545454
3574,0.1071428571428571,0.2040816326530612,0.0408163265306122,0.0561224489795918,0.0306122448979591
3575,0.0756302521008403,0.2184873949579832,0.0504201680672268,0.0084033613445378,0.0168067226890756
3576,0.0694444444444444,0.2453703703703703,0.0092592592592592,0.037037037037037,0.0046296296296296
3577,0.0748299319727891,0.1904761904761904,0.0340136054421768,0.0272108843537414,0.0204081632653061
3578,0.1056910569105691,0.1951219512195122,0.048780487804878,0.048780487804878,0.065040650406504
3579,0.0983606557377049,0.1967213114754098,0.0327868852459016,0.0,0.0163934426229508
3580,0.1313559322033898,0.173728813559322,0.0296610169491525,0.0381355932203389,0.0254237288135593
3581,0.0606060606060606,0.1515151515151515,0.0303030303030303,0.0,0.0
3582,0.0797101449275362,0.1992753623188405,0.0398550724637681,0.0434782608695652,0.0072463768115942
3583,0.0854700854700854,0.2079772079772079,0.0655270655270655,0.0284900284900284,0.017094017094017
3584,0.0707070707070707,0.2929292929292929,0.0808080808080808,0.0101010101010101,0.0202020202020202
3585,0.1090047393364928,0.1848341232227488,0.0805687203791469,0.0426540284360189,0.0189573459715639
3586,0.1213872832369942,0.2312138728323699,0.0289017341040462,0.0346820809248554,0.0115606936416184
3587,0.0950226244343891,0.2352941176470588,0.0588235294117647,0.0361990950226244,0.0316742081447963
3588,0.1077844311377245,0.1676646706586826,0.059880239520958,0.0508982035928143,0.0419161676646706
3589,0.1181818181818181,0.209090909090909,0.0318181818181818,0.0181818181818181,0.0363636363636363
3590,0.0732984293193717,0.2041884816753926,0.0471204188481675,0.0575916230366492,0.031413612565445
3591,0.1317829457364341,0.1705426356589147,0.0930232558139534,0.0232558139534883,0.0387596899224806
3592,0.1153846153846153,0.2307692307692307,0.0336538461538461,0.0192307692307692,0.0144230769230769
3593,0.1065088757396449,0.2189349112426035,0.0710059171597633,0.0414201183431952,0.0
3594,0.0805084745762711,0.1694915254237288,0.0296610169491525,0.0084745762711864,0.0296610169491525
3595,0.1041214750542299,0.1898047722342733,0.0368763557483731,0.0553145336225596,0.0390455531453362
3596,0.0887096774193548,0.1491935483870967,0.0282258064516129,0.032258064516129,0.032258064516129
3597,0.083955223880597,0.1921641791044776,0.0391791044776119,0.0167910447761194,0.0205223880597014
3598,0.1,0.235,0.07,0.01,0.04
3599,0.102112676056338,0.1690140845070422,0.0316901408450704,0.0246478873239436,0.0070422535211267
3600,0.0782608695652174,0.1391304347826087,0.0608695652173913,0.0,0.0347826086956521
3601,0.1197916666666666,0.234375,0.0520833333333333,0.0572916666666666,0.0572916666666666
3602,0.0841423948220064,0.1423948220064725,0.0355987055016181,0.0097087378640776,0.0161812297734627
