id_noticia,trunc_num_tokens,trunc_avg_sentence_len,trunc_avg_word_len
1,174,12.416666666666666,4.442953020134228
2,348,15.36842105263158,4.428082191780822
3,245,15.615384615384617,4.773399014778325
4,157,23.666666666666668,4.535211267605634
5,165,11.0,4.96969696969697
6,232,12.0,4.651041666666667
7,231,16.75,4.796019900497512
8,223,12.2,4.360655737704918
9,113,24.5,4.724489795918367
10,294,16.733333333333334,4.824701195219124
11,212,15.083333333333334,4.950276243093922
12,269,19.25,4.653679653679654
13,287,23.181818181818183,4.858823529411764
14,129,15.714285714285714,4.8090909090909095
15,155,18.428571428571427,4.775193798449612
16,363,14.272727272727272,4.856687898089172
17,797,21.75,4.353448275862069
18,209,18.3,4.80327868852459
19,406,15.954545454545457,5.219373219373219
20,510,29.4,5.011337868480726
21,166,13.636363636363637,5.166666666666667
22,323,17.0,5.018382352941177
23,531,18.58333333333333,5.0874439461883405
24,548,14.333333333333334,4.6257928118393234
25,154,9.428571428571429,5.196969696969697
26,233,12.8125,4.453658536585366
27,473,16.84,4.831353919239905
28,301,20.75,4.759036144578313
29,769,16.512820512820515,4.790372670807454
30,348,20.666666666666668,4.861290322580645
31,276,17.428571428571427,4.487704918032787
32,231,17.545454545454547,5.243523316062176
33,206,19.444444444444443,4.857142857142857
34,325,17.375,4.661870503597123
35,232,10.736842105263158,4.661764705882353
36,535,13.205882352941176,4.4543429844098
37,375,12.625,4.831683168316832
38,564,17.814814814814813,5.016632016632016
39,342,16.0,5.170138888888889
40,830,11.238095238095235,4.55225988700565
41,257,18.666666666666668,4.53125
42,441,20.15,4.923076923076923
43,376,12.461538461538462,4.910493827160494
44,456,22.38888888888889,5.119106699751861
45,220,15.416666666666666,5.383783783783784
46,303,15.75,5.146825396825397
47,872,20.58333333333333,5.415654520917679
48,284,15.0,4.908333333333333
49,345,14.45,4.868512110726644
50,301,19.0,5.165413533834586
51,516,15.0,4.864444444444445
52,364,10.928571428571429,4.839869281045751
53,252,14.733333333333333,5.02262443438914
54,226,18.09090909090909,5.160804020100502
55,350,11.11111111111111,5.333333333333333
56,295,20.916666666666668,5.231075697211155
57,281,16.6,4.755020080321285
58,397,25.46153846153846,4.719033232628399
59,259,20.272727272727277,5.179372197309417
60,882,21.11111111111111,4.765789473684211
61,152,16.375,4.954198473282442
62,796,27.48,5.12372634643377
63,358,10.666666666666666,4.80078125
64,397,14.826086956521738,4.956011730205279
65,411,15.681818181818182,5.040579710144928
66,339,24.416666666666668,4.815699658703072
67,391,15.285714285714286,5.118380062305296
68,221,16.727272727272727,5.016304347826087
70,393,19.666666666666668,4.991525423728813
71,205,21.75,4.758620689655173
72,738,12.851063829787234,4.423841059602649
73,239,23.55555555555556,4.6745283018867925
74,315,22.5,4.922222222222223
75,384,29.363636363636363,5.356037151702786
76,303,29.33333333333333,5.049242424242424
77,338,21.357142857142858,5.063545150501672
78,139,9.076923076923077,5.466101694915254
79,351,16.38888888888889,5.074576271186441
80,227,19.1,5.162303664921466
81,262,21.0,5.194805194805195
82,391,21.4375,5.02332361516035
83,237,19.09090909090909,4.795238095238095
84,537,19.52173913043478,5.048997772828508
85,247,14.266666666666667,5.088785046728972
86,198,23.714285714285715,5.186746987951807
87,205,16.545454545454547,4.434065934065934
88,194,19.22222222222222,4.971098265895954
89,239,18.83333333333333,5.331858407079646
90,186,15.2,5.348684210526316
91,245,23.55555555555556,4.867924528301887
92,203,13.75,4.351515151515152
93,572,19.884615384615383,5.013539651837524
94,250,18.75,5.24
95,395,23.714285714285715,5.093373493975903
96,179,15.6,4.7756410256410255
97,230,11.625,4.661290322580645
98,539,17.68,4.626696832579186
99,98,13.833333333333334,4.843373493975903
100,313,14.36842105263158,4.930402930402931
101,181,21.285714285714285,5.469798657718121
102,175,19.375,4.509677419354839
103,177,20.0,4.7125
104,537,12.487179487179487,4.630390143737166
105,858,20.114285714285717,4.771306818181818
106,293,20.33333333333333,4.889344262295082
107,312,14.5,5.103448275862069
108,201,22.5,4.583333333333333
109,444,18.047619047619047,4.891820580474934
110,171,10.923076923076923,5.077464788732394
111,253,18.916666666666668,4.651982378854625
112,149,17.5,5.107142857142857
113,381,20.47058823529412,4.767241379310345
114,390,32.7,5.345565749235474
115,283,19.0,4.789473684210527
116,361,14.045454545454543,4.867313915857605
117,345,27.90909090909091,5.234527687296417
118,276,19.75,5.282700421940929
119,318,30.77777777777778,4.664259927797834
120,686,15.578947368421051,4.704391891891892
121,363,18.22222222222222,4.942073170731708
122,230,22.55555555555556,5.078817733990148
123,446,12.272727272727272,4.5358024691358025
124,346,23.166666666666668,4.982014388489208
125,232,17.083333333333332,4.88780487804878
126,554,17.884615384615383,5.116129032258065
127,498,23.210526315789476,5.26984126984127
128,475,17.391304347826086,4.655
129,347,25.08333333333333,5.3023255813953485
130,320,18.53333333333333,5.039568345323741
131,347,23.53846153846154,4.794117647058823
132,377,18.176470588235293,4.796116504854369
133,469,12.117647058823527,4.87378640776699
134,285,23.63636363636364,4.826923076923077
135,342,18.5625,5.141414141414141
136,373,20.25,4.833333333333333
137,554,21.476190476190474,5.181818181818182
138,681,12.86046511627907,4.768535262206148
139,282,21.416666666666668,4.879377431906615
140,185,14.181818181818182,5.089743589743589
141,335,20.642857142857142,4.692041522491349
142,219,22.11111111111111,4.633165829145729
143,377,17.444444444444443,4.7165605095541405
144,298,17.4,5.467432950191571
145,877,17.11904761904762,5.001390820584144
146,224,16.545454545454547,4.950549450549451
147,367,23.846153846153847,5.248387096774193
148,321,26.6,4.733082706766917
149,540,19.58333333333333,4.906382978723404
150,308,13.833333333333334,4.943775100401607
151,238,14.846153846153848,5.0310880829015545
152,171,13.818181818181818,4.9605263157894735
153,490,12.823529411764708,4.6307339449541285
154,156,24.0,4.979166666666667
155,208,19.55555555555556,5.471590909090909
156,425,16.80952380952381,4.985835694050992
157,315,25.09090909090909,5.057971014492754
158,259,15.333333333333334,5.104347826086957
159,712,10.379310344827584,5.076411960132891
160,392,18.764705882352946,5.090909090909091
161,289,24.0,4.75
162,297,13.72222222222222,4.538461538461538
163,297,20.75,5.389558232931727
164,567,15.419354838709678,5.048117154811716
165,302,21.916666666666668,4.916349809885932
166,391,25.846153846153847,4.994047619047619
167,143,18.857142857142858,4.5606060606060606
168,261,14.866666666666667,4.9641255605381165
169,189,14.5,4.632183908045977
170,234,16.166666666666668,4.603092783505154
171,349,16.157894736842106,4.364820846905538
172,192,19.666666666666668,4.903954802259887
173,224,16.5,4.535353535353536
174,155,14.555555555555555,4.816793893129771
175,305,19.857142857142858,4.723021582733813
176,607,20.24,4.907114624505929
177,427,16.227272727272727,4.750700280112045
178,413,17.35,5.083573487031701
179,163,15.333333333333334,5.195652173913044
180,627,19.428571428571427,4.481617647058823
181,230,18.181818181818183,4.72
182,402,12.172413793103448,4.739376770538244
183,410,21.529411764705884,4.549180327868853
184,247,17.75,4.685446009389671
185,359,15.842105263157896,4.787375415282392
186,197,17.3,4.815028901734104
187,117,16.666666666666668,4.79
188,274,16.857142857142858,4.707627118644068
189,302,29.444444444444443,4.49811320754717
190,270,11.85,4.734177215189874
191,217,16.0,5.255208333333333
192,239,18.545454545454547,5.073529411764706
193,267,25.11111111111111,5.367256637168142
194,234,18.272727272727277,4.756218905472637
195,396,14.454545454545457,5.00314465408805
196,408,14.416666666666666,5.03757225433526
197,316,17.8,5.123595505617978
198,170,16.333333333333332,4.9727891156462585
199,105,15.5,5.365591397849462
200,292,22.545454545454547,5.108870967741935
201,205,28.0,5.470238095238095
202,205,12.153846153846152,5.0
203,195,19.375,4.625806451612903
204,230,38.6,4.735751295336788
205,182,18.11111111111111,4.607361963190184
206,212,45.5,4.62087912087912
207,173,35.5,4.704225352112676
208,234,24.5,4.729591836734694
209,156,33.5,5.298507462686567
210,119,16.166666666666668,5.804123711340206
211,141,29.5,5.127118644067797
212,156,44.66666666666666,5.514925373134329
213,170,28.2,5.212765957446808
214,246,21.77777777777778,5.010204081632653
215,95,13.0,5.384615384615385
216,113,18.8,5.297872340425532
217,104,22.5,5.044444444444444
218,141,24.0,4.85
219,170,28.2,4.872340425531915
220,185,22.285714285714285,5.288461538461538
221,195,33.2,4.63855421686747
222,106,22.5,4.977777777777778
223,113,24.5,5.5
224,184,19.375,4.554838709677419
225,307,22.818181818181817,4.800796812749004
226,122,26.0,4.663461538461538
227,154,33.0,4.53030303030303
228,177,30.8,4.831168831168832
229,237,28.142857142857142,5.355329949238579
230,109,8.4,4.869047619047619
231,143,17.285714285714285,4.801652892561983
232,118,20.0,5.57
233,147,24.2,4.710743801652892
234,101,21.5,5.209302325581396
235,241,24.875,4.592964824120603
236,508,22.72222222222222,5.459657701711492
237,207,14.909090909090908,4.951219512195122
238,266,42.8,5.392523364485982
239,124,17.5,5.247619047619048
240,110,23.5,5.23404255319149
241,124,16.833333333333332,5.6138613861386135
242,93,20.0,5.1875
243,181,24.33333333333333,5.0
244,115,23.0,4.793478260869565
245,188,26.0,4.92948717948718
246,117,24.25,4.731958762886598
247,189,9.625,5.097402597402597
248,226,30.5,5.185792349726776
249,201,24.0,5.25
250,100,11.571428571428571,5.098765432098766
251,146,31.75,4.606299212598425
252,196,13.181818181818182,4.593103448275862
253,203,14.181818181818182,4.512820512820513
254,200,16.6,4.86144578313253
255,125,35.0,5.266666666666667
256,190,26.666666666666668,5.125
257,298,17.357142857142858,4.962962962962963
258,159,27.0,4.896296296296296
259,178,28.0,5.092857142857143
260,168,20.857142857142858,4.890410958904109
261,275,39.0,5.188034188034188
262,373,28.272727272727277,5.128617363344051
263,199,20.125,4.875776397515528
264,121,13.125,4.628571428571429
265,160,13.5,4.918518518518519
266,410,14.44,5.8171745152354575
267,298,19.384615384615383,4.944444444444445
268,139,11.5,4.947826086956522
269,141,7.866666666666666,4.898305084745763
270,376,17.22222222222222,5.04516129032258
271,137,10.8,5.296296296296297
272,161,15.333333333333334,4.833333333333333
273,157,9.846153846153848,4.6875
274,236,12.8,4.739583333333333
275,172,16.0,4.6875
276,353,15.789473684210526,4.91
277,196,13.166666666666666,4.80379746835443
278,158,13.2,4.946969696969697
279,199,11.0,5.151515151515151
280,351,13.727272727272728,4.701986754966887
281,158,11.333333333333334,4.823529411764706
282,200,16.3,4.656441717791411
283,204,12.846153846153848,4.976047904191617
284,222,15.583333333333334,4.86096256684492
285,157,16.125,4.488372093023256
286,192,13.0,4.935897435897436
287,241,15.307692307692308,4.603015075376884
288,98,10.714285714285714,4.546666666666667
289,227,9.166666666666666,4.824242424242424
290,1062,16.375,5.086150490730644
291,316,22.0,4.901515151515151
292,182,14.0,4.746753246753247
293,302,18.071428571428573,5.205533596837944
294,157,16.375,4.885496183206107
295,202,15.727272727272728,4.739884393063584
296,141,13.11111111111111,4.898305084745763
297,187,13.333333333333334,4.91875
298,139,13.75,5.0181818181818185
299,171,10.846153846153848,4.638297872340425
300,155,11.0,4.704545454545454
301,182,7.555555555555555,4.823529411764706
302,148,10.666666666666666,5.2890625
303,52,10.75,5.255813953488372
304,409,19.666666666666668,5.437853107344632
305,196,18.444444444444443,5.391566265060241
306,123,10.2,4.549019607843137
307,126,12.11111111111111,4.889908256880734
308,131,18.33333333333333,4.818181818181818
309,214,15.0,4.944444444444445
310,108,7.0,5.047619047619048
311,126,15.142857142857142,4.858490566037736
312,253,9.476190476190476,5.201005025125628
313,22,3.0,6.066666666666666
314,200,17.0,4.6
315,227,16.363636363636363,4.822222222222222
316,40,10.666666666666666,5.59375
317,202,11.066666666666666,4.86144578313253
318,372,22.142857142857142,5.312903225806451
319,155,26.0,4.769230769230769
320,146,11.6,5.198275862068965
321,162,20.285714285714285,4.704225352112676
322,102,9.11111111111111,5.024390243902439
323,110,14.0,4.744897959183674
324,126,15.0,4.942857142857143
325,140,12.2,5.090163934426229
326,416,19.88888888888889,4.952513966480447
327,162,13.7,4.875912408759124
328,311,15.9375,4.666666666666667
329,82,5.727272727272728,4.476190476190476
330,153,10.75,4.813953488372093
331,171,13.272727272727272,4.849315068493151
332,105,15.0,4.688888888888889
333,525,14.09375,4.733924611973393
334,146,9.583333333333334,4.608695652173913
335,137,13.0,4.658119658119658
336,211,17.2,4.924418604651163
337,173,11.23076923076923,4.787671232876712
338,222,12.857142857142858,4.544444444444444
339,141,6.75,5.12962962962963
340,196,14.909090909090908,5.243902439024391
341,158,14.444444444444445,5.1
342,426,14.576923076923077,4.408970976253298
343,131,11.88888888888889,4.551401869158879
344,109,9.666666666666666,4.804597701149425
345,191,7.333333333333333,4.37012987012987
346,336,15.666666666666666,4.585106382978723
347,147,17.428571428571427,5.131147540983607
348,143,16.285714285714285,4.008771929824562
349,272,18.153846153846157,5.550847457627119
350,209,15.0,4.555555555555555
351,427,18.05,5.265927977839335
352,209,13.916666666666666,4.832335329341317
353,77,9.0,4.777777777777778
354,194,19.875,5.188679245283019
355,272,13.4375,4.706976744186046
356,264,15.2,4.732456140350878
357,271,16.571428571428573,4.737068965517241
358,235,12.6,4.788359788359788
359,181,12.5,5.42
360,289,25.6,5.109375
361,131,11.444444444444445,4.466019417475728
362,99,11.428571428571429,4.5125
363,573,15.21875,4.66735112936345
364,126,8.909090909090908,4.938775510204081
365,100,13.666666666666666,4.7682926829268295
366,115,11.375,4.912087912087912
367,193,10.266666666666667,4.7727272727272725
368,86,16.25,4.969230769230769
369,136,14.625,4.914529914529915
370,171,15.333333333333334,4.753623188405797
371,145,15.0,4.7
372,233,11.764705882352942,5.29
373,98,10.285714285714286,4.513888888888889
374,134,15.714285714285714,5.109090909090909
375,301,11.681818181818182,4.424124513618677
376,177,13.909090909090908,5.15686274509804
377,206,11.266666666666667,4.863905325443787
378,153,13.0,5.276923076923077
379,540,13.90625,4.851685393258427
380,317,18.928571428571427,4.916981132075471
381,79,13.4,5.104477611940299
382,546,16.24137931034483,5.288747346072187
383,203,9.235294117647058,4.745222929936306
384,251,13.625,5.0504587155963305
385,143,12.3,5.252032520325203
386,164,9.428571428571429,4.401515151515151
387,192,12.153846153846152,4.734177215189874
388,264,17.142857142857142,4.770833333333333
389,362,15.05,4.458471760797342
390,145,13.555555555555555,4.942622950819672
391,149,13.22222222222222,4.756302521008403
392,693,16.314285714285713,4.63922942206655
393,145,9.307692307692308,5.223140495867769
394,339,14.5,4.603448275862069
395,132,17.0,4.478991596638656
396,182,13.083333333333334,5.171974522292993
397,272,14.125,4.783185840707965
398,232,11.823529411764708,5.303482587064677
399,295,15.625,5.044
400,333,16.647058823529413,4.886925795053004
401,336,26.454545454545453,4.869415807560137
402,188,13.083333333333334,4.445859872611465
403,21,8.0,4.5625
404,190,11.142857142857142,4.288461538461538
405,227,12.8,4.625
406,134,11.3,4.823008849557522
407,212,12.571428571428571,4.755681818181818
408,144,14.125,4.610619469026549
409,506,24.33333333333333,5.157534246575342
410,233,13.785714285714286,4.512953367875648
411,343,8.636363636363637,5.498245614035088
412,198,12.384615384615383,4.354037267080745
413,83,8.125,5.076923076923077
414,170,20.857142857142858,4.897260273972603
415,216,18.1,4.718232044198895
416,589,31.4375,5.051689860834991
417,165,8.25,4.628787878787879
418,187,16.88888888888889,4.769736842105263
419,176,15.4,4.928571428571429
420,200,7.95,4.949685534591195
421,220,15.666666666666666,5.180851063829787
422,154,12.4,4.314516129032258
423,367,21.666666666666668,5.064615384615385
424,326,12.227272727272728,4.721189591078067
425,46,19.0,4.394736842105263
426,269,13.6875,4.821917808219178
427,80,9.285714285714286,5.553846153846154
428,412,17.238095238095237,5.204419889502763
429,233,15.25,4.945355191256831
430,570,15.129032258064516,5.076759061833688
431,278,14.1875,4.431718061674009
432,609,18.03448275862069,4.919694072657744
433,255,15.76923076923077,5.160975609756098
434,101,12.285714285714286,4.558139534883721
435,155,13.4,4.828358208955224
436,195,24.0,4.803571428571429
437,225,14.538461538461538,4.677248677248677
438,255,9.476190476190476,4.678391959798995
439,329,16.647058823529413,5.109540636042403
440,163,10.727272727272728,5.033898305084746
441,301,9.72,4.604938271604938
442,190,18.22222222222222,4.7682926829268295
443,111,18.8,5.138297872340425
444,195,18.75,4.786666666666667
445,185,20.125,5.105590062111801
446,213,19.444444444444443,4.382857142857143
447,266,9.478260869565217,4.747706422018348
448,172,13.363636363636363,5.129251700680272
449,207,25.714285714285715,4.777777777777778
450,202,17.77777777777778,5.1375
451,270,16.785714285714285,4.804255319148936
452,124,9.6,4.322916666666667
453,284,15.8,4.767932489451477
454,243,17.083333333333332,5.053658536585366
455,421,16.5,4.768595041322314
456,416,17.736842105263158,4.724035608308605
457,196,13.333333333333334,4.7875
458,348,20.133333333333333,5.135761589403973
459,186,13.545454545454543,5.12751677852349
460,344,18.125,4.996551724137931
461,177,10.214285714285714,4.965034965034965
462,132,15.714285714285714,4.3
463,169,24.0,4.618055555555555
464,323,16.25,4.965384615384616
465,210,18.8,5.196808510638298
466,135,14.0,4.776785714285714
467,306,15.75,4.900793650793651
468,317,19.307692307692307,4.99601593625498
469,337,23.25,5.150537634408602
470,425,20.166666666666668,5.37465564738292
471,356,15.473684210526317,4.537414965986395
472,282,17.307692307692307,4.844444444444444
473,246,14.142857142857142,4.797979797979798
474,194,16.666666666666668,4.886666666666667
475,294,17.785714285714285,4.887550200803213
476,250,15.214285714285714,5.154929577464789
477,365,25.83333333333333,4.925806451612903
478,322,14.444444444444445,5.469230769230769
479,89,12.333333333333334,4.864864864864865
480,29,5.75,4.782608695652174
481,163,10.0,4.892307692307693
482,176,12.333333333333334,4.993243243243243
483,229,17.454545454545453,4.65625
484,140,16.285714285714285,4.754385964912281
485,310,19.285714285714285,4.848148148148148
486,259,12.27777777777778,4.97737556561086
487,278,15.466666666666669,4.922413793103448
488,278,18.0,4.854700854700854
489,204,10.933333333333334,4.524390243902439
490,50,13.666666666666666,4.829268292682927
491,213,14.75,5.186440677966102
492,661,13.76923076923077,4.957169459962756
493,189,15.181818181818182,4.646706586826348
494,164,15.0,4.562962962962963
495,151,15.375,4.357723577235772
496,305,15.176470588235292,5.255813953488372
497,134,14.625,4.863247863247863
498,310,12.227272727272728,4.862453531598513
499,127,8.307692307692308,5.111111111111111
500,263,13.6875,5.068493150684931
501,379,14.954545454545457,4.358662613981763
502,498,12.8125,4.658536585365853
503,153,21.83333333333333,4.656488549618321
504,147,11.454545454545457,4.523809523809524
505,124,10.77777777777778,4.463917525773196
506,279,12.72222222222222,5.131004366812227
507,146,13.88888888888889,5.248
508,681,14.25,4.982456140350878
509,177,10.642857142857142,4.771812080536913
510,369,19.0,4.919504643962848
511,457,14.5,4.708222811671088
512,309,18.066666666666663,5.047970479704797
513,495,18.272727272727277,4.7388059701492535
514,331,18.1875,4.975945017182131
515,244,14.923076923076923,4.835051546391752
516,227,17.363636363636363,4.832460732984293
517,315,14.61111111111111,4.901140684410646
518,432,15.869565217391305,5.128767123287672
519,422,11.666666666666666,4.928571428571429
520,475,15.615384615384617,4.825123152709359
521,484,13.666666666666666,5.2560975609756095
522,298,12.1,4.851239669421488
523,201,11.533333333333331,4.901734104046243
524,348,16.11764705882353,5.124087591240876
525,300,12.68421052631579,4.618257261410788
526,329,17.6875,5.229681978798586
527,180,9.666666666666666,4.889655172413793
528,103,12.142857142857142,4.8352941176470585
529,207,11.714285714285714,4.689024390243903
530,231,15.083333333333334,4.640883977900552
531,610,19.142857142857142,5.227611940298507
532,179,16.555555555555557,5.308724832214765
533,150,12.1,4.801652892561983
534,206,12.285714285714286,4.924418604651163
535,173,13.8,4.956521739130435
536,202,16.1,4.863354037267081
537,66,12.0,4.4375
538,381,10.964285714285714,4.612377850162867
539,449,12.892857142857142,4.761772853185596
540,183,20.125,5.248447204968944
541,114,12.0,4.59375
542,524,24.0,5.081140350877193
543,189,20.125,4.950310559006211
544,268,17.923076923076923,4.8111587982832615
545,130,10.2,4.519607843137255
546,227,8.333333333333334,4.725714285714286
547,354,14.227272727272728,4.993610223642173
548,160,10.416666666666666,4.872
549,349,17.6875,4.689045936395759
550,483,19.181818181818183,4.812796208530806
551,165,15.75,5.119047619047619
552,187,21.142857142857142,5.087837837837838
553,113,10.333333333333334,4.881720430107527
554,392,14.695652173913045,4.866863905325443
555,232,20.3,4.729064039408867
556,324,10.5,4.575091575091575
557,114,10.333333333333334,4.483870967741935
558,492,14.928571428571429,4.861244019138756
559,108,22.5,4.633333333333334
560,210,9.444444444444445,4.629411764705883
561,311,11.818181818181818,5.080769230769231
562,45,11.0,4.636363636363637
563,165,10.692307692307692,4.9640287769784175
564,479,17.956521739130434,5.147699757869249
565,177,14.9,4.644295302013423
566,328,13.9,5.043165467625899
567,270,16.266666666666666,5.14344262295082
568,297,14.764705882352942,5.163346613545817
569,253,19.454545454545453,5.079439252336448
570,203,16.7,5.083832335329341
571,785,19.857142857142858,4.975539568345324
572,317,18.785714285714285,4.726235741444867
573,260,13.0,4.668269230769231
574,296,16.933333333333334,4.834645669291339
575,313,15.4375,4.465587044534413
576,295,17.5,4.987755102040817
577,260,17.923076923076923,4.72961373390558
578,226,13.785714285714286,4.922279792746114
579,69,9.166666666666666,5.327272727272727
580,379,14.0,5.059006211180124
581,367,15.7,4.767515923566879
582,84,11.666666666666666,4.485714285714286
583,249,15.357142857142858,4.837209302325581
584,622,16.46875,4.838709677419355
585,296,25.5,5.031372549019608
586,17,3.0,4.0
587,282,30.0,5.066666666666666
588,186,13.818181818181818,4.7105263157894735
589,73,12.2,4.557377049180328
590,314,17.066666666666666,5.3515625
591,614,18.857142857142858,4.867424242424242
592,198,16.8,4.666666666666667
593,222,17.09090909090909,5.276595744680851
594,835,12.839285714285714,4.7454798331015295
595,253,9.476190476190476,4.552763819095477
596,437,10.424242424242424,4.709302325581396
597,539,8.590909090909092,5.62962962962963
598,165,14.3,4.895104895104895
599,47,7.4,5.135135135135135
600,157,12.181818181818182,4.649253731343284
601,32,14.0,4.571428571428571
602,246,21.7,4.788018433179723
603,304,17.333333333333332,4.846153846153846
604,652,18.193548387096776,5.331560283687943
605,93,13.8,4.811594202898551
606,312,15.176470588235292,4.988372093023256
607,213,26.142857142857142,5.502732240437158
608,110,15.166666666666666,4.681318681318682
609,459,12.7,4.981627296587926
610,697,14.846153846153848,4.910189982728843
611,352,18.375,4.557823129251701
612,119,11.875,4.926315789473684
613,291,24.9,5.092369477911647
614,230,16.416666666666668,4.9238578680203045
615,318,17.8,4.842696629213483
616,304,20.07692307692308,5.049808429118774
617,329,16.529411764705884,5.501779359430605
618,123,14.714285714285714,4.466019417475728
619,293,23.454545454545453,4.662790697674419
620,227,15.0,4.779487179487179
621,204,13.153846153846152,4.380116959064328
622,244,13.666666666666666,4.951219512195122
623,286,9.44,5.148305084745763
624,107,8.8,4.511363636363637
625,366,19.53333333333333,4.617747440273037
626,507,16.615384615384617,4.824074074074074
627,382,13.478260869565217,4.635483870967742
628,290,11.6,4.849137931034483
629,202,20.375,4.717791411042945
630,161,11.333333333333334,4.220588235294118
631,622,15.363636363636363,5.108481262327416
632,204,14.0,4.619047619047619
633,548,21.272727272727277,4.993589743589744
634,241,11.27777777777778,4.586206896551724
635,500,16.846153846153847,5.0479452054794525
636,68,9.666666666666666,4.793103448275862
637,353,17.38888888888889,5.201277955271565
638,619,21.625,4.7514450867052025
639,351,19.866666666666667,5.208053691275167
640,253,14.266666666666667,4.574766355140187
641,153,20.83333333333333,5.2
642,336,17.5625,5.341637010676156
643,317,14.473684210526317,5.610909090909091
644,84,8.375,4.731343283582089
645,540,17.5,5.134065934065935
646,266,10.6,4.40566037735849
647,386,13.12,4.878048780487805
648,278,17.846153846153847,4.75
649,225,14.461538461538462,4.957446808510638
650,15,6.5,5.538461538461538
651,301,13.210526315789474,4.792828685258964
652,378,14.136363636363637,5.012861736334405
653,120,12.75,4.215686274509804
654,174,17.5,4.807142857142857
655,180,16.666666666666668,4.6466666666666665
656,167,12.545454545454543,4.485507246376812
657,484,29.857142857142858,5.337320574162679
658,188,13.0,5.147435897435898
659,370,16.25,4.9569230769230765
660,95,15.8,4.658227848101266
661,223,15.833333333333334,4.252631578947368
662,348,13.571428571428571,4.705263157894737
663,261,9.909090909090908,4.830275229357798
664,151,8.5,4.73109243697479
665,474,11.78125,4.641909814323608
666,225,10.705882352941176,5.087912087912088
667,309,20.153846153846157,4.854961832061068
668,325,18.53333333333333,4.780575539568345
669,934,16.97826086956522,4.73111395646607
670,160,11.25,4.42962962962963
671,366,14.714285714285714,5.407766990291262
672,287,16.0,4.858333333333333
673,255,11.11111111111111,4.645
674,530,25.944444444444443,4.985010706638116
675,277,9.565217391304348,4.431818181818182
676,258,21.7,4.972350230414746
677,208,9.5,4.783625730994152
678,142,11.7,4.717948717948718
679,177,13.818181818181818,5.032894736842105
680,263,14.333333333333334,4.753488372093023
681,168,13.363636363636363,5.17687074829932
682,169,10.307692307692308,4.902985074626866
683,178,11.153846153846152,4.6
684,184,16.88888888888889,4.625
685,339,13.904761904761903,5.023972602739726
686,128,15.571428571428571,4.504587155963303
687,415,16.0,5.065340909090909
688,164,11.909090909090908,4.580152671755725
689,159,10.5,5.301587301587301
690,111,11.0,4.988636363636363
691,300,14.22222222222222,4.90234375
692,313,18.642857142857142,4.5440613026819925
693,237,16.0,4.692708333333333
694,282,15.466666666666669,4.758620689655173
695,188,17.666666666666668,5.320754716981132
696,251,19.0,4.91866028708134
698,201,15.454545454545457,4.7176470588235295
699,252,16.153846153846153,4.719047619047619
700,225,27.142857142857142,5.478947368421053
701,161,13.2,4.651515151515151
702,216,8.894736842105264,4.905325443786983
703,215,18.6,4.618279569892473
704,321,19.357142857142858,4.822878228782288
705,110,14.333333333333334,4.616279069767442
706,853,17.666666666666668,5.2331536388140165
707,375,23.642857142857142,5.030211480362538
708,179,8.764705882352942,4.718120805369128
709,324,14.789473684210526,4.879003558718861
710,414,14.916666666666666,4.868715083798882
711,204,10.823529411764708,3.625
712,173,14.8,4.777027027027027
713,191,10.466666666666669,4.656050955414012
714,309,20.846153846153847,5.18450184501845
715,220,19.0,5.21578947368421
716,188,11.357142857142858,4.981132075471698
717,433,16.0,5.116847826086956
718,133,22.6,5.185840707964601
719,249,14.066666666666666,5.0663507109004735
720,363,19.375,4.961290322580645
721,418,25.357142857142858,5.256338028169014
722,147,24.0,4.108333333333333
723,352,19.8,4.94949494949495
724,200,21.125,4.822485207100592
725,267,15.333333333333334,5.060869565217391
726,227,20.666666666666668,4.811827956989247
727,163,10.23076923076923,4.954887218045113
728,333,11.5,4.442028985507246
729,778,18.764705882352946,5.032915360501567
730,204,25.428571428571427,4.668539325842697
731,772,31.61904761904762,5.057228915662651
732,410,13.28,4.774096385542169
733,209,11.8,4.892655367231638
734,370,12.625,4.897689768976898
735,396,14.956521739130435,4.744186046511628
736,272,17.0,4.800904977375565
737,409,21.647058823529413,4.994565217391305
738,273,10.272727272727272,4.486725663716814
739,207,14.666666666666666,5.227272727272728
740,241,10.0,4.835
741,427,16.954545454545453,5.008042895442359
742,163,22.5,4.822222222222222
743,128,17.833333333333332,4.850467289719626
744,189,13.833333333333334,4.77710843373494
745,243,21.7,5.184331797235023
746,251,15.307692307692308,4.552763819095477
747,126,15.142857142857142,4.820754716981132
748,400,19.05555555555556,5.198250728862973
749,231,18.09090909090909,5.040201005025126
750,368,15.95,5.181818181818182
751,270,14.058823529411764,5.058577405857741
752,132,7.285714285714286,4.686274509803922
753,298,13.263157894736842,4.976190476190476
754,606,19.11111111111111,4.937984496124031
755,95,10.0,4.775
756,362,18.58823529411765,5.022151898734177
757,332,17.9375,4.898954703832753
758,418,11.785714285714286,4.875757575757576
759,438,16.26086956521739,5.01336898395722
760,96,7.0,5.0
761,201,10.125,5.154320987654321
762,137,15.0,4.783333333333333
763,124,15.714285714285714,4.754545454545455
764,316,15.764705882352942,4.9664179104477615
765,222,17.8,4.98314606741573
766,161,17.125,5.109489051094891
767,222,11.375,5.0054945054945055
768,204,11.533333333333331,4.763005780346821
769,68,10.6,4.962264150943396
770,225,14.076923076923077,4.836065573770492
771,77,7.625,4.737704918032787
772,101,21.25,4.482352941176471
773,371,15.38095238095238,4.854489164086687
774,235,17.363636363636363,4.963350785340314
775,150,12.3,4.715447154471545
776,127,14.375,5.3130434782608695
777,116,8.166666666666666,4.73469387755102
778,185,10.857142857142858,4.6381578947368425
779,207,6.904761904761905,5.0137931034482754
780,296,10.772727272727272,5.1308016877637135
781,462,18.13636363636364,5.1152882205513786
782,200,13.75,4.775757575757575
783,166,11.416666666666666,4.948905109489052
784,218,13.923076923076923,4.430939226519337
785,297,23.454545454545453,5.124031007751938
786,177,19.25,5.136363636363637
787,129,13.5,5.324074074074074
788,29,5.0,5.35
789,112,14.0,5.071428571428571
790,156,13.2,5.098484848484849
791,233,12.3125,4.741116751269035
792,128,10.9,4.963302752293578
793,419,16.09090909090909,4.497175141242938
794,183,14.545454545454543,4.99375
795,269,15.714285714285714,5.0227272727272725
796,243,11.705882352941176,4.773869346733668
797,215,15.5,5.139784946236559
798,270,15.133333333333333,4.392070484581498
799,124,13.125,5.6
800,144,6.294117647058823,4.439252336448599
801,196,18.55555555555556,5.179640718562874
802,111,19.2,4.8125
803,195,17.77777777777778,4.3625
804,260,14.6,5.0228310502283104
805,107,9.22222222222222,4.650602409638554
806,210,20.666666666666668,4.768817204301075
807,200,16.0,4.914772727272728
808,370,14.227272727272728,4.9904153354632586
809,123,14.428571428571429,4.336633663366337
810,120,16.833333333333332,4.584158415841584
811,357,14.318181818181818,4.996825396825397
812,268,12.72222222222222,4.88646288209607
813,109,9.4,4.5212765957446805
814,264,15.266666666666667,5.187772925764192
815,138,19.33333333333333,4.353448275862069
816,125,12.25,5.091836734693878
817,315,10.458333333333334,4.705179282868526
818,482,14.925925925925926,4.727047146401985
819,120,16.833333333333332,4.851485148514851
820,372,14.0,5.142857142857143
821,117,17.166666666666668,5.048543689320389
822,133,11.5,4.973913043478261
823,231,19.33333333333333,5.045977011494253
824,109,15.5,5.408602150537634
825,309,13.894736842105264,5.075757575757576
826,141,15.125,4.818181818181818
827,317,17.933333333333334,5.055762081784387
828,323,21.76923076923077,4.819787985865724
829,377,18.166666666666668,4.862385321100917
830,87,14.0,4.642857142857143
831,275,21.90909090909091,4.933609958506224
832,267,11.5,4.478260869565218
833,198,16.2,4.685185185185185
834,108,16.166666666666668,5.030927835051546
835,572,14.529411764705882,5.080971659919029
836,472,18.13636363636364,4.869674185463659
837,240,11.941176470588236,4.729064039408867
838,308,18.857142857142858,5.215909090909091
839,290,16.2,4.695473251028806
840,246,14.0,4.785714285714286
841,112,11.75,4.861702127659575
842,60,11.25,5.866666666666666
843,127,10.5,4.647619047619048
844,112,15.333333333333334,4.728260869565218
845,254,14.357142857142858,5.567164179104478
846,551,13.428571428571429,4.751063829787234
847,222,17.0,4.957219251336898
848,269,17.615384615384617,4.956331877729258
849,218,27.428571428571427,5.328125
850,196,13.23076923076923,5.098837209302325
851,175,14.4,4.708333333333333
852,143,14.22222222222222,4.703125
853,356,24.692307692307693,4.816199376947041
854,237,19.272727272727277,4.882075471698113
855,162,12.454545454545457,4.532846715328467
856,172,12.333333333333334,4.736486486486487
857,66,19.0,4.543859649122807
858,363,18.058823529411764,4.736156351791531
859,145,12.5,5.0
860,188,13.083333333333334,5.127388535031847
861,241,13.4,4.731343283582089
862,193,13.416666666666666,5.037267080745342
863,174,13.272727272727272,5.417808219178082
864,202,15.909090909090908,4.817142857142857
865,167,18.0,4.930555555555555
866,491,15.77777777777778,4.969483568075117
867,167,11.083333333333334,5.43609022556391
868,197,10.8,4.567901234567901
869,221,19.5,4.671794871794872
870,161,20.857142857142858,5.082191780821918
871,307,22.0,5.03030303030303
872,147,12.0,4.966666666666667
873,88,12.5,5.026666666666666
874,333,18.33333333333333,4.665454545454545
875,232,13.642857142857142,4.680628272251309
876,379,13.391304347826088,5.422077922077922
877,161,11.5,5.152173913043479
878,154,12.5,4.56
879,221,19.0,4.568421052631579
880,145,20.5,4.682926829268292
881,227,16.166666666666668,4.84020618556701
882,86,8.5,5.014705882352941
883,164,9.571428571428571,4.888059701492537
884,33,8.333333333333334,4.8
885,593,17.655172413793103,4.830078125
886,107,12.714285714285714,5.134831460674158
887,128,13.625,5.311926605504588
888,302,13.210526315789474,4.597609561752988
889,446,13.464285714285714,4.816976127320955
890,160,14.22222222222222,5.421875
891,248,9.761904761904765,5.204878048780488
892,174,10.076923076923077,5.290076335877862
893,156,14.88888888888889,5.029850746268656
894,236,15.461538461538462,4.552238805970149
895,234,10.157894736842104,4.414507772020725
896,112,9.666666666666666,5.482758620689655
897,452,15.916666666666666,5.073298429319372
898,252,9.761904761904765,4.639024390243902
899,262,12.176470588235292,4.603864734299517
900,339,18.375,5.197278911564626
901,38,14.0,4.25
902,353,19.933333333333334,5.11371237458194
903,522,20.40909090909091,4.839643652561247
904,207,13.833333333333334,4.686746987951807
905,236,13.642857142857142,4.439790575916231
906,117,14.0,4.887755102040816
907,945,13.883333333333333,4.815126050420168
908,301,13.473684210526317,4.78125
909,119,16.166666666666668,4.618556701030927
910,205,14.0,4.654761904761905
911,55,10.75,4.697674418604652
912,210,13.071428571428571,5.032786885245901
913,222,18.1,4.972375690607735
914,331,7.757575757575758,4.37109375
915,200,16.6,5.120481927710843
916,378,12.038461538461538,4.888178913738019
917,131,8.416666666666666,4.702970297029703
918,166,9.4,4.74468085106383
919,68,13.5,5.037037037037037
920,285,13.352941176470589,4.39647577092511
921,153,14.666666666666666,5.053030303030303
922,143,10.272727272727272,4.247787610619469
923,226,13.285714285714286,4.629032258064516
924,219,18.8,4.946808510638298
925,99,17.2,5.232558139534884
926,91,12.333333333333334,4.945945945945946
927,507,19.318181818181817,5.171764705882353
928,131,17.0,4.949579831932773
929,426,11.310344827586206,5.304878048780488
930,51,21.5,4.5813953488372094
931,282,17.692307692307693,4.539130434782609
932,478,18.13636363636364,4.458646616541353
933,443,17.904761904761905,4.797872340425532
934,145,15.875,4.2204724409448815
935,271,16.153846153846153,4.647619047619048
936,160,15.22222222222222,5.0
937,183,15.9,4.528301886792453
938,117,10.0,4.7
939,37,10.0,4.133333333333334
940,197,19.0,5.192982456140351
941,154,13.4,5.022388059701493
942,128,10.6,5.575471698113208
943,350,14.047619047619047,4.430508474576271
944,21,6.0,4.722222222222222
945,241,11.352941176470589,5.409326424870466
946,151,14.22222222222222,5.515625
947,144,10.636363636363637,4.7094017094017095
948,144,13.666666666666666,4.796747967479675
949,290,27.33333333333333,4.829268292682927
950,111,12.0,5.09375
951,239,11.933333333333334,4.41340782122905
952,233,16.416666666666668,5.269035532994923
953,142,13.0,4.811965811965812
954,197,16.7,4.634730538922156
955,441,19.55,4.976982097186701
956,195,16.5,5.1454545454545455
957,185,11.846153846153848,5.058441558441558
958,29,11.0,5.227272727272728
959,633,19.41379310344828,5.175843694493783
960,153,13.88888888888889,4.816
961,44,11.333333333333334,4.941176470588236
962,225,14.692307692307692,4.696335078534031
963,370,14.454545454545457,4.776729559748428
964,252,17.25,4.536231884057971
965,167,13.8,5.115942028985507
966,205,12.285714285714286,4.8313953488372094
967,103,14.666666666666666,4.613636363636363
968,125,9.5,5.042105263157895
969,400,15.181818181818182,4.9880239520958085
970,167,11.75,5.26241134751773
971,344,19.933333333333334,4.511705685618729
972,167,12.2,4.950819672131147
973,192,10.133333333333333,4.526315789473684
974,164,17.875,4.594405594405594
975,377,12.8,4.953125
976,184,13.818181818181818,5.289473684210527
977,166,17.375,4.64748201438849
978,20,7.5,5.0
979,276,16.714285714285715,4.987179487179487
980,288,11.857142857142858,4.815261044176707
981,129,14.25,5.008771929824562
982,151,11.636363636363637,4.4296875
983,217,12.6,4.73015873015873
984,289,16.533333333333335,5.213709677419355
985,147,10.636363636363637,5.0256410256410255
986,238,13.357142857142858,4.566844919786096
987,238,18.454545454545453,4.990147783251231
988,209,18.7,4.588235294117647
989,181,18.0,4.875
990,123,14.714285714285714,4.650485436893204
991,291,19.46153846153846,4.984189723320158
992,189,13.909090909090908,5.111111111111111
993,121,9.22222222222222,4.72289156626506
994,80,13.0,4.753846153846154
995,187,20.25,4.777777777777778
996,147,18.285714285714285,4.7578125
997,317,16.875,4.614814814814815
998,132,11.444444444444445,4.766990291262136
999,504,13.8,4.871980676328502
1000,638,25.90909090909091,5.482456140350878
1001,132,7.857142857142857,4.6909090909090905
1002,104,15.0,5.7
1003,112,13.571428571428571,5.326315789473684
1004,244,25.75,5.228155339805825
1005,108,8.444444444444445,4.302631578947368
1006,208,23.0,4.657608695652174
1007,305,27.444444444444443,4.77327935222672
1008,180,14.9,5.194630872483222
1009,217,17.8,4.224719101123595
1010,118,13.571428571428571,5.189473684210526
1011,857,9.726027397260276,4.798591549295774
1012,220,11.666666666666666,4.817142857142857
1013,135,10.3,4.679611650485437
1014,576,25.0,5.018947368421053
1015,230,18.1,4.696132596685083
1016,271,15.642857142857142,4.744292237442922
1017,108,7.0,4.726190476190476
1018,154,15.75,4.420634920634921
1019,202,21.125,4.887573964497041
1020,227,9.15,4.841530054644808
1021,426,18.2,4.914835164835165
1022,167,15.77777777777778,5.274647887323944
1023,231,19.8,4.6767676767676765
1024,118,19.2,5.4375
1025,87,7.666666666666667,4.579710144927536
1026,278,11.85,5.156118143459915
1027,119,12.25,4.959183673469388
1028,150,12.2,4.401639344262295
1029,107,10.875,4.942528735632184
1030,110,14.5,4.724137931034483
1031,105,10.5,4.904761904761905
1032,156,9.846153846153848,4.7578125
1033,149,9.833333333333334,4.796610169491525
1034,232,12.733333333333333,5.073298429319372
1035,217,12.692307692307692,5.127272727272727
1036,118,12.0,5.25
1037,311,15.705882352941176,5.074906367041199
1038,115,10.22222222222222,4.923913043478261
1039,147,11.7,5.256410256410256
1040,109,9.3,5.032258064516129
1041,122,9.181818181818182,4.346534653465347
1042,99,8.333333333333334,4.56
1043,255,17.833333333333332,5.0046728971962615
1044,81,7.875,4.634920634920635
1045,200,12.538461538461538,4.785276073619632
1046,324,20.142857142857142,5.060283687943262
1047,233,13.285714285714286,4.811827956989247
1048,119,10.0,4.966666666666667
1049,110,11.25,4.866666666666666
1050,150,16.25,4.6923076923076925
1051,193,10.5625,4.57396449704142
1052,212,14.916666666666666,4.754189944134078
1053,610,21.52,5.243494423791821
1054,176,15.2,4.789473684210527
1055,92,12.166666666666666,4.849315068493151
1056,191,18.55555555555556,5.203592814371257
1057,282,11.736842105263158,4.887892376681615
1058,103,16.4,4.902439024390244
1059,352,21.142857142857142,5.125
1060,160,16.75,4.417910447761194
1061,341,13.090909090909092,4.604166666666667
1062,134,15.571428571428571,4.752293577981652
1063,215,12.142857142857142,4.823529411764706
1064,179,10.642857142857142,4.463087248322148
1065,193,14.727272727272728,4.648148148148148
1066,274,16.285714285714285,4.706140350877193
1067,215,14.75,4.887005649717514
1068,283,21.09090909090909,4.75
1069,148,22.166666666666668,5.142857142857143
1070,25,9.0,5.055555555555555
1071,234,14.071428571428571,5.324873096446701
1072,277,10.5,4.597402597402597
1073,159,16.5,4.901515151515151
1074,173,14.2,4.809859154929577
1075,302,11.476190476190476,4.593360995850622
1076,107,11.625,4.612903225806452
1077,300,19.428571428571427,5.448529411764706
1078,151,11.909090909090908,4.916030534351145
1079,218,18.0,4.833333333333333
1080,231,13.266666666666667,5.150753768844221
1081,115,10.555555555555555,4.2631578947368425
1082,143,7.333333333333333,4.963636363636364
1083,179,12.833333333333334,4.805194805194805
1084,108,9.3,5.075268817204301
1085,158,13.6,4.801470588235294
1086,287,17.692307692307693,5.056521739130435
1087,372,14.85,5.205387205387205
1088,143,16.714285714285715,4.846153846153846
1089,175,17.625,5.00709219858156
1090,250,10.263157894736842,5.271794871794872
1091,202,14.916666666666666,5.033519553072626
1092,224,9.05,4.87292817679558
1093,127,13.25,4.764150943396227
1094,131,16.666666666666668,4.93
1095,16,7.0,4.0
1096,80,9.285714285714286,4.846153846153846
1097,261,12.0,4.485294117647059
1098,232,16.083333333333332,5.212435233160622
1099,167,14.444444444444445,4.830769230769231
1100,136,11.4,4.964912280701754
1101,161,14.11111111111111,5.007874015748032
1102,319,15.555555555555555,4.75
1103,186,11.428571428571429,4.7625
1104,181,10.923076923076923,4.73943661971831
1105,143,17.0,5.050420168067227
1106,262,13.0625,4.9330143540669855
1107,339,15.157894736842104,4.854166666666667
1108,223,12.466666666666669,4.93048128342246
1109,171,9.2,4.934782608695652
1110,241,20.4,4.651960784313726
1111,130,17.166666666666668,4.980582524271845
1112,694,15.17948717948718,4.805743243243243
1113,252,13.866666666666667,5.394230769230769
1114,120,11.875,5.105263157894737
1115,488,10.702702702702704,4.707070707070707
1116,318,13.63157894736842,4.984555984555985
1117,86,9.857142857142858,5.579710144927536
1118,418,15.0,5.111111111111111
1119,121,13.714285714285714,5.354166666666667
1120,225,15.416666666666666,4.675675675675675
1121,161,16.875,4.5777777777777775
1122,107,12.833333333333334,4.818181818181818
1123,191,12.307692307692308,4.99375
1124,410,26.571428571428573,5.099462365591398
1125,161,10.461538461538462,4.794117647058823
1126,221,13.0,4.758241758241758
1127,118,10.555555555555555,4.852631578947369
1128,224,13.928571428571429,4.902564102564103
1129,289,16.866666666666667,4.664031620553359
1130,618,18.285714285714285,4.91015625
1131,227,16.583333333333332,4.984924623115578
1132,80,10.833333333333334,4.7846153846153845
1133,277,13.11111111111111,4.6991525423728815
1134,173,12.0,4.861111111111111
1135,153,9.384615384615383,5.090163934426229
1136,224,12.928571428571429,5.0497237569060776
1137,120,16.333333333333332,5.255102040816326
1138,124,15.285714285714286,4.962616822429907
1139,132,12.555555555555555,4.601769911504425
1140,162,17.125,4.7226277372262775
1141,159,14.11111111111111,4.582677165354331
1142,21,8.5,4.588235294117647
1143,205,14.909090909090908,4.762195121951219
1144,192,11.76923076923077,4.57516339869281
1145,33,13.5,5.185185185185185
1146,162,18.0,4.76984126984127
1147,395,16.333333333333332,5.034985422740525
1148,183,12.666666666666666,4.651315789473684
1149,225,16.181818181818183,5.056179775280899
1150,245,17.25,4.78743961352657
1151,215,16.636363636363637,4.978142076502732
1152,39,14.5,5.448275862068965
1153,125,11.77777777777778,4.349056603773585
1154,174,11.692307692307692,5.065789473684211
1155,172,19.375,4.361290322580645
1156,161,19.857142857142858,4.517985611510792
1157,586,17.923076923076923,4.566523605150215
1158,266,19.0,4.7368421052631575
1159,243,16.833333333333332,4.643564356435643
1160,109,12.375,5.08080808080808
1161,157,11.166666666666666,5.059701492537314
1162,181,14.454545454545457,4.60377358490566
1163,195,18.88888888888889,4.588235294117647
1164,167,13.9,5.093525179856115
1165,464,14.407407407407408,5.102827763496144
1166,184,19.5,4.884615384615385
1167,140,15.0,5.0
1168,78,16.0,4.796875
1169,278,15.0625,5.153526970954357
1170,177,14.7,4.857142857142857
1171,164,17.125,4.452554744525547
1172,150,18.142857142857142,5.322834645669292
1173,246,15.76923076923077,4.8585365853658535
1174,149,10.545454545454543,5.0344827586206895
1175,300,6.54054054054054,4.475206611570248
1176,170,10.307692307692308,4.186567164179104
1177,172,18.625,4.852348993288591
1178,225,23.375,5.245989304812834
1179,184,16.444444444444443,5.202702702702703
1180,112,9.88888888888889,5.280898876404494
1181,203,14.5,4.724137931034483
1182,256,16.692307692307693,4.953917050691245
1183,49,10.0,5.325
1184,189,12.153846153846152,4.854430379746836
1185,190,11.846153846153848,4.714285714285714
1186,259,17.76923076923077,5.03030303030303
1187,141,12.88888888888889,5.353448275862069
1188,159,16.625,4.481203007518797
1189,294,20.83333333333333,4.964
1190,221,17.5,4.645714285714286
1191,165,11.666666666666666,5.071428571428571
1192,167,8.625,5.021739130434782
1193,108,11.75,4.97872340425532
1194,109,7.916666666666667,5.442105263157894
1195,77,9.285714285714286,5.338461538461538
1196,223,16.416666666666668,5.035532994923858
1197,131,13.857142857142858,4.649484536082475
1198,107,11.0,4.488636363636363
1199,194,18.0,4.91358024691358
1200,99,11.0,5.337662337662338
1201,140,9.916666666666666,5.361344537815126
1202,218,17.09090909090909,4.696808510638298
1203,159,14.88888888888889,4.619402985074627
1204,298,15.6875,5.103585657370518
1205,254,11.166666666666666,4.557213930348259
1206,43,13.0,4.974358974358975
1207,120,10.77777777777778,5.618556701030927
1208,227,22.375,4.620111731843576
1209,209,15.909090909090908,4.845714285714286
1210,337,19.642857142857142,4.92
1211,248,9.285714285714286,4.933333333333334
1212,124,12.875,4.844660194174757
1213,181,16.333333333333332,4.9727891156462585
1214,127,9.363636363636363,5.087378640776699
1215,146,11.6,4.706896551724138
1216,183,10.0,5.1066666666666665
1217,220,10.411764705882351,4.491525423728813
1218,299,15.4375,5.109311740890688
1219,173,8.533333333333333,4.7421875
1220,166,7.166666666666667,5.635658914728682
1221,113,10.75,4.709302325581396
1222,260,13.4375,5.330232558139535
1223,284,10.904761904761903,4.602620087336245
1224,168,9.333333333333334,4.485714285714286
1225,184,15.4,4.525974025974026
1226,339,11.956521739130435,4.694545454545454
1227,176,11.75,4.24113475177305
1228,79,28.5,4.649122807017544
1229,130,15.142857142857142,4.79245283018868
1230,207,14.416666666666666,5.040462427745664
1231,142,11.8,5.322033898305085
1232,101,14.666666666666666,4.806818181818182
1233,30,8.0,5.458333333333333
1234,108,12.428571428571429,5.2298850574712645
1235,138,13.0,5.076923076923077
1236,155,17.714285714285715,4.951612903225806
1237,207,13.153846153846152,4.789473684210527
1238,140,10.454545454545457,5.260869565217392
1239,169,14.0,5.035714285714286
1240,205,11.466666666666669,4.976744186046512
1241,24,6.333333333333333,4.2105263157894735
1242,99,13.833333333333334,4.421686746987952
1243,12,5.0,4.6
1244,179,12.25,5.149659863945578
1245,234,17.083333333333332,4.926829268292683
1246,144,10.363636363636363,4.9035087719298245
1247,309,12.761904761904765,4.940298507462686
1248,273,19.0,5.171052631578948
1249,355,11.423076923076923,5.016835016835016
1250,111,9.88888888888889,4.797752808988764
1251,171,20.571428571428573,5.083333333333333
1252,417,14.25,5.093567251461988
1253,403,11.607142857142858,5.224615384615385
1254,208,12.538461538461538,5.153374233128834
1255,116,12.25,5.346938775510204
1256,123,13.0,4.913461538461538
1257,368,19.6875,4.869841269841269
1258,335,15.052631578947368,4.965034965034965
1259,232,12.1875,5.112820512820512
1260,169,10.214285714285714,4.895104895104895
1261,218,13.142857142857142,4.603260869565218
1262,357,19.0,4.894736842105263
1263,129,14.285714285714286,4.84
1264,302,19.142857142857142,4.951492537313433
1265,269,17.846153846153847,4.543103448275862
1266,317,15.705882352941176,5.378277153558052
1267,146,8.538461538461538,5.324324324324325
1268,129,12.875,5.087378640776699
1269,216,12.357142857142858,4.757225433526012
1270,109,7.818181818181818,4.906976744186046
1271,167,9.133333333333333,4.897810218978102
1272,177,21.857142857142858,5.183006535947713
1273,117,12.875,5.203883495145631
1274,483,17.26086956521739,4.740554156171284
1275,119,10.77777777777778,5.175257731958763
1276,330,16.0,4.961805555555555
1277,391,17.789473684210527,5.020710059171598
1278,314,19.357142857142858,4.693726937269373
1279,185,17.444444444444443,4.821656050955414
1280,200,14.333333333333334,4.616279069767442
1281,176,22.285714285714285,5.128205128205129
1282,219,20.77777777777778,4.93048128342246
1283,152,17.857142857142858,5.424
1284,324,15.22222222222222,4.718978102189781
1285,234,22.666666666666668,4.813725490196078
1286,181,16.22222222222222,4.801369863013699
1287,316,13.55,5.0
1288,213,12.692307692307692,4.86060606060606
1289,120,12.75,3.9901960784313726
1290,150,15.5,4.806451612903226
1291,325,12.80952380952381,4.888475836431227
1292,347,16.833333333333332,4.775577557755776
1293,98,14.0,4.833333333333333
1294,20,9.0,4.388888888888889
1295,180,13.090909090909092,5.451388888888889
1296,256,15.066666666666666,5.084070796460177
1297,510,15.77777777777778,4.917840375586854
1298,344,12.782608695652174,5.23469387755102
1299,169,9.533333333333331,5.433566433566433
1300,137,17.142857142857142,4.691666666666666
1301,245,25.75,5.097087378640777
1302,265,14.333333333333334,5.427906976744186
1303,365,19.3125,4.9546925566343045
1304,164,15.666666666666666,4.851063829787234
1305,154,9.461538461538462,4.967479674796748
1306,188,22.857142857142858,5.3625
1307,193,17.22222222222222,4.825806451612904
1308,137,17.142857142857142,5.4
1309,195,12.75,4.666666666666667
1310,218,17.363636363636363,4.958115183246074
1311,160,11.416666666666666,4.905109489051095
1312,152,12.8,4.5234375
1313,268,13.625,4.944954128440367
1314,316,15.333333333333334,4.786231884057971
1315,85,12.0,5.236111111111111
1316,507,18.75,5.004444444444444
1317,116,16.833333333333332,5.0495049504950495
1318,196,21.625,4.971098265895954
1319,224,13.285714285714286,5.112903225806452
1320,219,17.181818181818183,4.920634920634921
1321,245,12.235294117647058,5.052884615384615
1322,174,20.571428571428573,4.861111111111111
1323,101,8.777777777777779,4.835443037974684
1324,266,13.5625,4.580645161290323
1325,313,17.125,5.025547445255475
1326,214,15.333333333333334,4.728260869565218
1327,173,11.0,4.769230769230769
1328,330,14.45,4.847750865051904
1329,179,21.142857142857142,4.871621621621622
1330,198,10.846153846153848,4.787234042553192
1331,134,16.428571428571427,5.0
1332,227,20.0,5.275
1333,323,14.052631578947368,4.932584269662922
1334,201,16.09090909090909,5.203389830508475
1335,132,10.8,5.333333333333333
1336,206,14.916666666666666,4.770949720670391
1337,70,10.166666666666666,5.770491803278689
1338,272,11.3,5.128318584070796
1339,173,15.1,5.0198675496688745
1340,45,14.5,5.620689655172414
1341,264,14.5,5.163793103448276
1342,398,16.61904761904762,4.9054441260744985
1343,131,14.5,5.086206896551724
1344,191,16.0,4.71875
1345,164,9.714285714285714,5.154411764705882
1346,212,9.555555555555555,4.796511627906977
1347,218,15.25,5.327868852459017
1348,172,10.928571428571429,5.294117647058823
1349,122,12.5,5.59
1350,223,15.166666666666666,5.049450549450549
1351,191,18.0,5.320987654320987
1352,320,16.75,5.227611940298507
1353,243,13.8,4.985507246376812
1354,211,18.2,4.917582417582418
1355,142,20.5,5.227642276422764
1356,138,20.166666666666668,4.9421487603305785
1357,275,11.55,5.008658008658009
1358,84,10.0,5.185714285714286
1359,282,13.647058823529411,4.814655172413793
1360,191,17.0,4.970588235294118
1361,179,13.090909090909092,4.805555555555555
1362,276,11.6,5.073275862068965
1363,297,13.944444444444445,5.00796812749004
1364,445,16.695652173913043,4.815104166666667
1365,249,13.2,5.0606060606060606
1366,150,14.77777777777778,5.293233082706767
1367,178,16.444444444444443,4.72972972972973
1368,213,11.533333333333331,4.942196531791907
1369,149,21.0,5.015873015873016
1370,148,8.357142857142858,4.700854700854701
1371,182,11.76923076923077,5.006535947712418
1372,267,19.166666666666668,4.952173913043478
1373,215,14.333333333333334,4.691860465116279
1374,245,11.27777777777778,4.403940886699507
1375,152,13.77777777777778,4.895161290322581
1376,473,20.7,4.951690821256038
1377,207,15.454545454545457,4.882352941176471
1378,188,13.583333333333334,4.7607361963190185
1379,106,9.444444444444445,5.247058823529412
1380,157,9.692307692307692,4.4523809523809526
1381,27,11.5,3.9565217391304346
1382,189,12.916666666666666,5.038709677419355
1383,206,13.307692307692308,4.988439306358382
1384,390,19.05555555555556,4.501457725947522
1385,240,13.933333333333334,4.971291866028708
1386,232,16.916666666666668,5.044334975369458
1387,181,12.384615384615383,5.043478260869565
1388,157,14.77777777777778,5.593984962406015
1389,209,17.7,4.728813559322034
1390,149,16.0,4.6796875
1391,274,11.526315789473683,4.812785388127854
1392,302,13.0,4.842307692307692
1393,31,7.666666666666667,4.565217391304348
1394,149,17.142857142857142,5.033333333333333
1395,189,10.428571428571429,4.671232876712328
1396,98,8.555555555555555,4.545454545454546
1397,20,7.5,5.333333333333333
1398,139,15.714285714285714,4.654545454545454
1399,159,16.0,5.284722222222222
1400,253,12.529411764705882,4.615023474178404
1401,174,16.22222222222222,4.575342465753424
1402,156,9.142857142857142,4.7890625
1403,342,15.27777777777778,4.658181818181818
1404,193,12.416666666666666,4.798657718120805
1405,115,12.857142857142858,4.5777777777777775
1406,142,12.555555555555555,4.460176991150442
1407,92,18.75,4.8
1408,201,13.0,5.21301775147929
1409,102,11.0,5.0227272727272725
1410,160,18.142857142857142,4.590551181102362
1411,216,17.9,4.435754189944134
1412,170,25.0,4.886666666666667
1413,313,10.115384615384617,4.395437262357414
1414,222,14.076923076923077,4.885245901639344
1415,156,19.285714285714285,4.622222222222222
1416,187,14.909090909090908,4.920731707317073
1417,279,13.764705882352942,4.452991452991453
1418,229,17.545454545454547,4.953367875647668
1419,317,18.33333333333333,5.138181818181818
1420,333,12.08695652173913,4.68705035971223
1421,156,14.666666666666666,4.75
1422,94,10.0,5.0375
1423,165,16.22222222222222,5.294520547945205
1424,200,14.545454545454543,5.10625
1425,67,5.111111111111111,5.934782608695652
1426,339,15.166666666666666,4.6007326007326
1427,188,12.916666666666666,5.038709677419355
1428,135,19.0,5.087719298245614
1429,114,12.625,4.801980198019802
1430,143,10.454545454545457,4.626086956521739
1431,169,20.0,5.164285714285715
1432,83,11.666666666666666,4.671428571428572
1433,173,14.1,4.475177304964539
1434,370,24.615384615384617,5.165625
1435,220,14.384615384615383,4.855614973262032
1436,294,16.066666666666666,4.79253112033195
1437,139,17.857142857142858,4.632
1438,189,15.9,5.037735849056604
1439,204,16.9,4.4733727810650885
1440,152,6.0,5.105263157894737
1441,218,11.066666666666666,5.132530120481928
1442,355,19.375,4.835483870967742
1443,152,14.11111111111111,5.228346456692913
1444,222,12.928571428571429,4.580110497237569
1445,165,11.818181818181818,5.2384615384615385
1446,161,12.1,4.330578512396694
1447,122,10.1,5.1683168316831685
1448,231,11.176470588235292,4.721052631578948
1449,147,11.3,5.477876106194691
1450,176,21.142857142857142,5.067567567567568
1451,290,16.785714285714285,4.991489361702127
1452,344,18.73333333333333,4.92170818505338
1453,258,15.266666666666667,5.235807860262009
1454,235,12.4,4.553763440860215
1455,210,15.166666666666666,5.285714285714286
1456,168,14.6,5.068493150684931
1457,565,18.26923076923077,5.181052631578948
1458,115,14.0,4.877551020408164
1459,246,23.77777777777778,4.705607476635514
1460,130,14.428571428571429,4.801980198019802
1461,198,18.22222222222222,4.713414634146342
1462,179,15.1,5.443708609271523
1463,107,8.363636363636363,5.206521739130435
1464,206,18.1,5.640883977900552
1465,267,21.818181818181817,4.9
1466,189,17.11111111111111,5.402597402597403
1467,136,13.11111111111111,4.923728813559322
1469,251,13.125,5.014285714285714
1470,256,12.647058823529411,5.148837209302326
1471,292,14.470588235294118,4.739837398373984
1472,171,12.083333333333334,4.66896551724138
1473,328,18.0,4.384615384615385
1474,176,9.923076923076923,5.069767441860465
1475,208,13.615384615384617,4.570621468926554
1476,98,11.857142857142858,5.0602409638554215
1477,168,16.0,4.965277777777778
1478,168,9.76923076923077,4.551181102362205
1479,344,15.72222222222222,4.703180212014134
1480,110,9.88888888888889,4.898876404494382
1481,103,12.142857142857142,4.6117647058823525
1482,181,16.333333333333332,4.8979591836734695
1483,223,8.380952380952381,4.8352272727272725
1484,138,17.0,4.831932773109243
1485,152,16.375,5.099236641221374
1486,172,8.3125,5.090225563909774
1487,309,16.875,4.5814814814814815
1488,226,12.466666666666669,4.935828877005347
1489,190,15.8,5.132911392405063
1490,55,8.8,5.0
1491,151,7.5,4.6
1492,127,21.8,5.110091743119266
1493,180,18.714285714285715,4.312977099236641
1494,315,15.647058823529411,4.981203007518797
1495,141,12.1,4.801652892561983
1496,296,13.833333333333334,4.694779116465863
1497,285,18.692307692307693,4.930041152263375
1498,269,11.22222222222222,4.678217821782178
1499,163,9.846153846153848,4.609375
1500,217,17.7,4.954802259887006
1501,144,15.0,4.633333333333334
1502,344,14.095238095238097,4.408783783783784
1503,226,13.857142857142858,4.737113402061856
1504,83,10.666666666666666,4.828125
1505,315,18.066666666666663,4.944649446494465
1506,179,12.5,5.073333333333333
1507,164,13.272727272727272,5.1506849315068495
1508,172,16.88888888888889,5.4605263157894735
1509,143,19.166666666666668,4.626086956521739
1510,177,18.625,4.651006711409396
1511,160,10.23076923076923,4.609022556390977
1512,262,16.857142857142858,4.809322033898305
1513,141,15.25,4.557377049180328
1514,367,13.217391304347826,4.697368421052632
1515,325,21.214285714285715,5.299663299663299
1516,161,10.076923076923077,4.580152671755725
1517,23,10.5,4.095238095238095
1518,153,14.0,4.666666666666667
1519,274,14.666666666666666,4.818181818181818
1520,146,9.833333333333334,5.593220338983051
1521,194,8.833333333333334,4.880503144654088
1522,288,22.363636363636363,4.711382113821138
1523,141,13.555555555555555,4.409836065573771
1524,290,20.08333333333333,4.659751037344399
1525,360,10.642857142857142,4.8389261744966445
1526,164,12.636363636363637,4.640287769784172
1527,79,16.75,4.970149253731344
1528,279,13.5,4.699588477366255
1529,232,15.23076923076923,4.98989898989899
1530,226,11.0,5.392045454545454
1531,180,13.090909090909092,4.965277777777778
1532,206,15.25,5.0109289617486334
1533,156,10.333333333333334,4.943548387096774
1534,171,13.636363636363637,4.926666666666667
1535,189,13.083333333333334,4.8152866242038215
1536,173,14.2,4.767605633802817
1537,110,7.0,4.809523809523809
1538,218,16.333333333333332,5.005102040816326
1539,366,13.5,4.457912457912458
1540,247,16.46153846153846,4.939252336448599
1541,200,14.583333333333334,4.782857142857143
1542,108,10.625,4.8352941176470585
1543,235,15.916666666666666,4.68586387434555
1544,99,13.333333333333334,5.3125
1545,226,11.166666666666666,4.646766169154229
1546,206,7.666666666666667,4.695652173913044
1547,69,12.4,5.354838709677419
1548,267,15.928571428571429,4.959641255605381
1549,296,13.61111111111111,4.726530612244898
1550,263,12.666666666666666,4.956140350877193
1551,187,8.555555555555555,4.564935064935065
1552,140,23.4,4.846153846153846
1553,200,16.3,5.196319018404908
1554,187,11.846153846153848,4.740259740259741
1555,178,18.375,4.863945578231292
1556,162,12.181818181818182,5.059701492537314
1557,137,9.727272727272728,4.214953271028038
1558,165,13.2,4.962121212121212
1559,134,10.9,5.385321100917431
1560,127,16.0,4.427083333333333
1561,221,16.0,4.942708333333333
1562,113,12.0,4.1875
1563,346,10.807692307692308,4.775800711743773
1564,220,15.0,4.944444444444445
1565,246,17.5,5.3
1566,276,12.105263157894736,5.008695652173913
1567,163,9.928571428571429,5.179856115107913
1568,186,13.0,4.814102564102564
1569,352,16.88888888888889,4.769736842105263
1570,102,9.333333333333334,4.9523809523809526
1571,138,17.857142857142858,5.0
1572,164,9.538461538461538,5.088709677419355
1573,191,18.33333333333333,4.781818181818182
1574,96,12.5,4.986666666666666
1575,168,14.9,5.154362416107382
1576,251,14.0,4.985714285714286
1577,146,13.22222222222222,4.941176470588236
1578,233,14.357142857142858,4.736318407960199
1579,207,18.0,4.761111111111111
1580,165,11.333333333333334,4.647058823529412
1581,218,8.619047619047619,4.779005524861878
1582,154,15.22222222222222,4.686131386861314
1583,137,14.375,4.886956521739131
1584,311,16.0,4.90625
1585,239,12.4375,5.201005025125628
1586,151,9.75,5.222222222222222
1587,341,15.176470588235292,4.709302325581396
1588,100,14.666666666666666,5.238636363636363
1589,191,18.77777777777778,4.627218934911243
1590,283,17.714285714285715,4.717741935483871
1591,231,16.5,5.02020202020202
1592,135,11.3,4.814159292035399
1593,88,12.333333333333334,4.8108108108108105
1594,165,12.272727272727272,5.051851851851852
1595,76,8.714285714285714,5.147540983606557
1596,253,11.736842105263158,4.650224215246637
1597,228,14.384615384615383,4.877005347593583
1598,157,11.25,5.333333333333333
1599,111,11.625,5.053763440860215
1600,118,12.375,5.0606060606060606
1601,53,11.0,4.409090909090909
1602,153,10.75,4.930232558139535
1603,152,11.181818181818182,4.682926829268292
1604,467,15.24,4.6430446194225725
1605,494,12.06060606060606,4.7537688442211055
1606,287,14.470588235294118,4.857723577235772
1607,11,4.5,3.7777777777777777
1608,261,12.705882352941176,4.555555555555555
1609,129,19.33333333333333,4.965517241379311
1610,204,15.090909090909092,5.048192771084337
1611,115,16.6,5.493975903614458
1612,201,11.642857142857142,5.03680981595092
1613,202,11.142857142857142,4.846153846153846
1614,170,13.272727272727272,4.356164383561644
1615,149,17.714285714285715,4.935483870967742
1616,110,14.142857142857142,5.373737373737374
1617,143,13.77777777777778,4.806451612903226
1618,187,16.5,4.884848484848485
1619,602,17.1,5.04093567251462
1620,94,13.333333333333334,4.95
1621,151,15.5,5.314516129032258
1622,288,16.4,5.199186991869919
1623,15,4.5,4.222222222222222
1624,108,10.875,5.114942528735632
1625,146,17.714285714285715,4.92741935483871
1626,94,16.4,4.817073170731708
1627,267,12.38888888888889,5.121076233183857
1628,141,12.333333333333334,4.648648648648648
1629,126,10.0,4.57
1630,161,17.0,4.676470588235294
1631,120,11.11111111111111,5.06
1632,142,13.88888888888889,4.88
1633,178,17.333333333333332,4.807692307692308
1634,212,11.0,4.5852272727272725
1635,209,11.3125,4.6187845303867405
1636,131,13.125,4.685714285714286
1637,310,23.545454545454547,4.984555984555985
1638,103,7.454545454545454,4.329268292682927
1639,146,10.181818181818182,4.732142857142857
1640,221,12.266666666666667,5.086956521739131
1641,250,15.142857142857142,4.882075471698113
1642,168,10.214285714285714,4.489510489510489
1643,208,15.909090909090908,4.685714285714286
1644,158,10.25,4.455284552845528
1645,171,12.363636363636363,4.625
1646,230,20.0,4.63
1647,102,10.25,4.975609756097561
1648,97,10.125,4.395061728395062
1649,77,8.125,5.076923076923077
1650,324,14.736842105263158,4.742857142857143
1651,142,13.555555555555555,4.819672131147541
1652,126,10.7,4.97196261682243
1653,166,10.692307692307692,4.856115107913669
1654,231,17.90909090909091,4.538071065989848
1655,142,12.88888888888889,4.931034482758621
1656,271,6.0588235294117645,5.262135922330097
1657,184,15.4,5.3896103896103895
1658,128,15.428571428571429,5.083333333333333
1659,36,15.0,5.166666666666667
1660,102,12.714285714285714,4.685393258426966
1661,244,7.153846153846154,4.462365591397849
1662,249,11.38888888888889,4.912195121951219
1663,112,12.0,4.75
1664,152,11.818181818181818,4.830769230769231
1665,127,10.7,4.476635514018692
1666,136,10.6,4.688679245283019
1667,152,14.77777777777778,4.360902255639098
1668,199,13.75,4.787878787878788
1669,144,17.571428571428573,4.9105691056910565
1670,415,22.1875,4.814084507042254
1671,150,17.428571428571427,4.688524590163935
1672,74,15.75,4.7936507936507935
1673,160,12.7,4.551181102362205
1674,267,15.2,4.723684210526316
1675,125,10.1,5.118811881188119
1676,132,10.090909090909092,4.774774774774775
1677,212,16.90909090909091,4.559139784946237
1678,122,9.272727272727272,5.019607843137255
1679,99,9.555555555555555,4.767441860465116
1680,226,11.733333333333333,4.579545454545454
1681,87,14.8,5.283783783783784
1682,172,8.75,4.242857142857143
1683,151,9.538461538461538,4.709677419354839
1684,142,9.0,5.0085470085470085
1685,97,17.0,4.423529411764706
1686,241,11.333333333333334,4.828431372549019
1687,88,10.285714285714286,4.736111111111111
1688,156,13.22222222222222,4.773109243697479
1689,112,8.181818181818182,4.755555555555556
1690,153,11.090909090909092,4.565573770491803
1691,199,19.11111111111111,4.604651162790698
1692,124,17.666666666666668,4.584905660377358
1693,177,13.083333333333334,4.929936305732484
1694,152,9.23076923076923,4.241666666666666
1695,161,12.181818181818182,4.350746268656716
1696,156,11.181818181818182,4.536585365853658
1697,101,14.166666666666666,4.776470588235294
1698,42,17.5,4.514285714285714
1699,159,10.153846153846152,4.553030303030303
1700,220,13.923076923076923,5.232044198895028
1701,120,9.8,4.877551020408164
1702,111,14.0,4.969387755102041
1703,241,6.62962962962963,4.687150837988827
1704,150,15.375,5.162601626016261
1705,92,7.6,4.75
1706,202,10.1875,4.779141104294479
1707,148,16.0,4.8984375
1708,372,12.916666666666666,5.238709677419354
1709,27,5.0,4.35
1710,220,16.166666666666668,5.154639175257732
1711,187,18.0,4.864197530864198
1712,140,12.333333333333334,5.36936936936937
1713,268,15.857142857142858,4.36936936936937
1714,236,7.346153846153846,4.5811518324607325
1715,222,21.33333333333333,4.791666666666667
1716,242,15.846153846153848,4.922330097087379
1717,178,7.15,4.755244755244755
1718,200,14.583333333333334,4.44
1719,87,11.833333333333334,5.042253521126761
1720,301,14.0,4.804511278195489
1721,121,10.0,4.9
1722,176,10.214285714285714,4.685314685314685
1723,260,12.055555555555555,4.658986175115207
1724,166,8.933333333333334,4.932835820895522
1725,112,8.272727272727273,4.483516483516484
1726,222,19.0,4.773684210526316
1727,178,12.75,4.849673202614379
1728,148,15.625,5.032
1729,133,11.88888888888889,4.271028037383178
1730,237,10.31578947368421,4.459183673469388
1731,222,12.5,4.771428571428571
1732,396,16.333333333333332,4.892128279883382
1733,189,9.933333333333334,4.577181208053691
1734,109,15.333333333333334,4.880434782608695
1735,220,11.866666666666667,4.674157303370786
1736,132,14.0,4.901785714285714
1737,154,10.0,4.758333333333334
1738,148,16.75,4.7388059701492535
1739,115,9.5,5.0
1740,519,21.047619047619047,4.98868778280543
1741,114,12.833333333333334,5.012987012987013
1742,129,15.857142857142858,4.297297297297297
1743,181,16.555555555555557,4.771812080536913
1744,159,11.909090909090908,5.00763358778626
1745,167,15.666666666666666,4.971631205673759
1746,500,15.923076923076923,4.997584541062802
1747,217,9.764705882352942,5.006024096385542
1748,252,21.6,4.875
1749,239,9.285714285714286,4.8
1750,54,11.0,4.613636363636363
1751,119,11.22222222222222,4.732673267326732
1752,176,15.444444444444445,4.683453237410072
1753,136,11.0,5.2
1754,164,13.9,4.726618705035971
1755,130,11.88888888888889,5.299065420560748
1756,242,17.166666666666668,5.650485436893204
1757,118,10.555555555555555,5.473684210526316
1758,378,20.6875,5.072507552870091
1759,124,13.375,4.859813084112149
1760,115,10.444444444444445,5.0638297872340425
1761,193,15.181818181818182,5.077844311377246
1762,300,12.35,4.882591093117409
1763,125,11.88888888888889,5.700934579439252
1764,278,11.95,4.673640167364017
1765,261,12.555555555555555,5.0
1766,101,6.666666666666667,4.7625
1767,262,9.043478260869565,5.274038461538462
1768,189,15.8,4.379746835443038
1769,196,16.7,4.431137724550898
1770,113,16.666666666666668,4.71
1771,151,12.8,4.8203125
1772,211,9.944444444444445,4.932960893854749
1773,278,16.571428571428573,4.491379310344827
1774,171,10.214285714285714,5.328671328671328
1775,140,10.545454545454543,5.094827586206897
1776,242,13.857142857142858,4.092783505154639
1777,182,17.555555555555557,5.2405063291139244
1778,183,15.555555555555555,5.457142857142857
1779,144,12.2,4.901639344262295
1780,182,18.5,5.277027027027027
1781,357,12.782608695652174,4.465986394557823
1782,91,10.285714285714286,4.819444444444445
1783,249,18.0,4.912037037037037
1784,196,13.615384615384617,4.740112994350283
1785,112,12.0,5.177083333333333
1786,64,8.833333333333334,4.754716981132075
1787,158,14.88888888888889,5.231343283582089
1788,145,9.833333333333334,4.898305084745763
1789,221,18.6,5.021505376344086
1790,88,16.0,4.8
1791,505,15.851851851851851,5.257009345794392
1792,51,13.666666666666666,4.219512195121951
1793,111,8.363636363636363,5.206521739130435
1794,294,16.8,4.575396825396825
1795,416,23.8,4.7478991596638656
1796,77,10.333333333333334,5.112903225806452
1797,428,17.6,4.664772727272728
1798,228,15.916666666666666,5.240837696335079
1799,74,12.2,5.065573770491803
1800,125,15.428571428571429,5.12037037037037
1801,773,18.88571428571429,4.757942511346445
1802,183,19.75,4.835443037974684
1803,170,16.22222222222222,4.595890410958904
1804,117,12.625,5.02970297029703
1805,158,18.285714285714285,4.875
1806,135,11.0,4.881818181818182
1807,273,18.0,4.82051282051282
1808,182,14.636363636363637,4.888198757763975
1809,126,12.22222222222222,4.9818181818181815
1810,91,11.142857142857142,4.884615384615385
1811,137,8.615384615384615,4.821428571428571
1812,238,19.272727272727277,4.94811320754717
1813,183,13.636363636363637,5.08
1814,91,11.0,4.662337662337662
1815,112,9.0,4.466666666666667
1816,99,10.0,5.0
1817,183,15.5,4.664516129032258
1818,395,13.478260869565217,5.04516129032258
1819,83,11.166666666666666,4.791044776119403
1820,30,6.0,4.125
1821,183,10.857142857142858,5.276315789473684
1822,125,13.375,5.018691588785047
1823,158,16.5,5.053030303030303
1824,251,14.333333333333334,5.366279069767442
1825,89,9.5,5.052631578947368
1826,31,3.8333333333333335,4.478260869565218
1827,65,12.0,4.895833333333333
1828,176,14.8,4.702702702702703
1829,43,7.2,3.9444444444444446
1830,148,13.0,4.888888888888889
1831,315,12.0,4.313492063492063
1832,94,12.833333333333334,5.116883116883117
1833,195,16.2,4.932098765432099
1834,436,8.342105263157896,4.801261829652997
1835,59,10.2,4.411764705882353
1836,316,17.133333333333333,4.836575875486381
1837,298,11.85,4.438818565400844
1838,210,13.333333333333334,4.96875
1839,164,12.6,4.841269841269841
1840,309,16.3125,4.739463601532567
1841,22,5.666666666666667,4.941176470588236
1842,98,7.5,4.533333333333333
1843,178,10.285714285714286,4.756944444444445
1844,229,13.153846153846152,5.368421052631579
1845,116,16.333333333333332,5.571428571428571
1846,114,10.333333333333334,5.354838709677419
1847,222,10.529411764705882,4.41340782122905
1848,145,11.5,4.556521739130435
1849,146,10.727272727272728,4.983050847457627
1850,128,18.5,5.027027027027027
1851,171,18.375,5.170068027210885
1852,202,14.166666666666666,4.576470588235294
1853,134,16.0,4.598214285714286
1854,304,10.608695652173912,4.815573770491803
1855,128,8.818181818181818,4.958762886597938
1856,150,20.33333333333333,4.942622950819672
1857,285,11.75,4.9361702127659575
1858,26,6.666666666666667,5.15
1859,92,12.666666666666666,5.197368421052632
1860,249,11.705882352941176,4.71356783919598
1861,90,11.833333333333334,4.253521126760563
1862,117,13.714285714285714,5.0
1863,709,16.484848484848484,4.470588235294118
1864,71,9.166666666666666,5.363636363636363
1865,222,12.333333333333334,4.821621621621621
1866,151,11.9,4.705882352941177
1867,195,16.444444444444443,4.918918918918919
1868,135,16.0,5.0
1869,171,22.83333333333333,5.0583941605839415
1870,146,19.166666666666668,3.9130434782608696
1871,264,9.818181818181818,5.046296296296297
1872,47,10.0,4.7
1873,384,14.409090909090908,4.529968454258675
1874,175,13.090909090909092,4.819444444444445
1875,180,11.076923076923077,5.111111111111111
1876,106,17.8,5.101123595505618
1877,97,9.75,5.397435897435898
1878,238,10.61111111111111,4.780104712041885
1879,67,9.0,4.962962962962963
1880,82,11.333333333333334,4.838235294117647
1881,389,21.53333333333333,4.969040247678018
1882,221,17.5,5.0285714285714285
1883,150,19.33333333333333,4.637931034482759
1884,138,9.636363636363637,5.179245283018868
1885,360,12.12,4.739273927392739
1886,301,15.4375,4.676113360323886
1887,53,14.333333333333334,5.372093023255814
1888,58,6.714285714285714,5.23404255319149
1889,108,12.285714285714286,5.22093023255814
1890,89,12.5,4.986666666666666
1891,53,8.6,4.441860465116279
1892,211,11.133333333333333,4.550898203592815
1893,85,9.857142857142858,5.072463768115942
1894,160,16.5,5.03030303030303
1895,283,14.3125,4.606986899563319
1896,100,10.125,4.679012345679013
1897,70,9.666666666666666,5.965517241379311
1898,188,16.5,5.4
1899,170,9.666666666666666,4.972413793103448
1900,182,12.083333333333334,4.606896551724138
1901,214,13.0,5.319526627218935
1902,141,9.25,4.873873873873874
1903,160,12.0,5.159090909090909
1904,112,10.11111111111111,4.813186813186813
1905,121,11.666666666666666,4.619047619047619
1906,213,7.125,4.847953216374269
1907,122,12.5,4.6
1908,95,4.6,4.782608695652174
1909,157,11.090909090909092,4.983606557377049
1910,106,9.444444444444445,5.152941176470589
1911,141,11.6,5.043103448275862
1912,186,11.846153846153848,4.428571428571429
1913,65,5.333333333333333,4.6875
1914,195,15.3,4.65359477124183
1915,162,18.142857142857142,5.070866141732283
1916,83,8.857142857142858,4.338709677419355
1917,244,18.0,5.131313131313132
1918,152,13.22222222222222,4.689075630252101
1919,241,15.307692307692308,5.0703517587939695
1920,164,16.25,4.8
1921,85,12.0,5.0
1922,186,10.066666666666666,4.953642384105961
1923,170,12.545454545454543,4.768115942028985
1924,159,15.375,4.837398373983739
1925,293,22.727272727272727,5.54
1926,157,12.3,4.439024390243903
1927,101,9.77777777777778,5.386363636363637
1928,174,23.5,4.695035460992908
1929,204,16.2,4.734567901234568
1930,113,10.22222222222222,4.630434782608695
1931,388,16.57894736842105,4.898412698412699
1932,154,14.666666666666666,4.977272727272728
1933,382,16.157894736842106,4.736156351791531
1934,680,11.617021276595745,4.844322344322344
1935,250,11.941176470588236,4.5073891625615765
1936,174,12.333333333333334,4.621621621621622
1937,140,15.0,4.15
1938,196,20.5,5.426829268292683
1939,180,12.272727272727272,4.385185185185185
1940,169,11.77777777777778,4.830188679245283
1941,147,11.8,4.5
1942,383,11.035714285714286,4.7540453074433655
1943,233,12.8,4.390625
1944,138,9.545454545454543,4.971428571428572
1945,264,10.61904761904762,4.695067264573991
1946,85,17.5,5.0
1947,171,16.5,5.257575757575758
1948,151,12.6,4.674603174603175
1949,347,11.0,4.869090909090909
1950,274,23.1,5.32034632034632
1951,128,12.75,5.2745098039215685
1952,246,16.416666666666668,4.756345177664975
1953,202,12.0,4.852564102564102
1954,168,12.636363636363637,4.906474820143885
1955,334,22.08333333333333,5.067924528301887
1956,357,18.866666666666667,5.166077738515901
1957,61,9.4,4.957446808510638
1958,328,16.5625,4.988679245283019
1959,215,9.444444444444445,4.3352941176470585
1960,102,10.25,5.451219512195122
1961,114,8.25,5.292929292929293
1962,67,10.8,5.0
1963,172,18.375,5.122448979591836
1964,157,18.428571428571427,4.961240310077519
1965,186,10.571428571428571,4.891891891891892
1966,150,14.5,4.7844827586206895
1967,440,16.17391304347826,4.5
1968,79,8.714285714285714,4.967213114754099
1969,139,10.545454545454543,4.775862068965517
1970,165,10.153846153846152,4.424242424242424
1971,550,18.916666666666668,4.881057268722467
1972,404,11.033333333333331,4.95166163141994
1973,345,16.22222222222222,4.986301369863014
1974,397,21.0625,4.943620178041543
1975,156,11.25,4.62962962962963
1976,149,15.0,5.241666666666666
1977,259,14.466666666666669,5.15668202764977
1978,264,16.923076923076923,4.986363636363636
1979,104,15.4,5.012987012987013
1980,209,11.142857142857142,4.455128205128205
1981,216,14.5,4.666666666666667
1982,103,13.5,4.925925925925926
1983,95,15.4,4.922077922077922
1984,327,22.916666666666668,5.367272727272727
1985,91,11.142857142857142,4.910256410256411
1986,146,15.125,5.264462809917355
1987,663,14.02777777777778,5.0
1988,169,10.384615384615383,4.837037037037037
1989,128,15.5,4.537634408602151
1990,157,13.444444444444445,4.859504132231405
1991,181,10.214285714285714,4.93006993006993
1992,184,15.0,5.213333333333333
1993,126,10.5,4.666666666666667
1994,111,16.6,5.265060240963855
1995,137,13.375,4.785046728971962
1996,117,16.333333333333332,4.816326530612245
1997,228,15.727272727272728,5.144508670520231
1998,407,14.333333333333334,5.0145348837209305
1999,85,9.428571428571429,4.7727272727272725
2000,198,10.4,4.448717948717949
2001,118,11.714285714285714,4.2560975609756095
2002,280,23.7,5.232067510548523
2003,160,14.0,4.158730158730159
2004,79,8.625,5.434782608695652
2005,274,18.307692307692307,4.899159663865547
2006,137,11.1,4.666666666666667
2007,69,9.5,4.298245614035087
2008,229,12.785714285714286,4.731843575418995
2009,75,12.6,5.079365079365079
2010,205,14.666666666666666,4.823863636363637
2011,222,11.058823529411764,4.792553191489362
2012,169,14.77777777777778,4.56390977443609
2013,219,14.538461538461538,4.661375661375661
2014,164,22.5,4.444444444444445
2015,214,7.130434782608695,5.591463414634147
2016,137,16.142857142857142,5.150442477876106
2017,210,12.76923076923077,4.349397590361446
2018,128,13.375,4.214953271028038
2019,199,18.11111111111111,4.779141104294479
2020,95,9.625,4.662337662337662
2021,207,9.9375,5.163522012578617
2022,116,12.0,4.988095238095238
2023,354,7.542857142857143,4.662878787878788
2024,168,12.272727272727272,4.762962962962963
2025,249,21.3,5.018779342723005
2026,150,16.857142857142858,5.279661016949152
2027,141,10.272727272727272,4.823008849557522
2028,163,11.636363636363637,4.8359375
2029,249,12.8125,5.175609756097561
2030,150,17.0,4.831932773109243
2031,189,17.0,4.790849673202614
2032,267,9.434782608695652,4.345622119815668
2033,91,12.166666666666666,4.671232876712328
2034,12,4.5,5.666666666666667
2035,308,13.0,5.05668016194332
2036,200,15.272727272727272,4.648809523809524
2037,146,12.7,4.543307086614173
2038,253,10.1,4.48019801980198
2039,180,16.77777777777778,4.7218543046357615
2040,215,10.0,4.982352941176471
2041,133,12.0,6.0
2042,108,13.571428571428571,5.326315789473684
2043,188,11.071428571428571,4.774193548387097
2044,185,21.285714285714285,5.248322147651007
2045,186,11.142857142857142,4.333333333333333
2046,113,12.125,5.711340206185567
2047,237,8.714285714285714,4.60655737704918
2048,371,21.285714285714285,5.077181208053691
2049,1851,8.825503355704697,4.470722433460076
2050,98,10.0,4.8
2051,101,12.142857142857142,4.976470588235294
2052,188,10.857142857142858,4.9868421052631575
2053,104,13.0,4.747252747252747
2054,123,10.6,4.735849056603773
2055,117,17.8,4.573033707865169
2056,94,10.125,4.592592592592593
2057,88,12.0,4.972222222222222
2058,288,13.176470588235292,5.017857142857143
2059,167,13.7,4.927007299270073
2060,75,8.428571428571429,4.677966101694915
2061,105,10.5,4.821428571428571
2062,166,9.142857142857142,4.3828125
2063,120,12.625,4.871287128712871
2064,171,11.5,4.826086956521739
2065,112,11.375,4.967032967032967
2066,198,11.714285714285714,4.2926829268292686
2067,227,13.833333333333334,4.765060240963855
2068,155,16.0,4.609375
2069,180,11.0,5.162337662337662
2070,150,20.5,4.943089430894309
2071,141,19.83333333333333,4.983193277310924
2072,102,11.857142857142858,5.084337349397591
2073,239,16.416666666666668,5.01015228426396
2074,108,13.428571428571429,4.73404255319149
2075,524,16.615384615384617,4.916666666666667
2076,194,12.076923076923077,4.923566878980892
2077,205,14.818181818181818,5.0184049079754605
2078,139,9.5,4.649122807017544
2079,238,19.6,4.770408163265306
2080,198,12.307692307692308,5.1625
2081,108,11.75,4.914893617021277
2082,224,13.5,5.349206349206349
2083,82,12.8,4.609375
2084,195,22.428571428571427,4.929936305732484
2085,141,9.909090909090908,4.541284403669724
2086,97,12.833333333333334,5.311688311688312
2087,141,24.0,5.125
2088,77,10.166666666666666,4.590163934426229
2089,208,9.705882352941176,4.587878787878788
2090,165,17.5,4.392857142857143
2091,204,16.2,4.882716049382716
2092,206,11.333333333333334,5.052941176470588
2093,177,17.0,4.882352941176471
2094,196,9.125,4.931506849315069
2095,292,12.578947368421051,4.7405857740585775
2096,136,12.77777777777778,4.956521739130435
2097,83,11.833333333333334,4.112676056338028
2098,447,19.42105263157895,5.338753387533876
2099,56,7.666666666666667,4.978260869565218
2100,300,18.53846153846154,4.946058091286307
2101,169,15.333333333333334,5.043478260869565
2102,118,14.714285714285714,5.475728155339806
2103,165,17.75,4.873239436619718
2104,117,10.444444444444445,5.042553191489362
2105,192,14.9,5.1879194630872485
2106,268,21.3,5.568075117370892
2107,139,13.11111111111111,5.0423728813559325
2108,115,14.0,4.142857142857143
2109,113,10.77777777777778,5.195876288659794
2110,89,13.8,4.72463768115942
2111,113,8.2,4.865853658536586
2112,125,9.88888888888889,4.370786516853933
2113,202,16.818181818181817,4.951351351351351
2114,91,11.333333333333334,5.0
2115,136,11.5,4.6869565217391305
2116,159,16.625,5.105263157894737
2117,330,9.0,4.807407407407408
2118,117,16.333333333333332,4.3979591836734695
2119,437,12.592592592592592,4.841176470588235
2120,80,9.142857142857142,4.828125
2121,200,12.538461538461538,4.754601226993865
2122,82,9.142857142857142,4.90625
2123,94,10.125,4.987654320987654
2124,112,9.625,4.831168831168832
2125,87,13.8,4.855072463768116
2126,284,20.90909090909091,4.952173913043478
2127,324,19.0,4.80827067669173
2128,128,10.88888888888889,4.795918367346939
2129,113,14.5,4.540229885057471
2130,115,14.833333333333334,4.98876404494382
2131,119,14.571428571428571,4.676470588235294
2132,280,12.555555555555555,4.539823008849558
2133,189,11.461538461538462,4.624161073825503
2134,86,7.0,4.914285714285715
2135,129,11.444444444444445,4.815533980582524
2136,272,20.63636363636364,4.837004405286344
2137,158,14.444444444444445,4.976923076923077
2138,163,12.8,4.7265625
2139,201,13.083333333333334,4.490445859872612
2140,158,10.0,4.633333333333334
2141,287,15.066666666666666,4.34070796460177
2142,84,10.285714285714286,4.888888888888889
2143,92,10.857142857142858,5.144736842105263
2144,132,12.11111111111111,4.137614678899083
2145,294,15.733333333333333,4.648305084745763
2146,157,22.83333333333333,4.671532846715328
2147,152,11.3,5.1946902654867255
2148,146,13.555555555555555,5.180327868852459
2149,99,14.166666666666666,4.482352941176471
2150,129,13.75,4.4
2151,174,15.88888888888889,5.048951048951049
2152,823,16.333333333333332,4.860282574568289
2153,159,9.461538461538462,4.666666666666667
2154,352,30.11111111111111,4.678966789667896
2155,139,15.0,4.866666666666666
2156,176,13.272727272727272,4.623287671232877
2157,115,7.5,5.0777777777777775
2158,218,11.6,4.632183908045977
2159,93,12.666666666666666,4.9868421052631575
2160,132,8.25,4.494949494949495
2161,127,10.0,4.94
2162,144,13.0,4.752136752136752
2163,144,20.33333333333333,4.836065573770492
2164,439,19.666666666666668,5.2740112994350286
2165,101,8.875,4.915492957746479
2166,154,10.833333333333334,5.053846153846154
2167,121,8.7,4.32183908045977
2168,212,13.384615384615383,4.867816091954023
2169,88,11.666666666666666,4.757142857142857
2170,108,15.333333333333334,4.913043478260869
2171,150,13.77777777777778,5.080645161290323
2172,216,13.23076923076923,5.058139534883721
2173,143,20.33333333333333,4.836065573770492
2174,148,9.916666666666666,4.453781512605042
2175,308,16.533333333333335,5.032258064516129
2176,165,13.1,4.801526717557252
2177,230,8.173913043478262,4.707446808510638
2178,121,9.4,5.053191489361702
2179,105,8.75,5.814285714285714
2180,142,9.833333333333334,4.576271186440678
2181,99,10.857142857142858,5.552631578947368
2182,159,12.3,4.634146341463414
2183,126,16.0,4.979166666666667
2184,182,11.333333333333334,4.25
2185,246,12.75,5.063725490196078
2186,146,14.625,4.264957264957265
2187,137,17.0,5.5210084033613445
2188,195,16.5,4.569696969696969
2189,174,16.444444444444443,4.567567567567568
2190,122,17.333333333333332,5.0
2191,271,27.0,4.843621399176954
2192,148,16.5,5.0606060606060606
2193,381,24.46153846153846,4.830188679245283
2194,247,23.55555555555556,5.25
2195,201,14.545454545454543,4.71875
2196,79,8.571428571428571,4.95
2197,264,20.1,5.258706467661692
2198,145,17.571428571428573,5.211382113821138
2199,263,18.0,5.078703703703703
2200,275,16.0,5.03125
2201,90,10.285714285714286,4.833333333333333
2202,199,24.142857142857142,5.449704142011834
2203,101,12.142857142857142,5.2
2204,189,18.444444444444443,4.879518072289157
2205,124,17.333333333333332,5.326923076923077
2206,153,11.090909090909092,4.483606557377049
2207,84,5.818181818181818,4.78125
2208,141,14.5,5.0
2209,195,13.636363636363637,5.046666666666667
2210,160,7.6,4.789473684210527
2211,155,15.125,4.950413223140496
2212,207,13.818181818181818,4.381578947368421
2213,134,16.714285714285715,4.854700854700854
2214,89,15.2,5.0
2215,142,12.333333333333334,4.63063063063063
2216,146,11.909090909090908,4.923664122137405
2217,238,13.785714285714286,5.0
2218,157,13.2,5.136363636363637
2219,202,13.153846153846152,5.128654970760234
2220,167,12.666666666666666,4.302631578947368
2221,515,15.814814814814817,5.100702576112412
2222,160,17.0,4.661764705882353
2223,138,12.555555555555555,4.911504424778761
2224,207,13.0,4.792899408284024
2225,158,27.4,4.671532846715328
2226,138,13.25,4.90566037735849
2227,164,15.333333333333334,4.884057971014493
2228,306,23.181818181818183,5.027450980392157
2229,240,8.75,4.885714285714286
2230,79,8.428571428571429,4.5423728813559325
2231,129,10.666666666666666,4.958333333333333
2232,108,10.125,4.703703703703703
2233,181,17.25,3.724637681159421
2234,106,9.88888888888889,4.853932584269663
2235,85,11.333333333333334,4.941176470588236
2236,85,7.444444444444445,5.432835820895522
2237,130,11.22222222222222,4.811881188118812
2238,71,9.166666666666666,5.2727272727272725
2239,259,20.181818181818183,5.333333333333333
2240,86,9.857142857142858,4.608695652173913
2241,113,9.7,4.917525773195877
2242,90,11.666666666666666,5.314285714285714
2243,115,6.769230769230769,4.306818181818182
2244,383,18.058823529411764,5.068403908794788
2245,308,17.428571428571427,4.897540983606557
2246,111,8.0,4.443181818181818
2247,72,11.6,5.586206896551724
2248,101,13.666666666666666,5.097560975609756
2249,121,11.625,4.989247311827957
2250,112,10.11111111111111,4.78021978021978
2251,106,8.5,4.529411764705882
2252,92,11.428571428571429,5.275
2253,112,8.4,4.916666666666667
2254,114,7.416666666666667,5.01123595505618
2255,75,9.142857142857142,5.03125
2256,96,8.2,4.634146341463414
2257,130,10.5,4.380952380952381
2258,109,11.875,5.178947368421053
2259,98,11.714285714285714,4.5
2260,116,12.714285714285714,4.426966292134831
2261,79,7.25,4.482758620689655
2262,193,12.23076923076923,5.050314465408805
2263,122,11.875,4.684210526315789
2264,225,18.1,5.038674033149171
2265,136,11.0,4.509090909090909
2266,114,10.444444444444445,5.5
2267,118,11.75,5.26595744680851
2268,69,4.545454545454546,5.06
2269,140,13.11111111111111,4.9491525423728815
2270,111,15.833333333333334,5.010526315789473
2271,262,16.076923076923077,4.827751196172249
2272,201,14.727272727272728,4.919753086419753
2273,218,14.333333333333334,5.0813953488372094
2274,168,17.5,4.728571428571429
2275,189,13.666666666666666,5.25
2276,167,10.76923076923077,4.642857142857143
2277,278,18.916666666666668,4.224669603524229
2278,145,9.583333333333334,5.373913043478261
2279,127,12.625,5.2772277227722775
2280,162,13.0,4.576923076923077
2281,350,13.714285714285714,4.503472222222222
2282,229,12.866666666666667,4.761658031088083
2283,204,8.944444444444445,4.863354037267081
2284,176,9.466666666666669,4.852112676056338
2285,111,10.625,4.929411764705883
2286,115,11.25,5.255555555555556
2287,147,7.642857142857143,4.990654205607477
2288,137,17.833333333333332,4.654205607476635
2289,283,31.625,4.901185770750988
2290,97,11.571428571428571,5.345679012345679
2291,280,14.733333333333333,4.583710407239819
2292,206,9.9375,4.40251572327044
2293,257,8.0,4.730769230769231
2294,191,12.307692307692308,4.93125
2295,258,14.785714285714286,5.06280193236715
2296,151,10.166666666666666,4.524590163934426
2297,118,10.666666666666666,4.854166666666667
2298,303,13.3,4.462406015037594
2299,292,14.5625,4.84549356223176
2300,241,17.09090909090909,5.111702127659575
2301,164,10.923076923076923,4.725352112676056
2302,268,12.166666666666666,4.69406392694064
2303,174,14.4,5.263888888888889
2304,182,9.8,4.8979591836734695
2305,309,14.11111111111111,4.799212598425197
2306,400,11.571428571428571,4.833333333333333
2307,258,21.9,5.178082191780822
2308,201,13.5,4.808641975308642
2309,94,14.8,4.4324324324324325
2310,156,8.714285714285714,5.229508196721311
2311,254,12.875,4.504854368932039
2312,211,16.454545454545453,4.69060773480663
2313,202,11.142857142857142,4.333333333333333
2314,54,10.5,4.642857142857143
2315,258,17.153846153846153,4.721973094170403
2316,213,11.928571428571429,4.796407185628743
2317,118,13.0,5.329670329670329
2318,138,10.8,4.62962962962963
2319,230,15.461538461538462,4.601990049751244
2320,177,14.9,5.402684563758389
2321,155,14.875,4.739495798319328
2322,88,13.8,5.173913043478261
2323,19,3.5,5.928571428571429
2324,190,17.0,4.61437908496732
2325,231,9.0,4.634920634920635
2326,122,17.5,4.876190476190477
2327,300,15.25,4.69672131147541
2328,207,21.75,4.85632183908046
2329,229,16.818181818181817,5.248648648648649
2330,244,12.785714285714286,5.033519553072626
2331,120,7.5,4.133333333333334
2332,118,13.285714285714286,4.881720430107527
2333,140,9.272727272727272,4.65686274509804
2334,314,13.5,4.748971193415638
2335,197,15.090909090909092,5.228915662650603
2336,337,19.785714285714285,4.620938628158845
2337,409,16.2,4.734567901234568
2338,665,8.833333333333334,4.479245283018868
2339,134,11.2,5.267857142857143
2340,314,28.88888888888889,5.380769230769231
2341,220,17.454545454545453,4.244791666666667
2342,280,15.533333333333331,4.8412017167381975
2343,288,14.0625,4.982222222222222
2344,103,14.333333333333334,4.837209302325581
2345,120,12.0,5.15625
2346,270,28.625,4.502183406113537
2347,180,11.0,4.734265734265734
2348,418,16.85,4.985163204747774
2349,178,11.307692307692308,4.870748299319728
2350,19,15.0,4.466666666666667
2351,129,20.6,4.747572815533981
2352,152,12.2,4.729508196721311
2353,138,13.25,4.433962264150943
2354,124,16.666666666666668,4.67
2355,276,16.285714285714285,4.741228070175438
2356,343,14.4,5.0625
2357,105,9.11111111111111,4.7560975609756095
2358,184,13.083333333333334,4.917197452229299
2359,180,13.083333333333334,5.1528662420382165
2360,142,13.77777777777778,4.741935483870968
2361,226,13.571428571428571,4.821052631578947
2362,265,13.25,5.10377358490566
2363,256,15.357142857142858,4.865116279069768
2364,322,16.058823529411764,4.882783882783883
2365,119,9.1,4.362637362637362
2366,153,9.461538461538462,4.560975609756097
2367,196,12.916666666666666,4.335483870967742
2368,182,15.2,4.3355263157894735
2369,561,21.40909090909091,4.908704883227176
2370,176,14.555555555555555,4.969465648854962
2371,211,8.142857142857142,4.894736842105263
2372,176,17.11111111111111,5.1103896103896105
2373,108,12.714285714285714,5.067415730337078
2374,199,16.6,4.626506024096385
2375,180,16.77777777777778,5.503311258278146
2376,143,12.88888888888889,5.172413793103448
2377,133,12.444444444444445,4.767857142857143
2378,121,16.166666666666668,5.195876288659794
2379,129,16.833333333333332,5.376237623762377
2380,180,17.555555555555557,5.082278481012659
2381,474,12.03125,4.779220779220779
2382,231,15.416666666666666,5.005405405405406
2383,140,15.0,5.2
2384,244,27.857142857142858,5.328205128205128
2385,161,16.75,5.373134328358209
2386,178,11.615384615384617,4.900662251655629
2387,202,14.636363636363637,5.118012422360248
2388,303,15.8125,4.924901185770751
2389,289,8.92,4.762331838565022
2390,280,24.2,4.847107438016529
2391,259,15.428571428571429,4.888888888888889
2392,191,13.727272727272728,5.026490066225166
2393,115,12.75,5.186274509803922
2394,203,13.076923076923077,4.641176470588236
2395,1174,14.384615384615383,4.974331550802139
2396,391,20.75,5.030120481927711
2397,271,22.2,4.684684684684685
2398,236,15.538461538461538,4.935643564356436
2399,361,19.125,5.330065359477124
2400,240,13.266666666666667,4.758793969849246
2401,425,15.636363636363637,4.776162790697675
2402,216,9.666666666666666,4.741379310344827
2403,248,13.533333333333331,4.852216748768473
2404,206,13.25,5.30188679245283
2405,161,9.461538461538462,4.983739837398374
2406,205,16.6,4.409638554216867
2407,214,18.0,4.911111111111111
2408,118,11.875,4.936842105263158
2409,165,13.4,5.350746268656716
2410,343,11.208333333333334,4.996282527881041
2411,225,20.33333333333333,4.721311475409836
2412,212,18.444444444444443,5.078313253012048
2413,198,12.307692307692308,4.95625
2414,121,8.9,4.820224719101123
2415,196,11.571428571428571,4.697530864197531
2416,253,19.181818181818183,4.805687203791469
2417,203,19.625,5.159235668789809
2418,216,15.454545454545457,5.129411764705883
2419,151,14.625,5.427350427350428
2420,191,13.083333333333334,5.127388535031847
2421,330,15.058823529411764,5.2421875
2422,216,15.0,5.027777777777778
2423,124,8.333333333333334,4.82
2424,181,6.777777777777778,4.713114754098361
2425,343,13.047619047619047,4.543795620437956
2426,344,22.76923076923077,5.013513513513513
2427,14,6.0,5.5
2428,96,11.0,4.51948051948052
2429,117,10.333333333333334,5.548387096774194
2430,123,13.375,4.429906542056075
2431,171,15.666666666666666,5.00709219858156
2432,154,14.125,5.247787610619469
2433,120,13.571428571428571,5.157894736842105
2434,194,13.083333333333334,5.203821656050955
2435,200,18.25,5.390410958904109
2436,236,12.666666666666666,5.184210526315789
2437,174,12.0,4.659090909090909
2438,149,15.428571428571429,5.12962962962963
2439,103,12.285714285714286,5.651162790697675
2440,134,15.142857142857142,4.613207547169812
2441,140,10.090909090909092,4.45945945945946
2442,174,12.727272727272728,4.871428571428571
2443,226,18.7,4.791443850267379
2444,191,11.0,4.863636363636363
2445,113,13.714285714285714,4.8125
2446,160,18.428571428571427,4.875968992248062
2447,23,8.5,5.411764705882353
2448,190,17.444444444444443,4.847133757961784
2449,162,9.23076923076923,4.6
2450,168,16.5,4.878787878787879
2451,140,11.5,5.060869565217391
2452,82,9.428571428571429,4.636363636363637
2453,212,17.2,5.273255813953488
2454,49,14.333333333333334,4.790697674418604
2455,242,24.375,4.871794871794871
2456,206,14.416666666666666,4.832369942196531
2457,171,11.583333333333334,4.733812949640288
2458,103,10.125,5.827160493827161
2459,229,12.866666666666667,5.300518134715026
2460,126,12.75,4.833333333333333
2461,86,10.714285714285714,4.746666666666667
2462,133,16.0,4.517857142857143
2463,299,14.588235294117649,4.548387096774194
2464,155,11.545454545454543,5.125984251968504
2465,117,15.333333333333334,4.369565217391305
2466,387,12.8,5.0625
2467,189,10.928571428571429,5.03921568627451
2468,263,19.818181818181817,5.279816513761468
2469,253,13.6,4.897058823529412
2470,146,13.555555555555555,5.39344262295082
2471,227,23.0,5.108695652173913
2472,144,12.77777777777778,4.982608695652174
2473,172,13.454545454545457,4.9391891891891895
2474,421,12.923076923076923,4.532738095238095
2475,296,8.25925925925926,4.614349775784754
2476,137,16.142857142857142,4.584070796460177
2477,144,14.375,4.434782608695652
2478,395,12.96,4.922839506172839
2479,142,13.333333333333334,4.65
2480,143,11.333333333333334,4.8431372549019605
2481,249,18.727272727272727,4.932038834951456
2482,360,27.63636363636364,4.855263157894737
2483,96,6.727272727272728,4.77027027027027
2484,280,16.571428571428573,4.956896551724138
2485,183,7.764705882352941,4.606060606060606
2486,158,16.0,4.40625
2487,355,23.83333333333333,5.174825174825175
2488,325,14.72222222222222,4.890566037735849
2489,137,17.0,4.512605042016807
2490,233,10.125,4.679012345679013
2491,251,13.466666666666669,5.262376237623762
2492,380,12.875,4.889967637540453
2493,202,8.833333333333334,5.29559748427673
2494,265,12.470588235294118,4.971698113207547
2495,220,9.941176470588236,4.313609467455621
2496,165,12.181818181818182,4.417910447761194
2497,161,11.75,4.567375886524823
2498,225,13.5,5.015873015873016
2499,18,5.0,5.866666666666666
2500,272,15.466666666666669,5.021551724137931
2501,188,13.909090909090908,4.830065359477124
2502,583,20.041666666666668,4.798336798336798
2503,198,15.181818181818182,4.880239520958084
2504,134,15.857142857142858,5.144144144144144
2505,266,16.23076923076923,4.66350710900474
2506,159,13.88888888888889,5.528
2507,106,11.714285714285714,4.536585365853658
2508,242,14.615384615384617,5.2105263157894735
2509,213,9.22222222222222,4.981927710843373
2510,133,10.6,4.037735849056604
2511,135,8.583333333333334,5.572815533980583
2512,137,11.1,4.972972972972973
2513,481,11.87878787878788,4.795918367346939
2514,191,10.1875,4.7975460122699385
2515,178,19.25,5.058441558441558
2516,157,19.285714285714285,4.666666666666667
2517,342,8.424242424242424,4.615107913669065
2518,187,8.444444444444445,5.0
2519,305,22.63636363636364,5.289156626506024
2520,85,12.666666666666666,5.2105263157894735
2521,165,13.6,4.764705882352941
2522,149,17.142857142857142,5.133333333333334
2523,133,13.25,4.858490566037736
2524,203,22.625,5.005524861878453
2525,167,19.0,5.2556390977443606
2526,149,8.714285714285714,4.729508196721311
2527,145,16.857142857142858,5.279661016949152
2528,154,9.538461538461538,4.975806451612903
2529,152,12.77777777777778,4.652173913043479
2530,254,12.647058823529411,4.730232558139535
2531,108,31.0,5.537634408602151
2532,250,19.0,4.495614035087719
2533,125,10.7,4.607476635514018
2534,200,14.909090909090908,4.853658536585366
2535,122,7.384615384615385,4.302083333333333
2536,288,19.75,4.966244725738397
2537,202,21.0,5.613095238095238
2538,178,21.428571428571427,5.226666666666667
2539,175,16.444444444444443,4.614864864864865
2540,109,12.857142857142858,4.4
2541,296,29.875,5.2133891213389125
2542,218,14.75,5.327683615819209
2543,194,14.272727272727272,4.936305732484076
2544,213,8.777777777777779,4.284810126582278
2545,182,11.5,5.086956521739131
2546,448,13.071428571428571,4.978142076502732
2547,161,9.76923076923077,4.771653543307087
2548,111,8.7,5.114942528735632
2549,232,17.363636363636363,4.492146596858639
2550,165,16.375,5.030534351145038
2551,126,12.5,4.81
2552,254,18.727272727272727,4.733009708737864
2553,145,20.0,4.9
2554,143,12.555555555555555,4.991150442477876
2555,321,18.466666666666665,4.740072202166065
2556,201,15.818181818181818,4.287356321839081
2557,90,7.444444444444445,5.149253731343284
2558,193,19.33333333333333,4.752873563218391
2559,198,13.833333333333334,5.090361445783133
2560,112,11.285714285714286,5.025316455696203
2561,215,15.0,5.0606060606060606
2562,130,11.1,4.072072072072072
2563,208,15.166666666666666,4.846153846153846
2564,184,16.11111111111111,4.86896551724138
2565,104,9.625,5.0
2566,169,13.9,4.899280575539568
2567,382,10.20689655172414,4.591216216216216
2568,193,17.88888888888889,5.142857142857143
2569,160,15.88888888888889,4.986013986013986
2570,188,8.352941176470589,4.464788732394366
2571,145,11.9,4.815126050420168
2572,177,22.0,5.532467532467533
2573,204,11.923076923076923,4.961290322580645
2574,361,16.72222222222222,5.4784053156146175
2575,141,11.7,5.136752136752137
2576,388,18.705882352941178,4.7421383647798745
2577,358,19.866666666666667,4.855704697986577
2578,131,10.3,4.669902912621359
2579,130,10.4,5.028846153846154
2580,248,22.11111111111111,5.251256281407035
2581,263,19.545454545454547,4.846511627906977
2582,191,13.166666666666666,4.6455696202531644
2583,117,13.0,5.362637362637362
2584,138,13.0,4.735042735042735
2585,155,10.916666666666666,5.183206106870229
2586,207,17.7,4.52542372881356
2587,161,10.666666666666666,4.8828125
2588,474,17.59090909090909,4.906976744186046
2589,86,12.0,5.125
2590,163,16.625,5.180451127819549
2591,261,15.642857142857142,4.904109589041096
2592,157,11.181818181818182,4.715447154471545
2593,119,13.142857142857142,4.826086956521739
2594,117,16.833333333333332,4.851485148514851
2595,166,21.0,5.753968253968254
2596,106,10.625,5.741176470588235
2597,175,15.11111111111111,4.617647058823529
2598,170,17.875,4.923076923076923
2599,562,28.75,4.997826086956522
2600,97,11.571428571428571,4.530864197530864
2601,177,13.090909090909092,4.770833333333333
2602,205,10.5625,4.479289940828402
2603,125,12.875,4.621359223300971
2604,140,15.75,5.103174603174603
2605,126,12.625,5.148514851485149
2606,111,11.75,4.819148936170213
2607,293,11.6,4.801724137931035
2608,193,16.0,4.7875
2609,138,11.9,4.941176470588236
2610,158,15.22222222222222,4.766423357664234
2611,261,14.5,4.886699507389163
2612,196,11.615384615384617,4.900662251655629
2613,202,19.0,4.719298245614035
2614,161,13.3,5.030075187969925
2615,198,16.6,4.578313253012048
2616,133,8.666666666666666,5.5673076923076925
2617,218,12.0,4.644444444444445
2618,157,14.444444444444445,5.176923076923077
2619,128,18.0,4.962962962962963
2620,156,18.857142857142858,5.053030303030303
2621,212,15.090909090909092,5.283132530120482
2622,173,18.625,4.87248322147651
2623,221,11.4375,5.081967213114754
2624,253,20.7,4.893719806763285
2625,204,10.25,4.536585365853658
2626,196,14.272727272727272,4.917197452229299
2627,373,17.555555555555557,4.768987341772152
2628,187,17.0,5.026143790849673
2629,177,18.375,4.931972789115647
2630,240,15.0,4.8820512820512825
2631,155,13.6,4.830882352941177
2632,243,14.714285714285714,5.072815533980583
2633,450,15.782608695652174,5.016528925619835
2634,294,16.266666666666666,4.762295081967213
2635,235,13.5,4.91005291005291
2636,160,15.0,4.555555555555555
2637,190,20.5,5.085365853658536
2638,189,13.25,5.050314465408805
2639,153,16.25,4.815384615384615
2640,161,9.857142857142858,4.942028985507246
2641,222,13.857142857142858,4.927835051546392
2642,185,14.272727272727272,4.808917197452229
2643,164,13.3,5.571428571428571
2644,386,18.0,5.055555555555555
2645,193,6.714285714285714,4.9361702127659575
2646,132,11.666666666666666,5.533333333333333
2647,206,15.090909090909092,5.108433734939759
2648,163,15.11111111111111,4.735294117647059
2649,176,10.692307692307692,4.856115107913669
2650,263,12.9375,4.816425120772947
2651,172,14.0,5.242857142857143
2652,213,17.2,4.965116279069767
2653,160,22.33333333333333,4.813432835820896
2654,130,15.857142857142858,4.90990990990991
2655,243,14.785714285714286,4.666666666666667
2656,211,10.375,5.409638554216867
2657,142,13.11111111111111,4.915254237288136
2658,211,14.23076923076923,5.4
2659,177,15.333333333333334,5.376811594202898
2660,337,6.190476190476191,4.842307692307692
2661,99,7.363636363636363,4.283950617283951
2662,172,12.545454545454543,4.63768115942029
2663,140,14.5,5.137931034482759
2664,259,20.9,5.100478468899522
2665,197,11.5,4.77639751552795
2666,96,10.714285714285714,4.533333333333333
2667,216,16.09090909090909,4.819209039548023
2668,185,22.142857142857142,4.95483870967742
2669,303,11.476190476190476,4.817427385892116
2670,295,9.2,4.891304347826087
2671,183,20.714285714285715,4.7172413793103445
2672,209,18.0,4.811111111111111
2673,299,17.142857142857142,4.616666666666666
2674,176,18.625,4.74496644295302
2675,103,16.6,5.337349397590361
2676,162,11.727272727272728,4.51937984496124
2677,145,11.090909090909092,5.131147540983607
2678,528,17.24,4.94431554524362
2679,302,14.75,4.495762711864407
2680,177,13.5,4.955555555555556
2681,206,9.72222222222222,5.062857142857143
2682,176,12.25,5.01360544217687
2683,187,7.555555555555555,4.544117647058823
2684,182,15.7,5.13375796178344
2685,276,15.266666666666667,5.301310043668122
2686,214,15.727272727272728,4.867052023121388
2687,265,23.55555555555556,4.702830188679245
2688,269,14.933333333333334,4.325892857142857
2689,120,20.0,5.13
2690,188,14.363636363636363,5.360759493670886
2691,153,12.5,4.928
2692,260,16.692307692307693,4.852534562211981
2693,657,17.483870967741936,4.928044280442805
2694,136,16.142857142857142,4.849557522123894
2695,182,8.866666666666667,4.669172932330827
2696,196,11.214285714285714,4.726114649681529
2697,175,12.333333333333334,5.101351351351352
2698,220,16.636363636363637,5.0
2699,151,17.857142857142858,4.576
2700,140,7.785714285714286,4.495412844036697
2701,134,11.88888888888889,4.5046728971962615
2702,175,8.375,5.044776119402985
2703,381,21.266666666666666,4.54858934169279
2704,187,14.363636363636363,5.291139240506329
2705,189,17.22222222222222,4.735483870967742
2706,192,11.461538461538462,4.718120805369128
2707,678,16.21875,4.456647398843931
2708,130,16.142857142857142,5.070796460176991
2709,110,11.0,4.431818181818182
2710,147,18.0,5.373015873015873
2711,123,20.2,5.118811881188119
2712,240,22.75,4.362637362637362
2713,162,7.705882352941177,4.610687022900764
2714,310,14.705882352941176,4.904
2715,124,7.285714285714286,4.745098039215686
2716,240,16.46153846153846,5.0233644859813085
2717,199,18.77777777777778,5.325443786982248
2718,132,16.285714285714285,4.684210526315789
2719,145,13.0,5.038461538461538
2720,210,19.55555555555556,5.159090909090909
2721,113,16.166666666666668,4.484536082474227
2722,139,14.5,5.353448275862069
2723,170,18.0,5.076388888888889
2724,173,16.625,4.924812030075188
2725,207,9.176470588235292,5.371794871794871
2726,146,13.875,4.891891891891892
2727,147,10.0,4.876923076923077
2728,144,13.22222222222222,5.319327731092437
2729,220,18.2,4.835164835164835
2730,310,13.88888888888889,4.868
2731,243,22.88888888888889,5.121359223300971
2732,143,10.0,4.7
2733,291,11.55,4.974025974025974
2734,150,13.333333333333334,4.441666666666666
2735,213,29.83333333333333,4.787709497206704
2736,235,18.545454545454547,5.367647058823529
2737,134,12.22222222222222,5.063636363636364
2738,129,12.5,4.75
2739,158,15.75,4.936507936507937
2740,226,9.944444444444445,4.748603351955308
2741,260,16.76923076923077,5.197247706422019
2742,143,19.666666666666668,5.47457627118644
2743,183,15.6,4.782051282051282
2744,247,10.944444444444445,5.482233502538071
2745,245,20.2,4.816831683168317
2746,148,14.77777777777778,4.932330827067669
2747,121,13.428571428571429,4.627659574468085
2748,302,13.882352941176473,4.733050847457627
2749,79,16.0,4.90625
2750,195,14.3,5.174825174825175
2751,229,7.913043478260869,4.489010989010989
2752,164,13.3,5.150375939849624
2753,179,10.571428571428571,5.121621621621622
2754,365,16.263157894736842,5.064724919093851
2755,245,22.0,4.641414141414141
2756,150,15.125,4.694214876033058
2757,139,13.875,4.8108108108108105
2758,263,16.76923076923077,4.912844036697248
2759,244,11.875,4.789473684210527
2760,21,8.5,4.235294117647059
2761,338,11.130434782608695,4.98046875
2762,241,12.6,4.534391534391534
2763,114,12.142857142857142,4.623529411764705
2764,102,10.375,4.602409638554217
2765,138,19.0,5.175438596491228
2766,433,11.642857142857142,4.469325153374233
2767,207,12.076923076923077,4.738853503184713
2768,262,16.214285714285715,4.39647577092511
2769,192,15.9,4.660377358490566
2770,170,11.727272727272728,5.27906976744186
2771,356,17.9375,5.257839721254356
2772,402,9.06060606060606,4.729096989966555
2773,193,16.77777777777778,4.609271523178808
2774,187,20.125,4.565217391304348
2775,327,9.296296296296296,4.808764940239044
2776,188,10.571428571428571,4.722972972972973
2777,137,19.83333333333333,5.0588235294117645
2778,126,16.666666666666668,4.58
2779,260,23.11111111111111,4.701923076923077
2780,154,11.8,4.745762711864407
2781,213,13.692307692307692,4.949438202247191
2782,210,14.0,5.203296703296704
2783,204,21.0,5.2023809523809526
2784,148,20.33333333333333,4.950819672131147
2785,220,16.90909090909091,4.811827956989247
2786,248,18.363636363636363,4.816831683168317
2787,207,21.625,4.780346820809249
2788,197,14.454545454545457,5.572327044025157
2789,171,11.8,3.9491525423728815
2790,232,21.55555555555556,4.850515463917525
2791,342,15.823529411764708,4.557620817843866
2792,463,13.11111111111111,4.6440677966101696
2793,177,14.6,5.054794520547945
2794,404,14.041666666666666,4.747774480712166
2795,216,18.2,4.862637362637362
2796,148,17.0,4.764705882352941
2797,216,17.8,4.915730337078652
2798,194,22.571428571428573,4.772151898734177
2799,93,12.166666666666666,4.684931506849315
2800,120,14.571428571428571,5.254901960784314
2801,134,18.166666666666668,4.981651376146789
2802,287,10.714285714285714,4.857777777777778
2803,107,11.5,5.141304347826087
2804,182,20.714285714285715,5.213793103448276
2805,134,12.75,5.196078431372549
2806,279,22.3,5.278026905829597
2807,144,20.33333333333333,4.959016393442623
2808,126,17.0,5.215686274509804
2809,181,20.0,4.392857142857143
2810,246,20.7,5.173913043478261
2811,127,21.0,4.961904761904762
2812,197,13.583333333333334,4.993865030674846
2813,171,12.166666666666666,4.698630136986301
2814,73,6.875,5.109090909090909
2815,254,20.8,5.3125
2816,127,17.166666666666668,4.912621359223301
2817,105,12.0,4.773809523809524
2818,127,9.8,4.683673469387755
2819,151,11.363636363636363,4.792
2820,210,22.428571428571427,5.312101910828026
2821,101,14.166666666666666,4.694117647058824
2822,178,12.083333333333334,4.937931034482759
2823,85,7.444444444444445,4.940298507462686
2824,142,16.714285714285715,4.786324786324786
2825,109,11.428571428571429,5.0875
2826,418,12.11111111111111,5.122324159021407
2827,141,14.875,5.588235294117647
2828,93,11.428571428571429,4.825
2829,206,19.55555555555556,5.164772727272728
2830,141,22.8,5.219298245614035
2831,133,13.75,4.718181818181818
2832,43,6.4,4.28125
2833,134,14.857142857142858,5.086538461538462
2834,165,11.416666666666666,5.372262773722627
2835,164,11.75,4.780141843971631
2836,168,13.9,5.050359712230216
2837,124,9.9,5.646464646464646
2838,145,12.77777777777778,5.295652173913044
2839,280,14.666666666666666,5.072727272727272
2840,127,13.625,5.330275229357798
2841,139,14.75,4.915254237288136
2842,147,12.7,5.070866141732283
2843,147,16.571428571428573,5.017241379310345
2844,142,18.666666666666668,5.098214285714286
2845,98,8.88888888888889,4.8125
2846,121,14.714285714285714,4.825242718446602
2847,192,18.11111111111111,4.92638036809816
2848,373,13.25,4.949685534591195
2849,203,18.0,5.074074074074074
2850,186,12.818181818181818,4.865248226950355
2851,127,11.444444444444445,5.233009708737864
2852,99,15.4,4.155844155844156
2853,81,8.25,4.909090909090909
2854,125,17.166666666666668,4.679611650485437
2855,259,16.071428571428573,4.92
2856,257,18.0,4.851851851851852
2857,143,13.75,5.063636363636364
2858,159,13.8,4.811594202898551
2859,176,18.857142857142858,5.143939393939394
2860,211,14.166666666666666,4.7
2861,152,21.0,4.849206349206349
2862,214,9.61111111111111,5.109826589595376
2863,143,19.83333333333333,5.008403361344538
2864,171,24.166666666666668,5.0
2865,204,14.166666666666666,4.941176470588236
2866,115,15.666666666666666,5.468085106382978
2867,251,19.63636363636364,4.662037037037037
2868,147,11.7,4.504273504273504
2869,140,16.428571428571427,5.017391304347826
2870,289,19.666666666666668,5.241525423728813
2871,159,19.571428571428573,4.934306569343065
2872,144,14.875,4.7899159663865545
2873,146,14.625,4.871794871794871
2874,149,13.666666666666666,5.113821138211383
2875,324,18.666666666666668,4.742857142857143
2876,199,18.0,4.666666666666667
2877,150,8.785714285714286,5.178861788617886
2878,126,18.166666666666668,4.495412844036697
2879,115,25.75,4.689320388349515
2880,162,13.8,5.065217391304348
2881,187,14.6,5.657534246575342
2882,139,17.5,4.514285714285714
2883,164,8.125,4.7846153846153845
2884,160,13.3,4.879699248120301
2885,200,15.181818181818182,4.844311377245509
2886,134,11.22222222222222,4.217821782178218
2887,233,17.636363636363637,4.814432989690721
2888,135,10.1,4.910891089108911
2889,228,14.846153846153848,5.036269430051814
2890,312,14.36842105263158,5.131868131868132
2891,137,17.142857142857142,4.525
2892,101,6.230769230769231,4.246913580246914
2893,229,19.5,5.312820512820513
2894,209,14.25,4.777777777777778
2895,132,7.846153846153846,4.852941176470588
2896,161,16.285714285714285,5.254385964912281
2897,142,16.714285714285715,4.957264957264957
2898,177,13.909090909090908,4.764705882352941
2899,442,15.565217391304348,4.879888268156424
2900,151,14.875,4.697478991596639
2901,87,14.0,4.757142857142857
2902,217,15.545454545454543,4.988304093567251
2903,180,18.125,4.6
2904,156,14.444444444444445,4.430769230769231
2905,199,8.222222222222221,3.939189189189189
2906,151,16.0,5.214285714285714
2907,233,18.2,4.93956043956044
2908,445,14.4,4.877777777777778
2909,17,4.666666666666667,5.0
2910,211,8.0,5.138888888888889
2911,232,9.5,4.578947368421052
2912,211,16.363636363636363,4.794444444444444
2913,94,9.375,4.786666666666667
2914,148,10.636363636363637,4.786324786324786
2915,136,14.0,5.375
2916,243,11.823529411764708,4.587064676616915
2917,176,11.75,4.6453900709219855
2918,178,16.555555555555557,5.167785234899329
2919,79,9.142857142857142,4.609375
2920,136,15.285714285714286,5.345794392523365
2921,186,12.818181818181818,5.2695035460992905
2922,93,7.8,4.935897435897436
2923,122,12.375,4.888888888888889
2924,55,11.25,3.8222222222222224
2925,122,8.636363636363637,4.694736842105264
2926,156,16.0,5.046875
2927,107,11.625,4.408602150537634
2928,110,13.571428571428571,5.105263157894737
2929,84,6.7,4.462686567164179
2930,87,8.875,4.971830985915493
2931,65,9.0,4.925925925925926
2932,112,11.625,4.333333333333333
2933,111,18.2,5.175824175824176
2934,143,9.5,4.754385964912281
2935,142,8.75,4.8
2936,63,13.5,5.333333333333333
2937,137,9.9,4.898989898989899
2938,146,13.375,4.728971962616822
2939,243,12.9375,4.545893719806763
2940,75,11.166666666666666,4.776119402985074
2941,94,9.75,5.089743589743589
2942,193,16.6,5.120481927710843
2943,174,16.333333333333332,4.904761904761905
2944,177,25.5,4.764705882352941
2945,153,15.875,5.6141732283464565
2946,137,18.0,5.5
2947,194,14.454545454545457,4.867924528301887
2948,169,14.11111111111111,4.905511811023622
2949,187,16.11111111111111,4.813793103448276
2950,156,11.333333333333334,4.727941176470588
2951,85,17.75,4.394366197183099
2952,97,13.5,5.049382716049383
2953,152,23.4,5.153846153846154
2954,124,12.375,4.494949494949495
2955,89,9.857142857142858,4.753623188405797
2956,168,20.285714285714285,5.373239436619718
2957,127,11.1,5.126126126126126
2958,101,11.142857142857142,4.871794871794871
2959,142,9.25,5.387387387387387
2960,151,9.307692307692308,5.082644628099174
2961,155,10.666666666666666,4.7265625
2962,181,12.666666666666666,4.75
2963,232,18.2,4.802197802197802
2964,147,18.0,5.182539682539683
2965,415,23.5,5.1580547112462005
2966,240,14.428571428571429,4.594059405940594
2967,111,18.8,4.553191489361702
2968,171,17.75,4.852112676056338
2969,137,12.444444444444445,4.642857142857143
2970,233,13.428571428571429,4.542553191489362
2971,309,17.666666666666668,5.007547169811321
2972,150,14.875,4.932773109243698
2973,224,15.727272727272728,4.92485549132948
2974,254,14.0,5.023809523809524
2975,373,19.3125,4.977346278317152
2976,158,12.9,5.255813953488372
2977,151,8.357142857142858,4.495726495726496
2978,264,16.23076923076923,5.436018957345971
2979,98,11.428571428571429,4.6625
2980,238,18.0,4.621212121212121
2981,126,15.142857142857142,5.132075471698113
2982,81,10.5,4.412698412698413
2983,252,20.5,5.439024390243903
2984,198,13.727272727272728,5.317880794701987
2985,145,10.545454545454543,4.887931034482759
2986,133,16.5,4.727272727272728
2987,274,9.652173913043478,4.842342342342342
2988,417,19.58823529411765,4.7207207207207205
2989,221,26.142857142857142,4.786885245901639
2990,165,9.214285714285714,4.728682170542636
2991,340,15.444444444444445,5.043165467625899
2992,273,23.6,5.279661016949152
2993,196,13.0,4.704142011834319
2994,153,17.714285714285715,5.024193548387097
2995,224,17.181818181818183,4.767195767195767
2996,260,15.785714285714286,5.16289592760181
2997,140,14.5,5.293103448275862
2998,112,11.625,5.408602150537634
2999,225,12.571428571428571,4.903409090909091
3000,99,11.428571428571429,5.5
3001,163,11.583333333333334,5.122302158273381
3002,142,17.0,4.983193277310924
3003,187,14.5,5.0137931034482754
3004,114,11.75,4.904255319148936
3005,128,8.307692307692308,4.907407407407407
3006,510,16.84,4.895486935866983
3007,266,14.0,4.428571428571429
3008,428,15.952380952380953,5.038805970149253
3009,144,14.75,5.211864406779661
3010,98,13.166666666666666,5.139240506329114
3011,135,13.375,4.803738317757009
3012,134,13.875,4.792792792792793
3013,120,20.0,5.25
3014,119,7.461538461538462,4.731958762886598
3015,337,18.53333333333333,4.935251798561152
3016,154,17.857142857142858,5.128
3017,332,7.54054054054054,4.842293906810036
3018,357,19.0,5.029605263157895
3019,129,11.333333333333334,4.549019607843137
3020,134,15.285714285714286,5.177570093457944
3021,88,12.666666666666666,5.276315789473684
3022,237,17.181818181818183,4.9523809523809526
3023,255,17.833333333333332,4.97196261682243
3024,172,19.142857142857142,4.932835820895522
3025,221,14.8,5.756756756756757
3026,149,10.545454545454543,4.620689655172414
3027,116,19.8,5.636363636363637
3028,397,14.772727272727272,5.147692307692307
3029,193,13.25,4.7421383647798745
3030,309,18.5,4.907335907335908
3031,143,18.142857142857142,5.440944881889764
3032,193,17.666666666666668,4.566037735849057
3033,189,20.375,4.705521472392638
3034,200,10.0,5.225
3035,177,14.7,4.707482993197279
3036,226,21.666666666666668,5.148717948717949
3037,697,18.714285714285715,4.759541984732825
3038,151,13.77777777777778,5.233870967741935
3039,198,14.272727272727272,5.248407643312102
3040,183,19.625,4.738853503184713
3041,189,18.0,4.827160493827161
3042,171,13.4,5.029850746268656
3043,148,15.625,4.752
3044,122,17.333333333333332,5.211538461538462
3045,278,13.3125,4.793427230046948
3046,278,17.615384615384617,5.4847161572052405
3047,122,14.142857142857142,4.9393939393939394
3048,91,11.428571428571429,5.1875
3049,114,10.11111111111111,4.494505494505495
3050,182,10.357142857142858,5.020689655172414
3051,199,16.5,4.545454545454546
3052,124,9.5,4.831578947368421
3053,201,14.0,4.597402597402597
3054,139,16.285714285714285,4.342105263157895
3055,186,14.9,4.422818791946309
3056,178,11.692307692307692,4.914473684210527
3057,106,15.333333333333334,5.0978260869565215
3058,277,15.133333333333333,4.770925110132159
3059,178,12.583333333333334,5.026490066225166
3060,328,10.909090909090908,4.35
3061,133,12.11111111111111,4.825688073394495
3062,151,15.5,4.669354838709677
3063,125,22.0,4.709090909090909
3064,114,24.0,4.5
3065,201,8.333333333333334,4.673333333333333
3066,185,17.444444444444443,5.305732484076433
3067,73,10.166666666666666,4.819672131147541
3068,98,19.5,5.141025641025641
3069,462,23.235294117647054,5.50379746835443
3070,244,17.818181818181817,4.724489795918367
3071,201,11.461538461538462,4.704697986577181
3072,115,25.5,4.980392156862745
3073,87,11.166666666666666,4.626865671641791
3074,131,15.857142857142858,4.387387387387387
3075,152,14.666666666666666,4.696969696969697
3076,89,12.0,5.0
3077,121,13.571428571428571,4.568421052631579
3078,136,16.666666666666668,4.87
3079,112,10.555555555555555,4.71578947368421
3080,179,16.555555555555557,4.973154362416107
3081,101,12.571428571428571,5.306818181818182
3082,239,10.61111111111111,4.774869109947644
3083,178,8.294117647058824,5.1063829787234045
3084,170,16.625,4.81203007518797
3085,176,14.6,4.863013698630137
3086,111,18.4,5.206521739130435
3087,69,5.2,5.0
3088,234,13.538461538461538,4.5852272727272725
3089,205,17.875,5.041958041958042
3090,288,15.666666666666666,5.042553191489362
3091,163,13.6,5.147058823529412
3092,201,12.071428571428571,4.538461538461538
3093,136,11.4,4.982456140350878
3094,170,16.875,4.444444444444445
3095,113,15.166666666666666,4.857142857142857
3096,313,23.454545454545453,5.0813953488372094
3097,143,15.857142857142858,4.666666666666667
3098,190,17.125,4.642335766423358
3099,132,18.666666666666668,5.0625
3100,181,19.5,4.67948717948718
3101,126,18.0,5.277777777777778
3102,130,13.375,5.4485981308411215
3103,281,14.9375,5.00418410041841
3104,134,17.833333333333332,5.009345794392523
3105,126,15.571428571428571,5.5504587155963305
3106,225,12.857142857142858,4.555555555555555
3107,213,15.666666666666666,5.48404255319149
3108,841,31.09090909090909,5.195906432748538
3109,192,13.272727272727272,5.493150684931507
3110,142,15.125,5.1652892561983474
3111,98,12.428571428571429,5.057471264367816
3112,163,20.857142857142858,4.849315068493151
3113,182,9.714285714285714,5.205882352941177
3114,231,16.166666666666668,4.891752577319588
3115,346,21.428571428571427,5.223333333333334
3116,346,18.666666666666668,5.217857142857143
3117,216,19.444444444444443,4.914285714285715
3118,301,22.727272727272727,4.724
3119,175,11.666666666666666,5.0
3120,161,17.75,4.795774647887324
3121,141,16.571428571428573,5.517241379310345
3122,217,14.153846153846152,4.989130434782608
3123,420,18.944444444444443,4.695014662756599
3124,182,16.77777777777778,5.423841059602649
3125,206,17.5,4.857142857142857
3126,189,14.9,4.563758389261745
3127,425,14.869565217391305,5.087719298245614
3128,104,13.666666666666666,4.487804878048781
3129,236,16.333333333333332,5.153061224489796
3130,323,17.0,5.513725490196078
3131,205,13.23076923076923,4.523255813953488
3132,108,12.428571428571429,4.494252873563219
3133,161,18.428571428571427,4.937984496124031
3134,57,15.666666666666666,4.893617021276596
3135,1878,35.06818181818182,5.247569669475048
3136,317,10.875,4.762452107279693
3137,155,9.833333333333334,4.813559322033898
3138,116,12.375,5.161616161616162
3139,249,19.0,5.026315789473684
3140,83,18.25,5.356164383561644
3141,112,4.35,4.770114942528736
3142,152,10.545454545454543,4.293103448275862
3143,161,15.11111111111111,5.139705882352941
3144,188,23.285714285714285,4.564417177914111
3145,158,12.3,4.764227642276423
3146,288,19.33333333333333,4.814655172413793
3147,110,18.6,4.913978494623656
3148,206,17.7,5.0790960451977405
3149,397,29.09090909090909,5.11875
3150,186,18.33333333333333,5.157575757575757
3151,148,15.0,5.216666666666667
3152,181,16.0,4.9375
3153,139,16.857142857142858,4.762711864406779
3154,193,18.5,5.283783783783784
3155,178,18.375,5.27891156462585
3156,302,12.095238095238097,4.799212598425197
3157,248,16.153846153846153,5.161904761904762
3158,149,16.714285714285715,4.512820512820513
3159,204,16.7,5.227544910179641
3160,301,17.428571428571427,4.635245901639344
3161,105,20.5,5.365853658536586
3162,57,10.75,4.697674418604652
3163,212,23.875,5.005235602094241
3164,170,15.22222222222222,4.897810218978102
3165,162,17.571428571428573,4.91869918699187
3166,177,9.714285714285714,4.632352941176471
3167,210,17.3,4.3468208092485545
3168,147,15.375,4.479674796747967
3169,170,13.0,4.468531468531468
3170,405,12.51851851851852,4.902366863905326
3171,336,21.692307692307693,5.081560283687943
3172,235,19.8,4.9646464646464645
3173,229,25.714285714285715,5.588888888888889
3174,162,14.77777777777778,4.954887218045113
3175,202,23.857142857142858,5.341317365269461
3176,266,17.416666666666668,4.976076555023924
3177,147,18.285714285714285,5.078125
3178,195,16.1,5.416149068322981
3179,117,12.0,4.885416666666667
3180,238,15.666666666666666,4.97872340425532
3181,166,16.125,4.968992248062016
3182,233,21.77777777777778,4.806122448979592
3183,49,5.666666666666667,4.088235294117647
3184,287,25.666666666666668,4.787878787878788
3185,263,18.454545454545453,4.349753694581281
3186,108,9.666666666666666,5.436781609195402
3187,224,29.0,5.442528735632184
3188,144,12.77777777777778,4.834782608695652
3189,137,10.0,4.754545454545455
3190,197,14.818181818181818,4.828220858895706
3191,273,11.25,4.755555555555556
3192,282,15.466666666666669,5.469827586206897
3193,127,7.285714285714286,5.205882352941177
3194,417,21.066666666666663,4.863924050632911
3195,200,18.22222222222222,5.335365853658536
3196,379,7.071428571428571,4.343434343434343
3197,225,17.09090909090909,4.776595744680851
3198,158,16.125,4.658914728682171
3199,322,13.63157894736842,4.922779922779923
3200,143,12.375,5.101010101010101
3201,198,8.38888888888889,4.218543046357616
3202,141,15.5,5.217741935483871
3203,249,19.181818181818183,5.037914691943128
3204,319,9.56,4.326359832635983
3205,219,14.666666666666666,4.840909090909091
3206,205,7.636363636363637,4.785714285714286
3207,84,5.727272727272728,4.444444444444445
3208,278,18.83333333333333,5.252212389380531
3209,240,10.444444444444445,4.6063829787234045
3210,133,14.571428571428571,5.313725490196078
3211,204,15.363636363636363,4.6390532544378695
3212,173,18.25,4.883561643835616
3213,121,11.444444444444445,5.0
3214,215,14.833333333333334,5.129213483146067
3215,106,11.75,5.351063829787234
3216,328,17.933333333333334,5.066914498141264
3217,130,12.875,4.776699029126213
3218,215,14.636363636363637,4.645962732919255
3219,89,14.6,4.452054794520548
3220,174,11.0,4.787878787878788
3221,445,22.875,5.117486338797814
3222,159,13.22222222222222,4.680672268907563
3223,172,12.727272727272728,4.992857142857143
3224,174,18.375,5.183673469387755
3225,380,17.166666666666668,4.967637540453074
3226,243,11.1875,4.865921787709497
3227,306,22.727272727272727,4.824
3228,14,6.0,4.833333333333333
3229,260,12.235294117647058,4.846153846153846
3230,279,12.705882352941176,4.708333333333333
3231,297,20.416666666666668,5.191836734693878
3232,158,31.25,4.832
3233,193,13.818181818181818,4.907894736842105
3234,355,8.75,4.5285714285714285
3235,228,15.083333333333334,4.961325966850829
3236,225,15.909090909090908,4.508571428571429
3237,26,4.25,4.176470588235294
3238,127,13.75,4.663636363636364
3239,134,15.428571428571429,4.75925925925926
3240,304,14.3125,4.703056768558952
3241,87,8.0,4.888888888888889
3242,216,18.666666666666668,5.291666666666667
3243,97,15.6,4.67948717948718
3244,305,30.375,5.032921810699588
3245,140,11.2,4.75
3246,133,7.923076923076923,4.87378640776699
3247,214,21.125,5.029585798816568
3248,86,7.666666666666667,4.695652173913044
3249,182,18.25,4.726027397260274
3250,177,9.0,4.923611111111111
3251,355,15.052631578947368,4.937062937062937
3252,266,22.666666666666668,4.705882352941177
3253,371,13.363636363636363,5.13265306122449
3254,197,20.5,5.451219512195122
3255,164,19.571428571428573,5.182481751824818
3256,455,11.65625,5.128686327077748
3257,293,14.9375,5.087866108786611
3258,193,21.0,5.154761904761905
3259,219,12.857142857142858,4.9944444444444445
3260,297,14.470588235294118,4.512195121951219
3261,174,16.875,5.044444444444444
3262,112,11.5,5.434782608695652
3263,85,12.2,4.901639344262295
3264,344,26.9,5.111524163568773
3265,202,15.090909090909092,5.084337349397591
3266,383,19.5625,4.904153354632588
3267,312,18.357142857142858,4.852140077821011
3268,294,26.444444444444443,5.214285714285714
3269,169,16.75,5.119402985074627
3270,106,21.0,4.892857142857143
3271,253,13.133333333333333,4.807106598984771
3272,258,21.8,4.862385321100917
3273,223,19.55555555555556,4.982954545454546
3274,157,14.444444444444445,4.753846153846154
3275,211,10.625,4.8352941176470585
3276,220,16.545454545454547,4.681318681318682
3277,204,19.33333333333333,4.844827586206897
3278,221,13.153846153846152,4.356725146198831
3279,60,12.75,4.96078431372549
3280,284,20.181818181818183,4.851351351351352
3281,212,17.3,4.433526011560693
3282,308,22.90909090909091,4.670634920634921
3283,171,13.8,5.5144927536231885
3284,322,23.363636363636363,5.003891050583658
3285,106,13.833333333333334,5.301204819277109
3286,314,12.61904761904762,4.60377358490566
3287,210,18.55555555555556,4.568862275449102
3288,315,17.714285714285715,5.084677419354839
3289,276,21.09090909090909,4.918103448275862
3290,1419,12.674157303370787,4.729609929078015
3291,122,10.333333333333334,4.505376344086022
3292,193,11.071428571428571,4.980645161290322
3293,379,25.07692307692308,5.226993865030675
3294,302,21.08333333333333,4.778656126482214
3295,565,10.023255813953488,4.545243619489559
3296,397,14.714285714285714,4.517799352750809
3297,102,16.2,5.333333333333333
3298,238,13.142857142857142,4.706521739130435
3299,159,16.375,4.717557251908397
3300,19,5.333333333333333,5.125
3301,288,20.33333333333333,4.508196721311475
3302,541,15.961538461538462,4.814457831325301
3303,62,5.444444444444445,5.346938775510204
3304,91,7.444444444444445,4.2388059701492535
3305,223,19.666666666666668,5.271186440677966
3306,292,10.9,4.577981651376147
3307,216,22.25,4.47191011235955
3308,247,21.9,5.063926940639269
3309,228,23.25,5.279569892473118
3310,24,6.0,4.722222222222222
3311,455,20.105263157894736,5.109947643979058
3312,310,15.75,4.76984126984127
3313,265,15.285714285714286,4.831775700934579
3314,130,17.333333333333332,4.759615384615385
3315,181,18.5,5.033783783783784
3316,137,16.142857142857142,4.893805309734513
3317,278,30.0,5.291666666666667
3318,146,17.142857142857142,4.225
3319,156,13.88888888888889,5.232
3320,458,7.913043478260869,4.538461538461538
3321,418,31.272727272727277,4.982558139534884
3322,80,12.8,4.859375
3323,268,15.2,5.456140350877193
3324,344,13.047619047619047,4.562043795620438
3325,177,9.714285714285714,4.470588235294118
3326,138,26.5,5.264150943396227
3327,289,16.857142857142858,4.432203389830509
3328,113,9.77777777777778,4.693181818181818
3329,236,15.461538461538462,4.736318407960199
3330,277,18.5,5.207207207207207
3331,275,19.08333333333333,5.0
3332,271,18.83333333333333,5.168141592920354
3333,216,14.0,5.116883116883117
3334,228,14.076923076923077,4.978142076502732
3335,316,24.3,5.139917695473251
3336,79,11.2,5.232142857142857
3337,371,21.2,5.113207547169812
3338,467,20.789473684210527,5.258227848101265
3339,135,26.5,4.943396226415095
3340,229,23.0,4.614130434782608
3341,169,17.875,4.608391608391608
3342,283,9.904761904761903,4.807692307692308
3343,246,13.857142857142858,5.025773195876289
3344,234,19.1,5.052356020942408
3345,346,22.153846153846157,4.958333333333333
3346,432,19.33333333333333,5.022988505747127
3347,337,16.11111111111111,4.955172413793103
3348,406,15.5,4.609677419354838
3349,64,10.4,4.884615384615385
3350,241,21.22222222222222,4.890052356020942
3351,346,16.11111111111111,4.7
3352,372,22.071428571428573,4.899676375404531
3353,244,20.6,4.805825242718447
3354,78,30.5,4.819672131147541
3355,284,20.818181818181817,4.646288209606987
3356,507,22.36842105263158,4.95764705882353
3357,101,10.125,4.777777777777778
3358,1070,12.478260869565217,4.815331010452962
3359,224,15.583333333333334,5.347593582887701
3360,147,11.88888888888889,4.551401869158879
3361,210,14.583333333333334,4.645714285714286
3362,250,11.352941176470589,4.409326424870466
3363,149,15.75,4.722222222222222
3364,76,9.285714285714286,5.015384615384615
3365,108,18.0,4.6
3366,148,16.666666666666668,5.1
3367,418,16.047619047619047,4.691394658753709
3368,192,15.9,5.0
3369,348,19.2,5.21875
3370,260,17.25,5.3478260869565215
3371,331,25.0,4.723636363636364
3372,53,13.0,4.461538461538462
3373,81,10.5,5.047619047619048
3374,277,10.894736842105264,4.526570048309178
3375,155,11.636363636363637,4.953125
3376,416,24.0,4.613888888888889
3377,262,26.5,4.971698113207547
3378,192,12.833333333333334,5.2727272727272725
3379,66,29.0,5.103448275862069
3380,273,19.22222222222222,4.2601156069364166
3381,321,21.307692307692307,4.736462093862816
3382,43,8.75,5.085714285714285
3383,103,8.88888888888889,4.1125
3384,105,11.571428571428571,5.271604938271605
3385,332,25.454545454545453,4.839285714285714
3386,14,3.0,5.333333333333333
3387,204,15.454545454545457,4.629411764705883
3388,292,15.6,4.799145299145299
3389,235,13.428571428571429,4.8563829787234045
3390,127,14.714285714285714,5.019417475728155
3391,1323,16.37142857142857,4.947643979057592
3392,132,11.2,4.982142857142857
3393,270,10.5,4.8
3394,91,25.33333333333333,5.2368421052631575
3395,238,14.461538461538462,5.164893617021277
3396,268,21.9,4.922374429223744
3397,343,20.785714285714285,4.666666666666667
3398,253,23.88888888888889,5.316279069767442
3399,253,10.409090909090908,5.139737991266376
3400,177,15.555555555555555,5.321428571428571
3401,261,18.90909090909091,4.990384615384615
3402,210,14.727272727272728,4.790123456790123
3403,99,20.25,4.716049382716049
3404,351,21.07692307692308,4.686131386861314
3405,183,12.25,5.333333333333333
3406,140,11.6,5.051724137931035
3407,288,21.0,5.1688311688311686
3408,82,9.285714285714286,4.538461538461538
3409,109,9.666666666666666,4.839080459770115
3410,299,19.692307692307693,4.734375
3411,269,14.25,5.096491228070176
3412,36,6.25,5.28
3413,158,9.0,4.626984126984127
3414,2486,13.986577181208052,4.574376199616123
3415,175,22.142857142857142,4.767741935483871
3416,328,13.15,4.88212927756654
3417,361,20.214285714285715,4.689045936395759
3418,251,25.5,4.970588235294118
3419,279,9.95,4.879396984924624
3420,177,12.5,4.68
3421,92,11.666666666666666,4.814285714285714
3422,341,6.526315789473684,4.483870967741935
3423,126,13.125,4.561904761904762
3424,330,23.09090909090909,4.838582677165355
3425,276,21.0,5.316017316017316
3426,122,14.142857142857142,5.070707070707071
3427,439,19.72222222222222,4.946478873239436
3428,302,16.2,4.691358024691358
3429,399,12.74074074074074,4.982558139534884
3430,180,18.125,4.689655172413793
3431,1071,17.14,5.075845974329055
3432,72,18.33333333333333,4.509090909090909
3433,38,5.8,4.689655172413793
3434,375,16.444444444444443,4.608108108108108
3435,42,8.75,4.942857142857143
3436,219,17.272727272727273,4.778947368421052
3437,148,12.8,5.5390625
3438,553,15.275862068965518,4.889390519187359
3439,41,8.0,5.125
3440,262,23.77777777777778,5.149532710280374
3441,275,20.09090909090909,5.217194570135747
3442,375,16.944444444444443,4.9049180327868855
3443,19,7.0,5.071428571428571
3444,238,10.647058823529411,4.850828729281768
3445,368,9.344827586206897,4.660516605166052
3446,225,9.473684210526317,4.822222222222222
3447,231,12.066666666666666,5.110497237569061
3448,114,16.0,4.78125
3449,185,10.066666666666666,4.728476821192053
3450,201,13.25,5.6918238993710695
3451,119,7.25,4.32183908045977
3452,269,15.733333333333333,5.046610169491525
3453,114,6.666666666666667,5.5875
3454,50,10.75,4.651162790697675
3455,180,17.375,5.035971223021583
3456,177,14.3,4.86013986013986
3457,314,22.363636363636363,4.865853658536586
3458,184,14.0,4.857142857142857
3459,54,9.25,4.972972972972973
3460,176,12.25,4.258503401360544
3461,131,15.285714285714286,4.700934579439252
3462,69,14.75,4.6440677966101696
3463,137,13.5,4.62037037037037
3464,323,15.055555555555555,4.878228782287823
3465,155,9.916666666666666,4.6722689075630255
3466,451,21.94117647058824,4.855227882037534
3467,264,22.2,4.635135135135135
3468,422,18.88888888888889,5.173529411764706
3469,218,20.444444444444443,4.864130434782608
3470,394,31.3,4.833865814696486
3471,296,20.83333333333333,4.988
3472,128,13.571428571428571,5.589473684210526
3473,395,17.647058823529413,4.55
3474,157,16.25,4.792307692307692
3475,374,14.75,4.928813559322034
3476,75,7.0,4.303571428571429
3477,185,14.8,4.858108108108108
3478,303,15.5,4.907258064516129
3479,450,21.647058823529413,4.828804347826087
3480,97,12.166666666666666,4.452054794520548
3481,152,21.166666666666668,5.417322834645669
3482,706,16.41176470588235,4.781362007168458
3483,282,25.1,4.900398406374502
3484,147,15.5,5.048387096774194
3485,278,21.727272727272727,4.845188284518828
3486,378,18.33333333333333,4.8969696969696965
3487,180,11.666666666666666,4.864285714285714
3488,138,22.6,5.0
3489,181,19.5,5.0256410256410255
3490,354,14.95,4.913043478260869
3491,89,16.0,4.7125
3492,767,14.225,5.539543057996485
3493,190,16.9,4.372781065088757
3494,298,24.4,4.94672131147541
3495,18,8.0,4.6875
3496,336,27.0,4.681481481481481
3497,217,22.25,5.078651685393258
3498,265,15.538461538461538,4.678217821782178
3499,93,12.166666666666666,4.890410958904109
3500,1072,18.127659574468087,5.292253521126761
3501,178,23.33333333333333,5.064285714285714
3502,245,18.454545454545453,4.763546798029557
3503,221,20.33333333333333,4.890710382513661
3504,177,17.555555555555557,4.734177215189874
3505,176,10.75,4.612403100775194
3506,276,22.1,4.986425339366516
3507,152,13.444444444444445,4.388429752066116
3508,329,21.916666666666668,5.2889733840304185
3509,92,8.11111111111111,4.739726027397261
3510,239,9.15,4.726775956284153
3511,129,16.285714285714285,4.991228070175438
3512,200,16.2,5.061728395061729
3513,161,12.090909090909092,4.894736842105263
3514,326,16.4,5.130081300813008
3515,553,14.633333333333333,4.810933940774487
3516,18,5.0,5.266666666666667
3517,75,11.2,4.875
3518,21,7.5,4.266666666666667
3519,190,17.0,5.091503267973856
3520,341,19.6,4.836734693877551
3521,20,9.0,4.277777777777778
3522,64,8.333333333333334,5.84
3523,654,17.933333333333334,5.0817843866171
3524,287,15.0,4.983333333333333
3525,340,14.45,4.913494809688581
3526,211,16.0,5.232954545454546
3527,181,14.8,4.777027027027027
3528,681,22.08,4.918478260869565
3529,387,15.5,4.82258064516129
3530,283,21.454545454545453,5.02542372881356
3531,394,22.357142857142858,4.964856230031949
3532,257,21.2,5.19811320754717
3533,186,17.11111111111111,5.123376623376624
3534,102,13.833333333333334,4.578313253012048
3535,262,31.0,4.847926267281106
3536,203,12.916666666666666,5.180645161290323
3537,102,9.11111111111111,4.841463414634147
3538,95,25.33333333333333,4.473684210526316
3539,20,7.5,5.2
3540,364,21.642857142857142,4.6105610561056105
3541,608,15.272727272727272,4.833333333333333
3542,220,19.5,4.856410256410256
3543,364,18.9375,4.950495049504951
3544,440,19.105263157894736,5.110192837465565
3545,349,13.136363636363637,4.903114186851211
3546,82,9.571428571428571,4.865671641791045
3547,430,22.8,5.108187134502924
3548,175,18.0,5.013888888888889
3549,149,17.857142857142858,5.016
3550,16,6.5,5.538461538461538
3551,293,16.428571428571427,4.739130434782608
3552,475,16.47826086956522,4.997361477572559
3553,255,19.0,5.0
3554,125,15.142857142857142,5.066037735849057
3555,337,17.6875,4.819787985865724
3556,127,22.4,5.383928571428571
3557,390,13.954545454545457,4.973941368078176
3558,126,11.875,5.71578947368421
3559,216,16.727272727272727,5.255434782608695
3560,104,8.2,4.658536585365853
3561,125,9.0,4.696969696969697
3562,325,21.63636363636364,4.680672268907563
3563,366,15.526315789473683,5.115254237288136
3564,207,29.666666666666668,4.758426966292135
3565,38,10.0,4.733333333333333
3566,119,15.833333333333334,4.589473684210526
3567,401,15.5,4.492668621700879
3568,187,6.333333333333333,4.902255639097745
3569,197,15.4,4.863636363636363
3570,271,14.133333333333333,5.1745283018867925
3571,281,16.76923076923077,5.0
3572,198,14.727272727272728,5.253086419753086
3573,150,10.833333333333334,4.569230769230769
3574,219,21.5,5.180232558139535
3575,132,8.666666666666666,4.961538461538462
3576,250,23.625,4.962962962962963
3577,147,18.0,4.722222222222222
3578,147,8.23076923076923,5.0
3579,68,9.8,4.836734693877551
3580,258,19.8,4.808080808080808
3581,34,15.0,5.666666666666667
3582,309,31.25,5.728
3583,394,16.263157894736842,4.724919093851133
3584,108,12.0,5.083333333333333
3585,243,17.454545454545453,5.338541666666667
3586,185,18.875,5.450331125827814
3587,261,19.5,4.4974358974358974
3588,343,18.73333333333333,4.491103202846976
3589,220,32.0,4.921875
3590,203,27.83333333333333,5.023952095808383
3591,141,23.2,4.974137931034483
3592,245,22.625,5.099447513812155
3593,174,10.846153846153848,5.120567375886525
3594,246,22.22222222222222,4.81
3595,1029,14.491228070175438,4.753026634382566
3596,256,12.470588235294118,5.05188679245283
3597,580,20.130434782608692,4.913606911447085
3598,224,14.5,4.902298850574713
3599,273,19.916666666666668,5.01255230125523
3600,114,16.333333333333332,4.76530612244898
3601,212,11.533333333333331,4.826589595375722
3602,344,21.83333333333333,4.793893129770993
1,171,24.666666666666668,5.141891891891892
2,353,15.36842105263158,5.065068493150685
3,252,12.5625,5.09452736318408
4,167,17.625,4.815602836879433
5,148,22.166666666666668,4.69172932330827
6,220,17.454545454545453,5.057291666666667
7,219,25.25,4.712871287128713
8,199,30.83333333333333,4.875675675675676
9,113,19.8,5.101010101010101
10,306,16.933333333333334,4.996062992125984
11,204,18.2,4.84065934065934
12,277,12.157894736842104,5.090909090909091
13,299,18.285714285714285,5.29296875
14,124,22.0,5.3090909090909095
15,160,11.909090909090908,5.190839694656488
16,364,17.333333333333332,5.060897435897436
17,790,22.70967741935484,5.110795454545454
18,213,20.444444444444443,4.902173913043479
19,407,15.304347826086955,4.917613636363637
20,518,17.0,5.040723981900452
21,183,10.066666666666666,5.006622516556291
22,303,17.933333333333334,4.535315985130112
23,510,17.92,4.892857142857143
24,556,18.8,5.0
25,159,14.555555555555555,4.66412213740458
26,238,20.7,4.608695652173913
27,477,28.2,4.789598108747045
28,297,17.857142857142858,4.792
29,763,12.0,4.62962962962963
30,351,25.5,4.944444444444445
31,292,16.2,4.674897119341564
32,232,19.4,5.27319587628866
33,213,21.75,4.839080459770115
34,322,21.384615384615383,5.035971223021583
35,251,17.083333333333332,4.917073170731707
36,527,19.608695652173918,5.221729490022173
37,352,23.384615384615383,4.848684210526316
38,577,13.666666666666666,5.016260162601626
39,346,12.041666666666666,4.539792387543253
40,808,11.783333333333331,4.578500707213578
41,260,20.363636363636363,5.361607142857143
42,451,26.53333333333333,4.972361809045226
43,372,22.0,5.284848484848485
44,473,22.61111111111111,4.727272727272728
45,208,18.6,4.827956989247312
46,303,18.357142857142858,5.428015564202335
47,867,18.75,4.772
48,279,17.214285714285715,4.825726141078838
49,337,24.83333333333333,5.211409395973154
50,320,22.0,5.390151515151516
51,534,10.044444444444444,5.084070796460177
52,344,21.928571428571427,5.263843648208469
53,264,18.58333333333333,4.887892376681615
54,236,18.181818181818183,5.08
55,355,24.75,5.744107744107744
56,291,23.0,5.075098814229249
57,288,23.09090909090909,4.665354330708661
58,389,21.866666666666667,5.118902439024391
59,253,17.384615384615383,5.172566371681416
60,890,17.204545454545453,5.011889035667107
61,163,21.666666666666668,4.776923076923077
62,803,20.176470588235293,4.864431486880466
63,374,21.166666666666668,4.421259842519685
64,376,26.384615384615383,5.12536443148688
65,413,17.35,4.876080691642652
66,329,21.0,5.2312925170068025
67,358,27.08333333333333,4.966153846153846
68,219,26.571428571428573,4.978494623655914
70,419,12.607142857142858,4.781869688385269
71,203,17.6,5.028409090909091
72,725,16.486486486486488,4.79344262295082
73,241,26.375,4.729857819905213
74,310,20.846153846153847,5.099630996309963
75,373,17.105263157894736,5.012307692307692
76,302,18.928571428571427,5.071698113207547
77,354,25.166666666666668,5.089403973509934
78,141,24.4,5.057377049180328
79,371,15.789473684210526,5.256666666666667
80,220,21.33333333333333,5.057291666666667
81,257,16.428571428571427,5.1695652173913045
82,414,20.647058823529413,4.814814814814815
83,247,23.55555555555556,5.202830188679245
84,526,17.576923076923077,5.240700218818381
85,249,15.357142857142858,4.986046511627907
86,194,20.875,5.263473053892215
87,211,20.22222222222222,4.846153846153846
88,199,15.818181818181818,5.448275862068965
89,276,14.0625,4.751111111111111
90,184,17.0,5.529411764705882
91,250,19.363636363636363,4.779342723004695
92,189,24.0,4.898809523809524
93,561,19.074074074074076,4.990291262135922
94,261,20.545454545454547,5.1946902654867255
95,382,16.55,5.205438066465256
96,173,22.428571428571427,5.171974522292993
97,232,10.941176470588236,4.913978494623656
98,521,18.375,4.64172335600907
99,97,12.0,4.880952380952381
100,314,19.428571428571427,5.213235294117647
101,176,25.0,5.5
102,175,19.25,4.623376623376624
103,190,20.125,5.341614906832298
104,557,21.90909090909091,4.869294605809128
105,832,26.33333333333333,5.472573839662447
106,294,16.0,5.25
107,323,20.76923076923077,5.125925925925926
108,209,20.0,5.038888888888889
109,433,25.33333333333333,5.463157894736842
110,167,28.8,4.444444444444445
111,251,20.63636363636364,4.92511013215859
112,163,17.375,5.23021582733813
113,405,20.47058823529412,4.652298850574713
114,361,23.5,5.045592705167174
115,290,16.466666666666665,5.02834008097166
116,378,16.57894736842105,4.603174603174603
117,362,27.90909090909091,5.247557003257329
118,271,34.0,5.697478991596639
119,316,17.1875,5.0181818181818185
120,670,23.8,4.984873949579832
121,382,20.5,4.743902439024391
122,246,18.545454545454547,5.063725490196078
123,494,23.823529411764707,5.424691358024691
124,339,18.73333333333333,4.782918149466192
125,238,22.88888888888889,5.165048543689321
126,557,21.181818181818183,4.907725321888412
127,498,23.105263157894736,5.095671981776765
128,472,21.210526315789476,4.935483870967742
129,336,21.571428571428573,5.21523178807947
130,341,21.307692307692307,5.07942238267148
131,368,13.347826086956522,4.703583061889251
132,374,15.6,5.112179487179487
133,502,27.266666666666666,4.91442542787286
134,303,18.642857142857142,4.475095785440613
135,355,13.636363636363637,4.833333333333333
136,371,21.8,4.990825688073395
137,519,18.08,4.800884955752212
138,668,17.375,5.176258992805756
139,301,18.428571428571427,5.093023255813954
140,191,14.363636363636363,4.80379746835443
141,333,17.0,4.972318339100346
142,238,28.714285714285715,5.014925373134329
143,365,24.53846153846154,4.949843260188088
144,300,19.071428571428573,4.872659176029963
145,892,20.11111111111111,5.015193370165746
146,218,36.2,5.016574585635359
147,367,18.47058823529412,4.646496815286624
148,317,20.384615384615383,5.233962264150944
149,545,26.55555555555556,5.058577405857741
150,310,19.23076923076923,5.124
151,234,21.666666666666668,4.851282051282051
152,170,30.2,5.225165562913907
153,482,23.5,4.881796690307328
154,162,24.166666666666668,4.66896551724138
155,203,17.0,4.802139037433155
156,419,23.866666666666667,4.991620111731844
157,320,16.294117647058822,5.216606498194946
158,259,19.08333333333333,5.096069868995633
159,712,21.5,4.865448504983389
160,381,14.590909090909092,4.838006230529595
161,284,16.066666666666666,4.991701244813278
162,287,24.4,4.700819672131147
163,285,28.33333333333333,4.811764705882353
164,545,17.035714285714285,4.746331236897275
165,292,19.142857142857142,5.276119402985074
166,385,22.133333333333333,5.171686746987952
167,148,16.625,4.699248120300752
168,264,20.545454545454547,5.039823008849558
169,205,24.714285714285715,4.682080924855492
170,255,11.411764705882351,4.216494845360825
171,355,22.0,5.51948051948052
172,217,17.6,4.869318181818182
173,233,22.0,4.712121212121212
174,161,18.571428571428573,4.6
175,316,16.235294117647058,4.601449275362318
176,588,17.133333333333333,4.879377431906615
177,420,18.05,5.313019390581718
178,399,20.47058823529412,5.002873563218391
179,159,17.5,5.328571428571428
180,645,15.0,4.67037037037037
181,225,16.666666666666668,4.58
182,410,20.88235294117647,4.76056338028169
183,429,18.35,4.833787465940055
184,245,21.4,4.785046728971962
185,354,14.95,5.053511705685619
186,217,14.416666666666666,4.763005780346821
187,121,13.857142857142858,4.88659793814433
188,263,21.272727272727277,4.688034188034188
189,295,19.0,5.19172932330827
190,274,18.307692307692307,4.781512605042017
191,213,23.25,5.231182795698925
192,226,12.058823529411764,4.829268292682927
193,255,20.727272727272727,5.368421052631579
194,232,21.88888888888889,4.67005076142132
195,391,11.928571428571429,5.140718562874252
196,388,24.571428571428573,4.816860465116279
197,314,29.88888888888889,4.661710037174721
198,173,21.142857142857142,5.22972972972973
199,109,47.0,5.074468085106383
200,289,17.714285714285715,5.012096774193548
201,198,14.166666666666666,5.523529411764706
202,187,26.33333333333333,4.80379746835443
203,174,26.0,4.852564102564102
204,221,24.375,4.876923076923077
205,199,16.2,4.91358024691358
206,218,20.33333333333333,4.808743169398907
207,166,20.428571428571427,5.174825174825175
208,222,17.90909090909091,5.395939086294416
209,162,22.33333333333333,5.029850746268656
210,105,16.333333333333332,5.020408163265306
211,135,13.444444444444445,4.818181818181818
212,166,16.875,4.933333333333334
213,157,11.666666666666666,5.55
214,228,18.181818181818183,4.65
215,95,16.0,4.7625
216,110,23.75,4.852631578947369
217,105,18.2,4.989010989010989
218,139,20.166666666666668,4.991735537190083
219,170,11.833333333333334,5.049295774647887
220,181,17.444444444444443,4.528662420382165
221,187,18.444444444444443,5.397590361445783
222,102,15.166666666666666,4.978021978021978
223,109,16.5,5.323232323232324
224,171,22.428571428571427,4.859872611464968
225,296,31.5,4.841269841269841
226,128,20.8,5.048076923076923
227,148,18.857142857142858,4.909090909090909
228,177,15.5,5.374193548387097
229,228,17.90909090909091,5.786802030456853
230,99,14.166666666666666,5.070588235294117
231,145,17.428571428571427,5.114754098360656
232,122,10.0,5.26
233,141,15.375,5.170731707317073
234,96,17.2,4.941860465116279
235,236,16.75,5.144278606965174
236,458,18.08695652173913,5.185096153846154
237,180,32.6,4.846625766871166
238,236,24.0,5.199074074074074
239,113,21.2,4.377358490566038
240,106,15.833333333333334,4.705263157894737
241,116,25.5,5.0588235294117645
242,86,20.25,4.938271604938271
243,171,18.375,5.01360544217687
244,109,13.428571428571429,4.957446808510638
245,173,22.428571428571427,5.222929936305732
246,108,19.6,4.887755102040816
247,169,25.83333333333333,5.141935483870967
248,199,23.0,5.4728260869565215
249,207,19.11111111111111,4.77906976744186
250,101,15.8,4.860759493670886
251,136,21.166666666666668,4.897637795275591
252,167,20.714285714285715,5.006896551724138
253,174,15.8,5.246835443037975
254,206,10.375,4.740963855421687
255,113,26.5,5.40566037735849
256,180,23.0,5.3478260869565215
257,291,30.625,5.506122448979592
258,152,17.0,5.044117647058823
259,164,17.75,4.612676056338028
260,160,24.666666666666668,5.506756756756757
261,266,15.666666666666666,4.868085106382979
262,500,5.818181818181818,4.396875
263,187,18.0,5.382716049382716
264,123,26.25,5.390476190476191
265,153,27.6,5.072463768115942
266,434,14.36,5.3008356545961
267,291,15.875,4.771653543307087
268,136,14.5,5.181034482758621
269,152,11.0,5.008264462809917
270,360,19.875,5.2075471698113205
271,133,16.285714285714285,4.824561403508772
272,153,12.636363636363637,4.618705035971223
273,157,18.714285714285715,4.801526717557252
274,233,19.8,4.661616161616162
275,170,24.5,4.612244897959184
276,356,25.5,4.944444444444445
277,193,10.933333333333334,4.597560975609756
278,149,22.83333333333333,5.262773722627737
279,188,13.75,4.333333333333333
280,358,20.33333333333333,5.406557377049181
281,168,22.83333333333333,5.321167883211679
282,191,24.428571428571427,5.157894736842105
283,194,19.11111111111111,4.825581395348837
284,216,19.1,4.9267015706806285
285,152,22.0,4.727272727272728
286,184,17.88888888888889,5.024844720496894
287,223,22.22222222222222,4.955
288,96,19.5,5.012820512820513
289,215,18.0,5.227777777777778
290,1063,23.05,5.288503253796096
291,323,23.08333333333333,5.310469314079422
292,182,15.3,4.496732026143791
293,308,14.27777777777778,4.824902723735408
294,157,16.75,4.567164179104478
295,189,57.333333333333336,5.133720930232558
296,136,20.0,5.058333333333334
297,176,18.0,4.8580246913580245
298,134,18.666666666666668,4.75
299,167,16.0,5.138888888888889
300,155,19.0,5.0
301,161,17.0,5.169117647058823
302,141,18.428571428571427,4.744186046511628
303,48,8.8,4.477272727272728
304,404,18.73684210526316,5.044943820224719
305,190,33.0,5.109090909090909
306,116,14.428571428571429,5.326732673267327
307,133,15.714285714285714,5.709090909090909
308,135,14.125,5.442477876106195
309,211,20.0,5.277777777777778
310,95,10.625,5.141176470588236
311,126,13.375,5.186915887850467
312,237,18.818181818181817,5.0144927536231885
313,17,5.333333333333333,5.9375
314,193,17.1,4.760233918128655
315,219,16.90909090909091,4.639784946236559
316,37,11.0,5.636363636363637
317,193,18.55555555555556,5.179640718562874
318,355,24.153846153846157,5.121019108280255
319,157,14.88888888888889,4.776119402985074
320,135,19.83333333333333,5.798319327731092
321,170,16.11111111111111,4.841379310344828
322,102,16.8,4.75
323,111,24.75,4.777777777777778
324,122,15.142857142857142,4.537735849056604
325,145,10.25,4.455284552845528
326,414,20.166666666666668,5.121212121212121
327,168,14.0,5.292857142857143
328,300,29.22222222222222,4.802281368821292
329,69,21.0,5.206349206349207
330,146,16.375,5.129770992366412
331,170,18.5,4.797297297297297
332,103,30.33333333333333,4.769230769230769
333,546,14.774193548387096,5.0873362445414845
334,139,14.75,4.466101694915254
335,140,17.142857142857142,4.958333333333333
336,201,22.25,4.97191011235955
337,170,16.666666666666668,4.6466666666666665
338,213,17.09090909090909,4.824468085106383
339,125,18.666666666666668,5.410714285714286
340,184,33.6,5.125
341,156,22.33333333333333,4.7164179104477615
342,438,16.652173913043477,5.070496083550914
343,131,16.285714285714285,5.2105263157894735
344,105,19.0,4.326315789473684
345,187,20.0,4.70625
346,353,8.382352941176471,4.726315789473684
347,137,25.0,5.456
348,130,29.75,4.899159663865547
349,271,13.941176470588236,4.717299578059071
350,209,15.083333333333334,5.060773480662983
351,421,20.55555555555556,5.148648648648648
352,203,19.77777777777778,4.713483146067416
353,75,16.25,5.184615384615385
354,180,13.5,5.148148148148148
355,264,22.2,5.355855855855856
356,272,19.25,5.038961038961039
357,279,21.727272727272727,5.179916317991632
358,212,24.0,4.817708333333333
359,185,11.846153846153848,4.720779220779221
360,280,18.285714285714285,4.68359375
361,130,10.6,4.971698113207547
362,94,13.833333333333334,4.614457831325301
363,589,16.466666666666665,4.975708502024292
364,113,25.25,4.98019801980198
365,101,17.2,5.441860465116279
366,106,19.2,4.645833333333333
367,192,22.428571428571427,4.67515923566879
368,76,13.6,5.367647058823529
369,144,13.11111111111111,5.305084745762712
370,159,17.875,4.727272727272728
371,147,13.666666666666666,4.471544715447155
372,227,24.5,4.770408163265306
373,90,19.75,4.367088607594937
374,131,16.0,5.285714285714286
375,297,20.153846153846157,4.477099236641221
376,174,26.0,4.666666666666667
377,210,12.5,4.48
378,152,16.375,5.022900763358779
379,518,19.91304347826087,4.62882096069869
380,325,19.357142857142858,4.708487084870849
381,81,11.833333333333334,5.169014084507042
382,572,17.142857142857142,4.9875
383,186,16.5,4.684848484848485
384,252,20.181818181818183,5.513513513513513
385,148,21.33333333333333,5.4140625
386,162,15.0,5.037037037037037
387,183,12.538461538461538,4.932515337423313
388,274,34.42857142857143,4.892116182572615
389,351,18.41176470588235,4.977635782747604
390,148,17.571428571428573,5.2926829268292686
391,162,13.555555555555555,4.352459016393443
392,677,16.22222222222222,4.912671232876712
393,139,15.25,5.139344262295082
394,334,18.125,4.879310344827586
395,136,12.0,4.35
396,180,22.714285714285715,5.081761006289308
397,268,28.75,4.995652173913044
398,232,15.615384615384617,4.862068965517241
399,290,15.8125,4.988142292490118
400,337,15.421052631578949,4.747440273037543
401,347,19.266666666666666,4.899653979238754
402,186,15.8,5.056962025316456
403,18,8.5,5.823529411764706
404,181,17.444444444444443,4.78343949044586
405,230,17.545454545454547,5.119170984455959
406,135,16.285714285714285,5.307017543859649
407,205,29.83333333333333,4.793296089385475
408,127,28.5,4.93859649122807
409,498,24.944444444444443,5.006681514476615
410,225,19.8,4.94949494949495
411,394,24.666666666666668,5.037162162162162
412,191,12.615384615384617,4.835365853658536
413,84,14.4,4.888888888888889
414,168,14.7,5.27891156462585
415,207,15.166666666666666,5.038461538461538
416,592,21.375,4.992202729044834
417,156,17.125,4.708029197080292
418,173,15.4,4.8896103896103895
419,176,51.66666666666666,4.612903225806452
420,186,20.25,5.191358024691358
421,208,17.09090909090909,5.202127659574468
422,149,14.666666666666666,4.325757575757576
423,368,16.2,5.101851851851852
424,334,13.142857142857142,4.608695652173913
425,41,13.0,4.641025641025641
426,255,18.916666666666668,4.546255506607929
427,76,16.5,5.303030303030303
428,414,20.27777777777778,5.041095890410959
429,220,21.11111111111111,4.636842105263158
430,548,15.966666666666669,5.181628392484343
431,274,26.55555555555556,4.677824267782427
432,605,18.892857142857142,4.846880907372401
433,235,13.666666666666666,5.2
434,98,10.875,4.425287356321839
435,157,16.875,5.222222222222222
436,191,17.2,4.726744186046512
437,213,21.33333333333333,5.260416666666667
438,237,14.5,5.133004926108375
439,323,23.75,5.056140350877193
440,155,11.818181818181818,5.007692307692308
441,273,22.272727272727277,4.83265306122449
442,183,18.33333333333333,4.993939393939394
443,108,18.8,4.968085106382978
444,191,14.636363636363637,4.782608695652174
445,181,20.125,4.944099378881988
446,204,17.9,5.083798882681564
447,259,14.866666666666667,4.99103139013453
448,167,12.333333333333334,5.155405405405405
449,211,18.5,4.805405405405406
450,192,14.636363636363637,5.086956521739131
451,275,19.666666666666668,4.737288135593221
452,129,14.0,5.255102040816326
453,274,20.0,5.091666666666667
454,237,18.818181818181817,4.48792270531401
455,419,20.27777777777778,4.909589041095891
456,403,11.666666666666666,4.625714285714285
457,190,16.3,5.196319018404908
458,352,25.5,5.091503267973856
459,170,19.125,5.222222222222222
460,349,26.818181818181817,5.081355932203389
461,158,29.2,4.7465753424657535
462,136,18.166666666666668,5.412844036697248
463,160,21.142857142857142,5.101351351351352
464,310,24.545454545454547,4.770370370370371
465,216,23.5,4.632978723404255
466,133,18.83333333333333,4.716814159292035
467,296,18.0,4.686507936507937
468,305,18.857142857142858,5.515151515151516
469,348,19.266666666666666,5.131487889273356
470,413,18.4,5.127717391304348
471,365,14.476190476190476,4.476973684210527
472,278,16.857142857142858,5.266949152542373
473,239,14.785714285714286,4.603864734299517
474,185,14.818181818181818,4.871165644171779
475,286,14.882352941176473,5.07905138339921
476,233,23.33333333333333,4.838095238095238
477,402,10.79310344827586,5.277955271565495
478,306,19.0,4.981203007518797
479,90,15.0,5.16
480,27,12.0,4.833333333333333
481,151,19.285714285714285,4.45925925925926
482,184,15.2,4.789473684210527
483,223,21.88888888888889,4.67005076142132
484,146,15.0,4.975
485,316,16.11764705882353,5.273722627737226
486,263,22.3,4.654708520179372
487,279,18.53846153846154,4.821576763485477
488,277,18.07692307692308,5.076595744680851
489,192,23.714285714285715,5.0120481927710845
490,45,10.5,5.238095238095238
491,209,20.11111111111111,4.49171270718232
492,639,21.07692307692308,5.198905109489052
493,196,19.0,4.140350877192983
494,156,19.714285714285715,4.507246376811594
495,135,20.666666666666668,5.169354838709677
496,297,26.5,5.184905660377359
497,133,19.666666666666668,4.966101694915254
498,312,20.923076923076923,4.566176470588236
499,130,13.75,4.736363636363636
500,268,14.25,4.890350877192983
501,386,20.875,5.0
502,464,19.0,5.007177033492823
503,161,13.4,4.888059701492537
504,141,18.285714285714285,4.7734375
505,115,20.4,4.901960784313726
506,267,13.941176470588236,4.936708860759493
507,150,21.0,5.071428571428571
508,682,21.85185185185185,5.196610169491525
509,167,11.692307692307692,5.032894736842105
510,361,16.94736842105263,5.27639751552795
511,454,19.4,4.510309278350515
512,308,18.2,4.805860805860806
513,488,14.75,4.929782082324455
514,338,22.76923076923077,5.206081081081081
515,227,20.1,5.159203980099503
516,218,19.2,5.145833333333333
517,290,26.4,5.446969696969697
518,425,19.36842105263158,5.192934782608695
519,423,13.555555555555555,4.89344262295082
520,461,21.789473684210527,4.42512077294686
521,494,18.08695652173913,4.966346153846154
522,279,20.5,5.313008130081301
523,196,19.33333333333333,5.275862068965517
524,315,18.73333333333333,5.00355871886121
525,289,18.846153846153847,4.963265306122449
526,319,20.214285714285715,5.014134275618375
527,170,16.555555555555557,4.604026845637584
528,99,14.666666666666666,4.965909090909091
529,185,28.33333333333333,5.047058823529412
530,222,19.7,4.898477157360406
531,618,16.424242424242426,4.964944649446495
532,175,18.875,5.19205298013245
533,149,18.428571428571427,5.217054263565892
534,188,17.3,5.069364161849711
535,168,28.4,5.056338028169014
536,190,16.5,4.884848484848485
537,57,13.0,4.980769230769231
538,376,20.866666666666667,5.067092651757188
539,425,21.764705882352946,4.716216216216216
540,192,18.22222222222222,5.402439024390244
541,109,19.4,4.711340206185567
542,532,22.19047619047619,5.07725321888412
543,187,23.428571428571427,5.579268292682927
544,270,16.0,4.766666666666667
545,126,14.714285714285714,4.854368932038835
546,215,14.666666666666666,4.7727272727272725
547,362,22.571428571428573,5.025316455696203
548,142,18.142857142857142,5.283464566929134
549,354,14.9,5.077181208053691
550,504,15.357142857142858,5.097674418604651
551,167,15.444444444444445,4.992805755395684
552,170,25.83333333333333,4.980645161290322
553,106,15.5,5.150537634408602
554,404,15.227272727272728,5.008955223880597
555,230,18.63636363636364,5.204878048780488
556,324,16.058823529411764,5.216117216117216
557,106,15.666666666666666,4.925531914893617
558,480,28.6,5.048951048951049
559,115,15.5,5.333333333333333
560,188,25.142857142857142,4.801136363636363
561,305,23.90909090909091,4.969581749049429
562,36,17.0,4.0588235294117645
563,161,11.583333333333334,4.956834532374101
564,480,15.51851851851852,5.042959427207637
565,179,13.818181818181818,4.822368421052632
566,339,18.933333333333334,4.894366197183099
567,278,22.181818181818183,4.959016393442623
568,298,18.214285714285715,5.2745098039215685
569,240,20.09090909090909,4.773755656108597
570,200,15.545454545454543,4.368421052631579
571,785,16.571428571428573,4.873563218390805
572,311,20.692307692307693,4.843866171003717
573,241,19.09090909090909,5.152380952380953
574,298,18.285714285714285,4.88671875
575,299,14.22222222222222,4.76953125
576,298,16.666666666666668,5.216
577,271,18.692307692307693,4.584362139917696
578,237,15.076923076923077,4.933673469387755
579,73,14.5,5.327586206896552
580,369,17.944444444444443,4.928792569659443
581,361,29.09090909090909,4.784375
582,78,17.5,5.314285714285714
583,261,19.90909090909091,5.068493150684931
584,599,22.956521739130437,4.708333333333333
585,291,21.666666666666668,5.130769230769231
586,430,16.90909090909091,4.57258064516129
587,280,18.53846153846154,4.651452282157677
588,179,19.5,5.461538461538462
589,74,15.5,4.870967741935484
590,299,18.785714285714285,4.965779467680608
591,607,22.33333333333333,5.0914179104477615
592,191,21.5,4.947674418604652
593,212,21.444444444444443,4.922279792746114
594,821,21.08823529411765,5.00278940027894
595,235,14.5,4.758620689655173
596,413,17.45,4.893982808022923
597,437,20.944444444444443,4.848806366047746
598,167,14.5,4.758620689655173
599,43,9.75,5.17948717948718
600,167,12.545454545454543,4.420289855072464
601,34,9.666666666666666,5.103448275862069
602,244,15.785714285714286,4.95475113122172
603,311,15.882352941176473,4.848148148148148
604,640,16.294117647058822,5.126353790613718
605,76,14.2,4.619718309859155
606,295,18.428571428571427,5.058139534883721
607,201,26.428571428571427,5.059459459459459
608,111,24.0,5.208333333333333
609,436,17.952380952380953,5.047745358090186
610,661,21.666666666666668,5.126495726495727
611,357,18.875,4.513245033112582
612,113,8.909090909090908,4.612244897959184
613,276,25.1,5.051792828685259
614,217,28.285714285714285,5.025252525252525
615,310,18.133333333333333,4.819852941176471
616,289,26.2,5.213740458015267
617,331,19.066666666666663,4.846153846153846
618,121,15.0,4.971428571428572
619,294,23.63636363636364,4.953846153846154
620,225,19.5,5.133333333333334
621,200,19.22222222222222,5.3468208092485545
622,255,23.55555555555556,5.099056603773585
623,267,21.545454545454547,4.970464135021097
624,99,18.0,4.644444444444445
625,343,16.88888888888889,5.296052631578948
626,527,21.95,4.956719817767654
627,360,21.2,5.0
628,276,16.785714285714285,4.8
629,195,13.666666666666666,4.975609756097561
630,163,19.714285714285715,4.557971014492754
631,606,28.72222222222222,5.160541586073501
632,198,21.0,5.309523809523809
633,540,21.454545454545453,4.9491525423728815
634,230,15.846153846153848,4.941747572815534
635,515,15.03448275862069,4.889908256880734
636,74,11.8,4.627118644067797
637,366,24.46153846153846,5.226415094339623
638,644,22.956521739130437,4.71780303030303
639,341,15.15,4.887788778877888
640,253,12.61111111111111,4.748898678414097
641,136,20.83333333333333,5.184
642,320,21.76923076923077,5.070671378091872
643,312,14.68421052631579,4.989247311827957
644,79,22.666666666666668,4.352941176470588
645,532,17.615384615384617,4.764192139737991
646,244,16.615384615384617,4.62962962962963
647,397,13.875,4.882882882882883
648,289,13.5,5.374485596707819
649,216,27.0,4.984126984126984
650,15,7.0,6.5
651,299,14.38888888888889,5.015444015444015
652,370,20.866666666666667,4.782747603833866
653,115,26.25,5.428571428571429
654,161,15.77777777777778,5.274647887323944
655,177,21.714285714285715,4.894736842105263
656,160,19.857142857142858,5.244604316546763
657,485,18.90909090909091,5.007211538461538
658,189,20.0,4.38125
659,365,23.5,4.653495440729484
660,91,15.6,5.064102564102564
661,216,21.22222222222222,5.0785340314136125
662,334,20.785714285714285,4.72852233676976
663,250,18.33333333333333,4.4409090909090905
664,143,15.0,4.933333333333334
665,443,42.66666666666666,5.434895833333333
666,219,17.181818181818183,4.9523809523809526
667,305,16.5,5.083333333333333
668,323,15.666666666666666,4.960992907801418
669,918,19.166666666666668,5.0111801242236025
670,151,27.2,5.102941176470588
671,364,18.58823529411765,4.920886075949367
672,280,20.25,5.02880658436214
673,244,18.90909090909091,5.264423076923077
674,534,21.227272727272727,4.991434689507495
675,262,19.08333333333333,4.327510917030568
676,239,15.571428571428571,4.977064220183486
677,196,21.75,4.781609195402299
678,136,29.5,5.093220338983051
679,179,14.0,4.564935064935065
680,258,16.071428571428573,4.808888888888889
681,169,16.666666666666668,4.666666666666667
682,160,13.7,4.948905109489052
683,172,13.454545454545457,5.25
684,185,14.272727272727272,4.929936305732484
685,360,15.68421052631579,4.9865771812080535
686,128,13.75,4.354545454545455
687,416,17.0,5.165266106442577
688,160,22.166666666666668,5.24812030075188
689,143,14.22222222222222,4.890625
690,114,9.88888888888889,4.876404494382022
691,292,32.375,4.586872586872587
692,319,18.33333333333333,4.614545454545454
693,219,17.636363636363637,4.938144329896907
694,286,19.916666666666668,5.192468619246862
695,192,22.857142857142858,5.18125
696,242,21.6,4.944444444444445
698,204,17.3,5.023121387283237
699,246,19.272727272727277,5.080188679245283
700,227,19.2,4.692708333333333
701,153,16.625,4.834586466165414
702,208,21.625,5.005780346820809
703,220,18.7,4.770053475935829
704,309,21.153846153846157,5.1454545454545455
705,105,18.0,5.277777777777778
706,886,21.457142857142856,4.881491344873502
707,379,17.263157894736842,4.978658536585366
708,170,18.875,5.3841059602649
709,317,20.285714285714285,4.795774647887324
710,418,19.88888888888889,5.167597765363128
711,214,26.428571428571427,4.827027027027027
712,172,25.0,4.8
713,188,13.166666666666666,4.670886075949367
714,311,16.058823529411764,5.087912087912088
715,220,17.545454545454547,4.83419689119171
716,190,20.25,5.314814814814815
717,441,23.125,5.086486486486487
718,130,29.0,5.275862068965517
719,244,16.846153846153847,4.744292237442922
720,355,25.5,4.980392156862745
721,417,14.16,5.194915254237288
722,133,20.5,5.138211382113822
723,329,21.357142857142858,4.976588628762542
724,201,19.11111111111111,5.093023255813954
725,270,23.5,4.863829787234042
726,218,21.22222222222222,5.193717277486911
727,148,16.875,5.007407407407407
728,333,16.352941176470587,4.848920863309353
729,750,19.08823529411765,5.143297380585516
730,207,14.916666666666666,4.988826815642458
731,802,23.06896551724138,5.025411061285501
732,391,19.22222222222222,4.765895953757226
733,200,22.0,4.6477272727272725
734,355,16.210526315789473,5.12987012987013
735,391,18.210526315789476,4.791907514450867
736,260,20.818181818181817,4.882096069868996
737,415,22.9375,4.855585831062671
738,269,20.454545454545453,4.746666666666667
739,197,13.461538461538462,4.817142857142857
740,238,13.733333333333333,5.228155339805825
741,444,15.2,4.973684210526316
742,161,17.5,4.935714285714286
743,128,23.2,5.612068965517241
744,183,20.875,4.862275449101796
745,257,18.08333333333333,5.391705069124424
746,230,20.4,4.838235294117647
747,125,21.8,4.412844036697248
748,398,20.41176470588235,5.524495677233429
749,229,33.5,5.348258706467662
750,359,16.05,4.672897196261682
751,285,20.08333333333333,5.116182572614108
752,123,15.142857142857142,5.056603773584905
753,318,24.272727272727277,4.741573033707865
754,603,18.785714285714285,5.17680608365019
755,90,13.5,5.283950617283951
756,376,18.88235294117647,4.909657320872274
757,341,19.53333333333333,4.996587030716723
758,385,16.047619047619047,4.439169139465875
759,431,17.272727272727273,4.568421052631579
760,91,27.33333333333333,5.121951219512195
761,192,20.75,4.813253012048193
762,135,17.0,4.798319327731092
763,127,18.5,5.072072072072072
764,310,19.714285714285715,4.898550724637682
765,212,17.0,4.839572192513369
766,165,17.375,5.388489208633094
767,219,23.375,5.042780748663102
768,226,9.833333333333334,4.734463276836158
769,66,10.8,4.907407407407407
770,220,23.5,4.904255319148936
771,68,15.5,5.354838709677419
772,98,17.2,4.965116279069767
773,373,23.071428571428573,5.052631578947368
774,223,27.857142857142858,4.605128205128205
775,144,24.8,4.983870967741935
776,135,16.571428571428573,5.224137931034483
777,124,16.666666666666668,5.39
778,180,9.6875,4.967741935483871
779,178,16.555555555555557,5.510067114093959
780,270,26.88888888888889,5.107438016528926
781,456,19.047619047619047,5.0025
782,200,16.9,5.124260355029586
783,157,13.8,4.413043478260869
784,215,20.33333333333333,4.704918032786885
785,299,21.75,4.950191570881226
786,177,14.0,4.831168831168832
787,124,22.0,5.454545454545454
788,24,6.666666666666667,4.5
789,107,20.0,4.34
790,153,22.166666666666668,4.458646616541353
791,229,25.375,4.74384236453202
792,123,18.33333333333333,5.127272727272727
793,424,22.75,4.728021978021978
794,187,40.25,4.720496894409938
795,271,14.125,4.774336283185841
796,236,12.625,5.0495049504950495
797,221,17.09090909090909,5.2712765957446805
798,273,16.5,4.614718614718615
799,124,21.4,4.990654205607477
800,128,12.11111111111111,4.568807339449541
801,215,11.333333333333334,5.541176470588235
802,109,10.77777777777778,5.298969072164948
803,174,27.0,5.061728395061729
804,264,28.125,5.226666666666667
805,96,14.0,5.25
806,224,21.0,4.677248677248677
807,199,22.375,5.022346368715084
808,365,19.0,4.786377708978328
809,118,17.833333333333332,4.392523364485982
810,121,17.333333333333332,4.576923076923077
811,360,15.8,5.05379746835443
812,260,19.166666666666668,4.930434782608696
813,110,11.75,5.031914893617022
814,257,21.272727272727277,5.128205128205129
815,139,14.5,4.758620689655173
816,115,11.11111111111111,4.85
817,312,11.590909090909092,5.180392156862745
818,470,20.6,4.650485436893204
819,114,25.5,4.872549019607843
820,356,20.6,5.3042071197411005
821,118,17.166666666666668,4.669902912621359
822,132,19.166666666666668,5.3130434782608695
823,210,25.428571428571427,5.477528089887641
824,111,23.75,5.368421052631579
825,303,24.09090909090909,4.811320754716981
826,143,13.666666666666666,4.67479674796748
827,308,20.846153846153847,5.280442804428044
828,322,21.923076923076923,5.143859649122807
829,365,25.384615384615383,4.948484848484848
830,83,8.11111111111111,5.027397260273973
831,279,14.411764705882351,4.90204081632653
832,246,14.2,4.586854460093897
833,189,16.6,4.536144578313253
834,109,33.333333333333336,4.76
835,566,19.192307692307693,4.875751503006012
836,463,18.5,4.697788697788698
837,235,14.785714285714286,5.338164251207729
838,309,24.818181818181817,4.6923076923076925
839,267,22.181818181818183,4.823770491803279
840,243,19.818181818181817,4.967889908256881
841,110,16.0,4.625
842,52,9.2,4.543478260869565
843,126,11.77777777777778,4.632075471698113
844,101,31.33333333333333,4.712765957446808
845,251,17.333333333333332,5.274038461538462
846,542,19.75,4.867088607594937
847,207,23.375,4.737967914438503
848,274,19.33333333333333,5.004310344827586
849,223,17.545454545454547,5.331606217616581
850,195,17.4,4.609195402298851
851,157,20.714285714285715,4.972413793103448
852,145,21.0,5.095238095238095
853,372,19.058823529411764,4.839506172839506
854,242,19.272727272727277,5.117924528301887
855,163,17.375,4.9640287769784175
856,171,18.75,5.12
857,70,14.75,5.338983050847458
858,370,17.333333333333332,4.759615384615385
859,142,14.11111111111111,4.724409448818897
860,181,19.5,5.173076923076923
861,239,14.928571428571429,4.8708133971291865
862,181,23.142857142857142,4.753086419753086
863,188,11.461538461538462,4.8389261744966445
864,198,21.875,5.1085714285714285
865,176,16.22222222222222,4.6506849315068495
866,500,23.77777777777778,5.123831775700935
867,160,19.428571428571427,4.926470588235294
868,198,16.7,5.455089820359281
869,232,24.75,4.656565656565657
870,162,49.0,4.659863945578231
871,306,29.55555555555556,5.048872180451128
872,153,12.2,4.475409836065574
873,90,10.857142857142858,5.0131578947368425
874,329,21.53846153846154,4.564285714285714
875,226,19.4,5.463917525773196
876,362,18.352941176470587,5.198717948717949
877,161,14.2,5.028169014084507
878,150,10.583333333333334,5.409448818897638
879,214,19.1,4.9057591623036645
880,138,24.4,5.327868852459017
881,227,21.666666666666668,4.7846153846153845
882,82,17.5,5.342857142857143
883,148,19.428571428571427,5.161764705882353
884,29,13.0,5.153846153846154
885,609,18.785714285714285,4.686311787072244
886,107,15.0,5.344444444444444
887,120,22.0,4.927272727272728
888,281,25.2,4.408730158730159
889,464,12.6,4.873015873015873
890,145,14.555555555555555,4.809160305343512
891,237,17.083333333333332,4.868292682926829
892,159,22.666666666666668,5.095588235294118
893,155,19.428571428571427,4.941176470588236
894,227,14.714285714285714,4.495145631067961
895,230,10.77777777777778,4.541237113402062
896,99,29.0,5.390804597701149
897,441,17.545454545454547,4.831606217616581
898,241,21.0,4.814285714285714
899,255,21.4,4.775700934579439
900,354,18.6875,5.404682274247492
901,34,9.666666666666666,4.827586206896552
902,360,33.666666666666664,5.627062706270627
903,532,16.59259259259259,4.502232142857143
904,198,24.428571428571427,5.4035087719298245
905,218,21.666666666666668,4.758974358974359
906,107,33.666666666666664,4.900990099009901
907,956,15.830188679245284,5.078665077473183
908,293,18.214285714285715,4.807843137254902
909,112,16.333333333333332,4.73469387755102
910,192,24.285714285714285,4.805882352941176
911,50,14.666666666666666,4.909090909090909
912,207,11.625,5.064516129032258
913,201,18.2,4.824175824175824
914,296,18.571428571428573,4.373076923076923
915,207,13.666666666666666,3.9939024390243913
916,396,16.3,4.54601226993865
917,118,10.2,4.813725490196078
918,160,13.0,4.405594405594406
919,66,13.5,4.981481481481482
920,295,11.333333333333334,4.546218487394958
921,164,10.916666666666666,4.793893129770993
922,124,19.5,4.760683760683761
923,218,37.8,5.470899470899471
924,210,14.461538461538462,4.904255319148936
925,103,14.5,4.896551724137931
926,85,9.375,4.84
927,509,15.464285714285714,4.886836027713626
928,135,16.857142857142858,5.0
929,374,20.6875,4.966767371601208
930,49,11.0,5.5
931,264,26.444444444444443,4.88655462184874
932,483,18.727272727272727,4.703883495145631
933,433,17.727272727272727,4.792307692307692
934,150,12.8,5.3515625
935,274,16.714285714285715,4.923076923076923
936,158,17.375,5.129496402877698
937,194,11.428571428571429,4.7375
938,114,14.571428571428571,4.470588235294118
939,35,10.333333333333334,4.548387096774194
940,194,24.428571428571427,5.128654970760234
941,161,13.5,5.214814814814815
942,117,15.428571428571429,4.888888888888889
943,351,17.88235294117647,5.121710526315789
944,21,9.5,6.157894736842105
945,239,17.0,5.0588235294117645
946,147,14.333333333333334,5.294573643410852
947,133,10.909090909090908,4.65
948,152,18.142857142857142,5.05511811023622
949,284,24.8,4.995967741935484
950,107,19.4,5.041237113402062
951,213,11.5,5.135869565217392
952,222,18.09090909090909,4.834170854271357
953,130,24.0,4.733333333333333
954,198,21.625,4.965317919075145
955,441,27.928571428571427,5.069053708439898
956,184,20.75,5.253012048192771
957,179,15.5,4.335483870967742
958,25,5.75,4.695652173913044
959,641,21.11111111111111,5.159649122807018
960,152,18.285714285714285,5.1171875
961,39,11.666666666666666,4.8
962,222,16.416666666666668,4.771573604060913
963,376,22.714285714285715,5.20440251572327
964,250,14.785714285714286,4.560386473429952
965,170,10.846153846153848,5.163120567375887
966,197,19.88888888888889,5.039106145251397
967,102,12.714285714285714,5.258426966292135
968,118,16.666666666666668,4.93
969,376,17.842105263157894,5.150442477876106
970,163,12.083333333333334,5.020689655172414
971,334,17.764705882352942,4.791390728476821
972,155,13.88888888888889,5.408
973,183,16.0,5.45
974,169,15.88888888888889,5.160839160839161
975,379,13.625,4.776758409785932
976,176,22.428571428571427,5.127388535031847
977,178,12.416666666666666,4.97986577181208
978,20,8.5,4.0588235294117645
979,266,23.7,4.966244725738397
980,298,13.157894736842104,4.856
981,129,23.0,4.930434782608696
982,152,18.285714285714285,4.9140625
983,210,18.8,5.127659574468085
984,291,17.0,4.901960784313726
985,139,20.0,4.541666666666667
986,236,22.444444444444443,4.712871287128713
987,238,19.0,4.961722488038277
988,217,11.75,4.611702127659575
989,169,37.0,4.851351351351352
990,122,21.2,4.90566037735849
991,282,23.0,4.877470355731226
992,174,22.285714285714285,4.910256410256411
993,92,21.5,5.127906976744186
994,80,16.5,4.545454545454546
995,185,23.285714285714285,5.085889570552148
996,152,19.0,4.87218045112782
997,309,23.0,5.134057971014493
998,124,10.8,4.407407407407407
999,489,23.33333333333333,4.714285714285714
1000,653,28.6,5.241258741258742
1001,133,23.0,4.965217391304348
1002,107,13.285714285714286,5.021505376344086
1003,110,8.909090909090908,4.785714285714286
1004,237,26.125,5.090909090909091
1005,100,12.571428571428571,4.727272727272728
1006,208,26.428571428571427,4.864864864864865
1007,308,10.791666666666666,4.7335907335907335
1008,182,14.181818181818182,5.057692307692308
1009,214,16.636363636363637,4.923497267759563
1010,119,13.857142857142858,5.144329896907217
1011,841,12.758620689655173,4.335135135135135
1012,211,23.25,5.360215053763441
1013,119,15.428571428571429,4.462962962962963
1014,546,20.0,4.733333333333333
1015,221,17.181818181818183,4.904761904761905
1016,268,12.61111111111111,4.356828193832599
1017,100,17.6,4.784090909090909
1018,144,16.125,5.015503875968992
1019,195,29.166666666666668,4.988571428571428
1020,215,18.7,5.128342245989304
1021,425,21.823529411764707,5.051212938005391
1022,164,20.714285714285715,4.979310344827586
1023,228,15.461538461538462,4.91542288557214
1024,112,19.4,4.701030927835052
1025,83,18.25,5.328767123287672
1026,260,19.83333333333333,4.831932773109243
1027,112,16.5,5.141414141414141
1028,141,20.83333333333333,5.128
1029,106,30.0,5.166666666666667
1030,112,13.142857142857142,5.108695652173913
1031,99,17.2,4.72093023255814
1032,151,18.714285714285715,5.282442748091603
1033,145,17.571428571428573,4.658536585365853
1034,223,14.214285714285714,4.542713567839196
1035,200,44.0,5.107954545454546
1036,123,16.833333333333332,5.227722772277228
1037,307,18.133333333333333,4.838235294117647
1038,105,19.0,4.621052631578947
1039,150,11.363636363636363,5.064
1040,109,24.0,5.010416666666667
1041,123,17.0,4.803921568627451
1042,85,15.2,4.052631578947368
1043,257,20.181818181818183,4.603603603603603
1044,74,13.0,4.061538461538461
1045,191,18.33333333333333,5.0
1046,337,13.952380952380953,4.648464163822526
1047,222,27.714285714285715,4.953608247422681
1048,114,13.857142857142858,5.443298969072165
1049,111,13.0,4.725274725274725
1050,155,18.857142857142858,5.303030303030303
1051,197,18.77777777777778,4.224852071005917
1052,207,22.625,4.718232044198895
1053,625,16.484848484848484,4.689338235294118
1054,171,25.83333333333333,5.406451612903226
1055,84,25.33333333333333,5.223684210526316
1056,191,15.090909090909092,4.843373493975903
1057,271,15.133333333333333,5.044052863436123
1058,96,17.6,4.8977272727272725
1059,349,21.857142857142858,5.0359477124183005
1060,154,22.83333333333333,5.124087591240876
1061,339,15.526315789473683,4.8915254237288135
1062,142,11.0,4.754545454545455
1063,201,22.0,4.8977272727272725
1064,173,25.0,5.026666666666666
1065,194,21.375,4.678362573099415
1066,263,23.4,5.1923076923076925
1067,212,19.88888888888889,5.329608938547486
1068,294,14.9375,4.899581589958159
1069,160,16.75,4.798507462686567
1070,21,9.5,5.526315789473684
1071,218,16.666666666666668,5.11
1072,270,23.5,4.706382978723404
1073,160,13.4,5.2611940298507465
1074,190,21.142857142857142,5.033783783783784
1075,272,20.08333333333333,5.1037344398340245
1076,106,23.5,5.191489361702128
1077,312,19.357142857142858,4.77859778597786
1078,155,16.875,5.0962962962962965
1079,225,19.2,4.734375
1080,232,14.285714285714286,4.975
1081,109,19.2,4.583333333333333
1082,128,22.8,5.254385964912281
1083,182,10.857142857142858,4.631578947368421
1084,103,23.5,5.351063829787234
1085,164,17.125,4.678832116788321
1086,271,18.07692307692308,4.536170212765957
1087,383,15.85,4.728706624605678
1088,137,16.857142857142858,5.194915254237288
1089,174,18.125,4.86896551724138
1090,227,16.5,5.141414141414141
1091,204,16.363636363636363,5.061111111111111
1092,225,18.8,4.5
1093,123,21.8,4.862385321100917
1094,122,26.75,5.5607476635514015
1095,16,5.0,4.133333333333334
1096,79,9.714285714285714,4.617647058823529
1097,245,24.11111111111111,4.470046082949309
1098,225,16.666666666666668,5.085
1099,156,16.75,4.985074626865671
1100,139,23.0,5.28695652173913
1101,149,16.375,4.816793893129771
1102,337,14.05,4.654804270462633
1103,174,26.166666666666668,4.796178343949045
1104,167,16.333333333333332,4.850340136054422
1105,133,15.125,5.504132231404959
1106,263,18.08333333333333,5.092165898617512
1107,333,17.41176470588235,4.841216216216216
1108,222,21.0,5.037037037037037
1109,157,17.625,5.276595744680851
1110,245,23.11111111111111,4.855769230769231
1111,121,20.8,5.240384615384615
1112,711,24.875,5.23785594639866
1113,247,16.53846153846154,5.353488372093024
1114,121,16.166666666666668,4.958762886597938
1115,482,19.33333333333333,5.08128078817734
1116,315,9.535714285714286,4.5767790262172285
1117,82,11.666666666666666,5.128571428571429
1118,433,16.043478260869566,5.062330623306233
1119,112,12.125,4.422680412371134
1120,222,19.0,5.026315789473684
1121,155,27.6,4.782608695652174
1122,94,16.8,5.583333333333333
1123,187,20.25,4.882716049382716
1124,421,20.944444444444443,4.758620689655173
1125,154,19.857142857142858,4.848920863309353
1126,222,20.666666666666668,5.129032258064516
1127,112,19.4,4.969072164948454
1128,225,16.333333333333332,4.668367346938775
1129,290,23.181818181818183,4.870588235294117
1130,600,20.23076923076923,4.965779467680608
1131,228,22.22222222222222,5.15
1132,71,33.0,4.742424242424242
1133,271,26.444444444444443,4.69327731092437
1134,168,21.142857142857142,4.837837837837838
1135,144,17.714285714285715,5.403225806451613
1136,207,22.875,4.584699453551913
1137,124,16.5,4.575757575757576
1138,123,22.0,4.754545454545455
1139,131,12.555555555555555,5.15929203539823
1140,161,20.0,4.978571428571429
1141,151,22.5,5.118518518518519
1142,19,9.0,5.5
1143,195,24.0,4.708333333333333
1144,181,17.444444444444443,4.484076433121019
1145,30,14.0,5.25
1146,161,13.3,4.894736842105263
1147,389,24.642857142857142,5.179710144927537
1148,173,38.75,4.929032258064516
1149,216,21.444444444444443,5.22279792746114
1150,254,19.363636363636363,4.765258215962441
1151,210,23.625,4.883597883597884
1152,35,10.0,4.433333333333334
1153,122,13.375,4.644859813084112
1154,175,21.857142857142858,4.869281045751634
1155,185,15.6,4.455128205128205
1156,174,20.0,4.878571428571429
1157,575,26.05263157894737,4.995959595959596
1158,266,25.666666666666668,5.194805194805195
1159,240,20.4,4.495098039215686
1160,109,14.142857142857142,4.8686868686868685
1161,160,10.538461538461538,5.197080291970803
1162,199,20.25,5.0
1163,207,19.22222222222222,5.433526011560693
1164,160,18.0,4.909722222222222
1165,479,24.1875,4.8423772609819125
1166,179,19.875,4.949685534591195
1167,138,24.8,5.282258064516129
1168,70,21.666666666666668,5.0
1169,287,18.615384615384617,5.177685950413223
1170,171,18.75,4.873333333333333
1171,159,27.6,5.442028985507246
1172,148,25.6,5.046875
1173,246,17.333333333333332,4.918269230769231
1174,136,20.166666666666668,5.049586776859504
1175,311,15.058823529411764,5.2890625
1176,156,19.714285714285715,4.8478260869565215
1177,168,18.625,5.006711409395973
1178,217,23.75,5.015789473684211
1179,166,29.8,5.449664429530201
1180,110,15.5,4.89247311827957
1181,198,25.142857142857142,5.232954545454546
1182,253,12.823529411764708,4.912844036697248
1183,50,14.333333333333334,4.697674418604652
1184,186,13.583333333333334,5.251533742331288
1185,181,17.666666666666668,4.836477987421383
1186,261,17.615384615384617,4.912663755458516
1187,133,14.75,5.288135593220339
1188,162,27.2,4.992647058823529
1189,295,31.5,4.777777777777778
1190,216,15.0,5.044444444444444
1191,154,28.0,5.235714285714286
1192,162,14.2,5.316901408450704
1193,110,24.25,5.11340206185567
1194,106,19.2,4.875
1195,90,22.0,5.5606060606060606
1196,241,14.142857142857142,4.601010101010101
1197,120,20.0,5.3
1198,103,12.714285714285714,4.49438202247191
1199,187,21.125,4.769230769230769
1200,96,13.5,5.135802469135802
1201,137,30.0,5.225
1202,221,12.8,5.385416666666667
1203,160,17.0,4.6838235294117645
1204,274,28.33333333333333,5.011764705882353
1205,247,21.0,5.442857142857143
1206,46,10.0,5.325
1207,119,19.8,4.858585858585859
1208,215,14.461538461538462,4.76595744680851
1209,203,16.181818181818183,5.044943820224719
1210,313,21.23076923076923,5.094202898550725
1211,234,22.22222222222222,4.715
1212,124,17.333333333333332,5.096153846153846
1213,170,13.636363636363637,4.74
1214,127,20.8,4.923076923076923
1215,150,14.625,5.094017094017094
1216,182,14.181818181818182,5.416666666666667
1217,203,18.2,5.1098901098901095
1218,294,18.5,4.888030888030888
1219,141,26.2,4.984732824427481
1220,150,21.666666666666668,4.923076923076923
1221,102,17.6,4.988636363636363
1222,254,16.846153846153847,4.922374429223744
1223,271,18.153846153846157,5.165254237288136
1224,167,13.090909090909092,5.173611111111111
1225,182,25.83333333333333,4.870967741935484
1226,327,14.63157894736842,4.906474820143885
1227,169,15.88888888888889,4.895104895104895
1228,77,30.0,5.05
1229,121,21.2,5.09433962264151
1230,198,25.285714285714285,5.186440677966102
1231,136,19.83333333333333,5.19327731092437
1232,99,22.25,5.202247191011236
1233,28,8.333333333333334,6.24
1234,103,18.0,4.7444444444444445
1235,133,14.875,5.487394957983193
1236,154,21.5,5.209302325581396
1237,207,13.538461538461538,5.045454545454546
1238,134,11.0,5.074380165289257
1239,156,20.0,5.114285714285714
1240,209,19.666666666666668,5.27683615819209
1241,22,10.0,4.85
1242,100,12.285714285714286,4.488372093023256
1243,11,5.5,5.545454545454546
1244,166,21.428571428571427,4.72
1245,237,15.0,4.971428571428572
1246,130,14.875,4.470588235294118
1247,308,21.23076923076923,4.942028985507246
1248,273,19.666666666666668,4.97457627118644
1249,338,13.636363636363637,4.8
1250,104,15.333333333333334,4.945652173913044
1251,161,17.875,5.622377622377623
1252,405,19.166666666666668,4.927536231884058
1253,393,16.75,4.7791044776119405
1254,187,16.3,4.98159509202454
1255,114,20.2,5.138613861386139
1256,120,17.833333333333332,5.009345794392523
1257,370,14.363636363636363,4.7215189873417724
1258,320,22.23076923076923,4.6678200692041525
1259,223,12.25,4.790816326530612
1260,162,18.0,5.138888888888889
1261,215,15.666666666666666,5.117021276595745
1262,375,19.176470588235293,5.1503067484662575
1263,120,15.571428571428571,5.18348623853211
1264,316,13.7,4.773722627737226
1265,260,16.642857142857142,4.71244635193133
1266,317,18.4,4.931159420289855
1267,133,16.428571428571427,5.434782608695652
1268,120,18.0,5.018518518518518
1269,204,22.25,4.696629213483146
1270,103,17.2,5.5813953488372094
1271,162,20.0,5.085714285714285
1272,167,19.125,4.980392156862745
1273,118,20.8,4.769230769230769
1274,469,19.142857142857142,5.0049751243781095
1275,116,19.6,5.204081632653061
1276,340,17.058823529411764,4.627586206896551
1277,395,19.27777777777778,5.057636887608069
1278,326,17.25,4.815217391304348
1279,193,16.3,5.042944785276074
1280,203,17.6,4.977272727272728
1281,177,17.666666666666668,5.264150943396227
1282,225,20.88888888888889,5.175531914893617
1283,146,21.166666666666668,5.551181102362205
1284,313,21.384615384615383,4.953237410071942
1285,224,22.666666666666668,4.764705882352941
1286,175,14.181818181818182,5.346153846153846
1287,314,18.4,4.608695652173913
1288,185,20.75,5.174698795180723
1289,123,13.375,4.635514018691588
1290,141,21.166666666666668,5.181102362204724
1291,330,13.476190476190476,4.798586572438163
1292,342,22.142857142857142,5.077419354838709
1293,96,21.0,5.642857142857143
1294,21,6.333333333333333,4.473684210526316
1295,178,16.555555555555557,5.23489932885906
1296,266,28.5,4.956140350877193
1297,498,18.869565217391305,5.059907834101383
1298,344,16.61111111111111,4.909698996655519
1299,161,18.0,4.715277777777778
1300,135,20.166666666666668,4.347107438016529
1301,237,23.0,5.700483091787439
1302,257,21.8,4.967889908256881
1303,363,14.454545454545457,4.80188679245283
1304,167,20.571428571428573,5.166666666666667
1305,142,13.88888888888889,4.536
1306,175,23.0,5.161490683229814
1307,181,17.333333333333332,4.935897435897436
1308,139,15.125,4.793388429752066
1309,177,15.5,4.574193548387097
1310,222,12.666666666666666,5.142105263157895
1311,164,17.25,5.485507246376812
1312,158,21.666666666666668,5.153846153846154
1313,271,18.666666666666668,4.946428571428571
1314,321,17.3125,4.671480144404332
1315,86,18.25,5.123287671232877
1316,523,21.61904761904762,5.081497797356828
1317,118,12.75,4.578431372549019
1318,194,17.4,4.948275862068965
1319,216,17.0,4.566844919786096
1320,204,31.0,5.102150537634409
1321,238,14.266666666666667,4.668224299065421
1322,178,21.714285714285715,5.072368421052632
1323,91,20.0,5.1375
1324,248,24.444444444444443,4.713636363636364
1325,309,23.0,5.170289855072464
1326,208,18.7,4.770053475935829
1327,170,18.25,5.157534246575342
1328,327,26.181818181818183,4.784722222222222
1329,168,25.166666666666668,4.887417218543046
1330,163,18.375,4.673469387755102
1331,131,14.375,5.234782608695652
1332,232,20.1,5.253731343283582
1333,296,20.46153846153846,4.924812030075188
1334,204,22.125,4.943502824858757
1335,124,13.625,5.045871559633028
1336,202,20.22222222222222,4.631868131868132
1337,70,10.333333333333334,5.129032258064516
1338,289,16.5,5.489177489177489
1339,167,30.2,5.152317880794702
1340,32,15.0,4.7
1341,258,25.88888888888889,5.0042918454935625
1342,410,20.58823529411765,4.928571428571429
1343,132,16.714285714285715,4.863247863247863
1344,184,20.125,4.577639751552795
1345,156,28.0,5.021428571428571
1346,202,29.5,4.68361581920904
1347,215,26.428571428571427,5.172972972972973
1348,168,25.33333333333333,5.052631578947368
1349,116,16.833333333333332,4.663366336633663
1350,195,30.33333333333333,5.203296703296704
1351,184,20.375,4.932515337423313
1352,327,17.933333333333334,5.111524163568773
1353,248,17.583333333333332,4.971563981042654
1354,203,26.285714285714285,5.184782608695652
1355,139,15.5,4.854838709677419
1356,145,20.166666666666668,4.975206611570248
1357,267,19.75,5.29957805907173
1358,75,14.2,3.8732394366197194
1359,272,21.63636363636364,5.163865546218488
1360,201,17.1,5.146198830409356
1361,173,18.25,5.431506849315069
1362,268,25.666666666666668,4.748917748917749
1363,283,16.866666666666667,5.122529644268774
1364,457,20.42105263157895,4.974226804123711
1365,237,20.6,4.980582524271845
1366,158,16.875,5.022222222222222
1367,169,18.875,5.33112582781457
1368,211,18.0,4.788888888888889
1369,146,15.5,4.524193548387097
1370,140,15.375,4.487804878048781
1371,177,17.11111111111111,5.2727272727272725
1372,264,12.72222222222222,4.873362445414847
1373,195,19.33333333333333,5.022988505747127
1374,233,20.4,4.642156862745098
1375,144,31.25,5.048
1376,460,25.75,4.839805825242719
1377,194,14.25,4.906432748538012
1378,187,23.714285714285715,5.192771084337349
1379,101,17.4,4.574712643678161
1380,144,13.0,4.684615384615385
1381,26,12.0,4.666666666666667
1382,178,22.142857142857142,5.316129032258065
1383,197,24.857142857142858,4.908045977011494
1384,395,19.11111111111111,4.883720930232558
1385,253,16.153846153846153,5.338095238095238
1386,243,17.0,5.264705882352941
1387,192,13.5,4.969135802469136
1388,152,22.666666666666668,5.213235294117647
1389,201,19.77777777777778,4.915730337078652
1390,151,18.428571428571427,5.093023255813954
1391,273,19.5,4.884615384615385
1392,308,26.1,4.85823754789272
1393,26,12.0,5.166666666666667
1394,139,15.25,4.959016393442623
1395,171,21.857142857142858,5.254901960784314
1396,102,20.25,5.333333333333333
1397,17,5.333333333333333,5.375
1398,140,23.6,4.97457627118644
1399,161,24.166666666666668,5.475862068965517
1400,253,14.533333333333331,5.0
1401,164,18.625,4.9865771812080535
1402,148,22.0,5.212121212121212
1403,338,18.1875,4.646048109965636
1404,178,15.9,4.710691823899371
1405,107,16.0,4.677083333333333
1406,148,23.6,4.745762711864407
1407,87,13.0,5.0256410256410255
1408,193,28.666666666666668,4.790697674418604
1409,96,12.571428571428571,5.2727272727272725
1410,168,9.857142857142858,4.666666666666667
1411,201,23.0,4.804347826086956
1412,173,13.818181818181818,4.467105263157895
1413,310,29.444444444444443,4.943396226415095
1414,206,26.714285714285715,5.144385026737968
1415,156,45.333333333333336,5.029411764705882
1416,195,20.375,4.98159509202454
1417,270,19.83333333333333,4.642857142857143
1418,237,18.09090909090909,4.708542713567839
1419,309,17.3125,4.844765342960288
1420,318,20.642857142857142,4.460207612456747
1421,159,17.0,5.110294117647059
1422,92,11.571428571428571,4.716049382716049
1423,163,16.333333333333332,5.530612244897959
1424,192,18.22222222222222,4.676829268292683
1425,54,11.75,5.468085106382978
1426,331,11.75,4.567375886524823
1427,185,20.125,5.37888198757764
1428,132,19.33333333333333,4.715517241379311
1429,116,20.2,5.287128712871287
1430,138,19.83333333333333,4.949579831932773
1431,166,24.5,5.244897959183674
1432,79,13.8,4.898550724637682
1433,162,18.375,4.870748299319728
1434,380,15.285714285714286,5.233644859813084
1435,214,17.09090909090909,4.98404255319149
1436,286,16.133333333333333,5.119834710743802
1437,142,14.333333333333334,4.8604651162790695
1438,193,17.77777777777778,5.54375
1439,208,13.461538461538462,4.817142857142857
1440,137,14.5,4.913793103448276
1441,188,21.5,5.168604651162791
1442,357,26.416666666666668,4.949526813880127
1443,150,16.25,4.723076923076923
1444,222,15.5,4.682795698924731
1445,149,15.875,5.007874015748032
1446,140,14.0,5.047619047619048
1447,117,17.0,5.03921568627451
1448,223,16.0,4.890625
1449,137,17.0,4.798319327731092
1450,169,18.5,5.621621621621622
1451,277,17.357142857142858,4.711934156378601
1452,352,21.0,4.727891156462585
1453,263,17.46153846153846,5.0176211453744495
1454,220,16.166666666666668,4.819587628865979
1455,221,20.33333333333333,5.103825136612022
1456,171,21.0,5.034013605442177
1457,667,5.163043478260869,5.193684210526316
1458,114,16.333333333333332,4.948979591836735
1459,251,14.466666666666669,5.175115207373272
1460,112,17.333333333333332,5.413461538461538
1461,187,23.857142857142858,4.850299401197605
1462,170,21.714285714285715,5.3881578947368425
1463,112,19.0,4.8
1464,209,18.2,5.543956043956044
1465,270,17.071428571428573,5.2887029288702925
1466,177,30.8,5.285714285714286
1467,143,20.666666666666668,5.040322580645161
1469,235,21.0,4.914285714285715
1470,251,16.615384615384617,4.912037037037037
1471,279,15.75,4.876984126984127
1472,167,18.25,5.308219178082192
1473,289,24.8,5.149193548387097
1474,140,21.0,5.015873015873016
1475,202,19.88888888888889,4.921787709497207
1476,96,16.8,5.380952380952381
1477,164,14.5,4.8068965517241375
1478,181,19.285714285714285,4.948148148148148
1479,331,22.153846153846157,4.989583333333333
1480,105,13.0,5.428571428571429
1481,99,17.4,4.965517241379311
1482,174,18.5,5.175675675675675
1483,207,14.833333333333334,4.96067415730337
1484,138,23.8,4.907563025210084
1485,154,16.5,5.340909090909091
1486,154,15.11111111111111,4.926470588235294
1487,302,16.9375,4.948339483394834
1488,218,17.0,5.122994652406417
1489,200,14.909090909090908,4.810975609756097
1490,51,7.5,4.866666666666666
1491,145,20.83333333333333,5.112
1492,123,22.0,5.390909090909091
1493,151,21.5,5.1937984496124034
1494,316,14.944444444444445,4.903345724907063
1495,149,12.1,4.75206611570248
1496,277,31.25,5.368
1497,281,21.90909090909091,5.3070539419087135
1498,266,18.666666666666668,5.254464285714286
1499,157,11.083333333333334,4.62406015037594
1500,203,20.11111111111111,5.116022099447513
1501,138,13.444444444444445,4.371900826446281
1502,333,15.947368421052632,4.580858085808581
1503,223,21.666666666666668,4.8
1504,81,17.25,4.869565217391305
1505,313,21.0,5.010989010989011
1506,171,19.25,4.987012987012987
1507,165,24.83333333333333,4.818791946308725
1508,173,21.857142857142858,5.5816993464052285
1509,140,23.2,4.396551724137931
1510,182,16.666666666666668,4.64
1511,154,13.5,4.992592592592593
1512,268,23.7,5.206751054852321
1513,139,13.666666666666666,5.227642276422764
1514,355,16.42105263157895,4.778846153846154
1515,346,22.76923076923077,4.787162162162162
1516,152,16.75,4.5
1517,26,7.333333333333333,5.409090909090909
1518,139,25.4,5.196850393700787
1519,268,18.916666666666668,4.929515418502203
1520,136,13.333333333333334,4.725
1521,192,18.11111111111111,4.828220858895706
1522,294,17.785714285714285,4.457831325301205
1523,145,13.666666666666666,4.487804878048781
1524,289,22.0,5.1115702479338845
1525,350,18.75,4.586666666666667
1526,168,9.928571428571429,4.697841726618705
1527,75,17.0,5.279411764705882
1528,279,22.363636363636363,4.837398373983739
1529,233,20.2,5.227722772277228
1530,219,20.444444444444443,5.184782608695652
1531,169,18.75,4.946666666666666
1532,204,30.666666666666668,5.413043478260869
1533,144,18.0,4.801587301587301
1534,170,18.875,4.880794701986755
1535,186,19.625,4.968152866242038
1536,176,21.142857142857142,4.763513513513513
1537,94,17.2,4.848837209302325
1538,219,17.727272727272727,5.266666666666667
1539,338,20.066666666666663,4.641196013289036
1540,254,18.08333333333333,5.188940092165899
1541,199,34.6,4.635838150289017
1542,96,21.5,4.674418604651163
1543,225,13.714285714285714,4.515625
1544,93,27.0,4.641975308641976
1545,230,15.538461538461538,4.851485148514851
1546,199,9.764705882352942,4.885542168674699
1547,67,21.0,4.587301587301587
1548,249,28.375,4.788546255506608
1549,281,16.6,4.566265060240964
1550,278,28.75,5.569565217391304
1551,176,26.166666666666668,4.764331210191083
1552,142,58.0,5.086206896551724
1553,193,20.875,4.958083832335329
1554,180,15.4,4.707792207792208
1555,188,16.555555555555557,5.362416107382551
1556,156,15.333333333333334,4.746376811594203
1557,133,14.375,4.48695652173913
1558,158,16.75,4.619402985074627
1559,130,11.7,5.0
1560,137,12.22222222222222,5.4363636363636365
1561,213,17.454545454545453,4.921875
1562,112,16.166666666666668,4.505154639175258
1563,326,13.61904761904762,4.769230769230769
1564,212,18.9,5.216931216931217
1565,259,16.692307692307693,5.04147465437788
1566,273,16.714285714285715,4.713675213675214
1567,159,23.83333333333333,5.419580419580419
1568,196,20.125,4.509316770186335
1569,372,16.05263157894737,5.032786885245901
1570,94,21.25,4.376470588235295
1571,146,15.5,5.32258064516129
1572,151,16.125,4.914728682170543
1573,188,20.75,5.331325301204819
1574,85,15.2,4.842105263157895
1575,173,18.75,5.04
1576,238,23.444444444444443,5.360189573459715
1577,138,20.0,5.183333333333334
1578,231,12.625,4.405940594059406
1579,215,16.636363636363637,5.021857923497268
1580,161,20.142857142857142,4.666666666666667
1581,206,15.25,4.945355191256831
1582,160,19.714285714285715,4.586956521739131
1583,131,38.333333333333336,4.739130434782608
1584,304,37.0,5.308880308880309
1585,235,18.454545454545453,4.748768472906404
1586,140,17.428571428571427,5.327868852459017
1587,303,29.77777777777778,5.104477611940299
1588,104,12.714285714285714,4.887640449438202
1589,193,24.285714285714285,4.358823529411764
1590,285,16.666666666666668,4.736
1591,237,19.9,5.266331658291457
1592,136,19.0,4.526315789473684
1593,82,15.0,4.64
1594,148,27.6,5.086956521739131
1595,68,15.5,4.564516129032258
1596,277,12.444444444444445,4.611607142857143
1597,220,23.75,5.094736842105263
1598,162,17.0,5.0
1599,104,9.6,4.770833333333333
1600,118,16.666666666666668,5.18
1601,48,11.25,4.777777777777778
1602,159,9.923076923076923,5.317829457364341
1603,147,17.714285714285715,5.137096774193548
1604,436,25.6,5.143229166666667
1605,462,34.25,4.931873479318734
1606,284,13.666666666666666,4.82520325203252
1607,430,24.25,5.154639175257732
1608,257,17.0,5.171945701357466
1609,135,14.625,5.3418803418803416
1610,193,28.33333333333333,4.882352941176471
1611,99,21.0,4.738095238095238
1612,193,20.75,5.234939759036145
1613,186,19.75,4.753164556962025
1614,169,18.875,5.19205298013245
1615,146,31.5,5.015873015873016
1616,117,16.5,5.242424242424242
1617,157,15.875,5.338582677165355
1618,198,15.454545454545457,4.994117647058824
1619,591,22.47826086956522,4.97872340425532
1620,93,20.25,5.172839506172839
1621,150,15.875,5.2204724409448815
1622,292,12.5,5.296
1623,11,10.0,4.9
1624,98,30.0,5.355555555555555
1625,145,14.11111111111111,5.21259842519685
1626,106,13.833333333333334,4.867469879518072
1627,257,18.83333333333333,4.995575221238938
1628,129,23.2,5.362068965517241
1629,117,20.2,5.2772277227722775
1630,160,13.7,5.204379562043796
1631,122,16.833333333333332,4.900990099009901
1632,156,12.6,5.103174603174603
1633,181,19.5,4.769230769230769
1634,207,18.0,5.127777777777778
1635,205,15.166666666666666,4.615384615384615
1636,122,53.0,5.179245283018868
1637,305,16.375,5.442748091603053
1638,98,21.0,5.166666666666667
1639,127,19.33333333333333,4.7844827586206895
1640,221,20.666666666666668,4.827956989247312
1641,256,15.714285714285714,5.1454545454545455
1642,159,14.4,4.576388888888889
1643,198,29.0,4.994252873563219
1644,141,16.0,5.015625
1645,174,15.77777777777778,5.211267605633803
1646,238,16.5,4.626262626262626
1647,96,17.0,4.576470588235294
1648,89,16.2,4.851851851851852
1649,73,13.2,5.03030303030303
1650,328,13.38095238095238,4.846975088967971
1651,137,15.375,5.154471544715447
1652,120,21.6,5.305555555555555
1653,177,20.428571428571427,5.153846153846154
1654,228,19.7,5.324873096446701
1655,136,13.0,5.17948717948718
1656,228,22.88888888888889,5.106796116504855
1657,183,17.333333333333332,5.294871794871795
1658,124,15.571428571428571,5.211009174311927
1659,36,15.5,4.935483870967742
1660,98,22.5,5.222222222222222
1661,241,14.642857142857142,4.585365853658536
1662,247,21.0,5.433333333333334
1663,110,12.125,5.453608247422681
1664,159,14.666666666666666,5.151515151515151
1665,124,18.0,5.175925925925926
1666,132,22.2,5.342342342342342
1667,157,16.75,4.828358208955224
1668,190,20.75,4.879518072289157
1669,156,18.0,4.761904761904762
1670,407,19.83333333333333,5.03641456582633
1671,144,17.857142857142858,4.928
1672,71,21.0,4.873015873015873
1673,152,16.375,4.908396946564886
1674,271,14.5625,5.171673819742489
1675,127,20.6,5.184466019417476
1676,134,19.0,4.842105263157895
1677,208,20.666666666666668,4.736559139784946
1678,120,12.875,4.747572815533981
1679,101,17.8,5.52808988764045
1680,207,20.11111111111111,4.906077348066298
1681,83,25.33333333333333,5.342105263157895
1682,161,20.285714285714285,4.97887323943662
1683,140,18.142857142857142,4.803149606299213
1684,132,15.0,4.858333333333333
1685,104,21.5,4.546511627906977
1686,242,20.8,4.980769230769231
1687,95,12.166666666666666,4.876712328767123
1688,153,15.75,5.325396825396825
1689,100,22.75,4.406593406593407
1690,141,12.3,5.040650406504065
1691,200,14.25,4.988304093567251
1692,125,15.285714285714286,4.532710280373832
1693,201,14.363636363636363,4.753164556962025
1694,141,15.125,4.892561983471074
1695,157,19.285714285714285,4.562962962962963
1696,146,13.666666666666666,4.991869918699187
1697,97,17.2,4.441860465116279
1698,43,18.0,5.194444444444445
1699,153,14.77777777777778,5.037593984962406
1700,208,13.923076923076923,4.895027624309392
1701,111,20.0,5.22
1702,111,14.142857142857142,4.808080808080808
1703,204,16.363636363636363,5.122222222222222
1704,147,20.666666666666668,5.080645161290323
1705,94,9.625,5.155844155844156
1706,185,15.090909090909092,5.463855421686747
1707,151,18.714285714285715,5.1679389312977095
1708,364,22.357142857142858,4.964856230031949
1709,24,7.0,4.857142857142857
1710,218,19.4,4.922680412371134
1711,199,20.5,5.0426829268292686
1712,129,19.0,5.096491228070176
1713,256,17.46153846153846,4.4449339207048455
1714,228,19.5,4.7846153846153845
1715,229,16.083333333333332,4.896373056994818
1716,233,16.153846153846153,4.738095238095238
1717,163,16.0,5.111111111111111
1718,205,17.9,4.804469273743017
1719,82,14.4,5.041666666666667
1720,311,20.923076923076923,5.202205882352941
1721,120,25.75,5.427184466019417
1722,170,13.181818181818182,5.020689655172414
1723,253,22.1,4.619909502262443
1724,152,12.454545454545457,4.678832116788321
1725,106,46.5,4.913978494623656
1726,216,18.9,5.222222222222222
1727,177,25.5,4.967320261437909
1728,135,17.857142857142858,5.2
1729,121,18.166666666666668,5.027522935779817
1730,239,15.384615384615383,4.86
1731,215,29.33333333333333,5.005681818181818
1732,395,17.2,5.1773255813953485
1733,165,21.571428571428573,5.09271523178808
1734,106,18.6,5.645161290322581
1735,212,15.083333333333334,4.972375690607735
1736,130,22.4,5.258928571428571
1737,149,15.75,4.817460317460317
1738,156,11.25,4.948148148148148
1739,108,19.2,4.541666666666667
1740,499,27.875,5.100896860986548
1741,86,19.0,4.789473684210527
1742,122,28.0,5.357142857142857
1743,174,22.0,4.876623376623376
1744,156,18.857142857142858,4.742424242424242
1745,164,15.88888888888889,5.314685314685315
1746,496,15.592592592592592,5.076009501187649
1747,200,17.0,4.752941176470588
1748,255,20.0,5.109090909090909
1749,227,18.0,4.146464646464646
1750,50,15.333333333333334,4.913043478260869
1751,117,20.8,5.625
1752,164,14.2,4.964788732394366
1753,135,22.6,5.026548672566372
1754,154,17.75,4.5
1755,117,18.166666666666668,5.339449541284404
1756,269,14.0,4.5095238095238095
1757,112,13.714285714285714,4.65625
1758,387,28.25,4.8613569321533925
1759,121,27.5,4.927272727272728
1760,111,19.0,4.631578947368421
1761,200,19.0,5.356725146198831
1762,287,19.53846153846154,4.968503937007874
1763,123,18.33333333333333,5.072727272727272
1764,274,11.428571428571429,4.85
1765,278,25.55555555555556,4.6869565217391305
1766,97,13.5,5.592592592592593
1767,256,16.46153846153846,4.985981308411215
1768,183,17.555555555555557,4.582278481012659
1769,191,24.142857142857142,4.976331360946745
1770,113,25.25,5.0495049504950495
1771,146,13.0,4.838461538461538
1772,202,45.75,5.409836065573771
1773,266,23.3,4.957081545064377
1774,174,9.0,4.625
1775,146,13.333333333333334,5.341666666666667
1776,225,18.272727272727277,5.099502487562189
1777,190,13.25,5.119496855345912
1778,158,20.0,5.0285714285714285
1779,141,13.666666666666666,4.650406504065041
1780,168,29.8,4.845637583892618
1781,345,14.7,4.914965986394558
1782,85,25.33333333333333,5.065789473684211
1783,250,15.642857142857142,4.794520547945205
1784,199,14.833333333333334,5.0
1785,112,19.4,5.11340206185567
1786,58,13.25,5.113207547169812
1787,149,22.5,5.0962962962962965
1788,135,23.8,5.117647058823529
1789,213,19.5,4.958974358974359
1790,95,19.75,5.2025316455696204
1791,503,17.36,5.04147465437788
1792,49,21.0,5.214285714285714
1793,107,13.428571428571429,5.127659574468085
1794,281,28.444444444444443,4.8515625
1795,429,12.821428571428571,4.22841225626741
1796,68,21.0,4.507936507936508
1797,413,19.88888888888889,4.787709497206704
1798,216,17.454545454545453,5.635416666666667
1799,66,12.4,4.82258064516129
1800,127,18.166666666666668,5.009174311926605
1801,762,20.181818181818183,4.798798798798799
1802,174,19.875,5.251572327044025
1803,168,16.333333333333332,4.925170068027211
1804,109,16.833333333333332,4.495049504950496
1805,148,12.7,5.78740157480315
1806,131,16.0,4.901785714285714
1807,268,26.11111111111111,5.1191489361702125
1808,195,20.25,5.419753086419753
1809,125,18.666666666666668,4.803571428571429
1810,89,39.5,5.253164556962025
1811,128,18.83333333333333,4.743362831858407
1812,240,23.444444444444443,5.042654028436019
1813,173,15.1,4.913907284768212
1814,88,11.142857142857142,5.32051282051282
1815,110,9.3,4.860215053763441
1816,94,27.666666666666668,4.819277108433735
1817,182,19.625,4.745222929936306
1818,353,22.857142857142858,5.15625
1819,77,17.0,4.882352941176471
1820,28,12.5,5.12
1821,183,17.11111111111111,5.240259740259741
1822,120,27.0,4.898148148148148
1823,154,16.375,5.038167938931298
1824,207,20.0,5.033333333333333
1825,89,15.4,5.051948051948052
1826,25,12.0,5.541666666666667
1827,55,12.25,4.612244897959184
1828,163,21.285714285714285,4.771812080536913
1829,40,12.333333333333334,4.702702702702703
1830,128,58.0,5.112068965517241
1831,315,16.1875,4.386100386100386
1832,94,13.333333333333334,4.8625
1833,190,16.5,5.242424242424242
1834,375,26.416666666666668,5.365930599369086
1835,57,17.333333333333332,4.211538461538462
1836,299,16.25,5.230769230769231
1837,286,20.0,5.1
1838,192,16.5,4.818181818181818
1839,153,20.83333333333333,5.072
1840,305,22.0,4.992424242424242
1841,20,9.0,5.0
1842,89,15.2,5.105263157894737
1843,171,16.333333333333332,5.129251700680272
1844,207,60.66666666666666,5.324175824175824
1845,111,14.571428571428571,5.421568627450981
1846,109,23.75,5.189473684210526
1847,216,18.3,5.442622950819672
1848,141,19.83333333333333,4.974789915966387
1849,145,19.83333333333333,4.974789915966387
1850,131,12.666666666666666,5.43859649122807
1851,171,18.625,4.879194630872483
1852,194,17.4,4.637931034482759
1853,133,18.83333333333333,5.079646017699115
1854,287,13.5,4.7818930041152266
1855,120,19.6,5.122448979591836
1856,151,24.2,5.082644628099174
1857,280,21.63636363636364,4.8655462184873945
1858,24,10.5,6.0
1859,91,12.833333333333334,5.428571428571429
1860,229,20.1,4.601990049751244
1861,83,14.6,4.534246575342466
1862,106,19.0,4.631578947368421
1863,656,15.416666666666666,4.536936936936937
1864,71,19.0,5.666666666666667
1865,215,16.90909090909091,5.182795698924731
1866,145,13.555555555555555,4.30327868852459
1867,174,11.615384615384617,5.132450331125828
1868,112,49.0,5.357142857142857
1869,166,23.5,4.801418439716312
1870,135,24.0,5.05
1871,249,15.5,4.755760368663594
1872,45,13.666666666666666,5.170731707317073
1873,386,18.11111111111111,4.610429447852761
1874,168,18.5,5.047297297297297
1875,191,19.25,4.525974025974026
1876,100,18.0,5.266666666666667
1877,91,13.166666666666666,5.151898734177215
1878,222,19.6,5.663265306122449
1879,65,9.333333333333334,4.892857142857143
1880,81,17.25,5.652173913043479
1881,361,17.0,4.702786377708978
1882,208,19.444444444444443,4.948571428571428
1883,136,13.0,4.658119658119658
1884,136,28.0,4.883928571428571
1885,373,13.391304347826088,4.957792207792208
1886,278,23.0,5.359683794466403
1887,50,22.0,4.5227272727272725
1888,50,16.0,5.75
1889,102,14.5,5.057471264367816
1890,89,18.5,5.486486486486487
1891,52,14.666666666666666,5.045454545454546
1892,200,21.375,4.6725146198830405
1893,84,17.75,5.169014084507042
1894,151,14.77777777777778,5.293233082706767
1895,258,23.1,4.9523809523809526
1896,102,20.75,5.409638554216867
1897,65,20.0,4.25
1898,196,15.272727272727272,4.910714285714286
1899,171,24.33333333333333,4.897260273972603
1900,163,18.375,5.183673469387755
1901,207,12.357142857142858,5.184971098265896
1902,122,12.444444444444445,4.517857142857143
1903,150,16.375,4.656488549618321
1904,109,13.285714285714286,5.462365591397849
1905,124,17.666666666666668,5.235849056603773
1906,200,17.2,4.895348837209302
1907,117,17.0,4.833333333333333
1908,83,18.0,4.791666666666667
1909,139,20.5,4.91869918699187
1910,101,17.8,4.887640449438202
1911,141,19.5,5.0085470085470085
1912,174,26.0,5.538461538461538
1913,59,9.6,4.9375
1914,187,12.916666666666666,4.896774193548387
1915,147,21.33333333333333,4.828125
1916,70,15.75,6.0
1917,236,16.5,5.040404040404041
1918,144,24.2,5.033057851239669
1919,234,18.363636363636363,5.084158415841584
1920,160,45.0,5.340740740740741
1921,81,18.5,5.391891891891892
1922,177,11.76923076923077,5.0130718954248366
1923,159,23.33333333333333,5.2
1924,150,18.0,5.142857142857143
1925,272,31.0,5.024193548387097
1926,147,11.545454545454543,4.818897637795276
1927,99,17.8,4.966292134831461
1928,158,20.428571428571427,4.713286713286713
1929,189,33.2,5.253012048192771
1930,108,23.75,5.336842105263158
1931,357,24.0,4.721153846153846
1932,153,19.142857142857142,5.343283582089552
1933,364,13.565217391304348,4.769230769230769
1934,643,14.83783783783784,4.919854280510018
1935,231,20.6,4.834951456310679
1936,167,14.9,4.805369127516778
1937,148,12.2,4.221311475409836
1938,193,23.571428571428573,4.854545454545455
1939,163,16.0,4.902777777777778
1940,118,15.285714285714286,5.5233644859813085
1941,138,17.285714285714285,4.801652892561983
1942,369,18.235294117647054,4.951612903225806
1943,216,15.916666666666666,4.701570680628272
1944,123,15.142857142857142,5.188679245283019
1945,268,22.8,5.0
1946,78,18.0,5.347222222222222
1947,146,22.33333333333333,4.940298507462686
1948,148,11.545454545454543,4.78740157480315
1949,311,25.0,4.992727272727273
1950,265,16.714285714285715,4.905982905982906
1951,116,25.75,4.893203883495145
1952,222,16.666666666666668,5.01
1953,184,20.25,5.438271604938271
1954,161,23.5,5.0212765957446805
1955,307,20.615384615384617,5.063432835820896
1956,326,19.33333333333333,5.1
1957,58,11.5,4.5
1958,319,13.894736842105264,4.704545454545454
1959,198,17.5,4.462857142857143
1960,98,13.666666666666666,5.2560975609756095
1961,114,16.833333333333332,5.158415841584159
1962,59,11.0,5.163636363636364
1963,176,18.75,4.613333333333333
1964,153,26.8,5.7164179104477615
1965,169,14.9,4.778523489932886
1966,129,23.4,4.897435897435898
1967,413,21.823529411764707,4.671159029649596
1968,67,15.5,5.548387096774194
1969,129,22.8,4.947368421052632
1970,165,27.4,5.109489051094891
1971,528,24.05263157894737,4.833698030634573
1972,380,16.047619047619047,4.86053412462908
1973,341,15.63157894736842,5.094276094276094
1974,380,18.72222222222222,4.943620178041543
1975,163,23.0,4.601449275362318
1976,144,15.375,4.983739837398374
1977,253,22.3,4.869955156950673
1978,270,17.384615384615383,5.747787610619469
1979,93,13.5,5.530864197530864
1980,191,17.555555555555557,5.0886075949367084
1981,205,22.25,4.707865168539326
1982,98,10.5,4.547619047619048
1983,95,16.0,4.75
1984,332,14.0,4.9
1985,92,9.875,4.506329113924051
1986,142,17.571428571428573,5.365853658536586
1987,597,22.73913043478261,4.950286806883366
1988,148,19.428571428571427,5.029411764705882
1989,107,13.714285714285714,5.145833333333333
1990,140,20.666666666666668,4.774193548387097
1991,177,15.0,4.613333333333333
1992,173,18.875,4.986754966887418
1993,122,21.2,4.79245283018868
1994,99,17.6,5.0227272727272725
1995,126,18.33333333333333,5.136363636363637
1996,113,14.142857142857142,5.02020202020202
1997,208,19.666666666666668,5.598870056497175
1998,394,15.217391304347826,4.748571428571428
1999,73,9.571428571428571,5.402985074626866
2000,184,15.8,5.0
2001,101,10.625,4.988235294117647
2002,274,18.384615384615383,4.899581589958159
2003,143,21.166666666666668,4.692913385826771
2004,85,14.2,5.014084507042254
2005,273,14.0,4.739495798319328
2006,129,23.0,5.026086956521739
2007,70,14.5,5.103448275862069
2008,197,20.22222222222222,5.126373626373627
2009,75,13.2,5.7727272727272725
2010,200,15.909090909090908,5.137142857142857
2011,217,20.88888888888889,5.276595744680851
2012,154,22.33333333333333,4.641791044776119
2013,218,27.285714285714285,5.104712041884817
2014,153,17.0,4.845588235294118
2015,194,18.33333333333333,5.254545454545455
2016,134,14.375,5.460869565217391
2017,202,14.166666666666666,5.388235294117648
2018,122,12.0,4.87037037037037
2019,188,27.666666666666668,4.343373493975903
2020,93,19.25,4.415584415584416
2021,182,20.125,5.018633540372671
2022,109,17.4,4.942528735632184
2023,325,13.4,5.037313432835821
2024,155,13.6,4.794117647058823
2025,246,21.4,4.901869158878505
2026,137,17.285714285714285,4.975206611570248
2027,122,28.25,4.814159292035399
2028,152,25.8,5.162790697674419
2029,255,20.6,5.111650485436893
2030,140,19.83333333333333,4.92436974789916
2031,177,22.428571428571427,4.503184713375796
2032,255,18.5,4.581081081081081
2033,86,15.0,5.666666666666667
2034,11,5.0,6.1
2035,294,25.1,4.932270916334661
2036,197,15.181818181818182,5.2155688622754495
2037,143,25.6,5.0703125
2038,230,22.88888888888889,4.771844660194175
2039,172,13.727272727272728,5.211920529801325
2040,206,19.33333333333333,5.339080459770115
2041,125,15.142857142857142,4.90566037735849
2042,107,16.0,5.302083333333333
2043,173,17.333333333333332,4.762820512820513
2044,186,14.0,5.5
2045,175,31.6,4.544303797468355
2046,113,19.6,4.938775510204081
2047,218,14.461538461538462,4.585106382978723
2048,357,17.529411764705884,4.956375838926174
2049,1646,11.355371900826446,4.641921397379913
2050,95,11.857142857142858,5.373493975903615
2051,99,14.333333333333334,5.267441860465116
2052,184,15.3,5.137254901960785
2053,98,15.333333333333334,5.380434782608695
2054,117,17.833333333333332,4.579439252336448
2055,106,45.0,4.888888888888889
2056,99,16.2,4.54320987654321
2057,87,18.25,4.945205479452055
2058,252,20.63636363636364,5.20704845814978
2059,159,17.5,4.642857142857143
2060,71,15.25,4.918032786885246
2061,99,17.0,5.188235294117647
2062,142,25.6,4.9609375
2063,116,14.428571428571429,5.376237623762377
2064,168,23.166666666666668,4.625899280575539
2065,106,18.6,5.258064516129032
2066,191,13.666666666666666,4.798780487804878
2067,201,13.153846153846152,4.719298245614035
2068,146,14.22222222222222,4.7265625
2069,173,19.625,5.235668789808917
2070,138,31.0,5.653225806451613
2071,136,17.142857142857142,5.1
2072,99,16.8,5.4523809523809526
2073,219,24.25,4.963917525773196
2074,108,23.75,4.821052631578947
2075,497,20.571428571428573,4.703703703703703
2076,180,19.75,4.715189873417722
2077,197,12.5,4.84
2078,130,59.0,5.02542372881356
2079,230,13.928571428571429,5.343589743589743
2080,182,26.0,5.083333333333333
2081,110,24.25,4.360824742268041
2082,230,14.846153846153848,5.150259067357513
2083,73,33.0,4.9393939393939394
2084,176,22.571428571428573,5.265822784810126
2085,127,12.444444444444445,5.053571428571429
2086,94,11.142857142857142,5.064102564102564
2087,138,20.666666666666668,5.201612903225806
2088,73,15.5,4.935483870967742
2089,201,21.125,5.195266272189349
2090,175,11.666666666666666,4.842857142857143
2091,186,20.75,4.77710843373494
2092,196,19.22222222222222,5.213872832369942
2093,182,15.5,4.529032258064516
2094,176,18.5,4.871621621621622
2095,279,18.76923076923077,5.131147540983607
2096,132,23.6,4.822033898305085
2097,84,10.428571428571429,5.452054794520548
2098,417,33.36363636363637,4.88283378746594
2099,57,11.75,4.659574468085107
2100,289,20.166666666666668,5.099173553719008
2101,158,15.444444444444445,5.338129496402877
2102,119,34.0,4.411764705882353
2103,165,14.4,5.256944444444445
2104,110,24.0,4.90625
2105,173,19.125,4.941176470588236
2106,245,19.454545454545453,4.696261682242991
2107,135,17.0,5.394957983193278
2108,109,20.0,4.27
2109,110,13.857142857142858,4.948453608247423
2110,78,14.0,4.757142857142857
2111,98,16.6,4.927710843373494
2112,99,30.0,5.144444444444445
2113,219,20.666666666666668,5.370967741935484
2114,77,17.75,5.028169014084507
2115,129,12.77777777777778,5.043478260869565
2116,152,14.88888888888889,5.208955223880597
2117,338,14.4,4.864583333333333
2118,116,16.666666666666668,4.86
2119,388,29.0,4.793103448275862
2120,72,21.666666666666668,4.892307692307693
2121,189,18.55555555555556,5.305389221556887
2122,75,16.25,4.969230769230769
2123,90,20.5,5.048780487804878
2124,91,15.6,4.897435897435898
2125,84,24.33333333333333,5.232876712328767
2126,262,16.5,4.510822510822511
2127,327,16.875,4.485185185185185
2128,117,17.166666666666668,4.796116504854369
2129,103,12.714285714285714,5.022471910112359
2130,99,29.33333333333333,4.852272727272728
2131,115,20.4,4.970588235294118
2132,278,19.25,5.021645021645021
2133,169,24.83333333333333,4.899328859060403
2134,78,23.666666666666668,4.633802816901408
2135,118,26.0,4.634615384615385
2136,263,22.8,4.947368421052632
2137,166,14.555555555555555,5.358778625954199
2138,141,18.428571428571427,4.689922480620155
2139,179,22.714285714285715,4.855345911949685
2140,139,30.25,5.239669421487603
2141,295,18.384615384615383,5.03347280334728
2142,85,12.166666666666666,5.315068493150685
2143,86,15.4,4.961038961038961
2144,135,15.714285714285714,5.445454545454545
2145,273,21.545454545454547,4.848101265822785
2146,163,17.375,5.0071942446043165
2147,130,14.5,4.551724137931035
2148,142,30.5,5.221311475409836
2149,98,17.2,4.988372093023256
2150,136,11.0,4.627272727272727
2151,165,24.166666666666668,5.186206896551724
2152,760,18.37142857142857,4.715396578538103
2153,145,20.666666666666668,4.693548387096774
2154,408,7.842105263157895,4.416107382550336
2155,141,29.0,5.224137931034483
2156,170,13.363636363636363,4.98639455782313
2157,109,13.0,5.461538461538462
2158,212,12.714285714285714,5.196629213483146
2159,83,15.4,4.467532467532467
2160,112,25.75,5.427184466019417
2161,117,25.25,5.465346534653466
2162,140,13.88888888888889,4.872
2163,140,17.571428571428573,4.764227642276423
2164,405,27.384615384615383,5.106741573033708
2165,91,25.666666666666668,5.077922077922078
2166,152,21.83333333333333,4.748091603053435
2167,101,18.0,5.266666666666667
2168,211,19.55555555555556,4.829545454545454
2169,85,14.2,4.563380281690141
2170,109,11.5,4.173913043478261
2171,145,14.0,4.53968253968254
2172,217,11.6,4.649425287356322
2173,136,8.4,4.404761904761905
2174,137,15.0,4.658333333333333
2175,287,19.0,4.97165991902834
2176,148,26.4,4.386363636363637
2177,218,17.272727272727273,5.157894736842105
2178,111,15.833333333333334,5.231578947368421
2179,81,14.0,5.285714285714286
2180,131,10.818181818181818,4.495798319327731
2181,94,13.333333333333334,5.0125
2182,150,16.25,4.884615384615385
2183,116,12.125,4.88659793814433
2184,157,23.166666666666668,4.856115107913669
2185,237,13.733333333333333,4.805825242718447
2186,135,14.75,4.728813559322034
2187,143,20.33333333333333,5.401639344262295
2188,202,14.25,4.859649122807017
2189,171,21.285714285714285,4.859060402684563
2190,122,10.3,4.932038834951456
2191,283,35.0,4.824489795918368
2192,156,22.166666666666668,5.353383458646617
2193,360,22.642857142857142,4.700315457413249
2194,243,30.285714285714285,5.04245283018868
2195,188,27.0,4.814814814814815
2196,66,20.33333333333333,5.098360655737705
2197,240,19.0,5.023923444976076
2198,141,20.666666666666668,4.943548387096774
2199,248,15.714285714285714,4.781818181818182
2200,265,19.08333333333333,4.9475982532751095
2201,82,25.0,4.226666666666667
2202,198,24.142857142857142,4.964497041420119
2203,102,14.333333333333334,5.162790697674419
2204,195,16.7,5.3293413173652695
2205,121,18.0,5.574074074074074
2206,151,15.5,5.411290322580645
2207,76,16.5,4.96969696969697
2208,140,16.571428571428573,4.724137931034483
2209,184,21.714285714285715,5.105263157894737
2210,143,13.333333333333334,4.625
2211,134,13.555555555555555,5.467213114754099
2212,170,31.4,4.598726114649682
2213,131,19.666666666666668,5.177966101694915
2214,87,15.4,5.597402597402597
2215,135,37.333333333333336,5.107142857142857
2216,166,9.428571428571429,5.0227272727272725
2217,235,16.166666666666668,5.036082474226804
2218,148,14.666666666666666,4.909090909090909
2219,193,18.666666666666668,5.255952380952381
2220,180,21.714285714285715,4.171052631578948
2221,488,20.428571428571427,5.013986013986014
2222,160,16.875,5.051851851851852
2223,136,9.5,4.912280701754386
2224,203,15.454545454545457,4.958823529411765
2225,155,22.83333333333333,4.970802919708029
2226,127,16.0,4.946428571428571
2227,156,14.0,4.878571428571429
2228,291,19.692307692307693,4.94140625
2229,193,19.444444444444443,4.662857142857143
2230,63,29.0,5.0
2231,114,13.857142857142858,4.649484536082475
2232,91,20.75,5.771084337349397
2233,204,8.444444444444445,4.381578947368421
2234,109,13.0,5.175824175824176
2235,82,11.833333333333334,5.014084507042254
2236,79,17.0,5.088235294117647
2237,116,16.666666666666668,4.22
2238,64,19.33333333333333,5.017241379310345
2239,250,31.857142857142858,4.7847533632287
2240,80,17.25,4.463768115942029
2241,113,14.0,5.428571428571429
2242,81,17.75,5.746478873239437
2243,107,23.0,5.380434782608695
2244,349,19.3125,4.666666666666667
2245,281,19.0,4.898785425101215
2246,102,15.166666666666666,4.989010989010989
2247,71,8.428571428571429,5.254237288135593
2248,95,13.833333333333334,5.036144578313253
2249,109,11.75,4.75531914893617
2250,104,23.75,4.873684210526315
2251,103,22.25,4.853932584269663
2252,91,27.0,4.679012345679013
2253,96,17.6,5.625
2254,109,18.4,5.032608695652174
2255,78,21.666666666666668,5.215384615384616
2256,95,14.0,4.761904761904762
2257,131,18.33333333333333,4.963636363636364
2258,106,24.25,5.061855670103093
2259,100,16.8,4.988095238095238
2260,105,9.1,4.6923076923076925
2261,69,16.0,4.859375
2262,186,23.571428571428573,4.921212121212121
2263,109,19.4,4.65979381443299
2264,229,16.727272727272727,5.119565217391305
2265,131,22.8,4.684210526315789
2266,109,13.714285714285714,4.854166666666667
2267,108,15.833333333333334,5.421052631578948
2268,61,10.2,5.313725490196078
2269,135,20.166666666666668,5.371900826446281
2270,109,10.77777777777778,4.793814432989691
2271,235,23.22222222222222,5.148325358851674
2272,195,18.33333333333333,5.16969696969697
2273,194,25.0,4.8
2274,166,21.0,4.63265306122449
2275,199,15.090909090909092,4.927710843373494
2276,175,11.916666666666666,4.587412587412588
2277,279,22.9,4.864628820960698
2278,147,12.88888888888889,4.551724137931035
2279,117,14.571428571428571,4.950980392156863
2280,148,14.444444444444445,4.630769230769231
2281,338,19.466666666666665,5.085616438356165
2282,214,14.923076923076923,4.819587628865979
2283,186,15.090909090909092,5.271084337349397
2284,175,14.6,5.178082191780822
2285,101,18.0,4.511111111111111
2286,107,23.25,4.763440860215054
2287,131,21.8,4.724770642201835
2288,126,22.0,5.472727272727273
2289,293,19.307692307692307,4.764940239043825
2290,94,13.666666666666666,4.804878048780488
2291,255,31.571428571428573,4.606334841628959
2292,179,22.714285714285715,4.113207547169812
2293,240,19.272727272727277,4.4245283018867925
2294,188,16.6,5.018072289156627
2295,236,16.307692307692307,4.910377358490566
2296,141,17.857142857142858,4.576
2297,108,24.25,4.670103092783505
2298,305,16.75,4.899253731343284
2299,256,15.4,5.116883116883117
2300,209,16.90909090909091,5.059139784946237
2301,167,20.285714285714285,4.880281690140845
2302,271,16.214285714285715,4.524229074889868
2303,158,18.25,4.835616438356165
2304,176,21.571428571428573,4.403973509933775
2305,300,15.8125,4.442687747035573
2306,387,13.583333333333334,4.720858895705521
2307,243,27.125,4.907834101382488
2308,191,40.25,4.9937888198757765
2309,86,26.33333333333333,5.30379746835443
2310,145,15.75,5.515873015873016
2311,246,17.25,4.676328502415459
2312,222,11.4375,4.7923497267759565
2313,176,13.083333333333334,4.898089171974522
2314,46,43.0,4.813953488372093
2315,262,16.0,4.78125
2316,199,12.923076923076923,4.422619047619048
2317,106,18.6,5.279569892473118
2318,128,16.0,4.455357142857143
2319,225,18.272727272727277,4.776119402985074
2320,164,15.0,4.946666666666666
2321,145,25.0,4.824
2322,75,14.0,4.814285714285714
2323,16,5.0,5.266666666666667
2324,181,17.666666666666668,5.0
2325,236,17.636363636363637,5.15979381443299
2326,117,18.0,4.462962962962963
2327,276,18.76923076923077,4.39344262295082
2328,209,22.0,5.363636363636363
2329,209,16.818181818181817,5.383783783783784
2330,213,22.5,5.444444444444445
2331,117,19.0,4.968421052631579
2332,108,18.6,5.075268817204301
2333,118,17.333333333333332,5.1923076923076925
2334,279,27.11111111111111,5.090163934426229
2335,188,23.857142857142858,5.419161676646707
2336,308,16.352941176470587,4.81294964028777
2337,370,18.05555555555556,4.686153846153847
2338,622,18.2,4.82051282051282
2339,133,16.142857142857142,5.185840707964601
2340,293,29.0,4.954022988505747
2341,214,24.125,5.025906735751295
2342,254,25.88888888888889,5.07725321888412
2343,259,14.25,4.837719298245614
2344,101,12.285714285714286,4.604651162790698
2345,113,12.25,4.6938775510204085
2346,268,25.444444444444443,4.545851528384279
2347,169,16.11111111111111,4.813793103448276
2348,390,21.5625,5.0376811594202895
2349,169,16.77777777777778,4.629139072847682
2350,18,8.0,4.25
2351,119,14.857142857142858,5.25
2352,136,20.5,5.008130081300813
2353,118,13.375,4.383177570093458
2354,123,14.428571428571429,4.603960396039604
2355,273,11.789473684210526,5.227678571428571
2356,337,16.166666666666668,4.72852233676976
2357,97,13.833333333333334,5.301204819277109
2358,185,20.0,4.575
2359,191,19.875,4.534591194968553
2360,144,15.625,4.528
2361,219,23.875,5.146596858638744
2362,245,26.75,5.140186915887851
2363,249,12.647058823529411,4.8930232558139535
2364,328,14.578947368421051,4.5451263537906135
2365,108,13.142857142857142,5.260869565217392
2366,143,17.857142857142858,4.912
2367,176,19.5,4.935897435897436
2368,169,15.3,4.862745098039215
2369,542,25.05263157894737,4.630252100840337
2370,156,14.666666666666666,5.015151515151516
2371,198,17.2,4.895348837209302
2372,179,19.625,5.038216560509555
2373,105,11.25,4.8
2374,200,21.25,5.429411764705883
2375,161,21.714285714285715,5.072368421052632
2376,132,19.5,4.982905982905983
2377,130,16.0,5.526785714285714
2378,120,16.333333333333332,5.255102040816326
2379,121,14.714285714285714,5.213592233009709
2380,180,39.5,5.158227848101266
2381,445,16.375,4.653944020356234
2382,209,20.77777777777778,4.839572192513369
2383,123,13.25,4.4245283018867925
2384,227,14.923076923076923,4.747422680412371
2385,155,15.0,4.718518518518518
2386,168,19.0,4.769736842105263
2387,184,18.22222222222222,4.951219512195122
2388,302,14.941176470588236,5.141732283464567
2389,257,22.5,4.764444444444444
2390,277,16.133333333333333,4.702479338842975
2391,245,21.7,5.175115207373272
2392,169,21.285714285714285,4.89261744966443
2393,117,12.75,5.666666666666667
2394,195,15.636363636363637,4.906976744186046
2395,1072,19.875,4.8930817610062896
2396,382,20.8125,4.768768768768769
2397,258,27.75,5.274774774774775
2398,235,25.125,5.169154228855722
2399,334,20.53333333333333,4.814935064935065
2400,226,19.8,4.828282828282828
2401,404,16.333333333333332,4.513119533527697
2402,198,15.818181818181818,5.120689655172414
2403,229,20.8,4.658653846153846
2404,180,26.83333333333333,5.167701863354037
2405,140,24.8,5.032258064516129
2406,185,18.33333333333333,4.872727272727273
2407,205,16.454545454545453,4.751381215469613
2408,116,13.857142857142858,4.422680412371134
2409,157,19.428571428571427,5.125
2410,309,18.0,5.0
2411,218,16.636363636363637,4.907103825136612
2412,197,15.0,4.557575757575758
2413,186,16.1,4.925465838509317
2414,109,18.6,4.913978494623656
2415,185,16.6,4.843373493975903
2416,240,26.5,5.1745283018867925
2417,181,22.857142857142858,4.975
2418,188,21.625,5.144508670520231
2419,135,14.75,5.635593220338983
2420,190,26.5,4.6918238993710695
2421,286,23.181818181818183,4.792156862745098
2422,211,25.857142857142858,4.955801104972376
2423,116,20.4,4.794117647058823
2424,139,15.75,4.9523809523809526
2425,324,11.5,4.590579710144928
2426,338,25.0,5.323333333333333
2427,14,6.5,5.153846153846154
2428,87,11.0,4.974025974025974
2429,114,18.8,5.319148936170213
2430,120,18.0,4.981481481481482
2431,168,17.375,4.913669064748201
2432,138,14.5,5.413793103448276
2433,104,19.6,4.673469387755102
2434,183,15.8,4.19620253164557
2435,171,12.25,5.1020408163265305
2436,225,15.916666666666666,5.204188481675392
2437,157,22.666666666666668,4.823529411764706
2438,120,18.166666666666668,5.155963302752293
2439,95,14.5,5.114942528735632
2440,128,18.166666666666668,4.376146788990826
2441,129,12.444444444444445,4.982142857142857
2442,158,23.5,4.609929078014185
2443,217,17.363636363636363,5.052356020942408
2444,183,17.444444444444443,4.904458598726115
2445,116,13.857142857142858,5.474226804123711
2446,153,18.714285714285715,5.129770992366412
2447,19,18.0,5.277777777777778
2448,183,17.555555555555557,5.063291139240507
2449,136,17.285714285714285,4.991735537190083
2450,145,21.83333333333333,5.190839694656488
2451,127,16.571428571428573,5.043103448275862
2452,80,11.166666666666666,4.7611940298507465
2453,204,14.25,5.339181286549708
2454,51,11.0,4.840909090909091
2455,220,12.3125,4.761421319796955
2456,198,43.25,4.797687861271676
2457,156,23.33333333333333,5.1571428571428575
2458,95,11.857142857142858,4.807228915662651
2459,217,21.77777777777778,4.979591836734694
2460,122,14.714285714285714,5.271844660194175
2461,81,25.0,4.586666666666667
2462,126,16.142857142857142,4.743362831858407
2463,289,15.8125,4.774703557312253
2464,145,21.166666666666668,4.637795275590551
2465,108,10.333333333333334,5.021505376344086
2466,371,13.541666666666666,4.843076923076923
2467,170,15.5,4.767741935483871
2468,243,27.125,5.276497695852535
2469,242,20.5,5.004878048780488
2470,146,17.428571428571427,5.008196721311475
2471,206,18.4,4.923913043478261
2472,138,14.625,4.538461538461538
2473,170,16.333333333333332,5.210884353741497
2474,369,18.77777777777778,5.263313609467455
2475,266,25.0,4.986666666666666
2476,132,22.8,5.0
2477,140,22.8,4.684210526315789
2478,381,17.263157894736842,4.859756097560975
2479,133,20.166666666666668,5.669421487603306
2480,132,21.2,4.19811320754717
2481,240,20.8,4.293269230769231
2482,340,14.476190476190476,4.944078947368421
2483,92,15.0,5.573333333333333
2484,263,14.5625,4.793991416309013
2485,149,17.125,4.357664233576642
2486,159,18.857142857142858,4.96969696969697
2487,326,23.666666666666668,5.28169014084507
2488,316,13.4,5.037313432835821
2489,136,40.0,4.991666666666666
2490,196,16.3,4.361963190184049
2491,226,16.833333333333332,4.99009900990099
2492,364,16.31578947368421,4.983870967741935
2493,187,20.25,4.790123456790123
2494,245,19.454545454545453,4.9485981308411215
2495,202,13.23076923076923,4.598837209302325
2496,143,22.166666666666668,4.684210526315789
2497,163,13.363636363636363,5.074829931972789
2498,220,12.666666666666666,5.010526315789473
2499,17,8.0,5.5
2500,266,21.363636363636363,4.629787234042553
2501,182,14.181818181818182,4.730769230769231
2502,572,22.952380952380956,4.730290456431535
2503,204,16.8,4.886904761904762
2504,126,18.666666666666668,5.080357142857143
2505,236,17.833333333333332,4.672897196261682
2506,142,20.83333333333333,5.264
2507,93,27.0,4.567901234567901
2508,232,19.1,4.801047120418848
2509,196,15.363636363636363,5.011834319526627
2510,121,18.166666666666668,4.4495412844036695
2511,123,10.6,5.084905660377358
2512,124,18.33333333333333,4.954545454545454
2513,447,17.043478260869566,4.788265306122449
2514,200,13.666666666666666,4.9817073170731705
2515,167,26.0,5.224358974358975
2516,157,19.428571428571427,5.117647058823529
2517,321,25.63636363636364,4.847517730496454
2518,176,22.142857142857142,4.754838709677419
2519,304,13.944444444444445,4.868525896414343
2520,84,15.4,4.818181818181818
2521,157,19.571428571428573,5.313868613138686
2522,143,15.0,4.608333333333333
2523,117,17.833333333333332,4.869158878504673
2524,204,15.166666666666666,5.236263736263736
2525,159,14.88888888888889,5.41044776119403
2526,148,20.5,4.813008130081301
2527,130,19.83333333333333,4.7899159663865545
2528,139,17.857142857142858,4.952
2529,136,19.666666666666668,4.813559322033898
2530,249,23.88888888888889,4.967441860465116
2531,102,15.666666666666666,5.351063829787234
2532,272,18.0,4.837606837606837
2533,128,15.714285714285714,4.990909090909091
2534,192,16.5,5.133333333333334
2535,112,16.833333333333332,4.584158415841584
2536,266,29.75,4.567226890756302
2537,207,13.076923076923077,5.135294117647059
2538,184,22.0,5.097402597402597
2539,160,24.83333333333333,4.664429530201343
2540,105,15.166666666666666,4.494505494505495
2541,272,26.55555555555556,4.623430962343096
2542,200,12.714285714285714,4.870786516853933
2543,189,17.666666666666668,5.509433962264151
2544,190,12.384615384615383,4.385093167701863
2545,154,27.8,4.633093525179856
2546,426,16.26086956521739,4.96524064171123
2547,144,25.8,5.155038759689923
2548,108,14.666666666666666,4.920454545454546
2549,216,16.083333333333332,4.994818652849741
2550,149,12.0,4.8106060606060606
2551,116,17.166666666666668,5.398058252427185
2552,236,18.818181818181817,4.618357487922705
2553,145,20.33333333333333,5.491803278688525
2554,126,19.33333333333333,5.146551724137931
2555,319,19.857142857142858,4.76978417266187
2556,200,13.538461538461538,4.988636363636363
2557,79,17.25,4.942028985507246
2558,204,12.5,4.8
2559,187,18.55555555555556,5.017964071856287
2560,92,13.333333333333334,5.2125
2561,199,24.0,5.023809523809524
2562,128,22.6,5.123893805309734
2563,211,18.2,4.730769230769231
2564,169,24.0,4.645833333333333
2565,85,13.0,4.5256410256410255
2566,182,23.666666666666668,5.105633802816901
2567,341,20.53333333333333,4.616883116883117
2568,181,16.3,4.865030674846626
2569,167,11.076923076923077,4.694444444444445
2570,161,16.11111111111111,4.820689655172414
2571,137,17.428571428571427,5.213114754098361
2572,176,14.090909090909092,5.193548387096774
2573,189,22.857142857142858,4.725
2574,334,27.363636363636363,5.262458471760797
2575,128,24.0,4.958333333333333
2576,370,21.266666666666666,5.053291536050157
2577,336,17.647058823529413,4.82
2578,118,26.0,5.403846153846154
2579,119,20.6,4.70873786407767
2580,227,22.22222222222222,5.46
2581,250,19.727272727272727,4.921658986175115
2582,185,15.8,4.481012658227848
2583,108,15.5,5.075268817204301
2584,134,16.857142857142858,4.771186440677966
2585,151,13.2,4.893939393939394
2586,198,29.0,5.126436781609195
2587,147,21.0,5.095238095238095
2588,451,18.666666666666668,4.959183673469388
2589,86,24.666666666666668,4.581081081081081
2590,153,16.625,5.2180451127819545
2591,275,18.416666666666668,5.158371040723982
2592,143,18.428571428571427,5.418604651162791
2593,114,19.8,4.878787878787879
2594,123,14.571428571428571,5.5588235294117645
2595,149,12.9,5.170542635658915
2596,101,21.5,5.825581395348837
2597,165,12.636363636363637,4.928057553956834
2598,170,17.875,5.034965034965035
2599,517,23.1,4.757575757575758
2600,95,14.0,5.273809523809524
2601,171,13.181818181818182,5.103448275862069
2602,198,21.0,4.708333333333333
2603,120,11.555555555555555,5.0673076923076925
2604,142,14.0,4.626984126984127
2605,123,17.0,5.549019607843137
2606,110,32.0,4.885416666666667
2607,277,21.63636363636364,5.092436974789916
2608,186,19.875,4.9748427672955975
2609,136,30.0,4.833333333333333
2610,150,19.571428571428573,5.226277372262774
2611,237,15.615384615384617,4.778325123152709
2612,176,19.125,5.183006535947713
2613,198,15.636363636363637,4.8895348837209305
2614,146,19.142857142857142,4.843283582089552
2615,194,16.9,4.7514792899408285
2616,123,26.5,5.547169811320755
2617,209,16.727272727272727,4.809782608695652
2618,158,16.375,5.114503816793893
2619,122,21.8,4.8807339449541285
2620,156,15.22222222222222,5.5036496350364965
2621,191,33.6,4.815476190476191
2622,169,24.666666666666668,4.925675675675675
2623,215,26.428571428571427,5.232432432432432
2624,233,22.444444444444443,4.955445544554456
2625,194,16.8,4.994047619047619
2626,186,19.625,5.273885350318471
2627,359,22.571428571428573,5.031645569620253
2628,173,15.4,4.792207792207792
2629,166,13.545454545454543,5.060402684563758
2630,232,24.5,5.346938775510204
2631,160,22.83333333333333,5.248175182481752
2632,252,23.22222222222222,4.779904306220096
2633,433,28.615384615384617,5.46505376344086
2634,281,13.555555555555555,5.430327868852459
2635,218,21.22222222222222,4.863874345549738
2636,160,19.285714285714285,4.733333333333333
2637,183,23.571428571428573,5.296969696969697
2638,178,20.125,4.763975155279503
2639,158,12.0,4.606060606060606
2640,163,15.444444444444445,4.884892086330935
2641,225,19.5,5.3538461538461535
2642,182,19.5,4.756410256410256
2643,155,19.142857142857142,5.380597014925373
2644,340,21.928571428571427,5.039087947882736
2645,168,11.0,4.405594405594406
2646,116,21.8,5.018348623853211
2647,188,20.875,5.305389221556887
2648,161,17.125,5.014598540145985
2649,168,17.5,5.442857142857143
2650,239,17.416666666666668,4.770334928229665
2651,162,23.5,5.177304964539007
2652,198,17.4,5.367816091954023
2653,148,22.166666666666668,5.578947368421052
2654,125,18.666666666666668,5.107142857142857
2655,238,10.947368421052632,4.884615384615385
2656,193,20.875,5.059880239520958
2657,137,17.0,5.050420168067227
2658,212,18.5,5.708108108108108
2659,160,27.8,5.194244604316546
2660,304,23.818181818181817,5.068702290076335
2661,94,16.0,5.1125
2662,161,23.0,4.608695652173913
2663,127,23.2,5.241379310344827
2664,253,16.076923076923077,5.435406698564593
2665,182,20.0,4.9625
2666,95,25.666666666666668,5.064935064935065
2667,204,35.6,4.966292134831461
2668,186,19.5,4.92948717948718
2669,277,18.846153846153847,5.06530612244898
2670,271,18.07692307692308,4.842553191489362
2671,170,21.0,4.789115646258503
2672,206,16.272727272727273,4.932960893854749
2673,278,17.214285714285715,5.008298755186722
2674,163,16.444444444444443,5.29054054054054
2675,95,42.0,5.309523809523809
2676,153,13.2,4.348484848484849
2677,143,17.285714285714285,5.322314049586777
2678,492,20.61904761904762,5.023094688221709
2679,281,19.916666666666668,5.171548117154812
2680,152,22.5,4.992592592592593
2681,206,25.571428571428573,5.29608938547486
2682,165,24.666666666666668,4.864864864864865
2683,158,17.25,4.536231884057971
2684,191,17.555555555555557,5.215189873417722
2685,261,15.2,5.026315789473684
2686,199,19.11111111111111,4.773255813953488
2687,246,26.375,5.3364928909952605
2688,264,18.666666666666668,5.044642857142857
2689,119,14.428571428571429,5.415841584158416
2690,190,13.583333333333334,4.895705521472393
2691,141,21.0,5.015873015873016
2692,242,21.7,5.138248847926267
2693,621,22.666666666666668,4.990808823529412
2694,130,16.285714285714285,5.0701754385964914
2695,156,22.166666666666668,4.879699248120301
2696,174,26.666666666666668,5.0625
2697,166,29.8,4.771812080536913
2698,208,22.75,5.016483516483516
2699,140,25.2,4.658730158730159
2700,123,21.8,5.376146788990826
2701,123,15.285714285714286,5.177570093457944
2702,158,15.0,4.955555555555556
2703,370,19.875,4.987421383647798
2704,185,14.454545454545457,5.20125786163522
2705,174,15.5,4.425806451612903
2706,179,25.666666666666668,4.688311688311688
2707,622,15.17142857142857,4.510357815442561
2708,129,19.0,5.473684210526316
2709,104,29.666666666666668,4.707865168539326
2710,152,15.875,5.078740157480315
2711,118,17.0,5.647058823529412
2712,215,11.9375,4.49738219895288
2713,155,16.875,4.637037037037037
2714,297,21.0,5.182539682539683
2715,126,11.444444444444445,5.41747572815534
2716,239,17.75,4.647887323943662
2717,192,13.076923076923077,5.005882352941176
2718,131,11.5,4.982608695652174
2719,123,13.5,4.962962962962963
2720,199,25.714285714285715,5.222222222222222
2721,106,14.0,5.051020408163265
2722,136,29.25,5.153846153846154
2723,165,14.5,4.703448275862069
2724,159,27.6,5.166666666666667
2725,175,19.25,5.5
2726,131,18.666666666666668,4.616071428571429
2727,147,21.83333333333333,5.221374045801527
2728,138,17.285714285714285,5.388429752066116
2729,201,16.727272727272727,5.217391304347826
2730,296,21.166666666666668,4.830708661417323
2731,241,23.0,5.652173913043479
2732,127,13.875,4.711711711711712
2733,267,14.4375,4.956709956709957
2734,138,15.25,4.713114754098361
2735,204,18.0,5.033333333333333
2736,242,20.4,5.313725490196078
2737,123,27.25,4.8807339449541285
2738,115,19.8,4.414141414141414
2739,131,24.6,5.105691056910569
2740,210,16.727272727272727,4.5978260869565215
2741,258,31.428571428571427,5.340909090909091
2742,129,23.8,5.168067226890757
2743,179,15.7,4.910828025477707
2744,241,28.714285714285715,4.9950248756218905
2745,233,20.5,4.585365853658536
2746,149,22.33333333333333,5.074626865671642
2747,108,19.0,4.936842105263158
2748,274,29.875,5.2343096234309625
2749,72,16.25,5.338461538461538
2750,167,20.428571428571427,5.160839160839161
2751,212,20.77777777777778,4.983957219251337
2752,151,15.0,5.177777777777778
2753,168,16.555555555555557,4.939597315436242
2754,357,16.36842105263158,5.038585209003215
2755,230,22.444444444444443,4.7227722772277225
2756,139,24.4,4.60655737704918
2757,124,22.4,4.839285714285714
2758,264,14.6,4.940639269406392
2759,225,19.5,5.415384615384616
2760,19,9.0,4.833333333333333
2761,301,20.153846153846157,5.0534351145038165
2762,227,18.9,4.841269841269841
2763,98,30.0,4.955555555555556
2764,95,16.6,5.084337349397591
2765,141,23.0,5.626086956521739
2766,396,15.952380952380953,4.826865671641791
2767,185,17.555555555555557,5.493670886075949
2768,262,22.6,5.092920353982301
2769,191,23.0,5.39751552795031
2770,155,22.33333333333333,5.119402985074627
2771,338,18.125,4.834482758620689
2772,408,7.372093023255814,4.7066246056782335
2773,182,25.33333333333333,5.006578947368421
2774,199,18.11111111111111,4.993865030674846
2775,298,15.0,4.901960784313726
2776,173,21.857142857142858,5.065359477124183
2777,136,30.25,4.859504132231405
2778,114,20.2,4.712871287128713
2779,235,15.923076923076923,4.753623188405797
2780,138,17.142857142857142,4.858333333333333
2781,213,19.55555555555556,4.767045454545454
2782,204,18.3,4.814207650273224
2783,193,18.77777777777778,5.355029585798817
2784,138,17.428571428571427,5.229508196721311
2785,217,20.88888888888889,4.877659574468085
2786,228,14.5,5.157635467980295
2787,203,17.4,5.2298850574712645
2788,186,23.0,5.559006211180124
2789,136,13.444444444444445,4.694214876033058
2790,235,17.636363636363637,4.721649484536083
2791,307,30.22222222222222,5.503676470588236
2792,404,22.5,4.85
2793,175,18.5,5.445945945945946
2794,381,21.0625,4.792284866468843
2795,203,16.727272727272727,4.788043478260869
2796,138,24.0,5.191666666666666
2797,202,25.428571428571427,4.915730337078652
2798,185,19.875,5.547169811320755
2799,85,14.8,4.95945945945946
2800,114,20.2,5.118811881188119
2801,126,12.22222222222222,5.136363636363637
2802,263,16.357142857142858,5.013100436681222
2803,105,15.333333333333334,5.173913043478261
2804,170,14.4,4.555555555555555
2805,116,17.0,5.352941176470588
2806,276,28.5,5.100877192982456
2807,148,17.428571428571427,5.475409836065574
2808,115,17.166666666666668,5.116504854368932
2809,154,35.25,5.23404255319149
2810,252,19.727272727272727,5.147465437788019
2811,119,13.25,4.990566037735849
2812,190,23.285714285714285,5.134969325153374
2813,169,14.6,4.993150684931507
2814,65,14.0,5.267857142857143
2815,245,14.0,4.757142857142857
2816,121,13.0,4.8173076923076925
2817,95,14.166666666666666,5.270588235294118
2818,107,16.166666666666668,4.546391752577319
2819,142,15.875,5.299212598425197
2820,177,22.714285714285715,4.773584905660377
2821,100,15.0,4.644444444444445
2822,182,19.125,5.352941176470588
2823,79,14.0,4.7
2824,136,13.333333333333334,5.05
2825,103,17.8,4.53932584269663
2826,365,16.45,4.975683890577508
2827,140,20.166666666666668,5.471074380165289
2828,97,16.2,5.530864197530864
2829,208,17.8,5.320224719101123
2830,131,19.5,4.974358974358975
2831,126,10.9,4.678899082568807
2832,35,16.5,4.121212121212121
2833,119,12.11111111111111,5.651376146788991
2834,169,20.285714285714285,5.267605633802817
2835,168,20.571428571428573,5.0625
2836,164,15.444444444444445,4.841726618705036
2837,119,20.2,5.247524752475248
2838,136,19.0,5.280701754385965
2839,262,22.3,4.856502242152466
2840,133,18.166666666666668,5.201834862385321
2841,140,23.8,5.243697478991597
2842,148,26.0,5.061538461538461
2843,134,16.857142857142858,4.762711864406779
2844,132,14.375,5.295652173913044
2845,93,16.6,5.0602409638554215
2846,120,20.8,5.086538461538462
2847,184,27.5,5.3090909090909095
2848,355,18.764705882352946,5.326018808777429
2849,188,20.375,5.398773006134969
2850,163,18.125,5.089655172413793
2851,123,17.166666666666668,5.281553398058253
2852,92,10.857142857142858,4.5131578947368425
2853,79,11.5,4.797101449275362
2854,119,14.857142857142858,5.096153846153846
2855,253,20.545454545454547,5.292035398230088
2856,246,16.615384615384617,5.087962962962963
2857,120,15.571428571428571,4.651376146788991
2858,157,19.714285714285715,5.094202898550725
2859,157,16.875,5.414814814814815
2860,205,22.125,5.073446327683616
2861,142,32.0,5.2734375
2862,194,17.4,4.7298850574712645
2863,134,24.0,5.375
2864,170,17.875,5.286713286713287
2865,199,19.0,5.444444444444445
2866,106,18.8,5.297872340425532
2867,251,15.5,5.225806451612903
2868,141,23.8,4.798319327731092
2869,129,16.571428571428573,4.991379310344827
2870,272,19.83333333333333,5.226890756302521
2871,163,17.25,5.152173913043479
2872,143,17.142857142857142,4.95
2873,138,13.22222222222222,5.168067226890757
2874,152,20.666666666666668,5.112903225806452
2875,344,17.4375,5.014336917562724
2876,189,23.714285714285715,5.313253012048193
2877,142,24.8,4.991935483870968
2878,122,13.625,4.6422018348623855
2879,120,14.857142857142858,5.519230769230769
2880,158,15.555555555555555,5.078571428571428
2881,166,18.5,4.864864864864865
2882,131,25.75,4.475728155339806
2883,158,9.428571428571429,5.227272727272728
2884,150,16.75,4.955223880597015
2885,194,23.857142857142858,4.413173652694611
2886,129,11.88888888888889,4.794392523364486
2887,221,16.25,4.815384615384615
2888,119,14.857142857142858,4.9423076923076925
2889,227,19.9,4.417085427135678
2890,318,19.571428571428573,4.945255474452555
2891,142,17.285714285714285,4.9421487603305785
2892,95,16.6,4.927710843373494
2893,218,19.6,4.73469387755102
2894,198,29.0,4.873563218390805
2895,116,17.166666666666668,4.864077669902913
2896,136,17.285714285714285,4.578512396694215
2897,135,13.333333333333334,5.0
2898,172,12.833333333333334,4.636363636363637
2899,396,32.72727272727273,4.861111111111111
2900,138,12.0,4.85
2901,79,17.75,4.985915492957746
2902,201,19.22222222222222,5.416184971098266
2903,177,18.375,4.993197278911564
2904,146,21.83333333333333,5.412213740458015
2905,179,18.625,4.476510067114094
2906,133,14.375,5.104347826086957
2907,211,20.444444444444443,5.233695652173913
2908,415,19.36842105263158,4.894021739130435
2909,18,7.5,5.133333333333334
2910,169,30.0,5.1466666666666665
2911,217,21.0,4.71957671957672
2912,213,15.0,4.694444444444445
2913,90,19.5,5.0256410256410255
2914,133,19.666666666666668,5.059322033898305
2915,128,19.0,5.307017543859649
2916,226,16.916666666666668,5.458128078817734
2917,164,23.5,5.425531914893617
2918,166,21.428571428571427,5.213333333333333
2919,77,16.25,4.969230769230769
2920,122,15.428571428571429,5.324074074074074
2921,162,17.875,5.174825174825175
2922,89,19.75,5.405063291139241
2923,111,14.285714285714286,5.43
2924,57,15.0,5.111111111111111
2925,114,13.857142857142858,5.360824742268041
2926,154,18.428571428571427,5.1395348837209305
2927,104,18.8,4.893617021276596
2928,110,12.0,5.0
2929,77,9.714285714285714,4.161764705882353
2930,84,14.4,4.166666666666667
2931,64,13.75,4.781818181818182
2932,107,11.875,4.71578947368421
2933,107,13.142857142857142,5.217391304347826
2934,136,17.0,4.722689075630252
2935,123,11.555555555555555,5.048076923076923
2936,62,13.5,4.962962962962963
2937,115,17.166666666666668,5.038834951456311
2938,125,13.5,4.398148148148148
2939,235,18.90909090909091,5.009615384615385
2940,78,17.0,4.352941176470588
2941,92,12.833333333333334,4.35064935064935
2942,194,27.83333333333333,5.25748502994012
2943,171,14.8,5.22972972972973
2944,176,13.818181818181818,4.519736842105263
2945,142,25.4,5.25984251968504
2946,148,15.875,5.377952755905512
2947,185,23.0,4.745341614906832
2948,147,18.571428571428573,4.6692307692307695
2949,169,29.2,5.376712328767123
2950,159,19.571428571428573,5.138686131386861
2951,82,14.4,4.75
2952,90,20.5,4.914634146341464
2953,130,39.333333333333336,5.813559322033898
2954,114,21.2,4.943396226415095
2955,79,14.0,5.385714285714286
2956,158,35.75,4.573426573426573
2957,125,12.444444444444445,4.866071428571429
2958,86,20.0,4.8375
2959,144,19.166666666666668,5.060869565217391
2960,142,13.555555555555555,5.204918032786885
2961,163,13.7,4.905109489051095
2962,172,15.3,4.895424836601308
2963,214,15.416666666666666,4.648648648648648
2964,142,20.83333333333333,5.032
2965,384,25.384615384615383,4.966666666666667
2966,236,20.7,5.135265700483092
2967,108,15.833333333333334,4.852631578947369
2968,168,20.571428571428573,4.451388888888889
2969,136,14.125,4.893805309734513
2970,204,23.75,4.894736842105263
2971,307,16.5,4.8106060606060606
2972,144,20.0,5.291666666666667
2973,196,21.75,5.080459770114943
2974,240,17.666666666666668,4.9245283018867925
2975,345,22.071428571428573,5.171521035598706
2976,146,21.5,4.682170542635659
2977,137,14.75,4.457627118644068
2978,233,26.75,5.327102803738318
2979,94,13.333333333333334,4.1375
2980,226,28.428571428571427,4.954773869346734
2981,117,27.0,5.361111111111111
2982,79,16.5,4.636363636363637
2983,243,22.88888888888889,4.888349514563107
2984,176,11.0,4.824675324675325
2985,133,16.571428571428573,4.741379310344827
2986,118,12.375,5.545454545454546
2987,247,22.5,5.017777777777778
2988,384,13.24,4.861027190332326
2989,210,30.83333333333333,5.162162162162162
2990,147,11.909090909090908,4.809160305343512
2991,347,19.785714285714285,4.736462093862816
2992,269,26.88888888888889,5.330578512396694
2993,202,17.1,5.105263157894737
2994,146,14.0,4.674603174603175
2995,211,21.11111111111111,5.231578947368421
2996,270,15.642857142857142,5.0091324200913245
2997,138,19.666666666666668,5.466101694915254
2998,107,18.8,5.074468085106383
2999,215,14.833333333333334,4.758426966292135
3000,97,16.4,5.2682926829268295
3001,153,15.555555555555555,4.7785714285714285
3002,128,19.83333333333333,4.907563025210084
3003,183,16.77777777777778,4.781456953642384
3004,108,11.875,4.831578947368421
3005,136,18.33333333333333,5.0181818181818185
3006,484,16.192307692307693,4.831353919239905
3007,250,21.9,5.118721461187215
3008,393,12.214285714285714,5.073099415204679
3009,143,13.11111111111111,5.177966101694915
3010,90,13.333333333333334,5.1875
3011,124,15.428571428571429,5.287037037037037
3012,131,13.875,4.747747747747748
3013,125,20.2,5.455445544554456
3014,112,12.75,5.166666666666667
3015,319,19.857142857142858,5.053956834532374
3016,144,18.0,4.7936507936507935
3017,331,16.22222222222222,5.0479452054794525
3018,346,25.33333333333333,5.026315789473684
3019,116,17.166666666666668,5.048543689320389
3020,118,34.0,5.117647058823529
3021,92,12.833333333333334,5.532467532467533
3022,217,19.0,4.752631578947368
3023,242,24.0,4.828703703703703
3024,153,15.0,4.6
3025,182,22.857142857142858,5.16875
3026,137,40.333333333333336,4.669421487603306
3027,114,14.285714285714286,5.47
3028,369,25.384615384615383,4.727272727272728
3029,186,17.77777777777778,4.43125
3030,305,19.692307692307693,5.20703125
3031,146,21.166666666666668,5.25984251968504
3032,179,25.83333333333333,5.32258064516129
3033,178,23.571428571428573,4.872727272727273
3034,183,18.0,4.944444444444445
3035,167,16.444444444444443,5.412162162162162
3036,238,17.636363636363637,5.211340206185567
3037,585,18.27586206896552,4.966037735849056
3038,145,20.83333333333333,4.664
3039,184,20.0,4.95625
3040,179,14.727272727272728,4.9753086419753085
3041,186,23.142857142857142,4.962962962962963
3042,155,22.666666666666668,4.919117647058823
3043,145,14.0,5.357142857142857
3044,121,26.25,4.961904761904762
3045,242,19.454545454545453,5.158878504672897
3046,256,23.0,4.921739130434783
3047,114,14.285714285714286,5.04
3048,92,13.5,5.395061728395062
3049,104,30.666666666666668,4.880434782608695
3050,179,17.0,5.392156862745098
3051,190,18.55555555555556,5.233532934131737
3052,110,14.0,4.744897959183674
3053,187,23.142857142857142,5.08641975308642
3054,132,19.33333333333333,5.077586206896552
3055,177,25.5,4.790849673202614
3056,180,26.0,5.256410256410256
3057,105,13.285714285714286,5.010752688172043
3058,257,20.63636363636364,4.71806167400881
3059,180,18.5,5.1824324324324325
3060,285,14.352941176470589,4.913934426229508
3061,122,18.666666666666668,5.392857142857143
3062,162,14.555555555555555,5.816793893129771
3063,134,27.25,4.972477064220183
3064,107,23.75,4.91578947368421
3065,171,22.142857142857142,4.670967741935484
3066,190,22.571428571428573,4.765822784810126
3067,68,20.666666666666668,5.290322580645161
3068,95,19.75,4.89873417721519
3069,446,26.266666666666666,5.124365482233503
3070,222,24.5,4.551020408163265
3071,178,14.9,5.194630872483222
3072,119,17.333333333333332,5.240384615384615
3073,80,24.0,5.041666666666667
3074,123,16.0,4.955357142857143
3075,160,16.625,5.120300751879699
3076,86,15.0,4.76
3077,112,19.6,5.091836734693878
3078,117,20.4,5.303921568627451
3079,117,24.75,4.505050505050505
3080,167,21.571428571428573,4.695364238410596
3081,99,22.25,5.044943820224719
3082,219,39.4,4.974619289340102
3083,157,20.285714285714285,4.852112676056338
3084,155,22.83333333333333,4.810218978102189
3085,166,20.714285714285715,4.931034482758621
3086,110,13.428571428571429,5.51063829787234
3087,61,10.6,5.39622641509434
3088,203,12.642857142857142,5.028248587570621
3089,173,16.0,5.534722222222222
3090,259,19.58333333333333,4.923404255319149
3091,151,34.0,4.786764705882353
3092,194,18.88888888888889,4.641176470588236
3093,135,14.375,4.860869565217391
3094,162,15.333333333333334,4.702898550724638
3095,114,23.25,5.225806451612903
3096,298,26.1,5.084291187739463
3097,132,27.75,4.603603603603603
3098,173,14.2,5.126760563380282
3099,125,19.166666666666668,4.6869565217391305
3100,179,17.77777777777778,4.6875
3101,128,27.25,5.256880733944954
3102,123,17.833333333333332,4.925233644859813
3103,288,20.33333333333333,5.094262295081967
3104,124,15.857142857142858,4.774774774774775
3105,124,11.0,4.918181818181818
3106,210,15.416666666666666,5.054054054054054
3107,216,17.272727272727273,5.4
3108,824,16.452380952380953,5.111432706222866
3109,168,13.545454545454543,4.8389261744966445
3110,140,13.555555555555555,5.565573770491803
3111,105,17.6,5.090909090909091
3112,158,29.2,5.219178082191781
3113,161,15.11111111111111,5.132352941176471
3114,225,48.75,4.8
3115,355,27.454545454545453,5.278145695364239
3116,315,25.727272727272727,5.229681978798586
3117,202,14.666666666666666,5.0
3118,291,19.153846153846157,5.008032128514056
3119,158,23.5,5.148936170212766
3120,158,20.428571428571427,4.888111888111888
3121,136,14.625,5.367521367521367
3122,222,15.416666666666666,5.135135135135135
3123,390,15.0,4.895652173913043
3124,179,19.0,4.901315789473684
3125,199,17.9,4.93854748603352
3126,183,31.0,5.296774193548387
3127,385,22.866666666666667,4.801749271137027
3128,103,21.0,4.654761904761905
3129,217,15.461538461538462,4.552238805970149
3130,283,42.333333333333336,5.216535433070866
3131,195,19.22222222222222,4.6531791907514455
3132,103,18.0,5.3
3133,147,21.83333333333333,5.236641221374046
3134,56,12.0,5.0625
3135,1761,26.10169491525424,5.078571428571428
3136,309,22.166666666666668,4.890977443609023
3137,143,17.285714285714285,4.9421487603305785
3138,116,20.2,4.881188118811881
3139,224,31.83333333333333,5.041884816753926
3140,83,12.333333333333334,4.986486486486487
3141,103,15.333333333333334,5.554347826086956
3142,130,19.33333333333333,5.198275862068965
3143,155,17.125,4.992700729927007
3144,180,27.166666666666668,4.515337423312883
3145,144,25.2,4.746031746031746
3146,285,16.785714285714285,5.178723404255319
3147,107,18.8,4.361702127659575
3148,198,22.25,5.219101123595506
3149,375,18.823529411764707,4.971875
3150,180,32.8,5.201219512195122
3151,140,12.2,5.073770491803279
3152,177,14.5,4.6482758620689655
3153,130,29.75,5.201680672268908
3154,169,18.625,5.046979865771812
3155,161,16.333333333333332,5.047619047619048
3156,299,21.08333333333333,4.849802371541502
3157,242,17.583333333333332,4.578199052132701
3158,133,16.857142857142858,4.635593220338983
3159,199,16.7,5.203592814371257
3160,288,16.333333333333332,4.767346938775511
3161,97,16.6,5.024096385542169
3162,50,45.0,5.2
3163,229,37.6,4.8563829787234045
3164,165,22.83333333333333,5.291970802919708
3165,147,17.714285714285715,5.088709677419355
3166,156,19.714285714285715,4.963768115942029
3167,195,24.428571428571427,4.95906432748538
3168,139,24.8,4.838709677419355
3169,164,20.571428571428573,4.875
3170,377,25.923076923076923,5.029673590504451
3171,324,23.416666666666668,5.0462633451957295
3172,225,19.8,5.0606060606060606
3173,212,25.857142857142858,4.828729281767956
3174,158,16.75,5.432835820895522
3175,185,27.83333333333333,4.92814371257485
3176,236,21.0,5.042857142857143
3177,146,25.8,5.271317829457364
3178,188,20.5,5.0182926829268295
3179,120,10.3,4.766990291262136
3180,238,19.0,5.410526315789474
3181,149,16.125,5.10077519379845
3182,223,24.75,4.696969696969697
3183,42,11.666666666666666,4.971428571428572
3184,263,46.8,4.756410256410256
3185,250,14.785714285714286,4.792270531400966
3186,103,15.0,5.688888888888889
3187,190,19.33333333333333,4.551724137931035
3188,132,22.8,5.017543859649122
3189,134,16.857142857142858,4.745762711864407
3190,183,27.33333333333333,4.75
3191,278,14.375,4.6695652173913045
3192,283,23.3,4.8412017167381975
3193,126,21.2,5.29245283018868
3194,359,22.642857142857142,4.987381703470032
3195,189,16.6,5.126506024096385
3196,360,8.764705882352942,4.570469798657718
3197,223,19.2,4.364583333333333
3198,152,15.0,5.237037037037037
3199,308,17.666666666666668,4.784905660377358
3200,113,16.833333333333332,4.841584158415841
3201,175,17.333333333333332,4.92948717948718
3202,139,17.857142857142858,4.576
3203,241,26.5,4.825471698113208
3204,284,24.3,4.757201646090535
3205,211,22.5,5.055555555555555
3206,206,15.454545454545457,5.452941176470588
3207,83,11.666666666666666,4.542857142857143
3208,264,13.352941176470589,5.013215859030837
3209,220,22.444444444444443,4.757425742574258
3210,117,21.2,5.179245283018868
3211,209,17.7,4.401129943502825
3212,175,29.6,4.966216216216216
3213,122,17.333333333333332,4.788461538461538
3214,203,25.857142857142858,5.668508287292818
3215,109,15.833333333333334,4.8
3216,320,16.8125,4.985130111524164
3217,118,21.0,4.695238095238095
3218,180,18.33333333333333,4.248484848484848
3219,87,18.5,5.864864864864865
3220,171,11.666666666666666,5.121428571428571
3221,428,16.636363636363637,4.724043715846994
3222,133,24.2,4.487603305785124
3223,155,23.666666666666668,5.042253521126761
3224,160,49.0,5.360544217687075
3225,353,17.333333333333332,4.836538461538462
3226,219,22.625,4.773480662983426
3227,286,20.75,5.108433734939759
3228,14,6.5,4.615384615384615
3229,234,26.125,4.545454545454546
3230,253,22.1,5.171945701357466
3231,292,16.266666666666666,4.598360655737705
3232,136,15.75,5.563492063492063
3233,184,13.909090909090908,5.444444444444445
3234,323,14.0,4.475
3235,217,20.33333333333333,4.92896174863388
3236,198,29.33333333333333,5.051136363636363
3237,20,9.5,5.157894736842105
3238,129,22.6,4.911504424778761
3239,129,27.75,4.711711711711712
3240,280,14.5625,4.772532188841201
3241,83,18.25,4.821917808219178
3242,194,21.25,5.205882352941177
3243,85,26.0,4.974358974358975
3244,271,20.166666666666668,5.144628099173554
3245,128,28.0,5.169642857142857
3246,117,15.142857142857142,5.216981132075472
3247,192,21.5,4.808139534883721
3248,85,19.75,4.810126582278481
3249,168,24.5,4.938775510204081
3250,168,20.714285714285715,5.027586206896552
3251,342,19.133333333333333,5.013937282229965
3252,238,18.363636363636363,4.826732673267327
3253,345,24.666666666666668,5.14527027027027
3254,188,20.625,4.703030303030303
3255,169,13.8,5.152173913043479
3256,423,28.846153846153847,5.277333333333333
3257,275,17.142857142857142,4.816666666666666
3258,192,15.363636363636363,5.112426035502959
3259,207,16.545454545454547,5.071428571428571
3260,274,16.6,4.558232931726908
3261,156,22.666666666666668,4.830882352941177
3262,105,23.25,5.311827956989247
3263,71,12.6,4.317460317460317
3264,304,14.210526315789474,4.714814814814815
3265,192,20.75,5.475903614457831
3266,356,24.07692307692308,5.054313099041534
3267,296,16.125,4.914728682170543
3268,275,18.46153846153846,5.475
3269,147,15.0,5.25925925925926
3270,100,30.0,5.277777777777778
3271,232,16.5,4.818181818181818
3272,255,31.428571428571427,5.227272727272728
3273,202,12.714285714285714,4.99438202247191
3274,158,14.77777777777778,4.962406015037594
3275,194,14.25,4.748538011695906
3276,212,16.818181818181817,4.924324324324324
3277,196,15.454545454545457,5.294117647058823
3278,206,25.285714285714285,4.903954802259887
3279,57,17.333333333333332,5.25
3280,245,24.55555555555556,5.217194570135747
3281,202,17.6,4.494318181818182
3282,289,31.625,4.818181818181818
3283,161,14.0,4.728571428571429
3284,291,32.5,4.807692307692308
3285,95,16.8,5.142857142857143
3286,309,26.6,4.447368421052632
3287,191,21.0,5.125
3288,281,16.466666666666665,4.704453441295547
3289,263,23.2,4.922413793103448
3290,1349,15.197368421052632,4.8822510822510825
3291,109,12.0,4.802083333333333
3292,191,18.22222222222222,4.963414634146342
3293,362,32.8,5.228658536585366
3294,277,24.9,5.036144578313253
3295,503,17.36,4.7304147465437785
3296,363,17.22222222222222,4.848387096774194
3297,93,11.714285714285714,4.670731707317073
3298,207,18.5,5.059459459459459
3299,150,26.2,4.961832061068702
3300,18,8.5,5.117647058823529
3301,283,16.466666666666665,4.700404858299595
3302,457,21.94736842105263,4.81294964028777
3303,54,12.5,5.2
3304,78,11.666666666666666,4.842857142857143
3305,207,16.272727272727273,5.111731843575419
3306,272,12.5,4.857777777777778
3307,205,11.933333333333334,4.888268156424581
3308,247,22.1,4.819004524886878
3309,224,12.466666666666669,4.818181818181818
3310,20,9.5,5.578947368421052
3311,445,25.466666666666665,5.180628272251309
3312,280,21.25,4.733333333333333
3313,248,18.0,4.657407407407407
3314,123,21.6,4.601851851851852
3315,179,13.636363636363637,5.08
3316,130,22.6,5.15929203539823
3317,276,24.0,4.954166666666667
3318,137,20.166666666666668,4.619834710743802
3319,145,18.0,5.277777777777778
3320,440,14.76,5.078590785907859
3321,418,15.681818181818182,4.785507246376811
3322,80,7.888888888888889,4.971830985915493
3323,264,20.63636363636364,4.8017621145374445
3324,321,16.58823529411765,5.212765957446808
3325,173,13.0,4.853146853146853
3326,124,17.666666666666668,4.867924528301887
3327,272,15.8,4.632911392405063
3328,97,44.5,4.696629213483146
3329,247,13.133333333333333,5.106598984771574
3330,258,17.23076923076923,4.633928571428571
3331,260,20.90909090909091,5.108695652173913
3332,263,22.7,5.066079295154185
3333,183,15.9,5.157232704402516
3334,220,19.2,4.96875
3335,284,24.5,5.224489795918367
3336,62,19.0,5.105263157894737
3337,353,26.75,5.423676012461059
3338,457,21.944444444444443,4.855696202531646
3339,119,21.2,4.867924528301887
3340,209,23.25,4.779569892473118
3341,157,29.0,4.4206896551724135
3342,234,19.0,5.095693779904306
3343,218,17.727272727272727,4.769230769230769
3344,247,14.76923076923077,5.052083333333333
3345,323,28.9,4.7854671280276815
3346,403,16.761904761904763,4.821022727272728
3347,332,16.11111111111111,4.965517241379311
3348,357,14.454545454545457,4.726415094339623
3349,59,13.75,5.3090909090909095
3350,225,21.22222222222222,4.979057591623037
3351,332,29.1,4.718213058419244
3352,344,19.375,5.309677419354839
3353,244,14.0,5.080952380952381
3354,70,16.0,5.578125
3355,267,22.8,5.214912280701754
3356,480,24.764705882352946,4.885985748218527
3357,97,21.0,5.190476190476191
3358,977,17.0,4.731257208765859
3359,217,14.461538461538462,4.5
3360,122,18.33333333333333,5.0
3361,202,17.5,4.651428571428571
3362,222,19.3,4.974093264248705
3363,147,18.428571428571427,4.449612403100775
3364,72,16.75,4.597014925373134
3365,99,22.5,5.233333333333333
3366,115,20.6,5.174757281553398
3367,391,22.6,4.755162241887906
3368,183,15.9,5.0
3369,335,17.0,5.197231833910035
3370,235,20.4,5.0588235294117645
3371,321,18.466666666666665,4.649819494584838
3372,49,10.75,5.372093023255814
3373,73,16.5,5.409090909090909
3374,255,26.75,4.855140186915888
3375,146,21.666666666666668,5.184615384615385
3376,436,13.592592592592592,4.561307901907357
3377,248,17.583333333333332,5.156398104265403
3378,169,22.142857142857142,4.993548387096774
3379,68,14.75,5.033898305084746
3380,197,28.666666666666668,4.883720930232558
3381,324,19.857142857142858,5.226618705035971
3382,40,12.333333333333334,5.675675675675675
3383,93,10.625,5.811764705882353
3384,94,13.666666666666666,5.317073170731708
3385,322,21.692307692307693,5.102836879432624
3386,13,6.0,5.833333333333333
3387,195,18.88888888888889,4.7176470588235295
3388,272,13.11111111111111,4.860169491525424
3389,218,16.083333333333332,5.0310880829015545
3390,123,11.77777777777778,4.471698113207547
3391,1312,25.355555555555554,4.968448729184925
3392,127,18.83333333333333,4.893805309734513
3393,251,16.46153846153846,4.855140186915888
3394,88,15.4,5.454545454545454
3395,226,16.083333333333332,4.880829015544041
3396,251,16.923076923076923,4.9363636363636365
3397,337,17.176470588235293,4.832191780821918
3398,243,17.916666666666668,4.627906976744186
3399,271,34.0,4.941176470588236
3400,162,20.285714285714285,5.373239436619718
3401,236,16.076923076923077,4.880382775119617
3402,184,20.375,4.638036809815951
3403,92,11.714285714285714,5.2317073170731705
3404,314,16.235294117647058,5.130434782608695
3405,167,30.0,4.966666666666667
3406,145,18.142857142857142,4.9763779527559056
3407,276,14.75,4.97457627118644
3408,74,16.5,4.727272727272728
3409,105,17.6,4.988636363636363
3410,294,19.615384615384617,4.650980392156863
3411,266,21.0,5.619047619047619
3412,28,8.666666666666666,5.269230769230769
3413,143,14.11111111111111,4.748031496062992
3414,2344,19.25,4.871091871091871
3415,177,15.6,5.608974358974359
3416,314,17.933333333333334,5.0
3417,312,17.75,5.130281690140845
3418,236,17.083333333333332,4.980487804878049
3419,238,18.545454545454547,5.009803921568627
3420,171,21.142857142857142,5.101351351351352
3421,83,11.833333333333334,5.450704225352113
3422,296,18.285714285714285,4.69140625
3423,117,15.142857142857142,5.40566037735849
3424,291,19.76923076923077,4.665369649805448
3425,285,26.666666666666668,4.970833333333333
3426,117,25.0,4.88
3427,422,22.25,5.002808988764045
3428,273,18.692307692307693,4.530864197530864
3429,400,24.785714285714285,4.962536023054755
3430,163,20.857142857142858,4.965753424657534
3431,992,13.714285714285714,4.767361111111111
3432,67,14.5,4.827586206896552
3433,35,10.333333333333334,5.548387096774194
3434,332,18.5625,4.882154882154882
3435,42,9.0,5.0
3436,226,19.1,5.460732984293194
3437,143,16.125,5.2015503875969
3438,536,15.448275862068966,5.015625
3439,38,8.25,5.121212121212121
3440,247,24.0,5.203703703703703
3441,255,16.428571428571427,5.0
3442,350,21.785714285714285,4.967213114754099
3443,20,4.25,6.176470588235294
3444,210,22.625,5.204419889502763
3445,320,21.23076923076923,5.061594202898551
3446,197,26.428571428571427,4.92972972972973
3447,214,20.444444444444443,5.25
3448,114,16.333333333333332,4.744897959183674
3449,167,30.2,5.231788079470198
3450,196,18.0,5.037037037037037
3451,110,15.5,5.193548387096774
3452,274,29.625,5.40084388185654
3453,98,13.5,5.111111111111111
3454,49,11.0,4.431818181818182
3455,166,17.375,5.330935251798561
3456,168,28.6,5.1328671328671325
3457,282,17.857142857142858,5.232
3458,175,22.142857142857142,4.993548387096774
3459,44,12.666666666666666,4.868421052631579
3460,171,13.545454545454543,4.771812080536913
3461,120,9.727272727272728,5.383177570093458
3462,74,8.571428571428571,4.916666666666667
3463,126,23.0,5.426086956521739
3464,323,27.1,4.826568265682657
3465,137,30.25,4.933884297520661
3466,418,26.5,4.983827493261456
3467,256,14.666666666666666,4.954545454545454
3468,385,21.3125,5.882697947214076
3469,208,26.428571428571427,5.183783783783784
3470,350,20.933333333333334,4.554140127388535
3471,292,16.6,5.184738955823293
3472,112,19.2,4.989583333333333
3473,367,14.857142857142858,4.541666666666667
3474,161,18.857142857142858,5.825757575757576
3475,360,21.071428571428573,5.2
3476,66,8.285714285714286,4.862068965517241
3477,185,11.538461538461538,4.793333333333333
3478,287,22.454545454545453,4.890688259109312
3479,437,19.526315789473685,5.091644204851752
3480,90,12.666666666666666,5.342105263157895
3481,144,21.166666666666668,4.94488188976378
3482,651,16.735294117647058,4.852372583479789
3483,295,16.8,5.130952380952381
3484,139,20.83333333333333,4.92
3485,286,17.142857142857142,4.8875
3486,378,17.157894736842106,4.769938650306749
3487,166,20.0,5.014285714285714
3488,137,19.0,5.026315789473684
3489,176,25.83333333333333,5.038709677419355
3490,346,14.9,5.382550335570469
3491,90,16.2,4.987654320987654
3492,659,12.644444444444444,5.282952548330404
3493,190,14.083333333333334,4.9171597633136095
3494,274,22.181818181818183,5.39344262295082
3495,21,17.0,5.294117647058823
3496,301,22.666666666666668,4.897058823529412
3497,227,15.083333333333334,5.143646408839779
3498,236,17.083333333333332,4.921951219512195
3499,83,24.666666666666668,5.013513513513513
3500,994,22.0,5.107226107226107
3501,164,28.4,5.246478873239437
3502,228,22.88888888888889,4.810679611650485
3503,204,20.33333333333333,4.497267759562842
3504,181,15.9,5.09433962264151
3505,155,19.428571428571427,4.647058823529412
3506,260,13.058823529411764,5.094594594594595
3507,133,20.33333333333333,4.975409836065574
3508,301,14.61111111111111,5.152091254752852
3509,87,18.75,5.04
3510,215,17.0,5.347593582887701
3511,125,22.8,4.754385964912281
3512,188,16.2,5.320987654320987
3513,155,26.6,5.7218045112781954
3514,279,22.454545454545453,5.291497975708502
3515,528,15.551724137931034,4.933481152993348
3516,19,8.0,5.125
3517,74,14.5,5.344827586206897
3518,18,8.0,5.5
3519,175,19.375,5.077419354838709
3520,344,22.46153846153846,5.023972602739726
3521,25,10.0,5.5
3522,60,12.75,5.176470588235294
3523,626,30.0,5.103703703703704
3524,275,26.55555555555556,4.882845188284519
3525,324,17.0,4.619377162629758
3526,196,22.125,4.819209039548023
3527,167,16.666666666666668,4.846666666666667
3528,619,23.08333333333333,4.933212996389892
3529,361,20.933333333333334,4.63375796178344
3530,265,30.0,5.095833333333333
3531,355,18.47058823529412,4.936305732484076
3532,247,16.615384615384617,4.819444444444445
3533,176,22.0,5.01948051948052
3534,98,16.8,5.119047619047619
3535,252,17.076923076923077,4.842342342342342
3536,178,26.5,5.144654088050315
3537,94,13.833333333333334,4.626506024096385
3538,91,15.8,4.79746835443038
3539,19,9.0,5.277777777777778
3540,362,15.2,5.3125
3541,587,23.13636363636364,5.0648330058939095
3542,227,13.928571428571429,4.948717948717949
3543,351,21.857142857142858,5.107843137254902
3544,410,21.41176470588235,4.717032967032967
3545,338,18.125,5.093103448275862
3546,81,11.333333333333334,4.970588235294118
3547,400,22.866666666666667,4.860058309037901
3548,166,29.0,4.544827586206897
3549,137,31.25,4.552
3550,14,14.0,3.2857142857142856
3551,271,19.5,4.645299145299146
3552,433,29.692307692307693,4.77979274611399
3553,241,19.09090909090909,4.752380952380952
3554,123,17.333333333333332,4.846153846153846
3555,335,18.933333333333334,5.084507042253521
3556,124,22.6,5.477876106194691
3557,344,38.75,4.803225806451613
3558,115,12.25,5.428571428571429
3559,219,15.416666666666666,5.054054054054054
3560,102,9.444444444444445,4.529411764705882
3561,113,20.4,4.970588235294118
3562,288,22.181818181818183,4.799180327868853
3563,336,25.33333333333333,4.8618421052631575
3564,204,16.181818181818183,4.977528089887641
3565,36,6.2,4.806451612903226
3566,108,19.2,4.3125
3567,393,14.695652173913045,5.396449704142012
3568,167,27.2,5.6838235294117645
3569,183,11.846153846153848,4.909090909090909
3570,238,21.1,5.165876777251185
3571,249,18.166666666666668,5.344036697247707
3572,190,23.714285714285715,4.692771084337349
3573,154,18.857142857142858,5.378787878787879
3574,196,15.636363636363637,4.930232558139535
3575,119,21.2,5.283018867924528
3576,216,21.11111111111111,4.826315789473684
3577,147,14.11111111111111,4.708661417322834
3578,123,15.285714285714286,4.644859813084112
3579,61,13.5,4.925925925925926
3580,236,19.9,4.964824120603015
3581,33,7.75,4.903225806451613
3582,276,19.307692307692307,4.936254980079681
3583,351,17.22222222222222,4.806451612903226
3584,99,14.833333333333334,5.449438202247191
3585,211,21.444444444444443,4.699481865284974
3586,173,15.2,4.822368421052632
3587,221,28.0,4.9438775510204085
3588,334,14.15,4.837455830388692
3589,220,19.4,4.793814432989691
3590,191,24.0,5.011904761904762
3591,129,23.4,5.136752136752137
3592,208,20.55555555555556,4.918918918918919
3593,169,14.5,5.386206896551724
3594,236,16.833333333333332,5.336633663366337
3595,922,24.352941176470587,4.921497584541063
3596,248,14.266666666666667,4.121495327102804
3597,536,24.63157894736842,5.012820512820513
3598,200,19.33333333333333,5.091954022988506
3599,284,16.0,4.829166666666667
3600,115,33.0,5.262626262626263
3601,192,29.666666666666668,4.707865168539326
3602,309,24.0,4.803030303030303
